player_id,player_display_name,position,recent_team,season,games,completions,attempts,passing_yards,passing_tds,passing_interceptions,carries,rushing_yards,rushing_tds,rushing_fumbles_lost,receptions,targets,receiving_yards,receiving_tds,receiving_fumbles_lost,fg_made,fg_att,fg_made_50_59,fg_made_60_,pat_made,pat_att,fantasy_points,fantasy_points_ppr,prev_games,avg2_games,prev_passing_yards,avg2_passing_yards,prev_passing_tds,avg2_passing_tds,prev_passing_interceptions,avg2_passing_interceptions,prev_rushing_yards,avg2_rushing_yards,prev_rushing_tds,avg2_rushing_tds,prev_receptions,avg2_receptions,prev_targets,avg2_targets,prev_receiving_yards,avg2_receiving_yards,prev_receiving_tds,avg2_receiving_tds,prev_fantasy_points,avg2_fantasy_points,prev_fantasy_points_ppr,avg2_fantasy_points_ppr,prev_fg_made,avg2_fg_made,prev_fg_att,avg2_fg_att,prev_pat_made,avg2_pat_made,prev_pat_att,avg2_pat_att,seasons_played
00-0019596,Tom Brady,QB,TB,2020,16,401,610,4633,40,12,30,6,3,1,0,0,0,0,0,0,0,0,0,0,0,337.92,337.92,,,,,,,,,,,,,,,,,,,,,,,,,,,,,,,,,0
00-0019596,Tom Brady,QB,TB,2021,17,485,719,5316,43,12,28,81,2,1,0,0,0,0,0,0,0,0,0,0,0,374.74,374.74,16.0,16.0,4633.0,4633.0,40.0,40.0,12.0,12.0,6.0,6.0,3.0,3.0,0.0,0.0,0.0,0.0,0.0,0.0,0.0,0.0,337.92,337.92,337.92,337.92,0.0,0.0,0.0,0.0,0.0,0.0,0.0,0.0,1
00-0019596,Tom Brady,QB,TB,2022,17,490,733,4694,25,9,29,-1,1,2,0,1,0,0,0,0,0,0,0,0,0,271.66,271.66,17.0,16.5,5316.0,4974.5,43.0,41.5,12.0,12.0,81.0,43.5,2.0,2.5,0.0,0.0,0.0,0.0,0.0,0.0,0.0,0.0,374.74,356.33000000000004,374.74,356.33000000000004,0.0,0.0,0.0,0.0,0.0,0.0,0.0,0.0,2
00-0020531,Drew Brees,QB,NO,2020,12,275,390,2942,24,6,18,-2,2,0,0,0,0,0,0,0,0,0,0,0,0,209.48,209.48,,17.0,,5316.0,,43.0,,12.0,,81.0,,2.0,,0.0,,0.0,,0.0,,0.0,,374.74,,374.74,,0.0,,0.0,,0.0,,0.0,0
00-0022127,Jason Witten,TE,LV,2020,10,0,0,0,0,0,0,0,0,0,13,17,69,2,0,0,0,0,0,0,0,18.9,31.9,,,,,,,,,,,,,,,,,,,,,,,,,,,,,,,,,0
00-0022787,Matt Schaub,QB,ATL,2020,1,0,0,0,0,0,3,-4,0,0,0,0,0,0,0,0,0,0,0,0,0,-0.4,-0.4,,,,,,,,,,,,,,,,,,,,,,,,,,,,,,,,,0
00-0022921,Larry Fitzgerald,WR,ARI,2020,13,0,0,0,0,0,0,0,0,0,54,72,409,1,0,0,0,0,0,0,0,46.9,100.9,,,,,,,,,,,,,,,,,,,,,,,,,,,,,,,,,0
00-0022924,Ben Roethlisberger,QB,PIT,2020,15,399,608,3803,33,10,25,11,0,1,0,0,0,0,0,0,0,0,0,0,0,267.22,267.22,,,,,,,,,,,,,,,,,,,,,,,,,,,,,,,,,0
00-0022924,Ben Roethlisberger,QB,PIT,2021,16,390,605,3740,22,10,20,5,1,0,0,0,0,0,0,0,0,0,0,0,0,218.1,218.1,15.0,15.0,3803.0,3803.0,33.0,33.0,10.0,10.0,11.0,11.0,0.0,0.0,0.0,0.0,0.0,0.0,0.0,0.0,0.0,0.0,267.22,267.22,267.22,267.22,0.0,0.0,0.0,0.0,0.0,0.0,0.0,0.0,1
00-0022942,Philip Rivers,QB,IND,2020,16,369,543,4169,24,11,18,-8,0,0,0,0,0,0,0,0,0,0,0,0,0,239.96,239.96,,15.0,,3803.0,,33.0,,10.0,,11.0,,0.0,,0.0,,0.0,,0.0,,0.0,,267.22,,267.22,,0.0,,0.0,,0.0,,0.0,0
00-0022942,Philip Rivers,QB,IND,2025,3,58,92,544,4,3,2,-1,0,0,0,0,0,0,0,0,0,0,0,0,0,31.66,31.66,16.0,16.0,4169.0,4169.0,24.0,24.0,11.0,11.0,-8.0,-8.0,0.0,0.0,0.0,0.0,0.0,0.0,0.0,0.0,0.0,0.0,239.96,239.96,239.96,239.96,0.0,0.0,0.0,0.0,0.0,0.0,0.0,0.0,1
00-0023252,Robbie Gould,K,SF,2020,15,0,0,0,0,0,0,0,0,0,0,0,0,0,0,19,23,2,0,36,38,0.0,0.0,,16.0,,4169.0,,24.0,,11.0,,-8.0,,0.0,,0.0,,0.0,,0.0,,0.0,,239.96,,239.96,,0.0,,0.0,,0.0,,0.0,0
00-0023252,Robbie Gould,K,SF,2021,13,0,0,0,0,0,0,0,0,0,0,0,0,0,0,20,23,3,0,39,40,0.0,0.0,15.0,15.0,0.0,0.0,0.0,0.0,0.0,0.0,0.0,0.0,0.0,0.0,0.0,0.0,0.0,0.0,0.0,0.0,0.0,0.0,0.0,0.0,0.0,0.0,19.0,19.0,23.0,23.0,36.0,36.0,38.0,38.0,1
00-0023252,Robbie Gould,K,SF,2022,17,0,0,0,0,0,0,0,0,0,0,0,0,0,0,27,32,2,0,50,51,0.0,0.0,13.0,14.0,0.0,0.0,0.0,0.0,0.0,0.0,0.0,0.0,0.0,0.0,0.0,0.0,0.0,0.0,0.0,0.0,0.0,0.0,0.0,0.0,0.0,0.0,20.0,19.5,23.0,23.0,39.0,37.5,40.0,39.0,2
00-0023436,Alex Smith,QB,WAS,2020,8,168,252,1582,6,8,10,3,0,0,0,0,0,0,0,0,0,0,0,0,0,71.58,71.58,,13.0,,0.0,,0.0,,0.0,,0.0,,0.0,,0.0,,0.0,,0.0,,0.0,,0.0,,0.0,,20.0,,23.0,,39.0,,40.0,0
00-0023459,Aaron Rodgers,QB,GB,2020,16,372,526,4299,48,5,38,149,3,1,1,1,-6,0,0,0,0,0,0,0,0,382.26,383.26,,,,,,,,,,,,,,,,,,,,,,,,,,,,,,,,,0
00-0023459,Aaron Rodgers,QB,GB,2021,16,366,531,4115,37,4,33,101,3,0,1,1,-4,0,0,0,0,0,0,0,0,332.3,333.3,16.0,16.0,4299.0,4299.0,48.0,48.0,5.0,5.0,149.0,149.0,3.0,3.0,1.0,1.0,1.0,1.0,-6.0,-6.0,0.0,0.0,382.26,382.26,383.26,383.26,0.0,0.0,0.0,0.0,0.0,0.0,0.0,0.0,1
00-0023459,Aaron Rodgers,QB,GB,2022,17,350,542,3695,26,12,34,94,1,2,0,0,0,0,0,0,0,0,0,0,0,239.2,239.2,16.0,16.0,4115.0,4207.0,37.0,42.5,4.0,4.5,101.0,125.0,3.0,3.0,1.0,1.0,1.0,1.0,-4.0,-5.0,0.0,0.0,332.3,357.28,333.3,358.28,0.0,0.0,0.0,0.0,0.0,0.0,0.0,0.0,2
00-0023459,Aaron Rodgers,QB,NYJ,2023,1,0,1,0,0,0,0,0,0,0,0,0,0,0,0,0,0,0,0,0,0,0.0,0.0,17.0,16.5,3695.0,3905.0,26.0,31.5,12.0,8.0,94.0,97.5,1.0,2.0,0.0,0.5,0.0,0.5,0.0,-2.0,0.0,0.0,239.2,285.75,239.2,286.25,0.0,0.0,0.0,0.0,0.0,0.0,0.0,0.0,3
00-0023459,Aaron Rodgers,QB,NYJ,2024,17,368,584,3897,28,11,22,107,0,0,0,0,0,0,0,0,0,0,0,0,0,256.58,256.58,1.0,9.0,0.0,1847.5,0.0,13.0,0.0,6.0,0.0,47.0,0.0,0.5,0.0,0.0,0.0,0.0,0.0,0.0,0.0,0.0,0.0,119.6,0.0,119.6,0.0,0.0,0.0,0.0,0.0,0.0,0.0,0.0,4
00-0023459,Aaron Rodgers,QB,PIT,2025,16,327,498,3322,24,7,21,61,1,0,1,1,-9,0,0,0,0,0,0,0,0,226.08,227.08,17.0,9.0,3897.0,1948.5,28.0,14.0,11.0,5.5,107.0,53.5,0.0,0.0,0.0,0.0,0.0,0.0,0.0,0.0,0.0,0.0,256.58,128.29,256.58,128.29,0.0,0.0,0.0,0.0,0.0,0.0,0.0,0.0,5
00-0023482,Mike Nugent,K,ARI,2020,4,0,0,0,0,0,0,0,0,0,0,0,0,0,0,7,8,0,0,7,7,0.0,0.0,,17.0,,3897.0,,28.0,,11.0,,107.0,,0.0,,0.0,,0.0,,0.0,,0.0,,256.58,,256.58,,0.0,,0.0,,0.0,,0.0,0
00-0023500,Frank Gore,RB,NYJ,2020,15,0,0,0,0,0,187,653,2,1,16,19,89,0,0,0,0,0,0,0,0,84.2,100.2,,,,,,,,,,,,,,,,,,,,,,,,,,,,,,,,,0
00-0023682,Ryan Fitzpatrick,QB,MIA,2020,9,183,267,2091,13,8,30,151,2,0,1,1,0,0,0,0,0,0,0,0,0,152.74,153.74,,,,,,,,,,,,,,,,,,,,,,,,,,,,,,,,,0
00-0023682,Ryan Fitzpatrick,QB,WAS,2021,1,3,6,13,0,0,1,2,0,0,0,0,0,0,0,0,0,0,0,0,0,0.72,0.72,9.0,9.0,2091.0,2091.0,13.0,13.0,8.0,8.0,151.0,151.0,2.0,2.0,1.0,1.0,1.0,1.0,0.0,0.0,0.0,0.0,152.74,152.74,153.74,153.74,0.0,0.0,0.0,0.0,0.0,0.0,0.0,0.0,1
00-0023853,Matt Prater,K,DET,2020,16,0,0,0,0,0,0,0,0,0,0,0,0,0,0,21,28,6,0,38,41,0.0,0.0,,9.0,,2091.0,,13.0,,8.0,,151.0,,2.0,,1.0,,1.0,,0.0,,0.0,,152.74,,153.74,,0.0,,0.0,,0.0,,0.0,0
00-0023853,Matt Prater,K,ARI,2021,17,0,0,0,0,0,0,0,0,0,0,0,0,0,0,30,37,6,1,47,49,0.0,0.0,16.0,16.0,0.0,0.0,0.0,0.0,0.0,0.0,0.0,0.0,0.0,0.0,0.0,0.0,0.0,0.0,0.0,0.0,0.0,0.0,0.0,0.0,0.0,0.0,21.0,21.0,28.0,28.0,38.0,38.0,41.0,41.0,1
00-0023853,Matt Prater,K,ARI,2022,13,0,0,0,0,0,0,0,0,0,0,0,0,0,0,22,25,5,0,17,18,0.0,0.0,17.0,16.5,0.0,0.0,0.0,0.0,0.0,0.0,0.0,0.0,0.0,0.0,0.0,0.0,0.0,0.0,0.0,0.0,0.0,0.0,0.0,0.0,0.0,0.0,30.0,25.5,37.0,32.5,47.0,42.5,49.0,45.0,2
00-0023853,Matt Prater,K,ARI,2023,17,0,0,0,0,0,0,0,0,0,0,0,0,0,0,28,33,8,1,22,23,0.0,0.0,13.0,15.0,0.0,0.0,0.0,0.0,0.0,0.0,0.0,0.0,0.0,0.0,0.0,0.0,0.0,0.0,0.0,0.0,0.0,0.0,0.0,0.0,0.0,0.0,22.0,26.0,25.0,31.0,17.0,32.0,18.0,33.5,3
00-0023853,Matt Prater,K,ARI,2024,4,0,0,0,0,0,0,0,0,0,0,0,0,0,0,6,6,1,0,10,10,0.0,0.0,17.0,15.0,0.0,0.0,0.0,0.0,0.0,0.0,0.0,0.0,0.0,0.0,0.0,0.0,0.0,0.0,0.0,0.0,0.0,0.0,0.0,0.0,0.0,0.0,28.0,25.0,33.0,29.0,22.0,19.5,23.0,20.5,4
00-0023853,Matt Prater,K,BUF,2025,15,0,0,0,0,0,0,0,0,0,0,0,0,0,0,18,20,1,0,46,49,0.0,0.0,4.0,10.5,0.0,0.0,0.0,0.0,0.0,0.0,0.0,0.0,0.0,0.0,0.0,0.0,0.0,0.0,0.0,0.0,0.0,0.0,0.0,0.0,0.0,0.0,6.0,17.0,6.0,19.5,10.0,16.0,10.0,16.5,5
00-0024243,Marcedes Lewis,TE,GB,2020,11,0,0,0,0,0,0,0,0,0,10,17,107,3,0,0,0,0,0,0,0,28.7,38.7,,4.0,,0.0,,0.0,,0.0,,0.0,,0.0,,0.0,,0.0,,0.0,,0.0,,0.0,,0.0,,6.0,,6.0,,10.0,,10.0,0
00-0024243,Marcedes Lewis,TE,GB,2021,13,0,0,0,0,0,0,0,0,0,23,28,214,0,0,0,0,0,0,0,0,21.4,44.4,11.0,11.0,0.0,0.0,0.0,0.0,0.0,0.0,0.0,0.0,0.0,0.0,10.0,10.0,17.0,17.0,107.0,107.0,3.0,3.0,28.7,28.7,38.7,38.7,0.0,0.0,0.0,0.0,0.0,0.0,0.0,0.0,1
00-0024243,Marcedes Lewis,TE,GB,2022,6,0,0,0,0,0,0,0,0,0,6,7,66,2,0,0,0,0,0,0,0,20.6,26.6,13.0,12.0,0.0,0.0,0.0,0.0,0.0,0.0,0.0,0.0,0.0,0.0,23.0,16.5,28.0,22.5,214.0,160.5,0.0,1.5,21.4,25.049999999999997,44.4,41.55,0.0,0.0,0.0,0.0,0.0,0.0,0.0,0.0,2
00-0024243,Marcedes Lewis,TE,CHI,2023,6,0,0,0,0,0,0,0,0,0,4,5,29,1,0,0,0,0,0,0,0,8.9,12.9,6.0,9.5,0.0,0.0,0.0,0.0,0.0,0.0,0.0,0.0,0.0,0.0,6.0,14.5,7.0,17.5,66.0,140.0,2.0,1.0,20.6,21.0,26.6,35.5,0.0,0.0,0.0,0.0,0.0,0.0,0.0,0.0,3
00-0024243,Marcedes Lewis,TE,CHI,2024,5,0,0,0,0,0,0,0,0,0,1,1,2,0,0,0,0,0,0,0,0,0.2,1.2,6.0,6.0,0.0,0.0,0.0,0.0,0.0,0.0,0.0,0.0,0.0,0.0,4.0,5.0,5.0,6.0,29.0,47.5,1.0,1.5,8.9,14.75,12.9,19.75,0.0,0.0,0.0,0.0,0.0,0.0,0.0,0.0,4
00-0024243,Marcedes Lewis,TE,DEN,2025,1,0,0,0,0,0,0,0,0,0,0,0,0,0,0,0,0,0,0,0,0,0.0,0.0,5.0,5.5,0.0,0.0,0.0,0.0,0.0,0.0,0.0,0.0,0.0,0.0,1.0,2.5,1.0,3.0,2.0,15.5,0.0,0.5,0.2,4.55,1.2,7.05,0.0,0.0,0.0,0.0,0.0,0.0,0.0,0.0,5
00-0024333,Stephen Gostkowski,K,TEN,2020,15,0,0,0,0,0,0,0,0,0,0,0,0,0,0,18,26,7,0,46,48,0.0,0.0,,5.0,,0.0,,0.0,,0.0,,0.0,,0.0,,1.0,,1.0,,2.0,,0.0,,0.2,,1.2,,0.0,,0.0,,0.0,,0.0,0
00-0025394,Adrian Peterson,RB,DET,2020,16,0,0,0,0,0,156,604,7,0,12,18,101,0,0,0,0,0,0,0,0,112.5,124.5,,,,,,,,,,,,,,,,,,,,,,,,,,,,,,,,,0
00-0025394,Adrian Peterson,RB,SEA,2021,4,0,0,0,0,0,38,98,2,0,4,4,8,0,0,0,0,0,0,0,0,22.6,26.6,16.0,16.0,0.0,0.0,0.0,0.0,0.0,0.0,604.0,604.0,7.0,7.0,12.0,12.0,18.0,18.0,101.0,101.0,0.0,0.0,112.5,112.5,124.5,124.5,0.0,0.0,0.0,0.0,0.0,0.0,0.0,0.0,1
00-0025396,Ted Ginn,WR,CHI,2020,5,0,0,0,0,0,0,0,0,0,3,6,40,0,0,0,0,0,0,0,0,4.0,7.0,,16.0,,0.0,,0.0,,0.0,,604.0,,7.0,,12.0,,18.0,,101.0,,0.0,,112.5,,124.5,,0.0,,0.0,,0.0,,0.0,0
00-0025418,Greg Olsen,TE,SEA,2020,11,0,0,0,0,0,0,0,0,0,24,37,239,1,0,0,0,0,0,0,0,29.9,53.9,,,,,,,,,,,,,,,,,,,,,,,,,,,,,,,,,0
00-0025565,Nick Folk,K,NE,2020,16,0,0,0,0,0,0,0,0,0,0,0,0,0,0,26,28,2,0,30,33,0.0,0.0,,,,,,,,,,,,,,,,,,,,,,,,,,,,,,,,,0
00-0025565,Nick Folk,K,NE,2021,17,0,0,0,0,0,0,0,0,0,0,0,0,0,0,36,39,5,0,42,47,0.0,0.0,16.0,16.0,0.0,0.0,0.0,0.0,0.0,0.0,0.0,0.0,0.0,0.0,0.0,0.0,0.0,0.0,0.0,0.0,0.0,0.0,0.0,0.0,0.0,0.0,26.0,26.0,28.0,28.0,30.0,30.0,33.0,33.0,1
00-0025565,Nick Folk,K,NE,2022,17,0,0,0,0,0,0,0,0,0,0,0,0,0,0,32,37,4,0,32,35,0.0,0.0,17.0,16.5,0.0,0.0,0.0,0.0,0.0,0.0,0.0,0.0,0.0,0.0,0.0,0.0,0.0,0.0,0.0,0.0,0.0,0.0,0.0,0.0,0.0,0.0,36.0,31.0,39.0,33.5,42.0,36.0,47.0,40.0,2
00-0025565,Nick Folk,K,TEN,2023,17,0,0,0,0,0,0,0,0,0,0,0,0,0,0,29,30,5,0,28,30,0.0,0.0,17.0,17.0,0.0,0.0,0.0,0.0,0.0,0.0,0.0,0.0,0.0,0.0,0.0,0.0,0.0,0.0,0.0,0.0,0.0,0.0,0.0,0.0,0.0,0.0,32.0,34.0,37.0,38.0,32.0,37.0,35.0,41.0,3
00-0025565,Nick Folk,K,TEN,2024,14,0,0,0,0,0,0,0,0,0,0,0,0,0,0,21,22,6,0,25,25,0.0,0.0,17.0,17.0,0.0,0.0,0.0,0.0,0.0,0.0,0.0,0.0,0.0,0.0,0.0,0.0,0.0,0.0,0.0,0.0,0.0,0.0,0.0,0.0,0.0,0.0,29.0,30.5,30.0,33.5,28.0,30.0,30.0,32.5,4
00-0025565,Nick Folk,K,NYJ,2025,16,0,0,0,0,0,0,0,0,0,0,0,0,0,0,28,29,7,0,22,22,0.0,0.0,14.0,15.5,0.0,0.0,0.0,0.0,0.0,0.0,0.0,0.0,0.0,0.0,0.0,0.0,0.0,0.0,0.0,0.0,0.0,0.0,0.0,0.0,0.0,0.0,21.0,25.0,22.0,26.0,25.0,26.5,25.0,27.5,5
00-0025580,Mason Crosby,K,GB,2020,16,0,0,0,0,0,0,0,0,0,0,0,0,0,0,16,16,4,0,59,63,0.0,0.0,,14.0,,0.0,,0.0,,0.0,,0.0,,0.0,,0.0,,0.0,,0.0,,0.0,,0.0,,0.0,,21.0,,22.0,,25.0,,25.0,0
00-0025580,Mason Crosby,K,GB,2021,17,0,0,0,0,0,0,0,0,0,0,0,0,0,0,25,34,3,0,49,51,0.0,0.0,16.0,16.0,0.0,0.0,0.0,0.0,0.0,0.0,0.0,0.0,0.0,0.0,0.0,0.0,0.0,0.0,0.0,0.0,0.0,0.0,0.0,0.0,0.0,0.0,16.0,16.0,16.0,16.0,59.0,59.0,63.0,63.0,1
00-0025580,Mason Crosby,K,GB,2022,17,0,0,0,0,0,0,0,0,0,0,0,0,0,0,25,29,1,0,37,39,0.0,0.0,17.0,16.5,0.0,0.0,0.0,0.0,0.0,0.0,0.0,0.0,0.0,0.0,0.0,0.0,0.0,0.0,0.0,0.0,0.0,0.0,0.0,0.0,0.0,0.0,25.0,20.5,34.0,25.0,49.0,54.0,51.0,57.0,2
00-0025580,Mason Crosby,K,NYG,2023,3,0,0,0,0,0,0,0,0,0,0,0,0,0,0,5,7,1,0,6,7,0.0,0.0,17.0,17.0,0.0,0.0,0.0,0.0,0.0,0.0,0.0,0.0,0.0,0.0,0.0,0.0,0.0,0.0,0.0,0.0,0.0,0.0,0.0,0.0,0.0,0.0,25.0,25.0,29.0,31.5,37.0,43.0,39.0,45.0,3
00-0025944,Steven Hauschka,K,JAX,2020,1,0,0,0,0,0,0,0,0,0,0,0,0,0,0,0,2,0,0,2,2,0.0,0.0,,17.0,,0.0,,0.0,,0.0,,0.0,,0.0,,0.0,,0.0,,0.0,,0.0,,0.0,,0.0,,25.0,,29.0,,37.0,,39.0,0
00-0026035,Danny Amendola,WR,DET,2020,14,0,0,0,0,0,1,2,0,0,46,69,602,0,0,0,0,0,0,0,0,60.4,106.4,,,,,,,,,,,,,,,,,,,,,,,,,,,,,,,,,0
00-0026035,Danny Amendola,WR,HOU,2021,8,0,1,0,0,0,0,0,0,0,24,38,248,3,0,0,0,0,0,0,0,44.8,68.8,14.0,14.0,0.0,0.0,0.0,0.0,0.0,0.0,2.0,2.0,0.0,0.0,46.0,46.0,69.0,69.0,602.0,602.0,0.0,0.0,60.4,60.4,106.4,106.4,0.0,0.0,0.0,0.0,0.0,0.0,0.0,0.0,1
00-0026143,Matt Ryan,QB,ATL,2020,16,407,626,4581,26,11,29,92,2,1,0,0,0,0,0,0,0,0,0,0,0,282.44,282.44,,14.0,,0.0,,0.0,,0.0,,2.0,,0.0,,46.0,,69.0,,602.0,,0.0,,60.4,,106.4,,0.0,,0.0,,0.0,,0.0,0
00-0026143,Matt Ryan,QB,ATL,2021,17,375,560,3968,20,12,40,82,1,1,0,0,0,0,0,0,0,0,0,0,0,222.92,222.92,16.0,16.0,4581.0,4581.0,26.0,26.0,11.0,11.0,92.0,92.0,2.0,2.0,0.0,0.0,0.0,0.0,0.0,0.0,0.0,0.0,282.44,282.44,282.44,282.44,0.0,0.0,0.0,0.0,0.0,0.0,0.0,0.0,1
00-0026143,Matt Ryan,QB,IND,2022,12,309,461,3057,14,13,27,70,1,2,0,0,0,0,0,0,0,0,0,0,0,155.28,155.28,17.0,16.5,3968.0,4274.5,20.0,23.0,12.0,11.5,82.0,87.0,1.0,1.5,0.0,0.0,0.0,0.0,0.0,0.0,0.0,0.0,222.92,252.68,222.92,252.68,0.0,0.0,0.0,0.0,0.0,0.0,0.0,0.0,2
00-0026158,Joe Flacco,QB,NYJ,2020,5,74,134,864,6,3,6,22,0,0,0,0,0,0,0,0,0,0,0,0,0,54.76,54.76,,17.0,,3968.0,,20.0,,12.0,,82.0,,1.0,,0.0,,0.0,,0.0,,0.0,,222.92,,222.92,,0.0,,0.0,,0.0,,0.0,0
00-0026158,Joe Flacco,QB,NYJ,2021,2,27,42,338,3,0,2,3,0,0,0,0,0,0,0,0,0,0,0,0,0,23.82,23.82,5.0,5.0,864.0,864.0,6.0,6.0,3.0,3.0,22.0,22.0,0.0,0.0,0.0,0.0,0.0,0.0,0.0,0.0,0.0,0.0,54.76,54.76,54.76,54.76,0.0,0.0,0.0,0.0,0.0,0.0,0.0,0.0,1
00-0026158,Joe Flacco,QB,NYJ,2022,5,110,191,1051,5,3,3,6,0,0,0,0,-3,0,0,0,0,0,0,0,0,48.34,48.34,2.0,3.5,338.0,601.0,3.0,4.5,0.0,1.5,3.0,12.5,0.0,0.0,0.0,0.0,0.0,0.0,0.0,0.0,0.0,0.0,23.82,39.29,23.82,39.29,0.0,0.0,0.0,0.0,0.0,0.0,0.0,0.0,2
00-0026158,Joe Flacco,QB,CLE,2023,5,123,204,1616,13,8,9,2,0,0,0,0,0,0,0,0,0,0,0,0,0,100.84,100.84,5.0,3.5,1051.0,694.5,5.0,4.0,3.0,1.5,6.0,4.5,0.0,0.0,0.0,0.0,0.0,0.0,-3.0,-1.5,0.0,0.0,48.34,36.08,48.34,36.08,0.0,0.0,0.0,0.0,0.0,0.0,0.0,0.0,3
00-0026158,Joe Flacco,QB,IND,2024,7,162,248,1761,12,7,9,26,0,1,0,0,0,0,0,0,0,0,0,0,0,99.04,99.04,5.0,5.0,1616.0,1333.5,13.0,9.0,8.0,5.5,2.0,4.0,0.0,0.0,0.0,0.0,0.0,0.0,0.0,-1.5,0.0,0.0,100.84,74.59,100.84,74.59,0.0,0.0,0.0,0.0,0.0,0.0,0.0,0.0,4
00-0026158,Joe Flacco,QB,CIN,2025,13,251,416,2479,15,10,21,35,1,0,0,0,0,0,0,0,0,0,0,0,0,146.66,146.66,7.0,6.0,1761.0,1688.5,12.0,12.5,7.0,7.5,26.0,14.0,0.0,0.0,0.0,0.0,0.0,0.0,0.0,0.0,0.0,0.0,99.04,99.94,99.04,99.94,0.0,0.0,0.0,0.0,0.0,0.0,0.0,0.0,5
00-0026189,DeSean Jackson,WR,PHI,2020,5,0,0,0,0,0,1,12,0,0,14,26,236,1,0,0,0,0,0,0,0,30.8,44.8,,7.0,,1761.0,,12.0,,7.0,,26.0,,0.0,,0.0,,0.0,,0.0,,0.0,,99.04,,99.04,,0.0,,0.0,,0.0,,0.0,0
00-0026189,DeSean Jackson,WR,LV,2021,14,0,0,0,0,0,1,4,0,0,20,34,454,2,1,0,0,0,0,0,0,55.8,75.8,5.0,5.0,0.0,0.0,0.0,0.0,0.0,0.0,12.0,12.0,0.0,0.0,14.0,14.0,26.0,26.0,236.0,236.0,1.0,1.0,30.8,30.8,44.8,44.8,0.0,0.0,0.0,0.0,0.0,0.0,0.0,0.0,1
00-0026189,DeSean Jackson,WR,BAL,2022,7,0,0,0,0,0,0,0,0,0,9,17,153,0,0,0,0,0,0,0,0,15.3,24.3,14.0,9.5,0.0,0.0,0.0,0.0,0.0,0.0,4.0,8.0,0.0,0.0,20.0,17.0,34.0,30.0,454.0,345.0,2.0,1.5,55.8,43.3,75.8,60.3,0.0,0.0,0.0,0.0,0.0,0.0,0.0,0.0,2
00-0026197,Chad Henne,QB,KC,2020,3,28,38,248,2,0,7,-2,1,0,0,0,0,0,0,0,0,0,0,0,0,23.72,23.72,,14.0,,0.0,,0.0,,0.0,,4.0,,0.0,,20.0,,34.0,,454.0,,2.0,,55.8,,75.8,,0.0,,0.0,,0.0,,0.0,0
00-0026197,Chad Henne,QB,KC,2021,4,11,16,82,0,0,8,0,0,0,0,0,0,0,0,0,0,0,0,0,0,3.28,3.28,3.0,3.0,248.0,248.0,2.0,2.0,0.0,0.0,-2.0,-2.0,1.0,1.0,0.0,0.0,0.0,0.0,0.0,0.0,0.0,0.0,23.72,23.72,23.72,23.72,0.0,0.0,0.0,0.0,0.0,0.0,0.0,0.0,1
00-0026197,Chad Henne,QB,KC,2022,3,0,2,0,0,0,5,-5,0,0,0,0,0,0,0,0,0,0,0,0,0,-0.5,-0.5,4.0,3.5,82.0,165.0,0.0,1.0,0.0,0.0,0.0,-1.0,0.0,0.5,0.0,0.0,0.0,0.0,0.0,0.0,0.0,0.0,3.28,13.5,3.28,13.5,0.0,0.0,0.0,0.0,0.0,0.0,0.0,0.0,2
00-0026293,Matthew Slater,WR,NE,2020,6,0,0,0,0,0,0,0,0,0,0,0,0,0,0,0,0,0,0,0,0,0.0,0.0,,4.0,,82.0,,0.0,,0.0,,0.0,,0.0,,0.0,,0.0,,0.0,,0.0,,3.28,,3.28,,0.0,,0.0,,0.0,,0.0,0
00-0026293,Matthew Slater,WR,NE,2021,10,0,0,0,0,0,0,0,0,0,0,0,0,0,0,0,0,0,0,0,0,0.0,0.0,6.0,6.0,0.0,0.0,0.0,0.0,0.0,0.0,0.0,0.0,0.0,0.0,0.0,0.0,0.0,0.0,0.0,0.0,0.0,0.0,0.0,0.0,0.0,0.0,0.0,0.0,0.0,0.0,0.0,0.0,0.0,0.0,1
00-0026293,Matthew Slater,WR,NE,2022,8,0,0,0,0,0,0,0,0,0,0,0,0,0,0,0,0,0,0,0,0,0.0,0.0,10.0,8.0,0.0,0.0,0.0,0.0,0.0,0.0,0.0,0.0,0.0,0.0,0.0,0.0,0.0,0.0,0.0,0.0,0.0,0.0,0.0,0.0,0.0,0.0,0.0,0.0,0.0,0.0,0.0,0.0,0.0,0.0,2
00-0026293,Matthew Slater,WR,NE,2023,5,0,0,0,0,0,0,0,0,0,0,0,0,0,0,0,0,0,0,0,0,0.0,0.0,8.0,9.0,0.0,0.0,0.0,0.0,0.0,0.0,0.0,0.0,0.0,0.0,0.0,0.0,0.0,0.0,0.0,0.0,0.0,0.0,0.0,0.0,0.0,0.0,0.0,0.0,0.0,0.0,0.0,0.0,0.0,0.0,3
00-0026300,Josh Johnson,QB,BAL,2021,4,57,85,638,5,2,9,28,0,0,0,0,0,0,0,0,0,0,0,0,0,46.32,46.32,,8.0,,0.0,,0.0,,0.0,,0.0,,0.0,,0.0,,0.0,,0.0,,0.0,,0.0,,0.0,,0.0,,0.0,,0.0,,0.0,0
00-0026300,Josh Johnson,QB,SF,2022,1,1,2,10,0,0,2,3,0,0,0,0,0,0,0,0,0,0,0,0,0,0.7,0.7,4.0,4.0,638.0,638.0,5.0,5.0,2.0,2.0,28.0,28.0,0.0,0.0,0.0,0.0,0.0,0.0,0.0,0.0,0.0,0.0,46.32,46.32,46.32,46.32,0.0,0.0,0.0,0.0,0.0,0.0,0.0,0.0,1
00-0026300,Josh Johnson,QB,BAL,2024,4,2,3,17,0,0,4,1,0,0,0,0,0,0,0,0,0,0,0,0,0,0.78,0.78,1.0,2.5,10.0,324.0,0.0,2.5,0.0,1.0,3.0,15.5,0.0,0.0,0.0,0.0,0.0,0.0,0.0,0.0,0.0,0.0,0.7,23.51,0.7,23.51,0.0,0.0,0.0,0.0,0.0,0.0,0.0,0.0,2
00-0026300,Josh Johnson,QB,WAS,2025,3,34,54,372,1,2,12,55,1,1,0,0,0,0,0,0,0,0,0,0,0,24.38,24.38,4.0,2.5,17.0,13.5,0.0,0.0,0.0,0.0,1.0,2.0,0.0,0.0,0.0,0.0,0.0,0.0,0.0,0.0,0.0,0.0,0.78,0.74,0.78,0.74,0.0,0.0,0.0,0.0,0.0,0.0,0.0,0.0,3
00-0026498,Matthew Stafford,QB,DET,2020,16,339,528,4084,26,10,29,112,0,0,0,1,0,0,0,0,0,0,0,0,0,260.56,260.56,,4.0,,17.0,,0.0,,0.0,,1.0,,0.0,,0.0,,0.0,,0.0,,0.0,,0.78,,0.78,,0.0,,0.0,,0.0,,0.0,0
00-0026498,Matthew Stafford,QB,LA,2021,17,404,601,4886,41,17,32,43,0,0,0,0,0,0,0,0,0,0,0,0,0,329.74,329.74,16.0,16.0,4084.0,4084.0,26.0,26.0,10.0,10.0,112.0,112.0,0.0,0.0,0.0,0.0,1.0,1.0,0.0,0.0,0.0,0.0,260.56,260.56,260.56,260.56,0.0,0.0,0.0,0.0,0.0,0.0,0.0,0.0,1
00-0026498,Matthew Stafford,QB,LA,2022,9,206,303,2087,10,8,13,9,1,0,0,0,0,0,0,0,0,0,0,0,0,108.38,108.38,17.0,16.5,4886.0,4485.0,41.0,33.5,17.0,13.5,43.0,77.5,0.0,0.0,0.0,0.0,0.0,0.5,0.0,0.0,0.0,0.0,329.74,295.15,329.74,295.15,0.0,0.0,0.0,0.0,0.0,0.0,0.0,0.0,2
00-0026498,Matthew Stafford,QB,LA,2023,15,326,521,3965,24,11,21,65,0,0,0,0,0,0,0,0,0,0,0,0,0,243.1,243.1,9.0,13.0,2087.0,3486.5,10.0,25.5,8.0,12.5,9.0,26.0,1.0,0.5,0.0,0.0,0.0,0.0,0.0,0.0,0.0,0.0,108.38,219.06,108.38,219.06,0.0,0.0,0.0,0.0,0.0,0.0,0.0,0.0,3
00-0026498,Matthew Stafford,QB,LA,2024,16,340,517,3762,20,8,30,41,0,0,0,0,0,0,0,0,0,0,0,0,0,214.58,214.58,15.0,12.0,3965.0,3026.0,24.0,17.0,11.0,9.5,65.0,37.0,0.0,0.5,0.0,0.0,0.0,0.0,0.0,0.0,0.0,0.0,243.1,175.74,243.1,175.74,0.0,0.0,0.0,0.0,0.0,0.0,0.0,0.0,4
00-0026498,Matthew Stafford,QB,LA,2025,17,388,597,4707,46,8,29,1,0,1,0,0,0,0,0,0,0,0,0,0,0,350.38,350.38,16.0,15.5,3762.0,3863.5,20.0,22.0,8.0,9.5,41.0,53.0,0.0,0.0,0.0,0.0,0.0,0.0,0.0,0.0,0.0,0.0,214.58,228.84,214.58,228.84,0.0,0.0,0.0,0.0,0.0,0.0,0.0,0.0,5
00-0026544,Chase Daniel,QB,DET,2020,4,29,43,264,1,2,2,16,0,0,0,0,0,0,0,0,0,0,0,0,0,12.16,12.16,,16.0,,3762.0,,20.0,,8.0,,41.0,,0.0,,0.0,,0.0,,0.0,,0.0,,214.58,,214.58,,0.0,,0.0,,0.0,,0.0,0
00-0026544,Chase Daniel,QB,LAC,2021,1,0,0,0,0,0,2,-2,0,0,0,0,0,0,0,0,0,0,0,0,0,-0.2,-0.2,4.0,4.0,264.0,264.0,1.0,1.0,2.0,2.0,16.0,16.0,0.0,0.0,0.0,0.0,0.0,0.0,0.0,0.0,0.0,0.0,12.16,12.16,12.16,12.16,0.0,0.0,0.0,0.0,0.0,0.0,0.0,0.0,1
00-0026544,Chase Daniel,QB,LAC,2022,3,8,12,52,1,0,1,4,0,0,0,0,0,0,0,0,0,0,0,0,0,8.48,8.48,1.0,2.5,0.0,132.0,0.0,0.5,0.0,1.0,-2.0,7.0,0.0,0.0,0.0,0.0,0.0,0.0,0.0,0.0,0.0,0.0,-0.2,5.98,-0.2,5.98,0.0,0.0,0.0,0.0,0.0,0.0,0.0,0.0,2
00-0026625,Brian Hoyer,QB,NE,2020,1,15,24,130,0,1,1,8,0,0,0,0,0,0,0,0,0,0,0,0,0,2.0,2.0,,1.0,,0.0,,0.0,,0.0,,-2.0,,0.0,,0.0,,0.0,,0.0,,0.0,,-0.2,,-0.2,,0.0,,0.0,,0.0,,0.0,0
00-0026625,Brian Hoyer,QB,NE,2021,5,9,11,227,1,0,11,-8,0,0,0,0,0,0,0,0,0,0,0,0,0,12.28,12.28,1.0,1.0,130.0,130.0,0.0,0.0,1.0,1.0,8.0,8.0,0.0,0.0,0.0,0.0,0.0,0.0,0.0,0.0,0.0,0.0,2.0,2.0,2.0,2.0,0.0,0.0,0.0,0.0,0.0,0.0,0.0,0.0,1
00-0026625,Brian Hoyer,QB,NE,2022,1,5,6,37,0,0,0,0,0,0,0,0,0,0,0,0,0,0,0,0,0,1.48,1.48,5.0,3.0,227.0,178.5,1.0,0.5,0.0,0.5,-8.0,0.0,0.0,0.0,0.0,0.0,0.0,0.0,0.0,0.0,0.0,0.0,12.28,7.14,12.28,7.14,0.0,0.0,0.0,0.0,0.0,0.0,0.0,0.0,2
00-0026625,Brian Hoyer,QB,LV,2023,2,23,42,231,0,2,3,-3,0,0,0,0,0,0,0,0,0,0,0,0,0,4.94,4.94,1.0,3.0,37.0,132.0,0.0,0.5,0.0,0.0,0.0,-4.0,0.0,0.0,0.0,0.0,0.0,0.0,0.0,0.0,0.0,0.0,1.48,6.88,1.48,6.88,0.0,0.0,0.0,0.0,0.0,0.0,0.0,0.0,3
00-0026858,Graham Gano,K,NYG,2020,16,0,0,0,0,0,0,0,0,0,0,0,0,0,0,31,32,5,0,21,23,0.0,0.0,,1.0,,37.0,,0.0,,0.0,,0.0,,0.0,,0.0,,0.0,,0.0,,0.0,,1.48,,1.48,,0.0,,0.0,,0.0,,0.0,0
00-0026858,Graham Gano,K,NYG,2021,17,0,0,0,0,0,0,0,0,0,0,0,0,0,0,29,33,7,0,17,17,0.0,0.0,16.0,16.0,0.0,0.0,0.0,0.0,0.0,0.0,0.0,0.0,0.0,0.0,0.0,0.0,0.0,0.0,0.0,0.0,0.0,0.0,0.0,0.0,0.0,0.0,31.0,31.0,32.0,32.0,21.0,21.0,23.0,23.0,1
00-0026858,Graham Gano,K,NYG,2022,17,0,0,0,0,0,0,0,0,0,0,0,0,0,0,29,32,8,0,32,34,0.0,0.0,17.0,16.5,0.0,0.0,0.0,0.0,0.0,0.0,0.0,0.0,0.0,0.0,0.0,0.0,0.0,0.0,0.0,0.0,0.0,0.0,0.0,0.0,0.0,0.0,29.0,30.0,33.0,32.5,17.0,19.0,17.0,20.0,2
00-0026858,Graham Gano,K,NYG,2023,8,0,0,0,0,0,0,0,0,0,0,0,0,0,0,11,17,3,0,8,8,0.0,0.0,17.0,17.0,0.0,0.0,0.0,0.0,0.0,0.0,0.0,0.0,0.0,0.0,0.0,0.0,0.0,0.0,0.0,0.0,0.0,0.0,0.0,0.0,0.0,0.0,29.0,29.0,32.0,32.5,32.0,24.5,34.0,25.5,3
00-0026858,Graham Gano,K,NYG,2024,10,0,0,0,0,0,0,0,0,0,0,0,0,0,0,9,11,2,0,15,15,0.0,0.0,8.0,12.5,0.0,0.0,0.0,0.0,0.0,0.0,0.0,0.0,0.0,0.0,0.0,0.0,0.0,0.0,0.0,0.0,0.0,0.0,0.0,0.0,0.0,0.0,11.0,20.0,17.0,24.5,8.0,20.0,8.0,21.0,4
00-0026858,Graham Gano,K,NYG,2025,5,0,0,0,0,0,0,0,0,0,0,0,0,0,0,9,10,1,0,9,9,0.0,0.0,10.0,9.0,0.0,0.0,0.0,0.0,0.0,0.0,0.0,0.0,0.0,0.0,0.0,0.0,0.0,0.0,0.0,0.0,0.0,0.0,0.0,0.0,0.0,0.0,9.0,10.0,11.0,14.0,15.0,11.5,15.0,11.5,5
00-0026968,Ryan Succop,K,TB,2020,16,0,0,0,0,0,0,0,0,0,0,0,0,0,0,28,31,1,0,52,57,0.0,0.0,,10.0,,0.0,,0.0,,0.0,,0.0,,0.0,,0.0,,0.0,,0.0,,0.0,,0.0,,0.0,,9.0,,11.0,,15.0,,15.0,0
00-0026968,Ryan Succop,K,TB,2021,17,0,0,0,0,0,0,0,0,0,0,0,0,0,0,25,30,0,0,56,59,0.0,0.0,16.0,16.0,0.0,0.0,0.0,0.0,0.0,0.0,0.0,0.0,0.0,0.0,0.0,0.0,0.0,0.0,0.0,0.0,0.0,0.0,0.0,0.0,0.0,0.0,28.0,28.0,31.0,31.0,52.0,52.0,57.0,57.0,1
00-0026968,Ryan Succop,K,TB,2022,17,0,0,0,0,0,0,0,0,0,0,0,0,0,0,31,38,2,0,24,25,0.0,0.0,17.0,16.5,0.0,0.0,0.0,0.0,0.0,0.0,0.0,0.0,0.0,0.0,0.0,0.0,0.0,0.0,0.0,0.0,0.0,0.0,0.0,0.0,0.0,0.0,25.0,26.5,30.0,30.5,56.0,54.0,59.0,58.0,2
00-0027029,LeSean McCoy,RB,TB,2020,8,0,0,0,0,0,10,31,0,0,15,19,101,0,0,0,0,0,0,0,0,13.2,28.2,,17.0,,0.0,,0.0,,0.0,,0.0,,0.0,,0.0,,0.0,,0.0,,0.0,,0.0,,0.0,,25.0,,30.0,,56.0,,59.0,0
00-0027061,Jared Cook,TE,NO,2020,15,0,0,0,0,0,0,0,0,0,37,60,504,7,1,0,0,0,0,0,0,90.4,127.4,,,,,,,,,,,,,,,,,,,,,,,,,,,,,,,,,0
00-0027061,Jared Cook,TE,LAC,2021,16,0,0,0,0,0,0,0,0,0,48,83,564,4,0,0,0,0,0,0,0,84.4,132.4,15.0,15.0,0.0,0.0,0.0,0.0,0.0,0.0,0.0,0.0,0.0,0.0,37.0,37.0,60.0,60.0,504.0,504.0,7.0,7.0,90.4,90.4,127.4,127.4,0.0,0.0,0.0,0.0,0.0,0.0,0.0,0.0,1
00-0027150,Julian Edelman,WR,NE,2020,6,2,2,38,0,0,2,22,0,0,21,39,315,0,0,0,0,0,0,0,0,35.22,56.22,,15.0,,0.0,,0.0,,0.0,,0.0,,0.0,,37.0,,60.0,,504.0,,7.0,,90.4,,127.4,,0.0,,0.0,,0.0,,0.0,0
00-0027656,Rob Gronkowski,TE,TB,2020,16,0,0,0,0,0,0,0,0,0,45,77,623,7,0,0,0,0,0,0,0,104.3,149.3,,,,,,,,,,,,,,,,,,,,,,,,,,,,,,,,,0
00-0027656,Rob Gronkowski,TE,TB,2021,12,0,0,0,0,0,0,0,0,0,55,89,802,6,0,0,0,0,0,0,0,116.2,171.2,16.0,16.0,0.0,0.0,0.0,0.0,0.0,0.0,0.0,0.0,0.0,0.0,45.0,45.0,77.0,77.0,623.0,623.0,7.0,7.0,104.3,104.3,149.3,149.3,0.0,0.0,0.0,0.0,0.0,0.0,0.0,0.0,1
00-0027685,Emmanuel Sanders,WR,NO,2020,14,0,0,0,0,0,1,12,0,0,61,82,726,5,0,0,0,0,0,0,0,103.8,164.8,,16.0,,0.0,,0.0,,0.0,,0.0,,0.0,,45.0,,77.0,,623.0,,7.0,,104.3,,149.3,,0.0,,0.0,,0.0,,0.0,0
00-0027685,Emmanuel Sanders,WR,BUF,2021,14,0,0,0,0,0,2,31,0,0,42,72,626,4,0,0,0,0,0,0,0,89.7,131.7,14.0,14.0,0.0,0.0,0.0,0.0,0.0,0.0,12.0,12.0,0.0,0.0,61.0,61.0,82.0,82.0,726.0,726.0,5.0,5.0,103.8,103.8,164.8,164.8,0.0,0.0,0.0,0.0,0.0,0.0,0.0,0.0,1
00-0027688,Colt McCoy,QB,NYG,2020,4,40,66,375,1,1,9,12,0,0,0,0,0,0,0,0,0,0,0,0,0,18.2,18.2,,14.0,,0.0,,0.0,,0.0,,12.0,,0.0,,61.0,,82.0,,726.0,,5.0,,103.8,,164.8,,0.0,,0.0,,0.0,,0.0,0
00-0027688,Colt McCoy,QB,ARI,2021,7,74,99,740,3,1,22,37,0,0,0,0,0,0,0,0,0,0,0,0,0,41.3,41.3,4.0,4.0,375.0,375.0,1.0,1.0,1.0,1.0,12.0,12.0,0.0,0.0,0.0,0.0,0.0,0.0,0.0,0.0,0.0,0.0,18.2,18.2,18.2,18.2,0.0,0.0,0.0,0.0,0.0,0.0,0.0,0.0,1
00-0027688,Colt McCoy,QB,ARI,2022,4,90,132,780,1,3,14,36,0,0,0,0,0,0,0,0,0,0,0,0,0,32.8,32.8,7.0,5.5,740.0,557.5,3.0,2.0,1.0,1.0,37.0,24.5,0.0,0.0,0.0,0.0,0.0,0.0,0.0,0.0,0.0,0.0,41.3,29.75,41.3,29.75,0.0,0.0,0.0,0.0,0.0,0.0,0.0,0.0,2
00-0027691,Andre Roberts,WR,BUF,2020,15,0,0,0,0,0,1,-3,0,0,4,5,34,0,0,0,0,0,0,0,0,3.1,7.1,,7.0,,740.0,,3.0,,1.0,,37.0,,0.0,,0.0,,0.0,,0.0,,0.0,,41.3,,41.3,,0.0,,0.0,,0.0,,0.0,0
00-0027691,Andre Roberts,WR,LAC,2021,16,0,0,0,0,0,3,19,0,0,1,2,35,0,0,0,0,0,0,0,0,11.4,12.4,15.0,15.0,0.0,0.0,0.0,0.0,0.0,0.0,-3.0,-3.0,0.0,0.0,4.0,4.0,5.0,5.0,34.0,34.0,0.0,0.0,3.1,3.1,7.1,7.1,0.0,0.0,0.0,0.0,0.0,0.0,0.0,0.0,1
00-0027691,Andre Roberts,WR,CAR,2022,3,0,0,0,0,0,0,0,0,0,0,0,0,0,0,0,0,0,0,0,0,0.0,0.0,16.0,15.5,0.0,0.0,0.0,0.0,0.0,0.0,19.0,8.0,0.0,0.0,1.0,2.5,2.0,3.5,35.0,34.5,0.0,0.0,11.4,7.25,12.4,9.75,0.0,0.0,0.0,0.0,0.0,0.0,0.0,0.0,2
00-0027696,Jimmy Graham,TE,CHI,2020,16,0,0,0,0,0,0,0,0,0,50,76,456,8,0,0,0,0,0,0,0,93.6,143.6,,16.0,,0.0,,0.0,,0.0,,19.0,,0.0,,1.0,,2.0,,35.0,,0.0,,11.4,,12.4,,0.0,,0.0,,0.0,,0.0,0
00-0027696,Jimmy Graham,TE,CHI,2021,11,0,0,0,0,0,0,0,0,0,14,23,167,3,0,0,0,0,0,0,0,36.7,50.7,16.0,16.0,0.0,0.0,0.0,0.0,0.0,0.0,0.0,0.0,0.0,0.0,50.0,50.0,76.0,76.0,456.0,456.0,8.0,8.0,93.6,93.6,143.6,143.6,0.0,0.0,0.0,0.0,0.0,0.0,0.0,0.0,1
00-0027696,Jimmy Graham,TE,NO,2023,6,0,0,0,0,0,0,0,0,0,6,7,39,4,0,0,0,0,0,0,0,27.9,33.9,11.0,13.5,0.0,0.0,0.0,0.0,0.0,0.0,0.0,0.0,0.0,0.0,14.0,32.0,23.0,49.5,167.0,311.5,3.0,5.5,36.7,65.15,50.7,97.15,0.0,0.0,0.0,0.0,0.0,0.0,0.0,0.0,2
00-0027793,Antonio Brown,WR,TB,2020,8,0,0,0,0,0,2,-2,0,0,45,62,483,4,0,0,0,0,0,0,0,72.1,117.1,,11.0,,0.0,,0.0,,0.0,,0.0,,0.0,,14.0,,23.0,,167.0,,3.0,,36.7,,50.7,,0.0,,0.0,,0.0,,0.0,0
00-0027793,Antonio Brown,WR,TB,2021,7,0,0,0,0,0,1,6,0,0,42,62,545,4,0,0,0,0,0,0,0,79.1,121.1,8.0,8.0,0.0,0.0,0.0,0.0,0.0,0.0,-2.0,-2.0,0.0,0.0,45.0,45.0,62.0,62.0,483.0,483.0,4.0,4.0,72.1,72.1,117.1,117.1,0.0,0.0,0.0,0.0,0.0,0.0,0.0,0.0,1
00-0027796,Joe Webb,QB,NYG,2020,1,0,0,0,0,0,0,0,0,0,0,0,0,0,0,0,0,0,0,0,0,0.0,0.0,,8.0,,0.0,,0.0,,0.0,,-2.0,,0.0,,45.0,,62.0,,483.0,,4.0,,72.1,,117.1,,0.0,,0.0,,0.0,,0.0,0
00-0027891,Golden Tate,WR,NYG,2020,12,1,2,18,0,0,0,0,0,0,35,52,388,2,0,0,0,0,0,0,0,51.52,86.52,,,,,,,,,,,,,,,,,,,,,,,,,,,,,,,,,0
00-0027902,Dez Bryant,WR,BAL,2020,4,0,0,0,0,0,0,0,0,0,6,11,47,2,0,0,0,0,0,0,0,16.7,22.7,,,,,,,,,,,,,,,,,,,,,,,,,,,,,,,,,0
00-0027939,Cam Newton,QB,NE,2020,15,242,368,2657,8,10,137,592,12,1,2,2,35,1,0,0,0,0,0,0,0,258.98,260.98,,,,,,,,,,,,,,,,,,,,,,,,,,,,,,,,,0
00-0027939,Cam Newton,QB,CAR,2021,7,69,126,684,4,5,47,230,5,1,0,0,0,0,0,0,0,0,0,0,0,86.36,86.36,15.0,15.0,2657.0,2657.0,8.0,8.0,10.0,10.0,592.0,592.0,12.0,12.0,2.0,2.0,2.0,2.0,35.0,35.0,1.0,1.0,258.98,258.98,260.98,260.98,0.0,0.0,0.0,0.0,0.0,0.0,0.0,0.0,1
00-0027942,A.J. Green,WR,CIN,2020,16,0,0,0,0,0,0,0,0,0,47,104,523,2,0,0,0,0,0,0,0,64.3,111.3,,15.0,,2657.0,,8.0,,10.0,,592.0,,12.0,,2.0,,2.0,,35.0,,1.0,,258.98,,260.98,,0.0,,0.0,,0.0,,0.0,0
00-0027942,A.J. Green,WR,ARI,2021,16,0,0,0,0,0,0,0,0,0,54,92,848,3,0,0,0,0,0,0,0,102.8,156.8,16.0,16.0,0.0,0.0,0.0,0.0,0.0,0.0,0.0,0.0,0.0,0.0,47.0,47.0,104.0,104.0,523.0,523.0,2.0,2.0,64.3,64.3,111.3,111.3,0.0,0.0,0.0,0.0,0.0,0.0,0.0,0.0,1
00-0027942,A.J. Green,WR,ARI,2022,13,0,0,0,0,0,0,0,0,0,24,47,236,2,0,0,0,0,0,0,0,37.6,61.6,16.0,16.0,0.0,0.0,0.0,0.0,0.0,0.0,0.0,0.0,0.0,0.0,54.0,50.5,92.0,98.0,848.0,685.5,3.0,2.5,102.8,83.55,156.8,134.05,0.0,0.0,0.0,0.0,0.0,0.0,0.0,0.0,2
00-0027944,Julio Jones,WR,ATL,2020,9,0,0,0,0,0,0,0,0,0,51,68,771,3,0,0,0,0,0,0,0,95.1,146.1,,16.0,,0.0,,0.0,,0.0,,0.0,,0.0,,54.0,,92.0,,848.0,,3.0,,102.8,,156.8,,0.0,,0.0,,0.0,,0.0,0
00-0027944,Julio Jones,WR,TEN,2021,10,0,0,0,0,0,0,0,0,0,31,48,434,1,0,0,0,0,0,0,0,49.4,80.4,9.0,9.0,0.0,0.0,0.0,0.0,0.0,0.0,0.0,0.0,0.0,0.0,51.0,51.0,68.0,68.0,771.0,771.0,3.0,3.0,95.1,95.1,146.1,146.1,0.0,0.0,0.0,0.0,0.0,0.0,0.0,0.0,1
00-0027944,Julio Jones,WR,TB,2022,10,0,0,0,0,0,5,45,0,0,24,43,299,2,0,0,0,0,0,0,0,46.4,70.4,10.0,9.5,0.0,0.0,0.0,0.0,0.0,0.0,0.0,0.0,0.0,0.0,31.0,41.0,48.0,58.0,434.0,602.5,1.0,2.0,49.4,72.25,80.4,113.25,0.0,0.0,0.0,0.0,0.0,0.0,0.0,0.0,2
00-0027944,Julio Jones,WR,PHI,2023,8,0,0,0,0,0,0,0,0,0,11,19,74,3,0,0,0,0,0,0,0,25.4,36.4,10.0,10.0,0.0,0.0,0.0,0.0,0.0,0.0,45.0,22.5,0.0,0.0,24.0,27.5,43.0,45.5,299.0,366.5,2.0,1.5,46.4,47.9,70.4,75.4,0.0,0.0,0.0,0.0,0.0,0.0,0.0,0.0,3
00-0027948,Blaine Gabbert,QB,TB,2020,4,9,16,143,2,0,9,16,0,0,0,0,0,0,0,0,0,0,0,0,0,15.32,15.32,,10.0,,0.0,,0.0,,0.0,,45.0,,0.0,,24.0,,43.0,,299.0,,2.0,,46.4,,70.4,,0.0,,0.0,,0.0,,0.0,0
00-0027948,Blaine Gabbert,QB,TB,2021,6,7,11,67,0,0,9,-7,0,0,0,0,0,0,0,0,0,0,0,0,0,1.98,1.98,4.0,4.0,143.0,143.0,2.0,2.0,0.0,0.0,16.0,16.0,0.0,0.0,0.0,0.0,0.0,0.0,0.0,0.0,0.0,0.0,15.32,15.32,15.32,15.32,0.0,0.0,0.0,0.0,0.0,0.0,0.0,0.0,1
00-0027948,Blaine Gabbert,QB,TB,2022,1,6,8,29,1,0,0,0,0,0,0,0,0,0,0,0,0,0,0,0,0,5.16,5.16,6.0,5.0,67.0,105.0,0.0,1.0,0.0,0.0,-7.0,4.5,0.0,0.0,0.0,0.0,0.0,0.0,0.0,0.0,0.0,0.0,1.98,8.65,1.98,8.65,0.0,0.0,0.0,0.0,0.0,0.0,0.0,0.0,2
00-0027948,Blaine Gabbert,QB,KC,2023,2,18,35,185,0,3,7,45,0,0,0,0,0,0,0,0,0,0,0,0,0,5.9,5.9,1.0,3.5,29.0,48.0,1.0,0.5,0.0,0.0,0.0,-3.5,0.0,0.0,0.0,0.0,0.0,0.0,0.0,0.0,0.0,0.0,5.16,3.5700000000000003,5.16,3.5700000000000003,0.0,0.0,0.0,0.0,0.0,0.0,0.0,0.0,3
00-0027966,Mark Ingram,RB,BAL,2020,10,0,0,0,0,0,72,299,2,0,6,8,50,0,0,0,0,0,0,0,0,46.9,52.9,,1.0,,29.0,,1.0,,0.0,,0.0,,0.0,,0.0,,0.0,,0.0,,0.0,,5.16,,5.16,,0.0,,0.0,,0.0,,0.0,0
00-0027966,Mark Ingram,RB,NO,2021,14,0,0,0,0,0,160,554,2,1,27,35,162,0,0,0,0,0,0,0,0,81.6,108.6,10.0,10.0,0.0,0.0,0.0,0.0,0.0,0.0,299.0,299.0,2.0,2.0,6.0,6.0,8.0,8.0,50.0,50.0,0.0,0.0,46.9,46.9,52.9,52.9,0.0,0.0,0.0,0.0,0.0,0.0,0.0,0.0,1
00-0027966,Mark Ingram,RB,NO,2022,10,0,0,0,0,0,62,233,1,1,16,18,68,0,1,0,0,0,0,0,0,34.1,50.1,14.0,12.0,0.0,0.0,0.0,0.0,0.0,0.0,554.0,426.5,2.0,2.0,27.0,16.5,35.0,21.5,162.0,106.0,0.0,0.0,81.6,64.25,108.6,80.75,0.0,0.0,0.0,0.0,0.0,0.0,0.0,0.0,2
00-0027973,Andy Dalton,QB,DAL,2020,11,216,333,2170,14,8,28,114,0,1,1,1,-3,0,0,0,0,0,0,0,0,135.9,136.9,,14.0,,0.0,,0.0,,0.0,,554.0,,2.0,,27.0,,35.0,,162.0,,0.0,,81.6,,108.6,,0.0,,0.0,,0.0,,0.0,0
00-0027973,Andy Dalton,QB,CHI,2021,8,149,236,1515,8,9,16,76,0,0,0,0,0,0,0,0,0,0,0,0,0,84.2,84.2,11.0,11.0,2170.0,2170.0,14.0,14.0,8.0,8.0,114.0,114.0,0.0,0.0,1.0,1.0,1.0,1.0,-3.0,-3.0,0.0,0.0,135.9,135.9,136.9,136.9,0.0,0.0,0.0,0.0,0.0,0.0,0.0,0.0,1
00-0027973,Andy Dalton,QB,NO,2022,14,252,378,2871,18,9,30,54,0,0,0,0,0,0,0,0,0,0,0,0,0,174.24,174.24,8.0,9.5,1515.0,1842.5,8.0,11.0,9.0,8.5,76.0,95.0,0.0,0.0,0.0,0.5,0.0,0.5,0.0,-1.5,0.0,0.0,84.2,110.05000000000001,84.2,110.55000000000001,0.0,0.0,0.0,0.0,0.0,0.0,0.0,0.0,2
00-0027973,Andy Dalton,QB,CAR,2023,2,34,58,361,2,0,3,12,0,0,0,0,0,0,0,0,0,0,0,0,0,23.64,23.64,14.0,11.0,2871.0,2193.0,18.0,13.0,9.0,9.0,54.0,65.0,0.0,0.0,0.0,0.0,0.0,0.0,0.0,0.0,0.0,0.0,174.24,129.22000000000003,174.24,129.22000000000003,0.0,0.0,0.0,0.0,0.0,0.0,0.0,0.0,3
00-0027973,Andy Dalton,QB,CAR,2024,6,106,160,989,7,6,11,34,0,0,0,0,0,0,0,0,0,0,0,0,0,58.96,58.96,2.0,8.0,361.0,1616.0,2.0,10.0,0.0,4.5,12.0,33.0,0.0,0.0,0.0,0.0,0.0,0.0,0.0,0.0,0.0,0.0,23.64,98.94000000000003,23.64,98.94000000000003,0.0,0.0,0.0,0.0,0.0,0.0,0.0,0.0,4
00-0027973,Andy Dalton,QB,CAR,2025,4,25,37,293,1,1,5,-2,0,1,0,0,0,0,0,0,0,0,0,0,0,9.52,9.52,6.0,4.0,989.0,675.0,7.0,4.5,6.0,3.0,34.0,23.0,0.0,0.0,0.0,0.0,0.0,0.0,0.0,0.0,0.0,0.0,58.96,41.30000000000001,58.96,41.30000000000001,0.0,0.0,0.0,0.0,0.0,0.0,0.0,0.0,5
00-0027981,Kyle Rudolph,TE,MIN,2020,12,0,0,0,0,0,0,0,0,0,28,37,334,1,1,0,0,0,0,0,0,37.4,65.4,,6.0,,989.0,,7.0,,6.0,,34.0,,0.0,,0.0,,0.0,,0.0,,0.0,,58.96,,58.96,,0.0,,0.0,,0.0,,0.0,0
00-0027981,Kyle Rudolph,TE,NYG,2021,15,0,0,0,0,0,0,0,0,0,26,39,257,1,0,0,0,0,0,0,0,33.7,59.7,12.0,12.0,0.0,0.0,0.0,0.0,0.0,0.0,0.0,0.0,0.0,0.0,28.0,28.0,37.0,37.0,334.0,334.0,1.0,1.0,37.4,37.4,65.4,65.4,0.0,0.0,0.0,0.0,0.0,0.0,0.0,0.0,1
00-0027981,Kyle Rudolph,TE,TB,2022,5,0,0,0,0,0,0,0,0,0,3,5,28,1,0,0,0,0,0,0,0,8.8,11.8,15.0,13.5,0.0,0.0,0.0,0.0,0.0,0.0,0.0,0.0,0.0,0.0,26.0,27.0,39.0,38.0,257.0,295.5,1.0,1.0,33.7,35.55000000000001,59.7,62.55000000000002,0.0,0.0,0.0,0.0,0.0,0.0,0.0,0.0,2
00-0028002,Randall Cobb,WR,HOU,2020,10,0,1,0,0,0,0,0,0,0,38,48,441,3,0,0,0,0,0,0,0,62.1,100.1,,15.0,,0.0,,0.0,,0.0,,0.0,,0.0,,26.0,,39.0,,257.0,,1.0,,33.7,,59.7,,0.0,,0.0,,0.0,,0.0,0
00-0028002,Randall Cobb,WR,GB,2021,11,0,0,0,0,0,1,1,0,0,28,39,375,5,0,0,0,0,0,0,0,67.6,95.6,10.0,10.0,0.0,0.0,0.0,0.0,0.0,0.0,0.0,0.0,0.0,0.0,38.0,38.0,48.0,48.0,441.0,441.0,3.0,3.0,62.1,62.1,100.1,100.1,0.0,0.0,0.0,0.0,0.0,0.0,0.0,0.0,1
00-0028002,Randall Cobb,WR,GB,2022,13,0,0,0,0,0,0,0,0,0,34,50,417,1,0,0,0,0,0,0,0,47.7,81.7,11.0,10.5,0.0,0.0,0.0,0.0,0.0,0.0,1.0,0.5,0.0,0.0,28.0,33.0,39.0,43.5,375.0,408.0,5.0,4.0,67.6,64.85000000000001,95.6,97.85000000000001,0.0,0.0,0.0,0.0,0.0,0.0,0.0,0.0,2
00-0028002,Randall Cobb,WR,NYJ,2023,9,0,0,0,0,0,0,0,0,0,5,17,39,1,0,0,0,0,0,0,0,11.9,16.9,13.0,12.0,0.0,0.0,0.0,0.0,0.0,0.0,0.0,0.5,0.0,0.0,34.0,31.0,50.0,44.5,417.0,396.0,1.0,3.0,47.7,57.65000000000001,81.7,88.65,0.0,0.0,0.0,0.0,0.0,0.0,0.0,0.0,3
00-0028042,Luke Stocker,TE,ATL,2020,11,0,0,0,0,0,0,0,0,0,7,11,63,0,0,0,0,0,0,0,0,6.3,13.3,,13.0,,0.0,,0.0,,0.0,,0.0,,0.0,,34.0,,50.0,,417.0,,1.0,,47.7,,81.7,,0.0,,0.0,,0.0,,0.0,0
00-0028042,Luke Stocker,TE,MIN,2021,6,0,0,0,0,0,0,0,0,0,2,2,12,0,0,0,0,0,0,0,0,1.2,3.2,11.0,11.0,0.0,0.0,0.0,0.0,0.0,0.0,0.0,0.0,0.0,0.0,7.0,7.0,11.0,11.0,63.0,63.0,0.0,0.0,6.3,6.3,13.3,13.3,0.0,0.0,0.0,0.0,0.0,0.0,0.0,0.0,1
00-0028063,Taiwan Jones,RB,BUF,2020,8,0,0,0,0,0,0,0,0,0,0,2,0,0,0,0,0,0,0,0,0,0.0,0.0,,11.0,,0.0,,0.0,,0.0,,0.0,,0.0,,7.0,,11.0,,63.0,,0.0,,6.3,,13.3,,0.0,,0.0,,0.0,,0.0,0
00-0028063,Taiwan Jones,RB,BUF,2021,7,0,0,0,0,0,0,0,0,0,0,0,0,0,0,0,0,0,0,0,0,0.0,0.0,8.0,8.0,0.0,0.0,0.0,0.0,0.0,0.0,0.0,0.0,0.0,0.0,0.0,0.0,2.0,2.0,0.0,0.0,0.0,0.0,0.0,0.0,0.0,0.0,0.0,0.0,0.0,0.0,0.0,0.0,0.0,0.0,1
00-0028063,Taiwan Jones,RB,BUF,2022,7,0,0,0,0,0,0,0,0,0,0,0,0,0,0,0,0,0,0,0,0,0.0,0.0,7.0,7.5,0.0,0.0,0.0,0.0,0.0,0.0,0.0,0.0,0.0,0.0,0.0,0.0,0.0,1.0,0.0,0.0,0.0,0.0,0.0,0.0,0.0,0.0,0.0,0.0,0.0,0.0,0.0,0.0,0.0,0.0,2
00-0028087,Dion Lewis,RB,NYG,2020,16,0,0,0,0,0,29,115,2,1,19,30,127,1,0,0,0,0,0,0,0,40.2,59.2,,7.0,,0.0,,0.0,,0.0,,0.0,,0.0,,0.0,,0.0,,0.0,,0.0,,0.0,,0.0,,0.0,,0.0,,0.0,,0.0,0
00-0028097,Lee Smith,TE,BUF,2020,5,0,0,0,0,0,0,0,0,0,4,6,35,2,0,0,0,0,0,0,0,15.5,19.5,,,,,,,,,,,,,,,,,,,,,,,,,,,,,,,,,0
00-0028097,Lee Smith,TE,ATL,2021,10,0,0,0,0,0,0,0,0,0,9,11,65,1,0,0,0,0,0,0,0,12.5,21.5,5.0,5.0,0.0,0.0,0.0,0.0,0.0,0.0,0.0,0.0,0.0,0.0,4.0,4.0,6.0,6.0,35.0,35.0,2.0,2.0,15.5,15.5,19.5,19.5,0.0,0.0,0.0,0.0,0.0,0.0,0.0,0.0,1
00-0028114,Dwayne Harris,WR,CHI,2020,3,0,0,0,0,0,0,0,0,0,0,0,0,0,0,0,0,0,0,0,0,0.0,0.0,,5.0,,0.0,,0.0,,0.0,,0.0,,0.0,,4.0,,6.0,,35.0,,2.0,,15.5,,19.5,,0.0,,0.0,,0.0,,0.0,0
00-0028118,Tyrod Taylor,QB,LAC,2020,2,16,30,208,0,0,6,7,0,0,0,0,0,0,0,0,0,0,0,0,0,9.02,9.02,,,,,,,,,,,,,,,,,,,,,,,,,,,,,,,,,0
00-0028118,Tyrod Taylor,QB,HOU,2021,6,91,150,966,5,5,19,151,3,0,0,0,0,0,0,0,0,0,0,0,0,81.74,81.74,2.0,2.0,208.0,208.0,0.0,0.0,0.0,0.0,7.0,7.0,0.0,0.0,0.0,0.0,0.0,0.0,0.0,0.0,0.0,0.0,9.02,9.02,9.02,9.02,0.0,0.0,0.0,0.0,0.0,0.0,0.0,0.0,1
00-0028118,Tyrod Taylor,QB,NYG,2022,2,6,8,58,1,1,5,70,0,0,0,0,0,0,0,0,0,0,0,0,0,11.32,11.32,6.0,4.0,966.0,587.0,5.0,2.5,5.0,2.5,151.0,79.0,3.0,1.5,0.0,0.0,0.0,0.0,0.0,0.0,0.0,0.0,81.74,45.38000000000001,81.74,45.38000000000001,0.0,0.0,0.0,0.0,0.0,0.0,0.0,0.0,2
00-0028118,Tyrod Taylor,QB,NYG,2023,10,116,180,1341,5,3,38,197,0,0,0,0,0,0,0,0,0,0,0,0,0,87.34,87.34,2.0,4.0,58.0,512.0,1.0,3.0,1.0,3.0,70.0,110.5,0.0,1.5,0.0,0.0,0.0,0.0,0.0,0.0,0.0,0.0,11.32,46.530000000000015,11.32,46.530000000000015,0.0,0.0,0.0,0.0,0.0,0.0,0.0,0.0,3
00-0028118,Tyrod Taylor,QB,NYJ,2024,2,17,22,119,3,0,3,13,0,0,0,0,0,0,0,0,0,0,0,0,0,20.06,20.06,10.0,6.0,1341.0,699.5,5.0,3.0,3.0,2.0,197.0,133.5,0.0,0.0,0.0,0.0,0.0,0.0,0.0,0.0,0.0,0.0,87.34,49.33000000000002,87.34,49.33000000000002,0.0,0.0,0.0,0.0,0.0,0.0,0.0,0.0,4
00-0028118,Tyrod Taylor,QB,NYJ,2025,6,80,134,779,5,5,27,143,1,0,0,0,0,0,0,0,0,0,0,0,0,59.46,59.46,2.0,6.0,119.0,730.0,3.0,4.0,0.0,1.5,13.0,105.0,0.0,0.0,0.0,0.0,0.0,0.0,0.0,0.0,0.0,0.0,20.06,53.70000000000002,20.06,53.70000000000002,0.0,0.0,0.0,0.0,0.0,0.0,0.0,0.0,5
00-0028142,Virgil Green,TE,LAC,2020,5,0,0,0,0,0,0,0,0,0,3,6,50,1,0,0,0,0,0,0,0,11.0,14.0,,2.0,,119.0,,3.0,,0.0,,13.0,,0.0,,0.0,,0.0,,0.0,,0.0,,20.06,,20.06,,0.0,,0.0,,0.0,,0.0,0
00-0028237,Chris Hogan,WR,NYJ,2020,5,0,0,0,0,0,0,0,0,0,14,26,118,0,0,0,0,0,0,0,0,11.8,25.8,,,,,,,,,,,,,,,,,,,,,,,,,,,,,,,,,0
00-0028237,Chris Hogan,WR,NO,2021,5,0,0,0,0,0,0,0,0,0,4,8,41,1,0,0,0,0,0,0,0,10.1,14.1,5.0,5.0,0.0,0.0,0.0,0.0,0.0,0.0,0.0,0.0,0.0,0.0,14.0,14.0,26.0,26.0,118.0,118.0,0.0,0.0,11.8,11.8,25.8,25.8,0.0,0.0,0.0,0.0,0.0,0.0,0.0,0.0,1
00-0028411,Dontrelle Inman,WR,WAS,2020,7,0,0,0,0,0,0,0,0,0,18,28,163,2,0,0,0,0,0,0,0,28.3,46.3,,5.0,,0.0,,0.0,,0.0,,0.0,,0.0,,14.0,,26.0,,118.0,,0.0,,11.8,,25.8,,0.0,,0.0,,0.0,,0.0,0
00-0028660,Dan Bailey,K,MIN,2020,16,0,0,0,0,0,0,0,0,0,0,0,0,0,0,15,22,2,0,37,43,0.0,0.0,,,,,,,,,,,,,,,,,,,,,,,,,,,,,,,,,0
00-0028787,Kai Forbath,K,LA,2020,2,0,0,0,0,0,0,0,0,0,0,0,0,0,0,2,3,0,0,4,5,0.0,0.0,,,,,,,,,,,,,,,,,,,,,,,,,,,,,,,,,0
00-0028986,Case Keenum,QB,CLE,2020,1,5,10,46,0,0,0,0,0,0,0,0,0,0,0,0,0,0,0,0,0,1.84,1.84,,,,,,,,,,,,,,,,,,,,,,,,,,,,,,,,,0
00-0028986,Case Keenum,QB,CLE,2021,5,47,72,462,3,1,12,22,0,0,0,0,0,0,0,0,0,0,0,0,0,28.68,28.68,1.0,1.0,46.0,46.0,0.0,0.0,0.0,0.0,0.0,0.0,0.0,0.0,0.0,0.0,0.0,0.0,0.0,0.0,0.0,0.0,1.84,1.84,1.84,1.84,0.0,0.0,0.0,0.0,0.0,0.0,0.0,0.0,1
00-0028986,Case Keenum,QB,BUF,2022,2,2,7,8,0,0,5,0,0,0,0,0,0,0,0,0,0,0,0,0,0,0.32,0.32,5.0,3.0,462.0,254.0,3.0,1.5,1.0,0.5,22.0,11.0,0.0,0.0,0.0,0.0,0.0,0.0,0.0,0.0,0.0,0.0,28.68,15.260000000000014,28.68,15.260000000000014,0.0,0.0,0.0,0.0,0.0,0.0,0.0,0.0,2
00-0028986,Case Keenum,QB,HOU,2023,2,34,53,291,1,3,2,1,0,0,0,0,0,0,0,0,0,0,0,0,0,9.74,9.74,2.0,3.5,8.0,235.0,0.0,1.5,0.0,0.5,0.0,11.0,0.0,0.0,0.0,0.0,0.0,0.0,0.0,0.0,0.0,0.0,0.32,14.500000000000014,0.32,14.500000000000014,0.0,0.0,0.0,0.0,0.0,0.0,0.0,0.0,3
00-0029000,Cole Beasley,WR,BUF,2020,15,1,1,20,1,0,0,0,0,0,82,107,967,4,0,0,0,0,0,0,0,125.5,207.5,,2.0,,8.0,,0.0,,0.0,,0.0,,0.0,,0.0,,0.0,,0.0,,0.0,,0.32,,0.32,,0.0,,0.0,,0.0,,0.0,0
00-0029000,Cole Beasley,WR,BUF,2021,16,0,1,0,0,0,0,0,0,0,82,112,693,1,0,0,0,0,0,0,0,77.3,159.3,15.0,15.0,20.0,20.0,1.0,1.0,0.0,0.0,0.0,0.0,0.0,0.0,82.0,82.0,107.0,107.0,967.0,967.0,4.0,4.0,125.5,125.5,207.5,207.5,0.0,0.0,0.0,0.0,0.0,0.0,0.0,0.0,1
00-0029000,Cole Beasley,WR,BUF,2022,4,0,0,0,0,0,0,0,0,0,6,7,35,0,0,0,0,0,0,0,0,3.5,9.5,16.0,15.5,0.0,10.0,0.0,0.5,0.0,0.0,0.0,0.0,0.0,0.0,82.0,82.0,112.0,109.5,693.0,830.0,1.0,2.5,77.3,101.4,159.3,183.40000000000003,0.0,0.0,0.0,0.0,0.0,0.0,0.0,0.0,2
00-0029119,Derek Carrier,TE,LV,2020,6,0,0,0,0,0,0,0,0,0,1,1,14,0,0,0,0,0,0,0,0,1.4,2.4,,16.0,,0.0,,0.0,,0.0,,0.0,,0.0,,82.0,,112.0,,693.0,,1.0,,77.3,,159.3,,0.0,,0.0,,0.0,,0.0,0
00-0029119,Derek Carrier,TE,LV,2021,2,0,0,0,0,0,0,0,0,0,2,2,13,0,0,0,0,0,0,0,0,1.3,3.3,6.0,6.0,0.0,0.0,0.0,0.0,0.0,0.0,0.0,0.0,0.0,0.0,1.0,1.0,1.0,1.0,14.0,14.0,0.0,0.0,1.4,1.4,2.4,2.4,0.0,0.0,0.0,0.0,0.0,0.0,0.0,0.0,1
00-0029137,Alshon Jeffery,WR,PHI,2020,7,0,0,0,0,0,0,0,0,0,6,13,115,1,0,0,0,0,0,0,0,17.5,23.5,,6.0,,0.0,,0.0,,0.0,,0.0,,0.0,,1.0,,1.0,,14.0,,0.0,,1.4,,2.4,,0.0,,0.0,,0.0,,0.0,0
00-0029141,Alfred Morris,RB,NYG,2020,9,0,0,0,0,0,55,238,1,0,3,4,19,1,0,0,0,0,0,0,0,37.7,40.7,,,,,,,,,,,,,,,,,,,,,,,,,,,,,,,,,0
00-0029239,Brandon Bolden,RB,NE,2021,16,0,0,0,0,0,44,226,1,0,41,49,405,2,0,0,0,0,0,0,0,83.1,124.1,,,,,,,,,,,,,,,,,,,,,,,,,,,,,,,,,0
00-0029239,Brandon Bolden,RB,LV,2022,13,0,0,0,0,0,17,66,0,0,9,9,57,1,0,0,0,0,0,0,0,18.3,27.3,16.0,16.0,0.0,0.0,0.0,0.0,0.0,0.0,226.0,226.0,1.0,1.0,41.0,41.0,49.0,49.0,405.0,405.0,2.0,2.0,83.1,83.1,124.1,124.1,0.0,0.0,0.0,0.0,0.0,0.0,0.0,0.0,1
00-0029239,Brandon Bolden,RB,LV,2023,5,0,0,0,0,0,4,31,1,0,0,0,0,0,0,0,0,0,0,0,0,11.1,11.1,13.0,14.5,0.0,0.0,0.0,0.0,0.0,0.0,66.0,146.0,0.0,0.5,9.0,25.0,9.0,29.0,57.0,231.0,1.0,1.5,18.3,50.70000000000001,27.3,75.70000000000002,0.0,0.0,0.0,0.0,0.0,0.0,0.0,0.0,2
00-0029263,Russell Wilson,QB,SEA,2020,16,384,558,4212,40,13,83,513,2,2,0,0,0,0,0,0,0,0,0,0,0,359.78,359.78,,13.0,,0.0,,0.0,,0.0,,66.0,,0.0,,9.0,,9.0,,57.0,,1.0,,18.3,,27.3,,0.0,,0.0,,0.0,,0.0,0
00-0029263,Russell Wilson,QB,SEA,2021,14,259,400,3113,25,6,43,183,2,0,0,0,0,0,0,0,0,0,0,0,0,242.82,242.82,16.0,16.0,4212.0,4212.0,40.0,40.0,13.0,13.0,513.0,513.0,2.0,2.0,0.0,0.0,0.0,0.0,0.0,0.0,0.0,0.0,359.78,359.78,359.78,359.78,0.0,0.0,0.0,0.0,0.0,0.0,0.0,0.0,1
00-0029263,Russell Wilson,QB,DEN,2022,15,292,483,3524,16,11,55,277,3,0,1,1,1,0,0,0,0,0,0,0,0,224.76,225.76,14.0,15.0,3113.0,3662.5,25.0,32.5,6.0,9.5,183.0,348.0,2.0,2.0,0.0,0.0,0.0,0.0,0.0,0.0,0.0,0.0,242.82,301.29999999999995,242.82,301.3,0.0,0.0,0.0,0.0,0.0,0.0,0.0,0.0,2
00-0029263,Russell Wilson,QB,DEN,2023,15,297,447,3070,26,8,80,341,3,1,0,0,0,0,0,0,0,0,0,0,0,256.9,256.9,15.0,14.5,3524.0,3318.5,16.0,20.5,11.0,8.5,277.0,230.0,3.0,2.5,1.0,0.5,1.0,0.5,1.0,0.5,0.0,0.0,224.76,233.79,225.76,234.29000000000002,0.0,0.0,0.0,0.0,0.0,0.0,0.0,0.0,3
00-0029263,Russell Wilson,QB,PIT,2024,11,214,336,2482,16,5,43,155,2,2,0,0,0,0,0,0,0,0,0,0,0,172.78,172.78,15.0,15.0,3070.0,3297.0,26.0,21.0,8.0,9.5,341.0,309.0,3.0,3.0,0.0,0.5,0.0,0.5,0.0,0.5,0.0,0.0,256.9,240.82999999999998,256.9,241.33,0.0,0.0,0.0,0.0,0.0,0.0,0.0,0.0,4
00-0029263,Russell Wilson,QB,NYG,2025,6,69,119,831,3,3,18,106,0,0,0,0,0,0,0,0,0,0,0,0,0,49.84,49.84,11.0,13.0,2482.0,2776.0,16.0,21.0,5.0,6.5,155.0,248.0,2.0,2.5,0.0,0.0,0.0,0.0,0.0,0.0,0.0,0.0,172.78,214.83999999999997,172.78,214.84000000000003,0.0,0.0,0.0,0.0,0.0,0.0,0.0,0.0,5
00-0029269,Travis Benjamin,WR,SF,2021,5,0,0,0,0,0,0,0,0,0,0,5,0,0,0,0,0,0,0,0,0,0.0,0.0,,11.0,,2482.0,,16.0,,5.0,,155.0,,2.0,,0.0,,0.0,,0.0,,0.0,,172.78,,172.78,,0.0,,0.0,,0.0,,0.0,0
00-0029293,Marvin Jones,WR,DET,2020,16,0,0,0,0,0,0,0,0,0,76,115,978,9,0,0,0,0,0,0,0,151.8,227.8,,,,,,,,,,,,,,,,,,,,,,,,,,,,,,,,,0
00-0029293,Marvin Jones,WR,JAX,2021,17,0,0,0,0,0,0,0,0,0,73,120,832,4,0,0,0,0,0,0,0,107.2,180.2,16.0,16.0,0.0,0.0,0.0,0.0,0.0,0.0,0.0,0.0,0.0,0.0,76.0,76.0,115.0,115.0,978.0,978.0,9.0,9.0,151.8,151.8,227.8,227.8,0.0,0.0,0.0,0.0,0.0,0.0,0.0,0.0,1
00-0029293,Marvin Jones,WR,JAX,2022,16,0,0,0,0,0,0,0,0,0,46,81,529,3,0,0,0,0,0,0,0,70.9,116.9,17.0,16.5,0.0,0.0,0.0,0.0,0.0,0.0,0.0,0.0,0.0,0.0,73.0,74.5,120.0,117.5,832.0,905.0,4.0,6.5,107.2,129.5,180.2,204.00000000000003,0.0,0.0,0.0,0.0,0.0,0.0,0.0,0.0,2
00-0029293,Marvin Jones,WR,DET,2023,4,0,0,0,0,0,0,0,0,0,5,10,35,0,1,0,0,0,0,0,0,1.5,6.5,16.0,16.5,0.0,0.0,0.0,0.0,0.0,0.0,0.0,0.0,0.0,0.0,46.0,59.5,81.0,100.5,529.0,680.5,3.0,3.5,70.9,89.05000000000001,116.9,148.55,0.0,0.0,0.0,0.0,0.0,0.0,0.0,0.0,3
00-0029421,Randy Bullock,K,CIN,2020,12,0,0,0,0,0,0,0,0,0,0,0,0,0,0,21,26,3,0,24,25,0.0,0.0,,16.0,,0.0,,0.0,,0.0,,0.0,,0.0,,46.0,,81.0,,529.0,,3.0,,70.9,,116.9,,0.0,,0.0,,0.0,,0.0,0
00-0029421,Randy Bullock,K,TEN,2021,16,0,0,0,0,0,0,0,0,0,0,0,0,0,0,26,31,1,0,42,45,0.0,0.0,12.0,12.0,0.0,0.0,0.0,0.0,0.0,0.0,0.0,0.0,0.0,0.0,0.0,0.0,0.0,0.0,0.0,0.0,0.0,0.0,0.0,0.0,0.0,0.0,21.0,21.0,26.0,26.0,24.0,24.0,25.0,25.0,1
00-0029421,Randy Bullock,K,TEN,2022,15,0,0,0,0,0,0,0,0,0,0,0,0,0,0,17,20,1,0,28,28,0.0,0.0,16.0,14.0,0.0,0.0,0.0,0.0,0.0,0.0,0.0,0.0,0.0,0.0,0.0,0.0,0.0,0.0,0.0,0.0,0.0,0.0,0.0,0.0,0.0,0.0,26.0,23.5,31.0,28.5,42.0,33.0,45.0,35.0,2
00-0029421,Randy Bullock,K,NYG,2023,6,0,0,0,0,0,0,0,0,0,0,0,0,0,0,5,6,1,0,10,10,0.0,0.0,15.0,15.5,0.0,0.0,0.0,0.0,0.0,0.0,0.0,0.0,0.0,0.0,0.0,0.0,0.0,0.0,0.0,0.0,0.0,0.0,0.0,0.0,0.0,0.0,17.0,21.5,20.0,25.5,28.0,35.0,28.0,36.5,3
00-0029567,Nick Foles,QB,CHI,2020,9,202,312,1852,10,8,16,1,1,0,0,0,0,0,0,0,0,0,0,0,0,104.18,104.18,,15.0,,0.0,,0.0,,0.0,,0.0,,0.0,,0.0,,0.0,,0.0,,0.0,,0.0,,0.0,,17.0,,20.0,,28.0,,28.0,0
00-0029567,Nick Foles,QB,CHI,2021,1,24,35,250,1,0,4,8,0,0,0,0,0,0,0,0,0,0,0,0,0,16.8,16.8,9.0,9.0,1852.0,1852.0,10.0,10.0,8.0,8.0,1.0,1.0,1.0,1.0,0.0,0.0,0.0,0.0,0.0,0.0,0.0,0.0,104.18,104.18,104.18,104.18,0.0,0.0,0.0,0.0,0.0,0.0,0.0,0.0,1
00-0029567,Nick Foles,QB,IND,2022,2,25,42,225,0,4,2,8,0,0,0,0,0,0,0,0,0,0,0,0,0,1.8,1.8,1.0,5.0,250.0,1051.0,1.0,5.5,0.0,4.0,8.0,4.5,0.0,0.5,0.0,0.0,0.0,0.0,0.0,0.0,0.0,0.0,16.8,60.49,16.8,60.49000000000003,0.0,0.0,0.0,0.0,0.0,0.0,0.0,0.0,2
00-0029597,Justin Tucker,K,BAL,2020,16,0,0,0,0,0,0,0,0,0,0,0,0,0,0,26,29,3,0,52,53,0.0,0.0,,1.0,,250.0,,1.0,,0.0,,8.0,,0.0,,0.0,,0.0,,0.0,,0.0,,16.8,,16.8,,0.0,,0.0,,0.0,,0.0,0
00-0029597,Justin Tucker,K,BAL,2021,17,0,0,0,0,0,0,0,0,0,0,0,0,0,0,35,37,5,1,32,32,0.0,0.0,16.0,16.0,0.0,0.0,0.0,0.0,0.0,0.0,0.0,0.0,0.0,0.0,0.0,0.0,0.0,0.0,0.0,0.0,0.0,0.0,0.0,0.0,0.0,0.0,26.0,26.0,29.0,29.0,52.0,52.0,53.0,53.0,1
00-0029597,Justin Tucker,K,BAL,2022,17,0,0,0,0,0,0,0,0,0,0,0,0,0,0,37,43,9,0,31,32,0.0,0.0,17.0,16.5,0.0,0.0,0.0,0.0,0.0,0.0,0.0,0.0,0.0,0.0,0.0,0.0,0.0,0.0,0.0,0.0,0.0,0.0,0.0,0.0,0.0,0.0,35.0,30.5,37.0,33.0,32.0,42.0,32.0,42.5,2
00-0029597,Justin Tucker,K,BAL,2023,17,0,0,0,0,0,0,0,0,0,0,0,0,0,0,32,37,1,0,51,52,0.0,0.0,17.0,17.0,0.0,0.0,0.0,0.0,0.0,0.0,0.0,0.0,0.0,0.0,0.0,0.0,0.0,0.0,0.0,0.0,0.0,0.0,0.0,0.0,0.0,0.0,37.0,36.0,43.0,40.0,31.0,31.5,32.0,32.0,3
00-0029597,Justin Tucker,K,BAL,2024,17,0,0,0,0,0,0,0,0,0,0,0,0,0,0,22,30,6,0,60,62,0.0,0.0,17.0,17.0,0.0,0.0,0.0,0.0,0.0,0.0,0.0,0.0,0.0,0.0,0.0,0.0,0.0,0.0,0.0,0.0,0.0,0.0,0.0,0.0,0.0,0.0,32.0,34.5,37.0,40.0,51.0,41.0,52.0,42.0,4
00-0029604,Kirk Cousins,QB,MIN,2020,16,349,516,4265,35,13,32,156,1,1,0,0,0,0,0,0,0,0,0,0,0,306.2,306.2,,17.0,,0.0,,0.0,,0.0,,0.0,,0.0,,0.0,,0.0,,0.0,,0.0,,0.0,,0.0,,32.0,,37.0,,51.0,,52.0,0
00-0029604,Kirk Cousins,QB,MIN,2021,16,372,561,4221,33,7,29,115,1,0,0,0,0,0,0,0,0,0,0,0,0,300.34,300.34,16.0,16.0,4265.0,4265.0,35.0,35.0,13.0,13.0,156.0,156.0,1.0,1.0,0.0,0.0,0.0,0.0,0.0,0.0,0.0,0.0,306.2,306.2,306.2,306.2,0.0,0.0,0.0,0.0,0.0,0.0,0.0,0.0,1
00-0029604,Kirk Cousins,QB,MIN,2022,17,424,643,4547,29,14,31,97,2,0,0,0,0,0,0,0,0,0,0,0,0,291.58,291.58,16.0,16.0,4221.0,4243.0,33.0,34.0,7.0,10.0,115.0,135.5,1.0,1.0,0.0,0.0,0.0,0.0,0.0,0.0,0.0,0.0,300.34,303.27,300.34,303.27,0.0,0.0,0.0,0.0,0.0,0.0,0.0,0.0,2
00-0029604,Kirk Cousins,QB,MIN,2023,8,216,311,2331,18,5,14,25,0,1,0,0,0,0,0,0,0,0,0,0,0,149.74,149.74,17.0,16.5,4547.0,4384.0,29.0,31.0,14.0,10.5,97.0,106.0,2.0,1.5,0.0,0.0,0.0,0.0,0.0,0.0,0.0,0.0,291.58,295.96,291.58,295.96000000000004,0.0,0.0,0.0,0.0,0.0,0.0,0.0,0.0,3
00-0029604,Kirk Cousins,QB,ATL,2024,14,303,453,3508,18,16,23,0,0,0,0,0,0,0,0,0,0,0,0,0,0,176.32,176.32,8.0,12.5,2331.0,3439.0,18.0,23.5,5.0,9.5,25.0,61.0,0.0,1.0,0.0,0.0,0.0,0.0,0.0,0.0,0.0,0.0,149.74,220.66,149.74,220.66000000000003,0.0,0.0,0.0,0.0,0.0,0.0,0.0,0.0,4
00-0029604,Kirk Cousins,QB,ATL,2025,10,166,269,1721,10,5,14,7,1,1,0,0,0,0,0,0,0,0,0,0,0,103.54,103.54,14.0,11.0,3508.0,2919.5,18.0,18.0,16.0,10.5,0.0,12.5,0.0,0.0,0.0,0.0,0.0,0.0,0.0,0.0,0.0,0.0,176.32,163.03,176.32,163.03000000000003,0.0,0.0,0.0,0.0,0.0,0.0,0.0,0.0,5
00-0029608,T.Y. Hilton,WR,IND,2020,15,0,0,0,0,0,0,0,0,0,56,93,762,5,0,0,0,0,0,0,0,108.2,164.2,,14.0,,3508.0,,18.0,,16.0,,0.0,,0.0,,0.0,,0.0,,0.0,,0.0,,176.32,,176.32,,0.0,,0.0,,0.0,,0.0,0
00-0029608,T.Y. Hilton,WR,IND,2021,10,0,0,0,0,0,0,0,0,0,23,37,331,3,0,0,0,0,0,0,0,51.1,74.1,15.0,15.0,0.0,0.0,0.0,0.0,0.0,0.0,0.0,0.0,0.0,0.0,56.0,56.0,93.0,93.0,762.0,762.0,5.0,5.0,108.2,108.2,164.2,164.2,0.0,0.0,0.0,0.0,0.0,0.0,0.0,0.0,1
00-0029608,T.Y. Hilton,WR,DAL,2022,3,0,0,0,0,0,0,0,0,0,7,10,121,0,0,0,0,0,0,0,0,12.1,19.1,10.0,12.5,0.0,0.0,0.0,0.0,0.0,0.0,0.0,0.0,0.0,0.0,23.0,39.5,37.0,65.0,331.0,546.5,3.0,4.0,51.1,79.65,74.1,119.15000000000002,0.0,0.0,0.0,0.0,0.0,0.0,0.0,0.0,2
00-0029615,Lamar Miller,RB,CHI,2020,1,0,0,0,0,0,0,0,0,0,2,2,6,0,0,0,0,0,0,0,0,0.6,2.6,,10.0,,0.0,,0.0,,0.0,,0.0,,0.0,,23.0,,37.0,,331.0,,3.0,,51.1,,74.1,,0.0,,0.0,,0.0,,0.0,0
00-0029621,Greg Zuerlein,K,DAL,2020,16,0,0,0,0,0,0,0,0,0,0,0,0,0,0,34,41,3,0,33,36,0.0,0.0,,,,,,,,,,,,,,,,,,,,,,,,,,,,,,,,,0
00-0029621,Greg Zuerlein,K,DAL,2021,16,0,0,0,0,0,0,0,0,0,0,0,0,0,0,29,35,2,0,42,48,0.0,0.0,16.0,16.0,0.0,0.0,0.0,0.0,0.0,0.0,0.0,0.0,0.0,0.0,0.0,0.0,0.0,0.0,0.0,0.0,0.0,0.0,0.0,0.0,0.0,0.0,34.0,34.0,41.0,41.0,33.0,33.0,36.0,36.0,1
00-0029621,Greg Zuerlein,K,NYJ,2022,17,0,0,0,0,0,0,0,0,0,0,0,0,0,0,30,37,5,1,28,29,0.0,0.0,16.0,16.0,0.0,0.0,0.0,0.0,0.0,0.0,0.0,0.0,0.0,0.0,0.0,0.0,0.0,0.0,0.0,0.0,0.0,0.0,0.0,0.0,0.0,0.0,29.0,31.5,35.0,38.0,42.0,37.5,48.0,42.0,2
00-0029621,Greg Zuerlein,K,NYJ,2023,16,0,0,0,0,0,0,0,0,0,0,0,0,0,0,35,38,5,0,15,16,0.0,0.0,17.0,16.5,0.0,0.0,0.0,0.0,0.0,0.0,0.0,0.0,0.0,0.0,0.0,0.0,0.0,0.0,0.0,0.0,0.0,0.0,0.0,0.0,0.0,0.0,30.0,29.5,37.0,36.0,28.0,35.0,29.0,38.5,3
00-0029621,Greg Zuerlein,K,NYJ,2024,8,0,0,0,0,0,0,0,0,0,0,0,0,0,0,9,15,0,0,13,14,0.0,0.0,16.0,16.5,0.0,0.0,0.0,0.0,0.0,0.0,0.0,0.0,0.0,0.0,0.0,0.0,0.0,0.0,0.0,0.0,0.0,0.0,0.0,0.0,0.0,0.0,35.0,32.5,38.0,37.5,15.0,21.5,16.0,22.5,4
00-0029632,Mohamed Sanu,WR,DET,2020,7,0,0,0,0,0,1,3,0,0,17,24,187,1,0,0,0,0,0,0,0,27.0,44.0,,16.0,,0.0,,0.0,,0.0,,0.0,,0.0,,0.0,,0.0,,0.0,,0.0,,0.0,,0.0,,35.0,,38.0,,15.0,,16.0,0
00-0029632,Mohamed Sanu,WR,SF,2021,8,0,0,0,0,0,0,0,0,0,15,24,177,0,0,0,0,0,0,0,0,17.7,32.7,7.0,7.0,0.0,0.0,0.0,0.0,0.0,0.0,3.0,3.0,0.0,0.0,17.0,17.0,24.0,24.0,187.0,187.0,1.0,1.0,27.0,27.0,44.0,44.0,0.0,0.0,0.0,0.0,0.0,0.0,0.0,0.0,1
00-0029664,Josh Gordon,WR,KC,2021,9,0,0,0,0,0,0,0,0,0,5,14,32,1,0,0,0,0,0,0,0,9.2,14.2,,7.0,,0.0,,0.0,,0.0,,3.0,,0.0,,17.0,,24.0,,187.0,,1.0,,27.0,,44.0,,0.0,,0.0,,0.0,,0.0,0
00-0029664,Josh Gordon,WR,TEN,2022,1,0,0,0,0,0,0,0,0,0,0,1,0,0,0,0,0,0,0,0,0,0.0,0.0,9.0,9.0,0.0,0.0,0.0,0.0,0.0,0.0,0.0,0.0,0.0,0.0,5.0,5.0,14.0,14.0,32.0,32.0,1.0,1.0,9.2,9.2,14.2,14.2,0.0,0.0,0.0,0.0,0.0,0.0,0.0,0.0,1
00-0029665,Robert Griffin III,QB,BAL,2020,4,8,14,42,0,2,12,69,0,1,0,0,0,0,0,0,0,0,0,0,0,2.58,2.58,,9.0,,0.0,,0.0,,0.0,,0.0,,0.0,,5.0,,14.0,,32.0,,1.0,,9.2,,14.2,,0.0,,0.0,,0.0,,0.0,0
00-0029701,Ryan Tannehill,QB,TEN,2020,16,315,481,3819,33,7,43,266,7,0,1,1,0,0,0,0,0,0,0,0,0,343.36,344.36,,,,,,,,,,,,,,,,,,,,,,,,,,,,,,,,,0
00-0029701,Ryan Tannehill,QB,TEN,2021,17,357,531,3734,21,14,55,270,7,1,0,0,0,0,0,0,0,0,0,0,0,268.36,268.36,16.0,16.0,3819.0,3819.0,33.0,33.0,7.0,7.0,266.0,266.0,7.0,7.0,1.0,1.0,1.0,1.0,0.0,0.0,0.0,0.0,343.36,343.36,344.36,344.36,0.0,0.0,0.0,0.0,0.0,0.0,0.0,0.0,1
00-0029701,Ryan Tannehill,QB,TEN,2022,12,212,325,2536,13,6,34,98,2,1,0,0,0,0,0,0,0,0,0,0,0,161.24,161.24,17.0,16.5,3734.0,3776.5,21.0,27.0,14.0,10.5,270.0,268.0,7.0,7.0,0.0,0.5,0.0,0.5,0.0,0.0,0.0,0.0,268.36,305.86,268.36,306.36,0.0,0.0,0.0,0.0,0.0,0.0,0.0,0.0,2
00-0029701,Ryan Tannehill,QB,TEN,2023,9,149,230,1616,4,7,17,74,1,0,0,1,0,0,0,0,0,0,0,0,0,80.04,80.04,12.0,14.5,2536.0,3135.0,13.0,17.0,6.0,10.0,98.0,184.0,2.0,4.5,0.0,0.0,0.0,0.0,0.0,0.0,0.0,0.0,161.24,214.8,161.24,214.80000000000004,0.0,0.0,0.0,0.0,0.0,0.0,0.0,0.0,3
00-0029738,Darren Fells,TE,HOU,2020,12,0,0,0,0,0,0,0,0,0,21,28,312,4,0,0,0,0,0,0,0,55.2,76.2,,12.0,,2536.0,,13.0,,6.0,,98.0,,2.0,,0.0,,0.0,,0.0,,0.0,,161.24,,161.24,,0.0,,0.0,,0.0,,0.0,0
00-0029738,Darren Fells,TE,DET,2021,3,0,0,0,0,0,0,0,0,0,4,5,43,0,0,0,0,0,0,0,0,4.3,8.3,12.0,12.0,0.0,0.0,0.0,0.0,0.0,0.0,0.0,0.0,0.0,0.0,21.0,21.0,28.0,28.0,312.0,312.0,4.0,4.0,55.2,55.2,76.2,76.2,0.0,0.0,0.0,0.0,0.0,0.0,0.0,0.0,1
00-0029822,Brandon McManus,K,DEN,2020,15,0,0,0,0,0,0,0,0,0,0,0,0,0,0,28,34,10,0,24,27,0.0,0.0,,12.0,,0.0,,0.0,,0.0,,0.0,,0.0,,21.0,,28.0,,312.0,,4.0,,55.2,,76.2,,0.0,,0.0,,0.0,,0.0,0
00-0029822,Brandon McManus,K,DEN,2021,17,0,0,0,0,0,0,0,0,0,0,0,0,0,0,26,31,4,1,33,34,0.0,0.0,15.0,15.0,0.0,0.0,0.0,0.0,0.0,0.0,0.0,0.0,0.0,0.0,0.0,0.0,0.0,0.0,0.0,0.0,0.0,0.0,0.0,0.0,0.0,0.0,28.0,28.0,34.0,34.0,24.0,24.0,27.0,27.0,1
00-0029822,Brandon McManus,K,DEN,2022,17,0,0,0,0,0,0,0,0,0,0,0,0,0,0,28,36,8,0,25,27,0.0,0.0,17.0,16.0,0.0,0.0,0.0,0.0,0.0,0.0,0.0,0.0,0.0,0.0,0.0,0.0,0.0,0.0,0.0,0.0,0.0,0.0,0.0,0.0,0.0,0.0,26.0,27.0,31.0,32.5,33.0,28.5,34.0,30.5,2
00-0029822,Brandon McManus,K,JAX,2023,17,0,0,0,0,0,0,0,0,0,0,0,0,0,0,30,37,5,0,35,35,0.0,0.0,17.0,17.0,0.0,0.0,0.0,0.0,0.0,0.0,0.0,0.0,0.0,0.0,0.0,0.0,0.0,0.0,0.0,0.0,0.0,0.0,0.0,0.0,0.0,0.0,28.0,27.0,36.0,33.5,25.0,29.0,27.0,30.5,3
00-0029822,Brandon McManus,K,GB,2024,11,0,0,0,0,0,0,0,0,0,0,0,0,0,0,20,21,3,0,30,30,0.0,0.0,17.0,17.0,0.0,0.0,0.0,0.0,0.0,0.0,0.0,0.0,0.0,0.0,0.0,0.0,0.0,0.0,0.0,0.0,0.0,0.0,0.0,0.0,0.0,0.0,30.0,29.0,37.0,36.5,35.0,30.0,35.0,31.0,4
00-0029822,Brandon McManus,K,GB,2025,14,0,0,0,0,0,0,0,0,0,0,0,0,0,0,24,30,3,0,32,33,0.0,0.0,11.0,14.0,0.0,0.0,0.0,0.0,0.0,0.0,0.0,0.0,0.0,0.0,0.0,0.0,0.0,0.0,0.0,0.0,0.0,0.0,0.0,0.0,0.0,0.0,20.0,25.0,21.0,29.0,30.0,32.5,30.0,32.5,5
00-0030035,Adam Thielen,WR,MIN,2020,15,0,0,0,0,0,3,15,0,0,74,108,925,14,0,0,0,0,0,0,0,180.0,254.0,,11.0,,0.0,,0.0,,0.0,,0.0,,0.0,,0.0,,0.0,,0.0,,0.0,,0.0,,0.0,,20.0,,21.0,,30.0,,30.0,0
00-0030035,Adam Thielen,WR,MIN,2021,13,0,0,0,0,0,1,2,0,0,67,95,726,10,0,0,0,0,0,0,0,132.8,199.8,15.0,15.0,0.0,0.0,0.0,0.0,0.0,0.0,15.0,15.0,0.0,0.0,74.0,74.0,108.0,108.0,925.0,925.0,14.0,14.0,180.0,180.0,254.0,254.0,0.0,0.0,0.0,0.0,0.0,0.0,0.0,0.0,1
00-0030035,Adam Thielen,WR,MIN,2022,17,0,0,0,0,0,1,4,0,0,70,107,716,6,0,0,0,0,0,0,0,110.0,180.0,13.0,14.0,0.0,0.0,0.0,0.0,0.0,0.0,2.0,8.5,0.0,0.0,67.0,70.5,95.0,101.5,726.0,825.5,10.0,12.0,132.8,156.4,199.8,226.90000000000003,0.0,0.0,0.0,0.0,0.0,0.0,0.0,0.0,2
00-0030035,Adam Thielen,WR,CAR,2023,17,0,0,0,0,0,1,6,0,0,103,137,1014,4,0,0,0,0,0,0,0,128.0,231.0,17.0,15.0,0.0,0.0,0.0,0.0,0.0,0.0,4.0,3.0,0.0,0.0,70.0,68.5,107.0,101.0,716.0,721.0,6.0,8.0,110.0,121.4,180.0,189.90000000000003,0.0,0.0,0.0,0.0,0.0,0.0,0.0,0.0,3
00-0030035,Adam Thielen,WR,CAR,2024,10,0,0,0,0,0,0,0,0,0,48,62,615,5,0,0,0,0,0,0,0,91.5,139.5,17.0,17.0,0.0,0.0,0.0,0.0,0.0,0.0,6.0,5.0,0.0,0.0,103.0,86.5,137.0,122.0,1014.0,865.0,4.0,5.0,128.0,119.0,231.0,205.50000000000003,0.0,0.0,0.0,0.0,0.0,0.0,0.0,0.0,4
00-0030035,Adam Thielen,WR,PIT,2025,14,0,0,0,0,0,0,0,0,0,19,35,186,0,0,0,0,0,0,0,0,20.6,39.6,10.0,13.5,0.0,0.0,0.0,0.0,0.0,0.0,0.0,3.0,0.0,0.0,48.0,75.5,62.0,99.5,615.0,814.5,5.0,4.5,91.5,109.75,139.5,185.25000000000003,0.0,0.0,0.0,0.0,0.0,0.0,0.0,0.0,5
00-0030061,Zach Ertz,TE,PHI,2020,11,0,0,0,0,0,0,0,0,0,36,72,335,1,0,0,0,0,0,0,0,41.5,77.5,,10.0,,0.0,,0.0,,0.0,,0.0,,0.0,,48.0,,62.0,,615.0,,5.0,,91.5,,139.5,,0.0,,0.0,,0.0,,0.0,0
00-0030061,Zach Ertz,TE,ARI,2021,17,0,0,0,0,0,1,4,0,0,74,112,763,5,0,0,0,0,0,0,0,106.7,180.7,11.0,11.0,0.0,0.0,0.0,0.0,0.0,0.0,0.0,0.0,0.0,0.0,36.0,36.0,72.0,72.0,335.0,335.0,1.0,1.0,41.5,41.5,77.5,77.5,0.0,0.0,0.0,0.0,0.0,0.0,0.0,0.0,1
00-0030061,Zach Ertz,TE,ARI,2022,10,0,0,0,0,0,0,0,0,0,47,69,406,4,0,0,0,0,0,0,0,68.6,115.6,17.0,14.0,0.0,0.0,0.0,0.0,0.0,0.0,4.0,2.0,0.0,0.0,74.0,55.0,112.0,92.0,763.0,549.0,5.0,3.0,106.7,74.1,180.7,129.10000000000002,0.0,0.0,0.0,0.0,0.0,0.0,0.0,0.0,2
00-0030061,Zach Ertz,TE,ARI,2023,7,0,0,0,0,0,0,0,0,0,27,43,187,1,0,0,0,0,0,0,0,24.7,51.7,10.0,13.5,0.0,0.0,0.0,0.0,0.0,0.0,0.0,2.0,0.0,0.0,47.0,60.5,69.0,90.5,406.0,584.5,4.0,4.5,68.6,87.65,115.6,148.15000000000003,0.0,0.0,0.0,0.0,0.0,0.0,0.0,0.0,3
00-0030061,Zach Ertz,TE,WAS,2024,17,0,0,0,0,0,0,0,0,0,66,91,654,7,0,0,0,0,0,0,0,111.4,177.4,7.0,8.5,0.0,0.0,0.0,0.0,0.0,0.0,0.0,0.0,0.0,0.0,27.0,37.0,43.0,56.0,187.0,296.5,1.0,2.5,24.7,46.65,51.7,83.65000000000003,0.0,0.0,0.0,0.0,0.0,0.0,0.0,0.0,4
00-0030061,Zach Ertz,TE,WAS,2025,13,0,0,0,0,0,0,0,0,0,50,72,504,4,0,0,0,0,0,0,0,76.4,126.4,17.0,12.0,0.0,0.0,0.0,0.0,0.0,0.0,0.0,0.0,0.0,0.0,66.0,46.5,91.0,67.0,654.0,420.5,7.0,4.0,111.4,68.05000000000001,177.4,114.55000000000003,0.0,0.0,0.0,0.0,0.0,0.0,0.0,0.0,5
00-0030068,Marquise Goodwin,WR,CHI,2021,14,0,0,0,0,0,2,-1,0,0,20,40,313,1,0,0,0,0,0,0,0,37.2,57.2,,17.0,,0.0,,0.0,,0.0,,0.0,,0.0,,66.0,,91.0,,654.0,,7.0,,111.4,,177.4,,0.0,,0.0,,0.0,,0.0,0
00-0030068,Marquise Goodwin,WR,SEA,2022,13,0,0,0,0,0,2,5,0,0,27,42,387,4,0,0,0,0,0,0,0,63.2,90.2,14.0,14.0,0.0,0.0,0.0,0.0,0.0,0.0,-1.0,-1.0,0.0,0.0,20.0,20.0,40.0,40.0,313.0,313.0,1.0,1.0,37.2,37.2,57.2,57.2,0.0,0.0,0.0,0.0,0.0,0.0,0.0,0.0,1
00-0030068,Marquise Goodwin,WR,CLE,2023,10,0,0,0,0,0,4,33,0,0,4,13,67,0,0,0,0,0,0,0,0,10.0,14.0,13.0,13.5,0.0,0.0,0.0,0.0,0.0,0.0,5.0,2.0,0.0,0.0,27.0,23.5,42.0,41.0,387.0,350.0,4.0,2.5,63.2,50.2,90.2,73.70000000000003,0.0,0.0,0.0,0.0,0.0,0.0,0.0,0.0,2
00-0030085,Kenny Stills,WR,HOU,2020,7,0,0,0,0,0,0,0,0,0,11,19,144,1,0,0,0,0,0,0,0,20.4,31.4,,13.0,,0.0,,0.0,,0.0,,5.0,,0.0,,27.0,,42.0,,387.0,,4.0,,63.2,,90.2,,0.0,,0.0,,0.0,,0.0,0
00-0030085,Kenny Stills,WR,NO,2021,7,0,0,0,0,0,1,1,0,0,6,23,68,1,0,0,0,0,0,0,0,12.9,18.9,7.0,7.0,0.0,0.0,0.0,0.0,0.0,0.0,0.0,0.0,0.0,0.0,11.0,11.0,19.0,19.0,144.0,144.0,1.0,1.0,20.4,20.4,31.4,31.4,0.0,0.0,0.0,0.0,0.0,0.0,0.0,0.0,1
00-0030089,Luke Willson,TE,BAL,2020,2,0,0,0,0,0,0,0,0,0,1,3,12,0,0,0,0,0,0,0,0,1.2,2.2,,7.0,,0.0,,0.0,,0.0,,0.0,,0.0,,11.0,,19.0,,144.0,,1.0,,20.4,,31.4,,0.0,,0.0,,0.0,,0.0,0
00-0030098,Dustin Hopkins,K,WAS,2020,16,0,0,0,0,0,0,0,0,0,0,0,0,0,0,27,34,2,0,30,32,0.0,0.0,,,,,,,,,,,,,,,,,,,,,,,,,,,,,,,,,0
00-0030098,Dustin Hopkins,K,LAC,2021,17,0,0,0,0,0,0,0,0,0,0,0,0,0,0,30,34,2,0,40,44,0.0,0.0,16.0,16.0,0.0,0.0,0.0,0.0,0.0,0.0,0.0,0.0,0.0,0.0,0.0,0.0,0.0,0.0,0.0,0.0,0.0,0.0,0.0,0.0,0.0,0.0,27.0,27.0,34.0,34.0,30.0,30.0,32.0,32.0,1
00-0030098,Dustin Hopkins,K,LAC,2022,5,0,0,0,0,0,0,0,0,0,0,0,0,0,0,9,10,0,0,12,12,0.0,0.0,17.0,16.5,0.0,0.0,0.0,0.0,0.0,0.0,0.0,0.0,0.0,0.0,0.0,0.0,0.0,0.0,0.0,0.0,0.0,0.0,0.0,0.0,0.0,0.0,30.0,28.5,34.0,34.0,40.0,35.0,44.0,38.0,2
00-0030098,Dustin Hopkins,K,CLE,2023,15,0,0,0,0,0,0,0,0,0,0,0,0,0,0,33,36,8,0,24,26,0.0,0.0,5.0,11.0,0.0,0.0,0.0,0.0,0.0,0.0,0.0,0.0,0.0,0.0,0.0,0.0,0.0,0.0,0.0,0.0,0.0,0.0,0.0,0.0,0.0,0.0,9.0,19.5,10.0,22.0,12.0,26.0,12.0,28.0,3
00-0030098,Dustin Hopkins,K,CLE,2024,16,0,0,0,0,0,0,0,0,0,0,0,0,0,0,18,27,4,0,17,20,0.0,0.0,15.0,10.0,0.0,0.0,0.0,0.0,0.0,0.0,0.0,0.0,0.0,0.0,0.0,0.0,0.0,0.0,0.0,0.0,0.0,0.0,0.0,0.0,0.0,0.0,33.0,21.0,36.0,23.0,24.0,18.0,26.0,19.0,4
00-0030107,Theo Riddick,RB,LV,2020,4,0,0,0,0,0,6,14,0,0,5,6,43,0,0,0,0,0,0,0,0,5.7,10.7,,15.0,,0.0,,0.0,,0.0,,0.0,,0.0,,0.0,,0.0,,0.0,,0.0,,0.0,,0.0,,33.0,,36.0,,24.0,,26.0,0
00-0030108,Ryan Griffin,TE,NYJ,2020,10,0,0,0,0,0,0,0,0,0,9,12,86,0,0,0,0,0,0,0,0,8.6,17.6,,,,,,,,,,,,,,,,,,,,,,,,,,,,,,,,,0
00-0030108,Ryan Griffin,TE,NYJ,2021,14,0,0,0,0,0,0,0,0,0,27,42,261,2,0,0,0,0,0,0,0,38.1,65.1,10.0,10.0,0.0,0.0,0.0,0.0,0.0,0.0,0.0,0.0,0.0,0.0,9.0,9.0,12.0,12.0,86.0,86.0,0.0,0.0,8.6,8.6,17.6,17.6,0.0,0.0,0.0,0.0,0.0,0.0,0.0,0.0,1
00-0030108,Ryan Griffin,TE,CHI,2022,10,0,0,0,0,0,0,0,0,0,4,8,26,0,0,0,0,0,0,0,0,2.6,6.6,14.0,12.0,0.0,0.0,0.0,0.0,0.0,0.0,0.0,0.0,0.0,0.0,27.0,18.0,42.0,27.0,261.0,173.5,2.0,1.0,38.1,23.35,65.1,41.35000000000002,0.0,0.0,0.0,0.0,0.0,0.0,0.0,0.0,2
00-0030151,Tyler Bray,QB,CHI,2020,1,1,5,18,0,0,0,0,0,0,0,0,0,0,0,0,0,0,0,0,0,0.72,0.72,,14.0,,0.0,,0.0,,0.0,,0.0,,0.0,,27.0,,42.0,,261.0,,2.0,,38.1,,65.1,,0.0,,0.0,,0.0,,0.0,0
00-0030155,Demetrius Harris,TE,CHI,2020,11,0,0,0,0,0,0,0,0,0,7,14,45,0,0,0,0,0,0,0,0,4.5,11.5,,,,,,,,,,,,,,,,,,,,,,,,,,,,,,,,,0
00-0030155,Demetrius Harris,TE,ARI,2021,10,0,0,0,0,0,0,0,0,0,3,6,10,0,0,0,0,0,0,0,0,1.0,4.0,11.0,11.0,0.0,0.0,0.0,0.0,0.0,0.0,0.0,0.0,0.0,0.0,7.0,7.0,14.0,14.0,45.0,45.0,0.0,0.0,4.5,4.5,11.5,11.5,0.0,0.0,0.0,0.0,0.0,0.0,0.0,0.0,1
00-0030181,Jack Doyle,TE,IND,2020,13,0,0,0,0,0,0,0,0,0,23,33,251,3,1,0,0,0,0,0,0,41.1,64.1,,11.0,,0.0,,0.0,,0.0,,0.0,,0.0,,7.0,,14.0,,45.0,,0.0,,4.5,,11.5,,0.0,,0.0,,0.0,,0.0,0
00-0030181,Jack Doyle,TE,IND,2021,15,0,0,0,0,0,0,0,0,0,29,43,302,3,0,0,0,0,0,0,0,50.2,79.2,13.0,13.0,0.0,0.0,0.0,0.0,0.0,0.0,0.0,0.0,0.0,0.0,23.0,23.0,33.0,33.0,251.0,251.0,3.0,3.0,41.1,41.1,64.1,64.1,0.0,0.0,0.0,0.0,0.0,0.0,0.0,0.0,1
00-0030216,Josh Hill,TE,NO,2020,9,0,0,0,0,0,0,0,0,0,8,10,46,1,0,0,0,0,0,0,0,10.6,18.6,,13.0,,0.0,,0.0,,0.0,,0.0,,0.0,,23.0,,33.0,,251.0,,3.0,,41.1,,64.1,,0.0,,0.0,,0.0,,0.0,0
00-0030279,Keenan Allen,WR,LAC,2020,14,0,1,0,0,0,1,-1,0,0,100,147,992,8,2,0,0,0,0,0,0,145.1,245.1,,,,,,,,,,,,,,,,,,,,,,,,,,,,,,,,,0
00-0030279,Keenan Allen,WR,LAC,2021,16,0,1,0,0,0,0,0,0,0,106,157,1138,6,0,0,0,0,0,0,0,151.8,257.8,14.0,14.0,0.0,0.0,0.0,0.0,0.0,0.0,-1.0,-1.0,0.0,0.0,100.0,100.0,147.0,147.0,992.0,992.0,8.0,8.0,145.1,145.1,245.1,245.1,0.0,0.0,0.0,0.0,0.0,0.0,0.0,0.0,1
00-0030279,Keenan Allen,WR,LAC,2022,10,0,0,0,0,0,1,8,0,0,66,89,752,4,1,0,0,0,0,0,0,98.0,164.0,16.0,15.0,0.0,0.0,0.0,0.0,0.0,0.0,0.0,-0.5,0.0,0.0,106.0,103.0,157.0,152.0,1138.0,1065.0,6.0,7.0,151.8,148.45,257.8,251.45000000000005,0.0,0.0,0.0,0.0,0.0,0.0,0.0,0.0,2
00-0030279,Keenan Allen,WR,LAC,2023,13,1,2,49,1,0,2,6,0,0,108,150,1243,7,1,0,0,0,0,0,0,170.86,278.86,10.0,13.0,0.0,0.0,0.0,0.0,0.0,0.0,8.0,4.0,0.0,0.0,66.0,86.0,89.0,123.0,752.0,945.0,4.0,5.0,98.0,124.9,164.0,210.9,0.0,0.0,0.0,0.0,0.0,0.0,0.0,0.0,3
00-0030279,Keenan Allen,WR,CHI,2024,15,0,1,0,0,1,0,0,0,0,70,121,744,7,0,0,0,0,0,0,0,114.4,184.4,13.0,11.5,49.0,24.5,1.0,0.5,0.0,0.0,6.0,7.0,0.0,0.0,108.0,87.0,150.0,119.5,1243.0,997.5,7.0,5.5,170.86,134.43,278.86,221.43000000000004,0.0,0.0,0.0,0.0,0.0,0.0,0.0,0.0,4
00-0030279,Keenan Allen,WR,LAC,2025,17,0,0,0,0,0,0,0,0,0,81,122,777,4,0,0,0,0,0,0,0,101.7,182.7,15.0,14.0,0.0,24.5,0.0,0.5,1.0,0.5,0.0,3.0,0.0,0.0,70.0,89.0,121.0,135.5,744.0,993.5,7.0,7.0,114.4,142.63,184.4,231.63000000000005,0.0,0.0,0.0,0.0,0.0,0.0,0.0,0.0,5
00-0030288,Rex Burkhead,RB,NE,2020,10,0,0,0,0,0,67,274,3,0,25,33,192,3,0,0,0,0,0,0,0,82.6,107.6,,15.0,,0.0,,0.0,,1.0,,0.0,,0.0,,70.0,,121.0,,744.0,,7.0,,114.4,,184.4,,0.0,,0.0,,0.0,,0.0,0
00-0030288,Rex Burkhead,RB,HOU,2021,15,0,1,0,0,0,122,427,3,0,25,32,186,0,0,0,0,0,0,0,0,79.3,104.3,10.0,10.0,0.0,0.0,0.0,0.0,0.0,0.0,274.0,274.0,3.0,3.0,25.0,25.0,33.0,33.0,192.0,192.0,3.0,3.0,82.6,82.6,107.6,107.6,0.0,0.0,0.0,0.0,0.0,0.0,0.0,0.0,1
00-0030288,Rex Burkhead,RB,HOU,2022,15,0,1,0,0,0,26,80,0,0,37,51,204,1,0,0,0,0,0,0,0,34.4,71.4,15.0,12.5,0.0,0.0,0.0,0.0,0.0,0.0,427.0,350.5,3.0,3.0,25.0,25.0,32.0,32.5,186.0,189.0,0.0,1.5,79.3,80.94999999999999,104.3,105.95000000000002,0.0,0.0,0.0,0.0,0.0,0.0,0.0,0.0,2
00-0030332,Brett Maher,K,NO,2021,8,0,0,0,0,0,0,0,0,0,0,0,0,0,0,16,18,0,0,10,12,0.0,0.0,,15.0,,0.0,,0.0,,0.0,,427.0,,3.0,,25.0,,32.0,,186.0,,0.0,,79.3,,104.3,,0.0,,0.0,,0.0,,0.0,0
00-0030332,Brett Maher,K,DAL,2022,17,0,0,0,0,0,0,0,0,0,0,0,0,0,0,29,32,8,1,50,53,0.0,0.0,8.0,8.0,0.0,0.0,0.0,0.0,0.0,0.0,0.0,0.0,0.0,0.0,0.0,0.0,0.0,0.0,0.0,0.0,0.0,0.0,0.0,0.0,0.0,0.0,16.0,16.0,18.0,18.0,10.0,10.0,12.0,12.0,1
00-0030332,Brett Maher,K,LA,2023,8,0,0,0,0,0,0,0,0,0,0,0,0,0,0,17,23,3,0,13,15,0.0,0.0,17.0,12.5,0.0,0.0,0.0,0.0,0.0,0.0,0.0,0.0,0.0,0.0,0.0,0.0,0.0,0.0,0.0,0.0,0.0,0.0,0.0,0.0,0.0,0.0,29.0,22.5,32.0,25.0,50.0,30.0,53.0,32.5,2
00-0030404,Chris Thompson,RB,JAX,2020,6,0,0,0,0,0,7,20,0,0,20,23,146,1,0,0,0,0,0,0,0,22.6,42.6,,17.0,,0.0,,0.0,,0.0,,0.0,,0.0,,0.0,,0.0,,0.0,,0.0,,0.0,,0.0,,29.0,,32.0,,50.0,,53.0,0
00-0030431,Robert Woods,WR,LA,2020,16,0,0,0,0,0,24,155,2,1,90,129,936,6,0,0,0,0,0,0,0,155.1,245.1,,,,,,,,,,,,,,,,,,,,,,,,,,,,,,,,,0
00-0030431,Robert Woods,WR,LA,2021,9,0,0,0,0,0,8,46,1,0,45,69,556,4,0,0,0,0,0,0,0,92.2,137.2,16.0,16.0,0.0,0.0,0.0,0.0,0.0,0.0,155.0,155.0,2.0,2.0,90.0,90.0,129.0,129.0,936.0,936.0,6.0,6.0,155.1,155.1,245.1,245.1,0.0,0.0,0.0,0.0,0.0,0.0,0.0,0.0,1
00-0030431,Robert Woods,WR,TEN,2022,17,0,0,0,0,0,0,0,0,0,53,91,527,2,0,0,0,0,0,0,0,64.7,117.7,9.0,12.5,0.0,0.0,0.0,0.0,0.0,0.0,46.0,100.5,1.0,1.5,45.0,67.5,69.0,99.0,556.0,746.0,4.0,5.0,92.2,123.65,137.2,191.15000000000003,0.0,0.0,0.0,0.0,0.0,0.0,0.0,0.0,2
00-0030431,Robert Woods,WR,HOU,2023,14,0,0,0,0,0,1,7,0,0,40,75,426,1,0,0,0,0,0,0,0,49.3,89.3,17.0,13.0,0.0,0.0,0.0,0.0,0.0,0.0,0.0,23.0,0.0,0.5,53.0,49.0,91.0,80.0,527.0,541.5,2.0,3.0,64.7,78.45,117.7,127.45000000000002,0.0,0.0,0.0,0.0,0.0,0.0,0.0,0.0,3
00-0030431,Robert Woods,WR,HOU,2024,14,0,0,0,0,0,0,0,0,0,20,30,203,0,1,0,0,0,0,0,0,18.3,38.3,14.0,15.5,0.0,0.0,0.0,0.0,0.0,0.0,7.0,3.5,0.0,0.0,40.0,46.5,75.0,83.0,426.0,476.5,1.0,1.5,49.3,57.0,89.3,103.50000000000003,0.0,0.0,0.0,0.0,0.0,0.0,0.0,0.0,4
00-0030443,Levine Toilolo,TE,NYG,2020,7,0,0,0,0,0,0,0,0,0,5,6,46,0,0,0,0,0,0,0,0,4.6,9.6,,14.0,,0.0,,0.0,,0.0,,7.0,,0.0,,40.0,,75.0,,426.0,,1.0,,49.3,,89.3,,0.0,,0.0,,0.0,,0.0,0
00-0030456,Giovani Bernard,RB,CIN,2020,16,0,0,0,0,0,124,416,3,1,47,59,355,3,0,0,0,0,0,0,0,111.1,158.1,,,,,,,,,,,,,,,,,,,,,,,,,,,,,,,,,0
00-0030456,Giovani Bernard,RB,TB,2021,10,0,0,0,0,0,8,58,0,0,23,29,123,3,0,0,0,0,0,0,0,36.1,59.1,16.0,16.0,0.0,0.0,0.0,0.0,0.0,0.0,416.0,416.0,3.0,3.0,47.0,47.0,59.0,59.0,355.0,355.0,3.0,3.0,111.1,111.1,158.1,158.1,0.0,0.0,0.0,0.0,0.0,0.0,0.0,0.0,1
00-0030456,Giovani Bernard,RB,TB,2022,4,0,0,0,0,0,8,28,0,0,2,2,-1,0,0,0,0,0,0,0,0,2.7,4.7,10.0,13.0,0.0,0.0,0.0,0.0,0.0,0.0,58.0,237.0,0.0,1.5,23.0,35.0,29.0,44.0,123.0,239.0,3.0,3.0,36.1,73.6,59.1,108.60000000000002,0.0,0.0,0.0,0.0,0.0,0.0,0.0,0.0,2
00-0030465,Kenjon Barner,RB,TB,2020,5,0,0,0,0,0,0,0,0,0,0,1,0,0,0,0,0,0,0,0,0,0.0,0.0,,10.0,,0.0,,0.0,,0.0,,58.0,,0.0,,23.0,,29.0,,123.0,,3.0,,36.1,,59.1,,0.0,,0.0,,0.0,,0.0,0
00-0030465,Kenjon Barner,RB,TB,2021,3,0,0,0,0,0,4,0,0,0,0,0,0,0,0,0,0,0,0,0,0,0.0,0.0,5.0,5.0,0.0,0.0,0.0,0.0,0.0,0.0,0.0,0.0,0.0,0.0,0.0,0.0,1.0,1.0,0.0,0.0,0.0,0.0,0.0,0.0,0.0,0.0,0.0,0.0,0.0,0.0,0.0,0.0,0.0,0.0,1
00-0030470,Vance McDonald,TE,PIT,2020,10,0,0,0,0,0,0,0,0,0,15,20,99,0,0,0,0,0,0,0,0,9.9,24.9,,5.0,,0.0,,0.0,,0.0,,0.0,,0.0,,0.0,,1.0,,0.0,,0.0,,0.0,,0.0,,0.0,,0.0,,0.0,,0.0,0
00-0030472,Jordan Reed,TE,SF,2020,10,0,0,0,0,0,0,0,0,0,26,46,231,4,0,0,0,0,0,0,0,47.1,73.1,,,,,,,,,,,,,,,,,,,,,,,,,,,,,,,,,0
00-0030496,Le'Veon Bell,RB,KC,2020,11,0,0,0,0,0,82,328,2,0,16,20,138,0,0,0,0,0,0,0,0,58.6,74.6,,,,,,,,,,,,,,,,,,,,,,,,,,,,,,,,,0
00-0030496,Le'Veon Bell,RB,TB,2021,8,0,0,0,0,0,39,101,2,0,5,7,30,1,0,0,0,0,0,0,0,33.1,38.1,11.0,11.0,0.0,0.0,0.0,0.0,0.0,0.0,328.0,328.0,2.0,2.0,16.0,16.0,20.0,20.0,138.0,138.0,0.0,0.0,58.6,58.6,74.6,74.6,0.0,0.0,0.0,0.0,0.0,0.0,0.0,0.0,1
00-0030506,Travis Kelce,TE,KC,2020,15,1,2,4,0,0,0,0,0,0,105,145,1416,11,1,0,0,0,0,0,0,207.76,312.76,,11.0,,0.0,,0.0,,0.0,,328.0,,2.0,,16.0,,20.0,,138.0,,0.0,,58.6,,74.6,,0.0,,0.0,,0.0,,0.0,0
00-0030506,Travis Kelce,TE,KC,2021,16,0,0,0,0,0,2,3,1,0,92,134,1125,9,1,0,0,0,0,0,0,170.8,262.8,15.0,15.0,4.0,4.0,0.0,0.0,0.0,0.0,0.0,0.0,0.0,0.0,105.0,105.0,145.0,145.0,1416.0,1416.0,11.0,11.0,207.76,207.76,312.76,312.76,0.0,0.0,0.0,0.0,0.0,0.0,0.0,0.0,1
00-0030506,Travis Kelce,TE,KC,2022,17,0,0,0,0,0,2,5,0,0,110,152,1338,12,1,0,0,0,0,0,0,206.3,316.3,16.0,15.5,0.0,2.0,0.0,0.0,0.0,0.0,3.0,1.5,1.0,0.5,92.0,98.5,134.0,139.5,1125.0,1270.5,9.0,10.0,170.8,189.28,262.8,287.78000000000003,0.0,0.0,0.0,0.0,0.0,0.0,0.0,0.0,2
00-0030506,Travis Kelce,TE,KC,2023,15,0,0,0,0,0,0,0,0,0,93,121,984,5,1,0,0,0,0,0,0,126.4,219.4,17.0,16.5,0.0,0.0,0.0,0.0,0.0,0.0,5.0,4.0,0.0,0.5,110.0,101.0,152.0,143.0,1338.0,1231.5,12.0,10.5,206.3,188.55,316.3,289.55000000000007,0.0,0.0,0.0,0.0,0.0,0.0,0.0,0.0,3
00-0030506,Travis Kelce,TE,KC,2024,16,0,0,0,0,0,1,1,0,0,97,133,823,3,1,0,0,0,0,0,0,98.4,195.4,15.0,16.0,0.0,0.0,0.0,0.0,0.0,0.0,0.0,2.5,0.0,0.0,93.0,101.5,121.0,136.5,984.0,1161.0,5.0,8.5,126.4,166.35000000000002,219.4,267.85,0.0,0.0,0.0,0.0,0.0,0.0,0.0,0.0,4
00-0030506,Travis Kelce,TE,KC,2025,17,0,0,0,0,0,1,1,0,0,76,108,851,5,0,0,0,0,0,0,0,117.2,193.2,16.0,15.5,0.0,0.0,0.0,0.0,0.0,0.0,1.0,0.5,0.0,0.0,97.0,95.0,133.0,127.0,823.0,903.5,3.0,4.0,98.4,112.4,195.4,207.40000000000003,0.0,0.0,0.0,0.0,0.0,0.0,0.0,0.0,5
00-0030513,Latavius Murray,RB,NO,2020,15,0,0,0,0,0,146,656,4,0,23,26,176,1,0,0,0,0,0,0,0,113.2,136.2,,16.0,,0.0,,0.0,,0.0,,1.0,,0.0,,97.0,,133.0,,823.0,,3.0,,98.4,,195.4,,0.0,,0.0,,0.0,,0.0,0
00-0030513,Latavius Murray,RB,BAL,2021,14,0,0,0,0,0,119,501,6,0,10,13,75,0,0,0,0,0,0,0,0,93.6,103.6,15.0,15.0,0.0,0.0,0.0,0.0,0.0,0.0,656.0,656.0,4.0,4.0,23.0,23.0,26.0,26.0,176.0,176.0,1.0,1.0,113.2,113.2,136.2,136.2,0.0,0.0,0.0,0.0,0.0,0.0,0.0,0.0,1
00-0030513,Latavius Murray,RB,DEN,2022,13,0,0,0,0,0,171,760,6,0,27,35,132,0,0,0,0,0,0,0,0,127.2,154.2,14.0,14.5,0.0,0.0,0.0,0.0,0.0,0.0,501.0,578.5,6.0,5.0,10.0,16.5,13.0,19.5,75.0,125.5,0.0,0.5,93.6,103.4,103.6,119.90000000000002,0.0,0.0,0.0,0.0,0.0,0.0,0.0,0.0,2
00-0030513,Latavius Murray,RB,BUF,2023,15,0,0,0,0,0,79,300,4,0,17,22,119,0,0,0,0,0,0,0,0,65.9,82.9,13.0,13.5,0.0,0.0,0.0,0.0,0.0,0.0,760.0,630.5,6.0,6.0,27.0,18.5,35.0,24.0,132.0,103.5,0.0,0.0,127.2,110.4,154.2,128.90000000000003,0.0,0.0,0.0,0.0,0.0,0.0,0.0,0.0,3
00-0030520,Mike Glennon,QB,JAX,2020,5,111,179,1072,7,5,6,17,0,1,0,0,0,0,0,0,0,0,0,0,0,60.58,60.58,,13.0,,0.0,,0.0,,0.0,,760.0,,6.0,,27.0,,35.0,,132.0,,0.0,,127.2,,154.2,,0.0,,0.0,,0.0,,0.0,0
00-0030520,Mike Glennon,QB,NYG,2021,6,90,167,790,4,10,7,33,1,0,0,0,0,0,0,0,0,0,0,0,0,30.9,30.9,5.0,5.0,1072.0,1072.0,7.0,7.0,5.0,5.0,17.0,17.0,0.0,0.0,0.0,0.0,0.0,0.0,0.0,0.0,0.0,0.0,60.58,60.58,60.58,60.58,0.0,0.0,0.0,0.0,0.0,0.0,0.0,0.0,1
00-0030525,Tavon Austin,WR,GB,2020,4,0,0,0,0,0,0,0,0,0,5,5,20,0,0,0,0,0,0,0,0,2.0,7.0,,5.0,,1072.0,,7.0,,5.0,,17.0,,0.0,,0.0,,0.0,,0.0,,0.0,,60.58,,60.58,,0.0,,0.0,,0.0,,0.0,0
00-0030525,Tavon Austin,WR,JAX,2021,11,0,0,0,0,0,3,21,0,0,24,37,213,1,0,0,0,0,0,0,0,29.4,53.4,4.0,4.0,0.0,0.0,0.0,0.0,0.0,0.0,0.0,0.0,0.0,0.0,5.0,5.0,5.0,5.0,20.0,20.0,0.0,0.0,2.0,2.0,7.0,7.0,0.0,0.0,0.0,0.0,0.0,0.0,0.0,0.0,1
00-0030533,Matt Barkley,QB,BUF,2020,4,11,21,197,1,1,6,-6,0,0,0,0,0,0,0,0,0,0,0,0,0,9.28,9.28,,4.0,,0.0,,0.0,,0.0,,0.0,,0.0,,5.0,,5.0,,20.0,,0.0,,2.0,,7.0,,0.0,,0.0,,0.0,,0.0,0
00-0030533,Matt Barkley,QB,JAX,2023,1,0,0,0,0,0,3,-3,0,0,0,0,0,0,0,0,0,0,0,0,0,-0.3,-0.3,4.0,4.0,197.0,197.0,1.0,1.0,1.0,1.0,-6.0,-6.0,0.0,0.0,0.0,0.0,0.0,0.0,0.0,0.0,0.0,0.0,9.28,9.28,9.28,9.28,0.0,0.0,0.0,0.0,0.0,0.0,0.0,0.0,1
00-0030549,Tyler Eifert,TE,JAX,2020,15,0,0,0,0,0,0,0,0,0,36,60,349,2,0,0,0,0,0,0,0,46.9,82.9,,4.0,,197.0,,1.0,,1.0,,-6.0,,0.0,,0.0,,0.0,,0.0,,0.0,,9.28,,9.28,,0.0,,0.0,,0.0,,0.0,0
00-0030564,DeAndre Hopkins,WR,ARI,2020,16,0,0,0,0,0,1,1,0,0,115,160,1407,6,2,0,0,0,0,0,0,172.8,287.8,,,,,,,,,,,,,,,,,,,,,,,,,,,,,,,,,0
00-0030564,DeAndre Hopkins,WR,ARI,2021,10,0,0,0,0,0,0,0,0,0,42,64,572,8,0,0,0,0,0,0,0,105.2,147.2,16.0,16.0,0.0,0.0,0.0,0.0,0.0,0.0,1.0,1.0,0.0,0.0,115.0,115.0,160.0,160.0,1407.0,1407.0,6.0,6.0,172.8,172.8,287.8,287.8,0.0,0.0,0.0,0.0,0.0,0.0,0.0,0.0,1
00-0030564,DeAndre Hopkins,WR,ARI,2022,9,0,0,0,0,0,0,0,0,0,64,96,717,3,1,0,0,0,0,0,0,87.7,151.7,10.0,13.0,0.0,0.0,0.0,0.0,0.0,0.0,0.0,0.5,0.0,0.0,42.0,78.5,64.0,112.0,572.0,989.5,8.0,7.0,105.2,139.0,147.2,217.50000000000003,0.0,0.0,0.0,0.0,0.0,0.0,0.0,0.0,2
00-0030564,DeAndre Hopkins,WR,TEN,2023,17,0,1,0,0,0,2,9,0,0,75,137,1057,7,0,0,0,0,0,0,0,148.6,223.6,9.0,9.5,0.0,0.0,0.0,0.0,0.0,0.0,0.0,0.0,0.0,0.0,64.0,53.0,96.0,80.0,717.0,644.5,3.0,5.5,87.7,96.45,151.7,149.45000000000002,0.0,0.0,0.0,0.0,0.0,0.0,0.0,0.0,3
00-0030564,DeAndre Hopkins,WR,KC,2024,16,0,0,0,0,0,0,0,0,0,56,80,610,5,0,0,0,0,0,0,0,91.0,147.0,17.0,13.0,0.0,0.0,0.0,0.0,0.0,0.0,9.0,4.5,0.0,0.0,75.0,69.5,137.0,116.5,1057.0,887.0,7.0,5.0,148.6,118.15,223.6,187.65000000000003,0.0,0.0,0.0,0.0,0.0,0.0,0.0,0.0,4
00-0030564,DeAndre Hopkins,WR,BAL,2025,17,0,0,0,0,0,0,0,0,0,22,39,330,2,0,0,0,0,0,0,0,45.0,67.0,16.0,16.5,0.0,0.0,0.0,0.0,0.0,0.0,0.0,4.5,0.0,0.0,56.0,65.5,80.0,108.5,610.0,833.5,5.0,6.0,91.0,119.8,147.0,185.3,0.0,0.0,0.0,0.0,0.0,0.0,0.0,0.0,5
00-0030565,Geno Smith,QB,SEA,2020,1,4,5,33,0,0,2,-2,0,0,0,0,0,0,0,0,0,0,0,0,0,1.12,1.12,,16.0,,0.0,,0.0,,0.0,,0.0,,0.0,,56.0,,80.0,,610.0,,5.0,,91.0,,147.0,,0.0,,0.0,,0.0,,0.0,0
00-0030565,Geno Smith,QB,SEA,2021,4,65,95,702,5,1,9,42,1,0,0,0,0,0,0,0,0,0,0,0,0,54.28,54.28,1.0,1.0,33.0,33.0,0.0,0.0,0.0,0.0,-2.0,-2.0,0.0,0.0,0.0,0.0,0.0,0.0,0.0,0.0,0.0,0.0,1.12,1.12,1.12,1.12,0.0,0.0,0.0,0.0,0.0,0.0,0.0,0.0,1
00-0030565,Geno Smith,QB,SEA,2022,17,399,572,4282,30,11,68,366,1,2,0,0,0,0,0,0,0,0,0,0,0,303.88,303.88,4.0,2.5,702.0,367.5,5.0,2.5,1.0,0.5,42.0,20.0,1.0,0.5,0.0,0.0,0.0,0.0,0.0,0.0,0.0,0.0,54.28,27.699999999999985,54.28,27.700000000000028,0.0,0.0,0.0,0.0,0.0,0.0,0.0,0.0,2
00-0030565,Geno Smith,QB,SEA,2023,15,323,499,3624,20,9,37,155,1,1,1,1,-2,0,0,0,0,0,0,0,0,226.26,227.26,17.0,10.5,4282.0,2492.0,30.0,17.5,11.0,6.0,366.0,204.0,1.0,1.0,0.0,0.0,0.0,0.0,0.0,0.0,0.0,0.0,303.88,179.07999999999998,303.88,179.08000000000004,0.0,0.0,0.0,0.0,0.0,0.0,0.0,0.0,3
00-0030565,Geno Smith,QB,SEA,2024,17,407,578,4320,21,15,53,272,2,0,0,0,0,0,0,0,0,0,0,0,0,266.0,266.0,15.0,16.0,3624.0,3953.0,20.0,25.0,9.0,10.0,155.0,260.5,1.0,1.0,1.0,0.5,1.0,0.5,-2.0,-1.0,0.0,0.0,226.26,265.07,227.26,265.57000000000005,0.0,0.0,0.0,0.0,0.0,0.0,0.0,0.0,4
00-0030565,Geno Smith,QB,LV,2025,15,302,448,3025,19,17,41,109,0,0,0,0,0,0,0,0,0,0,0,0,0,173.9,173.9,17.0,16.0,4320.0,3972.0,21.0,20.5,15.0,12.0,272.0,213.5,2.0,1.5,0.0,0.5,0.0,0.5,0.0,-1.0,0.0,0.0,266.0,246.13,266.0,246.63000000000005,0.0,0.0,0.0,0.0,0.0,0.0,0.0,0.0,5
00-0030578,Cordarrelle Patterson,RB,CHI,2020,16,0,0,0,0,0,64,232,1,0,21,25,132,0,0,0,0,0,0,0,0,48.4,69.4,,17.0,,4320.0,,21.0,,15.0,,272.0,,2.0,,0.0,,0.0,,0.0,,0.0,,266.0,,266.0,,0.0,,0.0,,0.0,,0.0,0
00-0030578,Cordarrelle Patterson,RB,ATL,2021,16,0,1,0,0,0,153,618,6,0,52,69,548,5,0,0,0,0,0,0,0,182.6,234.6,16.0,16.0,0.0,0.0,0.0,0.0,0.0,0.0,232.0,232.0,1.0,1.0,21.0,21.0,25.0,25.0,132.0,132.0,0.0,0.0,48.4,48.4,69.4,69.4,0.0,0.0,0.0,0.0,0.0,0.0,0.0,0.0,1
00-0030578,Cordarrelle Patterson,RB,ATL,2022,13,0,0,0,0,0,144,695,8,1,21,31,122,0,0,0,0,0,0,0,0,133.7,154.7,16.0,16.0,0.0,0.0,0.0,0.0,0.0,0.0,618.0,425.0,6.0,3.5,52.0,36.5,69.0,47.0,548.0,340.0,5.0,2.5,182.6,115.5,234.6,152.00000000000006,0.0,0.0,0.0,0.0,0.0,0.0,0.0,0.0,2
00-0030578,Cordarrelle Patterson,RB,ATL,2023,12,0,0,0,0,0,50,181,0,0,9,12,38,1,0,0,0,0,0,0,0,27.9,36.9,13.0,14.5,0.0,0.0,0.0,0.0,0.0,0.0,695.0,656.5,8.0,7.0,21.0,36.5,31.0,50.0,122.0,335.0,0.0,2.5,133.7,158.14999999999998,154.7,194.65000000000003,0.0,0.0,0.0,0.0,0.0,0.0,0.0,0.0,3
00-0030578,Cordarrelle Patterson,RB,PIT,2024,13,0,0,0,0,0,32,135,0,1,12,14,80,1,0,0,0,0,0,0,0,25.5,37.5,12.0,12.5,0.0,0.0,0.0,0.0,0.0,0.0,181.0,438.0,0.0,4.0,9.0,15.0,12.0,21.5,38.0,80.0,1.0,0.5,27.9,80.8,36.9,95.80000000000005,0.0,0.0,0.0,0.0,0.0,0.0,0.0,0.0,4
00-0030663,Willie Snead,WR,BAL,2020,13,0,0,0,0,0,0,0,0,0,33,48,432,3,0,0,0,0,0,0,0,61.2,94.2,,12.0,,0.0,,0.0,,0.0,,181.0,,0.0,,9.0,,12.0,,38.0,,1.0,,27.9,,36.9,,0.0,,0.0,,0.0,,0.0,0
00-0030663,Willie Snead,WR,CAR,2021,7,0,0,0,0,0,0,0,0,0,4,8,38,0,0,0,0,0,0,0,0,3.8,7.8,13.0,13.0,0.0,0.0,0.0,0.0,0.0,0.0,0.0,0.0,0.0,0.0,33.0,33.0,48.0,48.0,432.0,432.0,3.0,3.0,61.2,61.2,94.2,94.2,0.0,0.0,0.0,0.0,0.0,0.0,0.0,0.0,1
00-0030663,Willie Snead,WR,SF,2023,2,0,0,0,0,0,0,0,0,0,2,3,14,0,0,0,0,0,0,0,0,1.4,3.4,7.0,10.0,0.0,0.0,0.0,0.0,0.0,0.0,0.0,0.0,0.0,0.0,4.0,18.5,8.0,28.0,38.0,235.0,0.0,1.5,3.8,32.5,7.8,51.00000000000005,0.0,0.0,0.0,0.0,0.0,0.0,0.0,0.0,2
00-0030669,Albert Wilson,WR,MIA,2021,10,0,1,0,0,0,4,17,0,0,25,39,213,0,0,0,0,0,0,0,0,23.0,48.0,,7.0,,0.0,,0.0,,0.0,,0.0,,0.0,,4.0,,8.0,,38.0,,0.0,,3.8,,7.8,,0.0,,0.0,,0.0,,0.0,0
00-0030670,Bennie Fowler,WR,NO,2020,2,0,0,0,0,0,0,0,0,0,2,6,11,0,0,0,0,0,0,0,0,1.1,3.1,,,,,,,,,,,,,,,,,,,,,,,,,,,,,,,,,0
00-0030710,Trey Burton,TE,IND,2020,12,0,0,0,0,0,2,3,2,0,28,47,250,3,0,0,0,0,0,0,0,55.3,83.3,,,,,,,,,,,,,,,,,,,,,,,,,,,,,,,,,0
00-0030850,Cody Parkey,K,CLE,2020,15,0,0,0,0,0,0,0,0,0,0,0,0,0,0,19,22,0,0,43,47,0.0,0.0,,,,,,,,,,,,,,,,,,,,,,,,,,,,,,,,,0
00-0030850,Cody Parkey,K,NO,2021,1,0,0,0,0,0,0,0,0,0,0,0,0,0,0,0,0,0,0,3,5,0.0,0.0,15.0,15.0,0.0,0.0,0.0,0.0,0.0,0.0,0.0,0.0,0.0,0.0,0.0,0.0,0.0,0.0,0.0,0.0,0.0,0.0,0.0,0.0,0.0,0.0,19.0,19.0,22.0,22.0,43.0,43.0,47.0,47.0,1
00-0030874,Damien Williams,RB,CHI,2021,12,0,0,0,0,0,40,164,2,0,16,23,103,1,0,0,0,0,0,0,0,44.7,60.7,,15.0,,0.0,,0.0,,0.0,,0.0,,0.0,,0.0,,0.0,,0.0,,0.0,,0.0,,0.0,,19.0,,22.0,,43.0,,47.0,0
00-0030874,Damien Williams,RB,ATL,2022,1,0,0,0,0,0,2,2,0,0,0,0,0,0,0,0,0,0,0,0,0,0.2,0.2,12.0,12.0,0.0,0.0,0.0,0.0,0.0,0.0,164.0,164.0,2.0,2.0,16.0,16.0,23.0,23.0,103.0,103.0,1.0,1.0,44.7,44.7,60.7,60.7,0.0,0.0,0.0,0.0,0.0,0.0,0.0,0.0,1
00-0030874,Damien Williams,RB,ARI,2023,3,0,0,0,0,0,11,43,0,0,2,2,12,0,0,0,0,0,0,0,0,5.5,7.5,1.0,6.5,0.0,0.0,0.0,0.0,0.0,0.0,2.0,83.0,0.0,1.0,0.0,8.0,0.0,11.5,0.0,51.5,0.0,0.5,0.2,22.450000000000003,0.2,30.450000000000053,0.0,0.0,0.0,0.0,0.0,0.0,0.0,0.0,2
00-0031045,Carlos Hyde,RB,SEA,2020,10,0,0,0,0,0,81,356,4,0,16,20,93,0,0,0,0,0,0,0,0,68.9,84.9,,1.0,,0.0,,0.0,,0.0,,2.0,,0.0,,0.0,,0.0,,0.0,,0.0,,0.2,,0.2,,0.0,,0.0,,0.0,,0.0,0
00-0031045,Carlos Hyde,RB,JAX,2021,11,0,0,0,0,0,72,253,1,2,12,21,65,0,0,0,0,0,0,0,0,33.8,45.8,10.0,10.0,0.0,0.0,0.0,0.0,0.0,0.0,356.0,356.0,4.0,4.0,16.0,16.0,20.0,20.0,93.0,93.0,0.0,0.0,68.9,68.9,84.9,84.9,0.0,0.0,0.0,0.0,0.0,0.0,0.0,0.0,1
00-0031051,John Brown,WR,BUF,2020,9,0,0,0,0,0,0,0,0,0,33,52,458,3,0,0,0,0,0,0,0,63.8,96.8,,10.0,,0.0,,0.0,,0.0,,356.0,,4.0,,16.0,,20.0,,93.0,,0.0,,68.9,,84.9,,0.0,,0.0,,0.0,,0.0,0
00-0031051,John Brown,WR,JAX,2021,3,0,0,0,0,0,0,0,0,0,0,3,0,0,0,0,0,0,0,0,0,0.0,0.0,9.0,9.0,0.0,0.0,0.0,0.0,0.0,0.0,0.0,0.0,0.0,0.0,33.0,33.0,52.0,52.0,458.0,458.0,3.0,3.0,63.8,63.8,96.8,96.8,0.0,0.0,0.0,0.0,0.0,0.0,0.0,0.0,1
00-0031051,John Brown,WR,BUF,2022,2,0,0,0,0,0,0,0,0,0,1,2,42,1,0,0,0,0,0,0,0,10.2,11.2,3.0,6.0,0.0,0.0,0.0,0.0,0.0,0.0,0.0,0.0,0.0,0.0,0.0,16.5,3.0,27.5,0.0,229.0,0.0,1.5,0.0,31.9,0.0,48.40000000000005,0.0,0.0,0.0,0.0,0.0,0.0,0.0,0.0,2
00-0031062,James White,RB,NE,2020,14,0,0,0,0,0,35,121,2,0,49,62,375,1,0,0,0,0,0,0,0,67.6,116.6,,3.0,,0.0,,0.0,,0.0,,0.0,,0.0,,0.0,,3.0,,0.0,,0.0,,0.0,,0.0,,0.0,,0.0,,0.0,,0.0,0
00-0031062,James White,RB,NE,2021,3,0,0,0,0,0,10,38,1,0,12,14,94,0,0,0,0,0,0,0,0,19.2,31.2,14.0,14.0,0.0,0.0,0.0,0.0,0.0,0.0,121.0,121.0,2.0,2.0,49.0,49.0,62.0,62.0,375.0,375.0,1.0,1.0,67.6,67.6,116.6,116.6,0.0,0.0,0.0,0.0,0.0,0.0,0.0,0.0,1
00-0031136,Chris Boswell,K,PIT,2020,13,0,0,0,0,0,0,0,0,0,0,0,0,0,0,19,20,1,0,34,38,0.0,0.0,,14.0,,0.0,,0.0,,0.0,,121.0,,2.0,,49.0,,62.0,,375.0,,1.0,,67.6,,116.6,,0.0,,0.0,,0.0,,0.0,0
00-0031136,Chris Boswell,K,PIT,2021,17,0,1,0,0,0,0,0,0,0,0,0,0,0,0,36,40,8,0,27,29,0.0,0.0,13.0,13.0,0.0,0.0,0.0,0.0,0.0,0.0,0.0,0.0,0.0,0.0,0.0,0.0,0.0,0.0,0.0,0.0,0.0,0.0,0.0,0.0,0.0,0.0,19.0,19.0,20.0,20.0,34.0,34.0,38.0,38.0,1
00-0031136,Chris Boswell,K,PIT,2022,12,0,0,0,0,0,0,0,0,0,0,0,0,0,0,20,28,7,0,18,18,0.0,0.0,17.0,15.0,0.0,0.0,0.0,0.0,0.0,0.0,0.0,0.0,0.0,0.0,0.0,0.0,0.0,0.0,0.0,0.0,0.0,0.0,0.0,0.0,0.0,0.0,36.0,27.5,40.0,30.0,27.0,30.5,29.0,33.5,2
00-0031136,Chris Boswell,K,PIT,2023,17,0,0,0,0,0,0,0,0,0,0,0,0,0,0,29,31,6,0,27,28,0.0,0.0,12.0,14.5,0.0,0.0,0.0,0.0,0.0,0.0,0.0,0.0,0.0,0.0,0.0,0.0,0.0,0.0,0.0,0.0,0.0,0.0,0.0,0.0,0.0,0.0,20.0,28.0,28.0,34.0,18.0,22.5,18.0,23.5,3
00-0031136,Chris Boswell,K,PIT,2024,17,0,0,0,0,0,0,0,0,0,0,0,0,0,0,41,44,13,0,35,35,0.0,0.0,17.0,14.5,0.0,0.0,0.0,0.0,0.0,0.0,0.0,0.0,0.0,0.0,0.0,0.0,0.0,0.0,0.0,0.0,0.0,0.0,0.0,0.0,0.0,0.0,29.0,24.5,31.0,29.5,27.0,22.5,28.0,23.0,4
00-0031136,Chris Boswell,K,PIT,2025,17,0,0,0,0,0,0,0,0,0,0,0,0,0,0,27,32,8,1,42,43,0.0,0.0,17.0,17.0,0.0,0.0,0.0,0.0,0.0,0.0,0.0,0.0,0.0,0.0,0.0,0.0,0.0,0.0,0.0,0.0,0.0,0.0,0.0,0.0,0.0,0.0,41.0,35.0,44.0,37.5,35.0,31.0,35.0,31.5,5
00-0031166,Seth Roberts,WR,CAR,2020,3,0,0,0,0,0,0,0,0,0,4,6,31,0,0,0,0,0,0,0,0,3.1,7.1,,17.0,,0.0,,0.0,,0.0,,0.0,,0.0,,0.0,,0.0,,0.0,,0.0,,0.0,,0.0,,41.0,,44.0,,35.0,,35.0,0
00-0031203,Cairo Santos,K,CHI,2020,16,0,0,0,0,0,0,0,0,0,0,0,0,0,0,30,32,2,0,36,37,0.0,0.0,,,,,,,,,,,,,,,,,,,,,,,,,,,,,,,,,0
00-0031203,Cairo Santos,K,CHI,2021,17,0,0,0,0,0,0,0,0,0,0,0,0,0,0,26,30,0,0,27,28,0.0,0.0,16.0,16.0,0.0,0.0,0.0,0.0,0.0,0.0,0.0,0.0,0.0,0.0,0.0,0.0,0.0,0.0,0.0,0.0,0.0,0.0,0.0,0.0,0.0,0.0,30.0,30.0,32.0,32.0,36.0,36.0,37.0,37.0,1
00-0031203,Cairo Santos,K,CHI,2022,16,0,0,0,0,0,0,0,0,0,0,0,0,0,0,21,23,4,0,27,32,0.0,0.0,17.0,16.5,0.0,0.0,0.0,0.0,0.0,0.0,0.0,0.0,0.0,0.0,0.0,0.0,0.0,0.0,0.0,0.0,0.0,0.0,0.0,0.0,0.0,0.0,26.0,28.0,30.0,31.0,27.0,31.5,28.0,32.5,2
00-0031203,Cairo Santos,K,CHI,2023,17,0,0,0,0,0,0,0,0,0,0,0,0,0,0,35,38,7,0,31,33,0.0,0.0,16.0,16.5,0.0,0.0,0.0,0.0,0.0,0.0,0.0,0.0,0.0,0.0,0.0,0.0,0.0,0.0,0.0,0.0,0.0,0.0,0.0,0.0,0.0,0.0,21.0,23.5,23.0,26.5,27.0,27.0,32.0,30.0,3
00-0031203,Cairo Santos,K,CHI,2024,17,0,0,0,0,0,0,0,0,0,0,0,0,0,0,21,25,8,0,25,26,0.0,0.0,17.0,16.5,0.0,0.0,0.0,0.0,0.0,0.0,0.0,0.0,0.0,0.0,0.0,0.0,0.0,0.0,0.0,0.0,0.0,0.0,0.0,0.0,0.0,0.0,35.0,28.0,38.0,30.5,31.0,29.0,33.0,32.5,4
00-0031203,Cairo Santos,K,CHI,2025,15,0,0,0,0,0,0,0,0,0,0,0,0,0,0,25,30,4,0,39,39,0.0,0.0,17.0,17.0,0.0,0.0,0.0,0.0,0.0,0.0,0.0,0.0,0.0,0.0,0.0,0.0,0.0,0.0,0.0,0.0,0.0,0.0,0.0,0.0,0.0,0.0,21.0,28.0,25.0,31.5,25.0,28.0,26.0,29.5,5
00-0031209,Senorise Perry,RB,TEN,2020,4,0,0,0,0,0,2,9,0,0,0,0,0,0,0,0,0,0,0,0,0,0.9,0.9,,17.0,,0.0,,0.0,,0.0,,0.0,,0.0,,0.0,,0.0,,0.0,,0.0,,0.0,,0.0,,21.0,,25.0,,25.0,,26.0,0
00-0031235,Odell Beckham Jr.,WR,CLE,2020,7,1,1,18,0,0,3,72,1,0,23,43,319,3,0,0,0,0,0,0,0,63.82,86.82,,,,,,,,,,,,,,,,,,,,,,,,,,,,,,,,,0
00-0031235,Odell Beckham Jr.,WR,LA,2021,14,0,0,0,0,0,2,14,0,0,44,82,537,5,0,0,0,0,0,0,0,85.1,129.1,7.0,7.0,18.0,18.0,0.0,0.0,0.0,0.0,72.0,72.0,1.0,1.0,23.0,23.0,43.0,43.0,319.0,319.0,3.0,3.0,63.82,63.82,86.82,86.82,0.0,0.0,0.0,0.0,0.0,0.0,0.0,0.0,1
00-0031235,Odell Beckham Jr.,WR,BAL,2023,14,0,0,0,0,0,0,0,0,0,35,64,565,3,1,0,0,0,0,0,0,72.5,107.5,14.0,10.5,0.0,9.0,0.0,0.0,0.0,0.0,14.0,43.0,0.0,0.5,44.0,33.5,82.0,62.5,537.0,428.0,5.0,4.0,85.1,74.46,129.1,107.96000000000004,0.0,0.0,0.0,0.0,0.0,0.0,0.0,0.0,2
00-0031235,Odell Beckham Jr.,WR,MIA,2024,8,0,0,0,0,0,0,0,0,0,9,18,55,0,0,0,0,0,0,0,0,5.5,14.5,14.0,14.0,0.0,0.0,0.0,0.0,0.0,0.0,0.0,7.0,0.0,0.0,35.0,39.5,64.0,73.0,565.0,551.0,3.0,4.0,72.5,78.8,107.5,118.30000000000005,0.0,0.0,0.0,0.0,0.0,0.0,0.0,0.0,3
00-0031236,Brandin Cooks,WR,HOU,2020,15,0,0,0,0,0,0,0,0,0,81,119,1150,6,0,0,0,0,0,0,0,151.0,232.0,,14.0,,0.0,,0.0,,0.0,,0.0,,0.0,,35.0,,64.0,,565.0,,3.0,,72.5,,107.5,,0.0,,0.0,,0.0,,0.0,0
00-0031236,Brandin Cooks,WR,HOU,2021,16,0,0,0,0,0,2,21,0,0,90,134,1037,6,0,0,0,0,0,0,0,141.8,231.8,15.0,15.0,0.0,0.0,0.0,0.0,0.0,0.0,0.0,0.0,0.0,0.0,81.0,81.0,119.0,119.0,1150.0,1150.0,6.0,6.0,151.0,151.0,232.0,232.0,0.0,0.0,0.0,0.0,0.0,0.0,0.0,0.0,1
00-0031236,Brandin Cooks,WR,HOU,2022,13,0,0,0,0,0,2,7,0,0,57,93,699,3,0,0,0,0,0,0,0,88.6,145.6,16.0,15.5,0.0,0.0,0.0,0.0,0.0,0.0,21.0,10.5,0.0,0.0,90.0,85.5,134.0,126.5,1037.0,1093.5,6.0,6.0,141.8,146.4,231.8,231.90000000000006,0.0,0.0,0.0,0.0,0.0,0.0,0.0,0.0,2
00-0031236,Brandin Cooks,WR,DAL,2023,16,0,0,0,0,0,5,35,0,0,54,81,657,8,0,0,0,0,0,0,0,119.2,173.2,13.0,14.5,0.0,0.0,0.0,0.0,0.0,0.0,7.0,14.0,0.0,0.0,57.0,73.5,93.0,113.5,699.0,868.0,3.0,4.5,88.6,115.2,145.6,188.70000000000005,0.0,0.0,0.0,0.0,0.0,0.0,0.0,0.0,3
00-0031236,Brandin Cooks,WR,DAL,2024,10,0,0,0,0,0,3,-3,0,0,26,54,259,3,0,0,0,0,0,0,0,43.6,69.6,16.0,14.5,0.0,0.0,0.0,0.0,0.0,0.0,35.0,21.0,0.0,0.0,54.0,55.5,81.0,87.0,657.0,678.0,8.0,5.5,119.2,103.9,173.2,159.40000000000003,0.0,0.0,0.0,0.0,0.0,0.0,0.0,0.0,4
00-0031236,Brandin Cooks,WR,BUF,2025,13,0,0,0,0,0,0,0,0,0,24,36,279,0,0,0,0,0,0,0,0,27.9,51.9,10.0,13.0,0.0,0.0,0.0,0.0,0.0,0.0,-3.0,16.0,0.0,0.0,26.0,40.0,54.0,67.5,259.0,458.0,3.0,5.5,43.6,81.4,69.6,121.40000000000005,0.0,0.0,0.0,0.0,0.0,0.0,0.0,0.0,5
00-0031237,Teddy Bridgewater,QB,CAR,2020,15,340,492,3733,15,11,53,279,5,1,0,0,0,0,0,0,0,0,0,0,0,241.22,241.22,,10.0,,0.0,,0.0,,0.0,,-3.0,,0.0,,26.0,,54.0,,259.0,,3.0,,43.6,,69.6,,0.0,,0.0,,0.0,,0.0,0
00-0031237,Teddy Bridgewater,QB,DEN,2021,14,285,426,3052,18,7,30,106,2,1,0,0,0,0,0,0,0,0,0,0,0,202.68,202.68,15.0,15.0,3733.0,3733.0,15.0,15.0,11.0,11.0,279.0,279.0,5.0,5.0,0.0,0.0,0.0,0.0,0.0,0.0,0.0,0.0,241.22,241.22,241.22,241.22,0.0,0.0,0.0,0.0,0.0,0.0,0.0,0.0,1
00-0031237,Teddy Bridgewater,QB,MIA,2022,5,49,79,683,4,4,3,27,0,0,0,0,0,0,0,0,0,0,0,0,0,38.02,38.02,14.0,14.5,3052.0,3392.5,18.0,16.5,7.0,9.0,106.0,192.5,2.0,3.5,0.0,0.0,0.0,0.0,0.0,0.0,0.0,0.0,202.68,221.95,202.68,221.95000000000005,0.0,0.0,0.0,0.0,0.0,0.0,0.0,0.0,2
00-0031237,Teddy Bridgewater,QB,DET,2023,1,0,0,0,0,0,2,-2,0,0,0,0,0,0,0,0,0,0,0,0,0,-0.2,-0.2,5.0,9.5,683.0,1867.5,4.0,11.0,4.0,5.5,27.0,66.5,0.0,1.0,0.0,0.0,0.0,0.0,0.0,0.0,0.0,0.0,38.02,120.35000000000001,38.02,120.35000000000007,0.0,0.0,0.0,0.0,0.0,0.0,0.0,0.0,3
00-0031237,Teddy Bridgewater,QB,TB,2025,3,8,15,62,0,0,3,4,0,0,0,0,0,0,0,0,0,0,0,0,0,2.88,2.88,1.0,3.0,0.0,341.5,0.0,2.0,0.0,2.0,-2.0,12.5,0.0,0.0,0.0,0.0,0.0,0.0,0.0,0.0,0.0,0.0,-0.2,18.91,-0.2,18.910000000000057,0.0,0.0,0.0,0.0,0.0,0.0,0.0,0.0,4
00-0031260,Logan Thomas,TE,WAS,2020,16,1,1,28,0,0,3,5,0,0,72,110,670,6,0,0,0,0,0,0,0,104.62,176.62,,1.0,,0.0,,0.0,,0.0,,-2.0,,0.0,,0.0,,0.0,,0.0,,0.0,,-0.2,,-0.2,,0.0,,0.0,,0.0,,0.0,0
00-0031260,Logan Thomas,TE,WAS,2021,5,0,0,0,0,0,0,0,0,0,18,25,196,3,1,0,0,0,0,0,0,35.6,53.6,16.0,16.0,28.0,28.0,0.0,0.0,0.0,0.0,5.0,5.0,0.0,0.0,72.0,72.0,110.0,110.0,670.0,670.0,6.0,6.0,104.62,104.62,176.62,176.62,0.0,0.0,0.0,0.0,0.0,0.0,0.0,0.0,1
00-0031260,Logan Thomas,TE,WAS,2022,13,0,0,0,0,0,0,0,0,0,39,61,323,1,0,0,0,0,0,0,0,38.3,77.3,5.0,10.5,0.0,14.0,0.0,0.0,0.0,0.0,0.0,2.5,0.0,0.0,18.0,45.0,25.0,67.5,196.0,433.0,3.0,4.5,35.6,70.11,53.6,115.11000000000006,0.0,0.0,0.0,0.0,0.0,0.0,0.0,0.0,2
00-0031260,Logan Thomas,TE,WAS,2023,16,0,0,0,0,0,1,2,0,0,55,78,496,4,2,0,0,0,0,0,0,71.8,126.8,13.0,9.0,0.0,0.0,0.0,0.0,0.0,0.0,0.0,0.0,0.0,0.0,39.0,28.5,61.0,43.0,323.0,259.5,1.0,2.0,38.3,36.95,77.3,65.45000000000006,0.0,0.0,0.0,0.0,0.0,0.0,0.0,0.0,3
00-0031273,Cameron Brate,TE,TB,2020,13,0,0,0,0,0,0,0,0,0,28,34,282,2,0,0,0,0,0,0,0,40.2,68.2,,13.0,,0.0,,0.0,,0.0,,0.0,,0.0,,39.0,,61.0,,323.0,,1.0,,38.3,,77.3,,0.0,,0.0,,0.0,,0.0,0
00-0031273,Cameron Brate,TE,TB,2021,16,0,0,0,0,0,0,0,0,0,30,57,245,4,0,0,0,0,0,0,0,48.5,78.5,13.0,13.0,0.0,0.0,0.0,0.0,0.0,0.0,0.0,0.0,0.0,0.0,28.0,28.0,34.0,34.0,282.0,282.0,2.0,2.0,40.2,40.2,68.2,68.2,0.0,0.0,0.0,0.0,0.0,0.0,0.0,0.0,1
00-0031273,Cameron Brate,TE,TB,2022,9,0,0,0,0,0,0,0,0,0,20,38,174,0,0,0,0,0,0,0,0,17.4,37.4,16.0,14.5,0.0,0.0,0.0,0.0,0.0,0.0,0.0,0.0,0.0,0.0,30.0,29.0,57.0,45.5,245.0,263.5,4.0,3.0,48.5,44.35,78.5,73.35000000000005,0.0,0.0,0.0,0.0,0.0,0.0,0.0,0.0,2
00-0031280,Derek Carr,QB,LV,2020,16,348,517,4103,27,9,39,140,3,1,0,0,0,0,0,0,0,0,0,0,0,272.12,272.12,,16.0,,0.0,,0.0,,0.0,,0.0,,0.0,,30.0,,57.0,,245.0,,4.0,,48.5,,78.5,,0.0,,0.0,,0.0,,0.0,0
00-0031280,Derek Carr,QB,LV,2021,17,428,626,4804,23,14,40,108,0,0,0,0,0,0,0,0,0,0,0,0,0,256.96,256.96,16.0,16.0,4103.0,4103.0,27.0,27.0,9.0,9.0,140.0,140.0,3.0,3.0,0.0,0.0,0.0,0.0,0.0,0.0,0.0,0.0,272.12,272.12,272.12,272.12,0.0,0.0,0.0,0.0,0.0,0.0,0.0,0.0,1
00-0031280,Derek Carr,QB,LV,2022,15,305,502,3522,24,14,24,102,0,0,0,0,0,0,0,0,0,0,0,0,0,219.08,219.08,17.0,16.5,4804.0,4453.5,23.0,25.0,14.0,11.5,108.0,124.0,0.0,1.5,0.0,0.0,0.0,0.0,0.0,0.0,0.0,0.0,256.96,264.53999999999996,256.96,264.5400000000001,0.0,0.0,0.0,0.0,0.0,0.0,0.0,0.0,2
00-0031280,Derek Carr,QB,NO,2023,17,375,548,3878,25,8,32,40,0,1,0,0,0,0,0,0,0,0,0,0,0,241.12,241.12,15.0,16.0,3522.0,4163.0,24.0,23.5,14.0,14.0,102.0,105.0,0.0,0.0,0.0,0.0,0.0,0.0,0.0,0.0,0.0,0.0,219.08,238.01999999999998,219.08,238.02000000000004,0.0,0.0,0.0,0.0,0.0,0.0,0.0,0.0,3
00-0031280,Derek Carr,QB,NO,2024,10,189,279,2145,15,5,17,71,1,0,0,0,0,0,0,0,0,0,0,0,0,150.9,150.9,17.0,16.0,3878.0,3700.0,25.0,24.5,8.0,11.0,40.0,71.0,0.0,0.0,0.0,0.0,0.0,0.0,0.0,0.0,0.0,0.0,241.12,230.10000000000002,241.12,230.10000000000008,0.0,0.0,0.0,0.0,0.0,0.0,0.0,0.0,4
00-0031285,Devonta Freeman,RB,NYG,2020,5,0,0,0,0,0,54,172,1,0,7,10,58,0,0,0,0,0,0,0,0,29.0,36.0,,17.0,,3878.0,,25.0,,8.0,,40.0,,0.0,,0.0,,0.0,,0.0,,0.0,,241.12,,241.12,,0.0,,0.0,,0.0,,0.0,0
00-0031285,Devonta Freeman,RB,BAL,2021,16,0,0,0,0,0,133,576,5,0,34,42,190,1,0,0,0,0,0,0,0,112.6,146.6,5.0,5.0,0.0,0.0,0.0,0.0,0.0,0.0,172.0,172.0,1.0,1.0,7.0,7.0,10.0,10.0,58.0,58.0,0.0,0.0,29.0,29.0,36.0,36.0,0.0,0.0,0.0,0.0,0.0,0.0,0.0,0.0,1
00-0031288,AJ McCarron,QB,HOU,2020,2,1,1,20,0,0,0,0,0,0,0,0,0,0,0,0,0,0,0,0,0,0.8,0.8,,5.0,,0.0,,0.0,,0.0,,172.0,,1.0,,7.0,,10.0,,58.0,,0.0,,29.0,,36.0,,0.0,,0.0,,0.0,,0.0,0
00-0031288,AJ McCarron,QB,CIN,2023,2,4,5,19,0,0,0,0,0,0,0,0,0,0,0,0,0,0,0,0,0,0.76,0.76,2.0,2.0,20.0,20.0,0.0,0.0,0.0,0.0,0.0,0.0,0.0,0.0,0.0,0.0,0.0,0.0,0.0,0.0,0.0,0.0,0.8,0.8,0.8,0.8,0.0,0.0,0.0,0.0,0.0,0.0,0.0,0.0,1
00-0031299,Jordan Matthews,TE,CAR,2024,2,0,0,0,0,0,0,0,0,0,0,1,0,0,0,0,0,0,0,0,0,0.0,0.0,,2.0,,20.0,,0.0,,0.0,,0.0,,0.0,,0.0,,0.0,,0.0,,0.0,,0.8,,0.8,,0.0,,0.0,,0.0,,0.0,0
00-0031319,Diontae Spencer,WR,DEN,2020,11,0,0,0,0,0,3,19,0,0,3,6,26,0,0,0,0,0,0,0,0,10.5,13.5,,,,,,,,,,,,,,,,,,,,,,,,,,,,,,,,,0
00-0031319,Diontae Spencer,WR,DEN,2021,15,0,0,0,0,0,0,0,0,0,1,4,-3,0,0,0,0,0,0,0,0,-0.3,0.7,11.0,11.0,0.0,0.0,0.0,0.0,0.0,0.0,19.0,19.0,0.0,0.0,3.0,3.0,6.0,6.0,26.0,26.0,0.0,0.0,10.5,10.5,13.5,13.5,0.0,0.0,0.0,0.0,0.0,0.0,0.0,0.0,1
00-0031325,Sammy Watkins,WR,KC,2020,10,0,1,0,0,1,1,3,0,0,37,55,421,2,1,0,0,0,0,0,0,50.4,87.4,,11.0,,0.0,,0.0,,0.0,,19.0,,0.0,,3.0,,6.0,,26.0,,0.0,,10.5,,13.5,,0.0,,0.0,,0.0,,0.0,0
00-0031325,Sammy Watkins,WR,BAL,2021,11,0,0,0,0,0,0,0,0,0,27,49,394,1,1,0,0,0,0,0,0,43.4,70.4,10.0,10.0,0.0,0.0,0.0,0.0,1.0,1.0,3.0,3.0,0.0,0.0,37.0,37.0,55.0,55.0,421.0,421.0,2.0,2.0,50.4,50.4,87.4,87.4,0.0,0.0,0.0,0.0,0.0,0.0,0.0,0.0,1
00-0031325,Sammy Watkins,WR,BAL,2022,9,0,0,0,0,0,0,0,0,0,16,27,325,0,1,0,0,0,0,0,0,30.5,46.5,11.0,10.5,0.0,0.0,0.0,0.0,0.0,0.5,0.0,1.5,0.0,0.0,27.0,32.0,49.0,52.0,394.0,407.5,1.0,1.5,43.4,46.9,70.4,78.90000000000006,0.0,0.0,0.0,0.0,0.0,0.0,0.0,0.0,2
00-0031339,Donte Moncrief,WR,NE,2020,5,0,0,0,0,0,1,4,0,0,1,2,15,0,0,0,0,0,0,0,0,1.9,2.9,,11.0,,0.0,,0.0,,0.0,,0.0,,0.0,,27.0,,49.0,,394.0,,1.0,,43.4,,70.4,,0.0,,0.0,,0.0,,0.0,0
00-0031345,Jimmy Garoppolo,QB,SF,2020,6,94,140,1096,7,5,10,25,0,0,0,0,0,0,0,0,0,0,0,0,0,64.34,64.34,,,,,,,,,,,,,,,,,,,,,,,,,,,,,,,,,0
00-0031345,Jimmy Garoppolo,QB,SF,2021,15,301,441,3810,20,12,38,51,3,1,0,0,0,0,0,0,0,0,0,0,0,227.5,227.5,6.0,6.0,1096.0,1096.0,7.0,7.0,5.0,5.0,25.0,25.0,0.0,0.0,0.0,0.0,0.0,0.0,0.0,0.0,0.0,0.0,64.34,64.34,64.34,64.34,0.0,0.0,0.0,0.0,0.0,0.0,0.0,0.0,1
00-0031345,Jimmy Garoppolo,QB,SF,2022,11,207,308,2437,16,4,23,33,2,1,0,0,0,0,0,0,0,0,0,0,0,164.78,164.78,15.0,10.5,3810.0,2453.0,20.0,13.5,12.0,8.5,51.0,38.0,3.0,1.5,0.0,0.0,0.0,0.0,0.0,0.0,0.0,0.0,227.5,145.92000000000002,227.5,145.92000000000007,0.0,0.0,0.0,0.0,0.0,0.0,0.0,0.0,2
00-0031345,Jimmy Garoppolo,QB,LV,2023,7,110,169,1205,7,9,20,39,0,0,0,0,0,0,0,0,0,0,0,0,0,64.1,64.1,11.0,13.0,2437.0,3123.5,16.0,18.0,4.0,8.0,33.0,42.0,2.0,2.5,0.0,0.0,0.0,0.0,0.0,0.0,0.0,0.0,164.78,196.14,164.78,196.14000000000004,0.0,0.0,0.0,0.0,0.0,0.0,0.0,0.0,3
00-0031345,Jimmy Garoppolo,QB,LA,2024,1,27,41,334,2,1,2,5,0,0,0,0,0,0,0,0,0,0,0,0,0,19.86,19.86,7.0,9.0,1205.0,1821.0,7.0,11.5,9.0,6.5,39.0,36.0,0.0,1.0,0.0,0.0,0.0,0.0,0.0,0.0,0.0,0.0,64.1,114.44,64.1,114.44000000000005,0.0,0.0,0.0,0.0,0.0,0.0,0.0,0.0,4
00-0031345,Jimmy Garoppolo,QB,LA,2025,3,0,0,0,0,0,9,-10,0,0,0,0,0,0,0,0,0,0,0,0,0,-1.0,-1.0,1.0,4.0,334.0,769.5,2.0,4.5,1.0,5.0,5.0,22.0,0.0,0.0,0.0,0.0,0.0,0.0,0.0,0.0,0.0,0.0,19.86,41.98,19.86,41.980000000000054,0.0,0.0,0.0,0.0,0.0,0.0,0.0,0.0,5
00-0031376,Jerick McKinnon,RB,SF,2020,14,0,0,0,0,0,81,319,5,0,33,46,253,1,0,0,0,0,0,0,0,93.2,126.2,,1.0,,334.0,,2.0,,1.0,,5.0,,0.0,,0.0,,0.0,,0.0,,0.0,,19.86,,19.86,,0.0,,0.0,,0.0,,0.0,0
00-0031376,Jerick McKinnon,RB,KC,2021,9,0,0,0,0,0,12,62,0,0,13,20,107,1,0,0,0,0,0,0,0,22.9,35.9,14.0,14.0,0.0,0.0,0.0,0.0,0.0,0.0,319.0,319.0,5.0,5.0,33.0,33.0,46.0,46.0,253.0,253.0,1.0,1.0,93.2,93.2,126.2,126.2,0.0,0.0,0.0,0.0,0.0,0.0,0.0,0.0,1
00-0031376,Jerick McKinnon,RB,KC,2022,17,0,0,0,0,0,72,291,1,0,56,71,512,9,1,0,0,0,0,0,0,140.3,196.3,9.0,11.5,0.0,0.0,0.0,0.0,0.0,0.0,62.0,190.5,0.0,2.5,13.0,23.0,20.0,33.0,107.0,180.0,1.0,1.0,22.9,58.05,35.9,81.05000000000005,0.0,0.0,0.0,0.0,0.0,0.0,0.0,0.0,2
00-0031376,Jerick McKinnon,RB,KC,2023,12,1,1,4,1,0,21,60,1,0,25,32,192,4,0,0,0,0,0,0,0,59.36,84.36,17.0,13.0,0.0,0.0,0.0,0.0,0.0,0.0,291.0,176.5,1.0,0.5,56.0,34.5,71.0,45.5,512.0,309.5,9.0,5.0,140.3,81.6,196.3,116.10000000000005,0.0,0.0,0.0,0.0,0.0,0.0,0.0,0.0,3
00-0031381,Davante Adams,WR,GB,2020,14,0,0,0,0,0,0,0,0,0,115,149,1374,18,1,0,0,0,0,0,0,243.4,358.4,,17.0,,0.0,,0.0,,0.0,,291.0,,1.0,,56.0,,71.0,,512.0,,9.0,,140.3,,196.3,,0.0,,0.0,,0.0,,0.0,0
00-0031381,Davante Adams,WR,GB,2021,16,0,0,0,0,0,0,0,0,0,123,169,1553,11,0,0,0,0,0,0,0,221.3,344.3,14.0,14.0,0.0,0.0,0.0,0.0,0.0,0.0,0.0,0.0,0.0,0.0,115.0,115.0,149.0,149.0,1374.0,1374.0,18.0,18.0,243.4,243.4,358.4,358.4,0.0,0.0,0.0,0.0,0.0,0.0,0.0,0.0,1
00-0031381,Davante Adams,WR,LV,2022,17,0,0,0,0,0,3,-1,0,0,100,180,1516,14,0,0,0,0,0,0,0,235.5,335.5,16.0,15.0,0.0,0.0,0.0,0.0,0.0,0.0,0.0,0.0,0.0,0.0,123.0,119.0,169.0,159.0,1553.0,1463.5,11.0,14.5,221.3,232.35,344.3,351.35,0.0,0.0,0.0,0.0,0.0,0.0,0.0,0.0,2
00-0031381,Davante Adams,WR,LV,2023,17,0,0,0,0,0,0,0,0,0,103,175,1144,8,0,0,0,0,0,0,0,162.4,265.4,17.0,16.5,0.0,0.0,0.0,0.0,0.0,0.0,-1.0,-0.5,0.0,0.0,100.0,111.5,180.0,174.5,1516.0,1534.5,14.0,12.5,235.5,228.39999999999998,335.5,339.9000000000001,0.0,0.0,0.0,0.0,0.0,0.0,0.0,0.0,3
00-0031381,Davante Adams,WR,NYJ,2024,14,0,0,0,0,0,0,0,0,0,85,141,1063,8,0,0,0,0,0,0,0,156.3,241.3,17.0,17.0,0.0,0.0,0.0,0.0,0.0,0.0,0.0,-0.5,0.0,0.0,103.0,101.5,175.0,177.5,1144.0,1330.0,8.0,11.0,162.4,198.95,265.4,300.45000000000005,0.0,0.0,0.0,0.0,0.0,0.0,0.0,0.0,4
00-0031381,Davante Adams,WR,LA,2025,14,0,0,0,0,0,0,0,0,0,60,114,789,14,0,0,0,0,0,0,0,162.9,222.9,14.0,15.5,0.0,0.0,0.0,0.0,0.0,0.0,0.0,0.0,0.0,0.0,85.0,94.0,141.0,158.0,1063.0,1103.5,8.0,8.0,156.3,159.35,241.3,253.35000000000005,0.0,0.0,0.0,0.0,0.0,0.0,0.0,0.0,5
00-0031382,Jarvis Landry,WR,CLE,2020,15,4,4,74,1,0,4,10,1,0,72,101,840,3,0,0,0,0,0,0,0,115.96,187.96,,14.0,,0.0,,0.0,,0.0,,0.0,,0.0,,85.0,,141.0,,1063.0,,8.0,,156.3,,241.3,,0.0,,0.0,,0.0,,0.0,0
00-0031382,Jarvis Landry,WR,CLE,2021,12,0,0,0,0,0,6,40,2,0,52,87,570,2,1,0,0,0,0,0,0,81.0,133.0,15.0,15.0,74.0,74.0,1.0,1.0,0.0,0.0,10.0,10.0,1.0,1.0,72.0,72.0,101.0,101.0,840.0,840.0,3.0,3.0,115.96,115.96,187.96,187.96,0.0,0.0,0.0,0.0,0.0,0.0,0.0,0.0,1
00-0031382,Jarvis Landry,WR,NO,2022,9,0,0,0,0,0,0,0,0,0,25,39,272,1,0,0,0,0,0,0,0,35.2,60.2,12.0,13.5,0.0,37.0,0.0,0.5,0.0,0.0,40.0,25.0,2.0,1.5,52.0,62.0,87.0,94.0,570.0,705.0,2.0,2.5,81.0,98.47999999999999,133.0,160.48000000000008,0.0,0.0,0.0,0.0,0.0,0.0,0.0,0.0,2
00-0031384,Richard Rodgers,TE,PHI,2020,8,0,0,0,0,0,0,0,0,0,24,31,345,2,0,0,0,0,0,0,0,46.5,70.5,,12.0,,0.0,,0.0,,0.0,,40.0,,2.0,,52.0,,87.0,,570.0,,2.0,,81.0,,133.0,,0.0,,0.0,,0.0,,0.0,0
00-0031384,Richard Rodgers,TE,PHI,2021,1,0,0,0,0,0,0,0,0,0,2,2,11,0,0,0,0,0,0,0,0,1.1,3.1,8.0,8.0,0.0,0.0,0.0,0.0,0.0,0.0,0.0,0.0,0.0,0.0,24.0,24.0,31.0,31.0,345.0,345.0,2.0,2.0,46.5,46.5,70.5,70.5,0.0,0.0,0.0,0.0,0.0,0.0,0.0,0.0,1
00-0031384,Richard Rodgers,TE,LAC,2022,3,0,0,0,0,0,0,0,0,0,1,4,4,0,0,0,0,0,0,0,0,0.4,1.4,1.0,4.5,0.0,0.0,0.0,0.0,0.0,0.0,0.0,0.0,0.0,0.0,2.0,13.0,2.0,16.5,11.0,178.0,0.0,1.0,1.1,23.799999999999986,3.1,36.800000000000054,0.0,0.0,0.0,0.0,0.0,0.0,0.0,0.0,2
00-0031385,Sergio Castillo,K,NYJ,2020,6,0,0,0,0,0,0,0,0,0,0,0,0,0,0,8,13,2,0,6,7,0.0,0.0,,1.0,,0.0,,0.0,,0.0,,0.0,,0.0,,2.0,,2.0,,11.0,,0.0,,1.1,,3.1,,0.0,,0.0,,0.0,,0.0,0
00-0031387,Eric Ebron,TE,PIT,2020,15,0,0,0,0,0,0,0,0,0,56,91,558,5,1,0,0,0,0,0,0,85.8,141.8,,,,,,,,,,,,,,,,,,,,,,,,,,,,,,,,,0
00-0031387,Eric Ebron,TE,PIT,2021,8,0,0,0,0,0,1,1,1,0,12,18,84,1,0,0,0,0,0,0,0,20.5,32.5,15.0,15.0,0.0,0.0,0.0,0.0,0.0,0.0,0.0,0.0,0.0,0.0,56.0,56.0,91.0,91.0,558.0,558.0,5.0,5.0,85.8,85.8,141.8,141.8,0.0,0.0,0.0,0.0,0.0,0.0,0.0,0.0,1
00-0031395,Garrett Gilbert,QB,DAL,2020,1,21,38,243,1,1,3,28,0,0,0,0,0,0,0,0,0,0,0,0,0,14.52,14.52,,15.0,,0.0,,0.0,,0.0,,0.0,,0.0,,56.0,,91.0,,558.0,,5.0,,85.8,,141.8,,0.0,,0.0,,0.0,,0.0,0
00-0031395,Garrett Gilbert,QB,WAS,2021,1,20,31,194,0,0,0,0,0,0,0,0,0,0,0,0,0,0,0,0,0,7.76,7.76,1.0,1.0,243.0,243.0,1.0,1.0,1.0,1.0,28.0,28.0,0.0,0.0,0.0,0.0,0.0,0.0,0.0,0.0,0.0,0.0,14.52,14.52,14.52,14.52,0.0,0.0,0.0,0.0,0.0,0.0,0.0,0.0,1
00-0031408,Mike Evans,WR,TB,2020,16,0,0,0,0,0,0,0,0,0,70,109,1006,13,0,0,0,0,0,0,0,178.6,248.6,,1.0,,243.0,,1.0,,1.0,,28.0,,0.0,,0.0,,0.0,,0.0,,0.0,,14.52,,14.52,,0.0,,0.0,,0.0,,0.0,0
00-0031408,Mike Evans,WR,TB,2021,16,0,0,0,0,0,1,10,0,0,74,114,1035,14,0,0,0,0,0,0,0,188.5,262.5,16.0,16.0,0.0,0.0,0.0,0.0,0.0,0.0,0.0,0.0,0.0,0.0,70.0,70.0,109.0,109.0,1006.0,1006.0,13.0,13.0,178.6,178.6,248.6,248.6,0.0,0.0,0.0,0.0,0.0,0.0,0.0,0.0,1
00-0031408,Mike Evans,WR,TB,2022,15,0,0,0,0,0,0,0,0,0,77,127,1124,6,0,0,0,0,0,0,0,148.4,225.4,16.0,16.0,0.0,0.0,0.0,0.0,0.0,0.0,10.0,5.0,0.0,0.0,74.0,72.0,114.0,111.5,1035.0,1020.5,14.0,13.5,188.5,183.54999999999998,262.5,255.55000000000007,0.0,0.0,0.0,0.0,0.0,0.0,0.0,0.0,2
00-0031408,Mike Evans,WR,TB,2023,17,0,0,0,0,0,0,0,0,0,79,136,1255,13,0,0,0,0,0,0,0,203.5,282.5,15.0,15.5,0.0,0.0,0.0,0.0,0.0,0.0,0.0,5.0,0.0,0.0,77.0,75.5,127.0,120.5,1124.0,1079.5,6.0,10.0,148.4,168.45,225.4,243.95000000000005,0.0,0.0,0.0,0.0,0.0,0.0,0.0,0.0,3
00-0031408,Mike Evans,WR,TB,2024,14,0,0,0,0,0,0,0,0,0,74,110,1004,11,0,0,0,0,0,0,0,166.4,240.4,17.0,16.0,0.0,0.0,0.0,0.0,0.0,0.0,0.0,0.0,0.0,0.0,79.0,78.0,136.0,131.5,1255.0,1189.5,13.0,9.5,203.5,175.95,282.5,253.95000000000005,0.0,0.0,0.0,0.0,0.0,0.0,0.0,0.0,4
00-0031408,Mike Evans,WR,TB,2025,8,0,0,0,0,0,0,0,0,0,30,62,368,3,0,0,0,0,0,0,0,54.8,84.8,14.0,15.5,0.0,0.0,0.0,0.0,0.0,0.0,0.0,0.0,0.0,0.0,74.0,76.5,110.0,123.0,1004.0,1129.5,11.0,12.0,166.4,184.95,240.4,261.45000000000005,0.0,0.0,0.0,0.0,0.0,0.0,0.0,0.0,5
00-0031428,Allen Robinson,WR,CHI,2020,16,0,0,0,0,0,1,-1,0,0,102,151,1250,6,0,0,0,0,0,0,0,160.9,262.9,,14.0,,0.0,,0.0,,0.0,,0.0,,0.0,,74.0,,110.0,,1004.0,,11.0,,166.4,,240.4,,0.0,,0.0,,0.0,,0.0,0
00-0031428,Allen Robinson,WR,CHI,2021,12,0,0,0,0,0,0,0,0,0,38,66,410,1,0,0,0,0,0,0,0,49.0,87.0,16.0,16.0,0.0,0.0,0.0,0.0,0.0,0.0,-1.0,-1.0,0.0,0.0,102.0,102.0,151.0,151.0,1250.0,1250.0,6.0,6.0,160.9,160.9,262.9,262.9,0.0,0.0,0.0,0.0,0.0,0.0,0.0,0.0,1
00-0031428,Allen Robinson,WR,LA,2022,10,0,0,0,0,0,0,0,0,0,33,52,339,3,0,0,0,0,0,0,0,51.9,84.9,12.0,14.0,0.0,0.0,0.0,0.0,0.0,0.0,0.0,-0.5,0.0,0.0,38.0,70.0,66.0,108.5,410.0,830.0,1.0,3.5,49.0,104.94999999999999,87.0,174.95000000000005,0.0,0.0,0.0,0.0,0.0,0.0,0.0,0.0,2
00-0031428,Allen Robinson,WR,PIT,2023,15,0,0,0,0,0,0,0,0,0,34,49,280,0,0,0,0,0,0,0,0,28.0,62.0,10.0,11.0,0.0,0.0,0.0,0.0,0.0,0.0,0.0,0.0,0.0,0.0,33.0,35.5,52.0,59.0,339.0,374.5,3.0,2.0,51.9,50.44999999999999,84.9,85.95000000000006,0.0,0.0,0.0,0.0,0.0,0.0,0.0,0.0,3
00-0031428,Allen Robinson,WR,DET,2024,6,0,0,0,0,0,0,0,0,0,3,7,30,0,0,0,0,0,0,0,0,3.0,6.0,15.0,12.5,0.0,0.0,0.0,0.0,0.0,0.0,0.0,0.0,0.0,0.0,34.0,33.5,49.0,50.5,280.0,309.5,0.0,1.5,28.0,39.94999999999999,62.0,73.45000000000006,0.0,0.0,0.0,0.0,0.0,0.0,0.0,0.0,4
00-0031484,Chris Manhertz,TE,CAR,2020,7,0,0,0,0,0,0,0,0,0,6,8,52,0,0,0,0,0,0,0,0,5.2,11.2,,15.0,,0.0,,0.0,,0.0,,0.0,,0.0,,34.0,,49.0,,280.0,,0.0,,28.0,,62.0,,0.0,,0.0,,0.0,,0.0,0
00-0031484,Chris Manhertz,TE,JAX,2021,10,0,0,0,0,0,0,0,0,0,6,9,71,1,0,0,0,0,0,0,0,13.1,19.1,7.0,7.0,0.0,0.0,0.0,0.0,0.0,0.0,0.0,0.0,0.0,0.0,6.0,6.0,8.0,8.0,52.0,52.0,0.0,0.0,5.2,5.2,11.2,11.2,0.0,0.0,0.0,0.0,0.0,0.0,0.0,0.0,1
00-0031484,Chris Manhertz,TE,JAX,2022,7,0,0,0,0,0,0,0,0,0,6,8,42,0,0,0,0,0,0,0,0,4.2,10.2,10.0,8.5,0.0,0.0,0.0,0.0,0.0,0.0,0.0,0.0,0.0,0.0,6.0,6.0,9.0,8.5,71.0,61.5,1.0,0.5,13.1,9.149999999999986,19.1,15.150000000000057,0.0,0.0,0.0,0.0,0.0,0.0,0.0,0.0,2
00-0031484,Chris Manhertz,TE,DEN,2023,7,0,0,0,0,0,0,0,0,0,2,4,16,0,0,0,0,0,0,0,0,1.6,3.6,7.0,8.5,0.0,0.0,0.0,0.0,0.0,0.0,0.0,0.0,0.0,0.0,6.0,6.0,8.0,8.5,42.0,56.5,0.0,0.5,4.2,8.649999999999986,10.2,14.650000000000057,0.0,0.0,0.0,0.0,0.0,0.0,0.0,0.0,3
00-0031484,Chris Manhertz,TE,NYG,2024,8,0,0,0,0,0,0,0,0,0,3,4,30,1,0,0,0,0,0,0,0,9.0,12.0,7.0,7.0,0.0,0.0,0.0,0.0,0.0,0.0,0.0,0.0,0.0,0.0,2.0,4.0,4.0,6.0,16.0,29.0,0.0,0.0,1.6,2.8999999999999853,3.6,6.900000000000056,0.0,0.0,0.0,0.0,0.0,0.0,0.0,0.0,4
00-0031484,Chris Manhertz,TE,NYG,2025,4,0,0,0,0,0,0,0,0,0,1,2,7,0,0,0,0,0,0,0,0,0.7,1.7,8.0,7.5,0.0,0.0,0.0,0.0,0.0,0.0,0.0,0.0,0.0,0.0,3.0,2.5,4.0,4.0,30.0,23.0,1.0,0.5,9.0,5.299999999999985,12.0,7.800000000000057,0.0,0.0,0.0,0.0,0.0,0.0,0.0,0.0,5
00-0031492,Jason Myers,K,SEA,2020,16,0,0,0,0,0,0,0,0,0,0,0,0,0,0,24,24,1,1,49,53,0.0,0.0,,8.0,,0.0,,0.0,,0.0,,0.0,,0.0,,3.0,,4.0,,30.0,,1.0,,9.0,,12.0,,0.0,,0.0,,0.0,,0.0,0
00-0031492,Jason Myers,K,SEA,2021,17,0,0,0,0,0,0,0,0,0,0,0,0,0,0,17,23,3,0,44,47,0.0,0.0,16.0,16.0,0.0,0.0,0.0,0.0,0.0,0.0,0.0,0.0,0.0,0.0,0.0,0.0,0.0,0.0,0.0,0.0,0.0,0.0,0.0,0.0,0.0,0.0,24.0,24.0,24.0,24.0,49.0,49.0,53.0,53.0,1
00-0031492,Jason Myers,K,SEA,2022,17,0,0,0,0,0,0,0,0,0,0,0,0,0,0,34,37,6,0,41,42,0.0,0.0,17.0,16.5,0.0,0.0,0.0,0.0,0.0,0.0,0.0,0.0,0.0,0.0,0.0,0.0,0.0,0.0,0.0,0.0,0.0,0.0,0.0,0.0,0.0,0.0,17.0,20.5,23.0,23.5,44.0,46.5,47.0,50.0,2
00-0031492,Jason Myers,K,SEA,2023,17,0,0,0,0,0,0,0,0,0,0,0,0,0,0,35,42,4,0,33,33,0.0,0.0,17.0,17.0,0.0,0.0,0.0,0.0,0.0,0.0,0.0,0.0,0.0,0.0,0.0,0.0,0.0,0.0,0.0,0.0,0.0,0.0,0.0,0.0,0.0,0.0,34.0,25.5,37.0,30.0,41.0,42.5,42.0,44.5,3
00-0031492,Jason Myers,K,SEA,2024,17,0,0,0,0,0,0,0,0,0,0,0,0,0,0,26,30,9,0,37,40,0.0,0.0,17.0,17.0,0.0,0.0,0.0,0.0,0.0,0.0,0.0,0.0,0.0,0.0,0.0,0.0,0.0,0.0,0.0,0.0,0.0,0.0,0.0,0.0,0.0,0.0,35.0,34.5,42.0,39.5,33.0,37.0,33.0,37.5,4
00-0031492,Jason Myers,K,SEA,2025,17,0,0,0,0,0,0,0,0,0,0,0,0,0,0,41,48,9,0,48,48,0.0,0.0,17.0,17.0,0.0,0.0,0.0,0.0,0.0,0.0,0.0,0.0,0.0,0.0,0.0,0.0,0.0,0.0,0.0,0.0,0.0,0.0,0.0,0.0,0.0,0.0,26.0,30.5,30.0,36.0,37.0,35.0,40.0,36.5,5
00-0031503,Jameis Winston,QB,NO,2020,3,7,11,75,0,0,8,-6,0,0,0,0,0,0,0,0,0,0,0,0,0,2.4,2.4,,17.0,,0.0,,0.0,,0.0,,0.0,,0.0,,0.0,,0.0,,0.0,,0.0,,0.0,,0.0,,26.0,,30.0,,37.0,,40.0,0
00-0031503,Jameis Winston,QB,NO,2021,7,95,161,1170,14,3,32,166,1,0,0,0,0,0,0,0,0,0,0,0,0,117.4,117.4,3.0,3.0,75.0,75.0,0.0,0.0,0.0,0.0,-6.0,-6.0,0.0,0.0,0.0,0.0,0.0,0.0,0.0,0.0,0.0,0.0,2.4,2.4,2.4,2.4,0.0,0.0,0.0,0.0,0.0,0.0,0.0,0.0,1
00-0031503,Jameis Winston,QB,NO,2022,3,73,115,858,4,5,5,16,0,0,0,0,0,0,0,0,0,0,0,0,0,43.92,43.92,7.0,5.0,1170.0,622.5,14.0,7.0,3.0,1.5,166.0,80.0,1.0,0.5,0.0,0.0,0.0,0.0,0.0,0.0,0.0,0.0,117.4,59.899999999999984,117.4,59.90000000000006,0.0,0.0,0.0,0.0,0.0,0.0,0.0,0.0,2
00-0031503,Jameis Winston,QB,NO,2023,6,25,47,264,2,3,5,-6,0,0,0,0,0,0,0,0,0,0,0,0,0,11.96,11.96,3.0,5.0,858.0,1014.0,4.0,9.0,5.0,4.0,16.0,91.0,0.0,0.5,0.0,0.0,0.0,0.0,0.0,0.0,0.0,0.0,43.92,80.65999999999998,43.92,80.66000000000005,0.0,0.0,0.0,0.0,0.0,0.0,0.0,0.0,3
00-0031503,Jameis Winston,QB,CLE,2024,11,181,296,2121,13,12,25,83,1,0,0,0,0,0,0,0,0,0,0,0,0,131.14,131.14,6.0,4.5,264.0,561.0,2.0,3.0,3.0,4.0,-6.0,5.0,0.0,0.0,0.0,0.0,0.0,0.0,0.0,0.0,0.0,0.0,11.96,27.93999999999998,11.96,27.940000000000058,0.0,0.0,0.0,0.0,0.0,0.0,0.0,0.0,4
00-0031503,Jameis Winston,QB,NYG,2025,3,37,66,567,2,2,7,23,1,0,1,1,33,1,0,0,0,0,0,0,0,42.28,43.28,11.0,8.5,2121.0,1192.5,13.0,7.5,12.0,7.5,83.0,38.5,1.0,0.5,0.0,0.0,0.0,0.0,0.0,0.0,0.0,0.0,131.14,71.54999999999997,131.14,71.55000000000005,0.0,0.0,0.0,0.0,0.0,0.0,0.0,0.0,5
00-0031544,Amari Cooper,WR,DAL,2020,16,0,0,0,0,0,6,14,0,0,92,130,1114,5,0,0,0,0,0,0,0,144.8,236.8,,11.0,,2121.0,,13.0,,12.0,,83.0,,1.0,,0.0,,0.0,,0.0,,0.0,,131.14,,131.14,,0.0,,0.0,,0.0,,0.0,0
00-0031544,Amari Cooper,WR,DAL,2021,15,0,0,0,0,0,0,0,0,0,68,104,865,8,0,0,0,0,0,0,0,134.5,202.5,16.0,16.0,0.0,0.0,0.0,0.0,0.0,0.0,14.0,14.0,0.0,0.0,92.0,92.0,130.0,130.0,1114.0,1114.0,5.0,5.0,144.8,144.8,236.8,236.8,0.0,0.0,0.0,0.0,0.0,0.0,0.0,0.0,1
00-0031544,Amari Cooper,WR,CLE,2022,17,0,1,0,0,1,0,0,0,0,78,132,1160,9,0,0,0,0,0,0,0,168.0,246.0,15.0,15.5,0.0,0.0,0.0,0.0,0.0,0.0,0.0,7.0,0.0,0.0,68.0,80.0,104.0,117.0,865.0,989.5,8.0,6.5,134.5,139.64999999999998,202.5,219.65000000000006,0.0,0.0,0.0,0.0,0.0,0.0,0.0,0.0,2
00-0031544,Amari Cooper,WR,CLE,2023,15,0,0,0,0,0,0,0,0,0,72,128,1250,5,1,0,0,0,0,0,0,155.0,227.0,17.0,16.0,0.0,0.0,0.0,0.0,1.0,0.5,0.0,0.0,0.0,0.0,78.0,73.0,132.0,118.0,1160.0,1012.5,9.0,8.5,168.0,151.24999999999997,246.0,224.25000000000006,0.0,0.0,0.0,0.0,0.0,0.0,0.0,0.0,3
00-0031544,Amari Cooper,WR,BUF,2024,13,0,0,0,0,0,0,0,0,0,44,85,547,4,0,0,0,0,0,0,0,78.7,122.7,15.0,16.0,0.0,0.0,0.0,0.0,0.0,0.5,0.0,0.0,0.0,0.0,72.0,75.0,128.0,130.0,1250.0,1205.0,5.0,7.0,155.0,161.49999999999997,227.0,236.50000000000006,0.0,0.0,0.0,0.0,0.0,0.0,0.0,0.0,4
00-0031545,Kevin White,WR,SF,2020,1,0,0,0,0,0,0,0,0,0,0,0,0,0,0,0,0,0,0,0,0,0.0,0.0,,15.0,,0.0,,0.0,,0.0,,0.0,,0.0,,72.0,,128.0,,1250.0,,5.0,,155.0,,227.0,,0.0,,0.0,,0.0,,0.0,0
00-0031545,Kevin White,WR,NO,2021,4,0,0,0,0,0,0,0,0,0,1,5,38,0,0,0,0,0,0,0,0,3.8,4.8,1.0,1.0,0.0,0.0,0.0,0.0,0.0,0.0,0.0,0.0,0.0,0.0,0.0,0.0,0.0,0.0,0.0,0.0,0.0,0.0,0.0,0.0,0.0,0.0,0.0,0.0,0.0,0.0,0.0,0.0,0.0,0.0,1
00-0031545,Kevin White,WR,NO,2022,6,0,0,0,0,0,0,0,0,0,2,5,74,0,0,0,0,0,0,0,0,7.4,9.4,4.0,2.5,0.0,0.0,0.0,0.0,0.0,0.0,0.0,0.0,0.0,0.0,1.0,0.5,5.0,2.5,38.0,19.0,0.0,0.0,3.8,1.8999999999999715,4.8,2.4000000000000568,0.0,0.0,0.0,0.0,0.0,0.0,0.0,0.0,2
00-0031547,DeVante Parker,WR,MIA,2020,14,0,0,0,0,0,0,0,0,0,63,103,793,4,0,0,0,0,0,0,0,103.3,166.3,,4.0,,0.0,,0.0,,0.0,,0.0,,0.0,,1.0,,5.0,,38.0,,0.0,,3.8,,4.8,,0.0,,0.0,,0.0,,0.0,0
00-0031547,DeVante Parker,WR,MIA,2021,9,0,0,0,0,0,0,0,0,0,40,73,515,2,0,0,0,0,0,0,0,63.5,103.5,14.0,14.0,0.0,0.0,0.0,0.0,0.0,0.0,0.0,0.0,0.0,0.0,63.0,63.0,103.0,103.0,793.0,793.0,4.0,4.0,103.3,103.3,166.3,166.3,0.0,0.0,0.0,0.0,0.0,0.0,0.0,0.0,1
00-0031547,DeVante Parker,WR,NE,2022,12,0,0,0,0,0,0,0,0,0,31,47,539,3,0,0,0,0,0,0,0,71.9,102.9,9.0,11.5,0.0,0.0,0.0,0.0,0.0,0.0,0.0,0.0,0.0,0.0,40.0,51.5,73.0,88.0,515.0,654.0,2.0,3.0,63.5,83.39999999999998,103.5,134.90000000000006,0.0,0.0,0.0,0.0,0.0,0.0,0.0,0.0,2
00-0031547,DeVante Parker,WR,NE,2023,13,0,0,0,0,0,0,0,0,0,33,55,394,0,0,0,0,0,0,0,0,39.4,72.4,12.0,10.5,0.0,0.0,0.0,0.0,0.0,0.0,0.0,0.0,0.0,0.0,31.0,35.5,47.0,60.0,539.0,527.0,3.0,2.5,71.9,67.69999999999997,102.9,103.20000000000006,0.0,0.0,0.0,0.0,0.0,0.0,0.0,0.0,3
00-0031549,Nelson Agholor,WR,LV,2020,16,0,0,0,0,0,0,0,0,0,48,82,896,8,0,0,0,0,0,0,0,137.6,185.6,,12.0,,0.0,,0.0,,0.0,,0.0,,0.0,,31.0,,47.0,,539.0,,3.0,,71.9,,102.9,,0.0,,0.0,,0.0,,0.0,0
00-0031549,Nelson Agholor,WR,NE,2021,14,0,0,0,0,0,3,11,0,0,37,64,473,3,0,0,0,0,0,0,0,66.4,103.4,16.0,16.0,0.0,0.0,0.0,0.0,0.0,0.0,0.0,0.0,0.0,0.0,48.0,48.0,82.0,82.0,896.0,896.0,8.0,8.0,137.6,137.6,185.6,185.6,0.0,0.0,0.0,0.0,0.0,0.0,0.0,0.0,1
00-0031549,Nelson Agholor,WR,NE,2022,14,0,0,0,0,0,0,0,0,0,31,53,362,2,2,0,0,0,0,0,0,44.2,75.2,14.0,15.0,0.0,0.0,0.0,0.0,0.0,0.0,11.0,5.5,0.0,0.0,37.0,42.5,64.0,73.0,473.0,684.5,3.0,5.5,66.4,101.99999999999997,103.4,144.50000000000006,0.0,0.0,0.0,0.0,0.0,0.0,0.0,0.0,2
00-0031549,Nelson Agholor,WR,BAL,2023,16,0,0,0,0,0,0,0,0,0,35,45,381,4,0,0,0,0,0,0,0,62.1,97.1,14.0,14.0,0.0,0.0,0.0,0.0,0.0,0.0,0.0,5.5,0.0,0.0,31.0,34.0,53.0,58.5,362.0,417.5,2.0,2.5,44.2,55.299999999999976,75.2,89.30000000000007,0.0,0.0,0.0,0.0,0.0,0.0,0.0,0.0,3
00-0031549,Nelson Agholor,WR,BAL,2024,13,0,0,0,0,0,0,0,0,0,14,29,231,2,0,0,0,0,0,0,0,35.1,49.1,16.0,15.0,0.0,0.0,0.0,0.0,0.0,0.0,0.0,0.0,0.0,0.0,35.0,33.0,45.0,49.0,381.0,371.5,4.0,3.0,62.1,53.14999999999998,97.1,86.15000000000006,0.0,0.0,0.0,0.0,0.0,0.0,0.0,0.0,4
00-0031558,Maxx Williams,TE,ARI,2020,6,0,0,0,0,0,0,0,0,0,8,10,102,1,0,0,0,0,0,0,0,16.2,24.2,,16.0,,0.0,,0.0,,0.0,,0.0,,0.0,,35.0,,45.0,,381.0,,4.0,,62.1,,97.1,,0.0,,0.0,,0.0,,0.0,0
00-0031558,Maxx Williams,TE,ARI,2021,5,0,0,0,0,0,0,0,0,0,16,17,193,1,0,0,0,0,0,0,0,25.3,41.3,6.0,6.0,0.0,0.0,0.0,0.0,0.0,0.0,0.0,0.0,0.0,0.0,8.0,8.0,10.0,10.0,102.0,102.0,1.0,1.0,16.2,16.2,24.2,24.2,0.0,0.0,0.0,0.0,0.0,0.0,0.0,0.0,1
00-0031558,Maxx Williams,TE,ARI,2022,3,0,0,0,0,0,0,0,0,0,3,3,18,0,0,0,0,0,0,0,0,1.8,4.8,5.0,5.5,0.0,0.0,0.0,0.0,0.0,0.0,0.0,0.0,0.0,0.0,16.0,12.0,17.0,13.5,193.0,147.5,1.0,1.0,25.3,20.74999999999997,41.3,32.75000000000006,0.0,0.0,0.0,0.0,0.0,0.0,0.0,0.0,2
00-0031585,MyCole Pruitt,TE,TEN,2020,5,0,0,0,0,0,0,0,0,0,5,8,49,2,0,0,0,0,0,0,0,16.9,21.9,,5.0,,0.0,,0.0,,0.0,,0.0,,0.0,,16.0,,17.0,,193.0,,1.0,,25.3,,41.3,,0.0,,0.0,,0.0,,0.0,0
00-0031585,MyCole Pruitt,TE,TEN,2021,10,0,0,0,0,0,0,0,0,0,14,18,145,3,0,0,0,0,0,0,0,34.5,48.5,5.0,5.0,0.0,0.0,0.0,0.0,0.0,0.0,0.0,0.0,0.0,0.0,5.0,5.0,8.0,8.0,49.0,49.0,2.0,2.0,16.9,16.9,21.9,21.9,0.0,0.0,0.0,0.0,0.0,0.0,0.0,0.0,1
00-0031585,MyCole Pruitt,TE,ATL,2022,10,0,0,0,0,0,0,0,0,0,16,21,150,4,0,0,0,0,0,0,0,39.0,55.0,10.0,7.5,0.0,0.0,0.0,0.0,0.0,0.0,0.0,0.0,0.0,0.0,14.0,9.5,18.0,13.0,145.0,97.0,3.0,2.5,34.5,25.69999999999997,48.5,35.20000000000006,0.0,0.0,0.0,0.0,0.0,0.0,0.0,0.0,2
00-0031585,MyCole Pruitt,TE,ATL,2023,10,0,0,0,0,0,0,0,0,0,9,12,110,1,0,0,0,0,0,0,0,17.0,26.0,10.0,10.0,0.0,0.0,0.0,0.0,0.0,0.0,0.0,0.0,0.0,0.0,16.0,15.0,21.0,19.5,150.0,147.5,4.0,3.5,39.0,36.74999999999997,55.0,51.75000000000006,0.0,0.0,0.0,0.0,0.0,0.0,0.0,0.0,3
00-0031585,MyCole Pruitt,TE,PIT,2024,7,0,0,0,0,0,0,0,0,0,6,10,40,1,0,0,0,0,0,0,0,10.0,16.0,10.0,10.0,0.0,0.0,0.0,0.0,0.0,0.0,0.0,0.0,0.0,0.0,9.0,12.5,12.0,16.5,110.0,130.0,1.0,2.5,17.0,27.99999999999997,26.0,40.50000000000006,0.0,0.0,0.0,0.0,0.0,0.0,0.0,0.0,4
00-0031588,Stefon Diggs,WR,BUF,2020,16,0,0,0,0,0,1,1,0,0,127,166,1535,8,0,0,0,0,0,0,0,201.6,328.6,,10.0,,0.0,,0.0,,0.0,,0.0,,0.0,,9.0,,12.0,,110.0,,1.0,,17.0,,26.0,,0.0,,0.0,,0.0,,0.0,0
00-0031588,Stefon Diggs,WR,BUF,2021,17,0,0,0,0,0,0,0,0,0,103,164,1225,10,0,0,0,0,0,0,0,182.5,285.5,16.0,16.0,0.0,0.0,0.0,0.0,0.0,0.0,1.0,1.0,0.0,0.0,127.0,127.0,166.0,166.0,1535.0,1535.0,8.0,8.0,201.6,201.6,328.6,328.6,0.0,0.0,0.0,0.0,0.0,0.0,0.0,0.0,1
00-0031588,Stefon Diggs,WR,BUF,2022,16,0,0,0,0,0,1,-3,0,0,108,154,1429,11,0,0,0,0,0,0,0,208.6,316.6,17.0,16.5,0.0,0.0,0.0,0.0,0.0,0.0,0.0,0.5,0.0,0.0,103.0,115.0,164.0,165.0,1225.0,1380.0,10.0,9.0,182.5,192.04999999999995,285.5,307.05000000000007,0.0,0.0,0.0,0.0,0.0,0.0,0.0,0.0,2
00-0031588,Stefon Diggs,WR,BUF,2023,17,0,0,0,0,0,1,5,0,0,107,160,1183,8,1,0,0,0,0,0,0,166.8,273.8,16.0,16.5,0.0,0.0,0.0,0.0,0.0,0.0,-3.0,-1.5,0.0,0.0,108.0,105.5,154.0,159.0,1429.0,1327.0,11.0,10.5,208.6,195.54999999999995,316.6,301.05000000000007,0.0,0.0,0.0,0.0,0.0,0.0,0.0,0.0,3
00-0031588,Stefon Diggs,WR,HOU,2024,8,1,1,13,0,0,3,8,1,0,47,64,496,3,0,0,0,0,0,0,0,74.92,121.92,17.0,16.5,0.0,0.0,0.0,0.0,0.0,0.0,5.0,1.0,0.0,0.0,107.0,107.5,160.0,157.0,1183.0,1306.0,8.0,9.5,166.8,187.7,273.8,295.20000000000005,0.0,0.0,0.0,0.0,0.0,0.0,0.0,0.0,4
00-0031588,Stefon Diggs,WR,NE,2025,17,0,0,0,0,0,0,0,0,0,85,102,1013,4,0,0,0,0,0,0,0,125.3,210.3,8.0,12.5,13.0,6.5,0.0,0.0,0.0,0.0,8.0,6.5,1.0,0.5,47.0,77.0,64.0,112.0,496.0,839.5,3.0,5.5,74.92,120.85999999999999,121.92,197.86000000000007,0.0,0.0,0.0,0.0,0.0,0.0,0.0,0.0,5
00-0031598,Nick Boyle,TE,BAL,2020,9,0,0,0,0,0,0,0,0,0,14,17,113,2,0,0,0,0,0,0,0,23.3,37.3,,8.0,,13.0,,0.0,,0.0,,8.0,,1.0,,47.0,,64.0,,496.0,,3.0,,74.92,,121.92,,0.0,,0.0,,0.0,,0.0,0
00-0031598,Nick Boyle,TE,BAL,2021,2,0,0,0,0,0,0,0,0,0,1,2,2,0,0,0,0,0,0,0,0,0.2,1.2,9.0,9.0,0.0,0.0,0.0,0.0,0.0,0.0,0.0,0.0,0.0,0.0,14.0,14.0,17.0,17.0,113.0,113.0,2.0,2.0,23.3,23.3,37.3,37.3,0.0,0.0,0.0,0.0,0.0,0.0,0.0,0.0,1
00-0031598,Nick Boyle,TE,BAL,2022,3,0,0,0,0,0,0,0,0,0,0,0,0,0,0,0,0,0,0,0,0,0.0,0.0,2.0,5.5,0.0,0.0,0.0,0.0,0.0,0.0,0.0,0.0,0.0,0.0,1.0,7.5,2.0,9.5,2.0,57.5,0.0,1.0,0.2,11.749999999999972,1.2,19.250000000000057,0.0,0.0,0.0,0.0,0.0,0.0,0.0,0.0,2
00-0031610,Darren Waller,TE,LV,2020,16,0,0,0,0,0,0,0,0,0,107,145,1196,9,2,0,0,0,0,0,0,171.6,278.6,,2.0,,0.0,,0.0,,0.0,,0.0,,0.0,,1.0,,2.0,,2.0,,0.0,,0.2,,1.2,,0.0,,0.0,,0.0,,0.0,0
00-0031610,Darren Waller,TE,LV,2021,11,0,0,0,0,0,0,0,0,0,55,93,665,2,0,0,0,0,0,0,0,78.5,133.5,16.0,16.0,0.0,0.0,0.0,0.0,0.0,0.0,0.0,0.0,0.0,0.0,107.0,107.0,145.0,145.0,1196.0,1196.0,9.0,9.0,171.6,171.6,278.6,278.6,0.0,0.0,0.0,0.0,0.0,0.0,0.0,0.0,1
00-0031610,Darren Waller,TE,LV,2022,8,0,0,0,0,0,0,0,0,0,28,43,388,3,0,0,0,0,0,0,0,56.8,84.8,11.0,13.5,0.0,0.0,0.0,0.0,0.0,0.0,0.0,0.0,0.0,0.0,55.0,81.0,93.0,119.0,665.0,930.5,2.0,5.5,78.5,125.04999999999997,133.5,206.05000000000007,0.0,0.0,0.0,0.0,0.0,0.0,0.0,0.0,2
00-0031610,Darren Waller,TE,NYG,2023,12,0,0,0,0,0,0,0,0,0,52,74,552,1,0,0,0,0,0,0,0,61.2,113.2,8.0,9.5,0.0,0.0,0.0,0.0,0.0,0.0,0.0,0.0,0.0,0.0,28.0,41.5,43.0,68.0,388.0,526.5,3.0,2.5,56.8,67.64999999999998,84.8,109.15000000000006,0.0,0.0,0.0,0.0,0.0,0.0,0.0,0.0,3
00-0031610,Darren Waller,TE,MIA,2025,9,0,0,0,0,0,1,4,0,0,24,34,283,6,0,0,0,0,0,0,0,64.7,88.7,12.0,10.0,0.0,0.0,0.0,0.0,0.0,0.0,0.0,0.0,0.0,0.0,52.0,40.0,74.0,58.5,552.0,470.0,1.0,2.0,61.2,58.99999999999997,113.2,99.00000000000006,0.0,0.0,0.0,0.0,0.0,0.0,0.0,0.0,4
00-0031687,Raheem Mostert,RB,SF,2020,8,0,0,0,0,0,104,521,2,1,16,19,156,1,0,0,0,0,0,0,0,83.7,99.7,,12.0,,0.0,,0.0,,0.0,,0.0,,0.0,,52.0,,74.0,,552.0,,1.0,,61.2,,113.2,,0.0,,0.0,,0.0,,0.0,0
00-0031687,Raheem Mostert,RB,SF,2021,1,0,0,0,0,0,2,20,0,0,0,0,0,0,0,0,0,0,0,0,0,2.0,2.0,8.0,8.0,0.0,0.0,0.0,0.0,0.0,0.0,521.0,521.0,2.0,2.0,16.0,16.0,19.0,19.0,156.0,156.0,1.0,1.0,83.7,83.7,99.7,99.7,0.0,0.0,0.0,0.0,0.0,0.0,0.0,0.0,1
00-0031687,Raheem Mostert,RB,MIA,2022,16,0,0,0,0,0,181,891,3,1,31,42,202,2,0,0,0,0,0,0,0,137.3,168.3,1.0,4.5,0.0,0.0,0.0,0.0,0.0,0.0,20.0,270.5,0.0,1.0,0.0,8.0,0.0,9.5,0.0,78.0,0.0,0.5,2.0,42.84999999999997,2.0,50.85000000000006,0.0,0.0,0.0,0.0,0.0,0.0,0.0,0.0,2
00-0031687,Raheem Mostert,RB,MIA,2023,15,0,0,0,0,0,209,1012,18,1,25,32,175,3,0,0,0,0,0,0,0,242.7,267.7,16.0,8.5,0.0,0.0,0.0,0.0,0.0,0.0,891.0,455.5,3.0,1.5,31.0,15.5,42.0,21.0,202.0,101.0,2.0,1.0,137.3,69.64999999999998,168.3,85.15000000000006,0.0,0.0,0.0,0.0,0.0,0.0,0.0,0.0,3
00-0031687,Raheem Mostert,RB,MIA,2024,13,0,0,0,0,0,85,278,2,2,19,23,161,0,0,0,0,0,0,0,0,51.9,70.9,15.0,15.5,0.0,0.0,0.0,0.0,0.0,0.0,1012.0,951.5,18.0,10.5,25.0,28.0,32.0,37.0,175.0,188.5,3.0,2.5,242.7,189.99999999999997,267.7,218.00000000000006,0.0,0.0,0.0,0.0,0.0,0.0,0.0,0.0,4
00-0031687,Raheem Mostert,RB,LV,2025,12,0,0,0,0,0,22,104,0,0,12,12,70,0,0,0,0,0,0,0,0,17.4,29.4,13.0,14.0,0.0,0.0,0.0,0.0,0.0,0.0,278.0,645.0,2.0,10.0,19.0,22.0,23.0,27.5,161.0,168.0,0.0,1.5,51.9,147.29999999999995,70.9,169.30000000000007,0.0,0.0,0.0,0.0,0.0,0.0,0.0,0.0,5
00-0031690,Eric Tomlinson,TE,BAL,2020,2,0,0,0,0,0,0,0,0,0,0,1,0,0,0,0,0,0,0,0,0,0.0,0.0,,13.0,,0.0,,0.0,,0.0,,278.0,,2.0,,19.0,,23.0,,161.0,,0.0,,51.9,,70.9,,0.0,,0.0,,0.0,,0.0,0
00-0031690,Eric Tomlinson,TE,BAL,2021,7,0,0,0,0,0,0,0,0,0,1,1,7,0,0,0,0,0,0,0,0,0.7,1.7,2.0,2.0,0.0,0.0,0.0,0.0,0.0,0.0,0.0,0.0,0.0,0.0,0.0,0.0,1.0,1.0,0.0,0.0,0.0,0.0,0.0,0.0,0.0,0.0,0.0,0.0,0.0,0.0,0.0,0.0,0.0,0.0,1
00-0031690,Eric Tomlinson,TE,DEN,2022,9,0,0,0,0,0,0,0,0,0,9,13,79,2,0,0,0,0,0,0,0,19.9,28.9,7.0,4.5,0.0,0.0,0.0,0.0,0.0,0.0,0.0,0.0,0.0,0.0,1.0,0.5,1.0,1.0,7.0,3.5,0.0,0.0,0.7,0.34999999999997156,1.7,0.8500000000000568,0.0,0.0,0.0,0.0,0.0,0.0,0.0,0.0,2
00-0031690,Eric Tomlinson,TE,LAC,2024,5,0,0,0,0,0,0,0,0,0,2,4,9,0,0,0,0,0,0,0,0,0.9,2.9,9.0,8.0,0.0,0.0,0.0,0.0,0.0,0.0,0.0,0.0,0.0,0.0,9.0,5.0,13.0,7.0,79.0,43.0,2.0,1.0,19.9,10.29999999999997,28.9,15.300000000000056,0.0,0.0,0.0,0.0,0.0,0.0,0.0,0.0,3
00-0031763,DeAndre Carter,WR,CHI,2020,13,0,0,0,0,0,0,0,0,0,1,2,8,0,0,0,0,0,0,0,0,0.8,1.8,,9.0,,0.0,,0.0,,0.0,,0.0,,0.0,,9.0,,13.0,,79.0,,2.0,,19.9,,28.9,,0.0,,0.0,,0.0,,0.0,0
00-0031763,DeAndre Carter,WR,WAS,2021,17,0,0,0,0,0,10,89,0,0,24,44,296,3,0,0,0,0,0,0,0,62.5,86.5,13.0,13.0,0.0,0.0,0.0,0.0,0.0,0.0,0.0,0.0,0.0,0.0,1.0,1.0,2.0,2.0,8.0,8.0,0.0,0.0,0.8,0.8,1.8,1.8,0.0,0.0,0.0,0.0,0.0,0.0,0.0,0.0,1
00-0031763,DeAndre Carter,WR,LAC,2022,17,0,0,0,0,0,2,-15,0,0,46,65,538,3,1,0,0,0,0,0,0,68.3,114.3,17.0,15.0,0.0,0.0,0.0,0.0,0.0,0.0,89.0,44.5,0.0,0.0,24.0,12.5,44.0,23.0,296.0,152.0,3.0,1.5,62.5,31.64999999999997,86.5,44.150000000000055,0.0,0.0,0.0,0.0,0.0,0.0,0.0,0.0,2
00-0031763,DeAndre Carter,WR,LV,2023,17,0,0,0,0,0,3,18,0,0,4,7,39,0,0,0,0,0,0,0,0,5.7,9.7,17.0,17.0,0.0,0.0,0.0,0.0,0.0,0.0,-15.0,37.0,0.0,0.0,46.0,35.0,65.0,54.5,538.0,417.0,3.0,3.0,68.3,65.39999999999998,114.3,100.40000000000006,0.0,0.0,0.0,0.0,0.0,0.0,0.0,0.0,3
00-0031763,DeAndre Carter,WR,CHI,2024,13,0,0,0,0,0,0,0,0,0,9,14,72,0,0,0,0,0,0,0,0,7.2,16.2,17.0,17.0,0.0,0.0,0.0,0.0,0.0,0.0,18.0,1.5,0.0,0.0,4.0,25.0,7.0,36.0,39.0,288.5,0.0,1.5,5.7,36.99999999999997,9.7,62.00000000000006,0.0,0.0,0.0,0.0,0.0,0.0,0.0,0.0,4
00-0031763,DeAndre Carter,WR,CLE,2025,4,0,0,0,0,0,0,0,0,0,0,0,0,0,0,0,0,0,0,0,0,0.0,0.0,13.0,15.0,0.0,0.0,0.0,0.0,0.0,0.0,0.0,9.0,0.0,0.0,9.0,6.5,14.0,10.5,72.0,55.5,0.0,0.0,7.2,6.449999999999972,16.2,12.950000000000056,0.0,0.0,0.0,0.0,0.0,0.0,0.0,0.0,5
00-0031787,Jake Kumerow,WR,BUF,2020,1,0,0,0,0,0,0,0,0,0,1,1,22,1,0,0,0,0,0,0,0,8.2,9.2,,13.0,,0.0,,0.0,,0.0,,0.0,,0.0,,9.0,,14.0,,72.0,,0.0,,7.2,,16.2,,0.0,,0.0,,0.0,,0.0,0
00-0031787,Jake Kumerow,WR,BUF,2021,7,0,0,0,0,0,0,0,0,0,2,6,28,0,0,0,0,0,0,0,0,2.8,4.8,1.0,1.0,0.0,0.0,0.0,0.0,0.0,0.0,0.0,0.0,0.0,0.0,1.0,1.0,1.0,1.0,22.0,22.0,1.0,1.0,8.2,8.2,9.2,9.2,0.0,0.0,0.0,0.0,0.0,0.0,0.0,0.0,1
00-0031787,Jake Kumerow,WR,BUF,2022,5,0,0,0,0,0,0,0,0,0,4,7,64,0,0,0,0,0,0,0,0,6.4,10.4,7.0,4.0,0.0,0.0,0.0,0.0,0.0,0.0,0.0,0.0,0.0,0.0,2.0,1.5,6.0,3.5,28.0,25.0,0.0,0.5,2.8,5.499999999999972,4.8,7.000000000000057,0.0,0.0,0.0,0.0,0.0,0.0,0.0,0.0,2
00-0031800,Taylor Heinicke,QB,WAS,2020,1,12,19,137,1,0,3,22,0,0,0,0,0,0,0,0,0,0,0,0,0,11.68,11.68,,7.0,,0.0,,0.0,,0.0,,0.0,,0.0,,2.0,,6.0,,28.0,,0.0,,2.8,,4.8,,0.0,,0.0,,0.0,,0.0,0
00-0031800,Taylor Heinicke,QB,WAS,2021,16,321,494,3419,20,15,60,313,1,0,1,1,-2,0,0,0,0,0,0,0,0,221.86,222.86,1.0,1.0,137.0,137.0,1.0,1.0,0.0,0.0,22.0,22.0,0.0,0.0,0.0,0.0,0.0,0.0,0.0,0.0,0.0,0.0,11.68,11.68,11.68,11.68,0.0,0.0,0.0,0.0,0.0,0.0,0.0,0.0,1
00-0031800,Taylor Heinicke,QB,WAS,2022,9,161,259,1859,12,6,28,96,1,0,0,0,0,0,0,0,0,0,0,0,0,115.96,115.96,16.0,8.5,3419.0,1778.0,20.0,10.5,15.0,7.5,313.0,167.5,1.0,0.5,1.0,0.5,1.0,0.5,-2.0,-1.0,0.0,0.0,221.86,116.76999999999998,222.86,117.27000000000007,0.0,0.0,0.0,0.0,0.0,0.0,0.0,0.0,2
00-0031800,Taylor Heinicke,QB,ATL,2023,5,74,136,890,5,4,15,124,1,0,0,0,0,0,0,0,0,0,0,0,0,66.0,66.0,9.0,12.5,1859.0,2639.0,12.0,16.0,6.0,10.5,96.0,204.5,1.0,1.0,0.0,0.5,0.0,0.5,0.0,-1.0,0.0,0.0,115.96,168.90999999999997,115.96,169.41000000000005,0.0,0.0,0.0,0.0,0.0,0.0,0.0,0.0,3
00-0031800,Taylor Heinicke,QB,LAC,2024,4,3,5,28,0,0,2,20,0,0,0,0,0,0,0,0,0,0,0,0,0,3.12,3.12,5.0,7.0,890.0,1374.5,5.0,8.5,4.0,5.0,124.0,110.0,1.0,1.0,0.0,0.0,0.0,0.0,0.0,0.0,0.0,0.0,66.0,90.97999999999996,66.0,90.98000000000005,0.0,0.0,0.0,0.0,0.0,0.0,0.0,0.0,4
00-0031806,Malcolm Brown,RB,LA,2020,16,0,0,0,0,0,101,419,5,0,23,33,162,0,1,0,0,0,0,0,0,86.1,109.1,,5.0,,890.0,,5.0,,4.0,,124.0,,1.0,,0.0,,0.0,,0.0,,0.0,,66.0,,66.0,,0.0,,0.0,,0.0,,0.0,0
00-0031806,Malcolm Brown,RB,MIA,2021,6,0,0,0,0,0,33,125,1,0,3,5,10,0,0,0,0,0,0,0,0,19.5,22.5,16.0,16.0,0.0,0.0,0.0,0.0,0.0,0.0,419.0,419.0,5.0,5.0,23.0,23.0,33.0,33.0,162.0,162.0,0.0,0.0,86.1,86.1,109.1,109.1,0.0,0.0,0.0,0.0,0.0,0.0,0.0,0.0,1
00-0031806,Malcolm Brown,RB,LA,2022,7,0,0,0,0,0,18,81,1,0,5,6,37,0,0,0,0,0,0,0,0,17.8,22.8,6.0,11.0,0.0,0.0,0.0,0.0,0.0,0.0,125.0,272.0,1.0,3.0,3.0,13.0,5.0,19.0,10.0,86.0,0.0,0.0,19.5,52.79999999999997,22.5,65.80000000000005,0.0,0.0,0.0,0.0,0.0,0.0,0.0,0.0,2
00-0031868,Damiere Byrd,WR,NE,2020,15,0,0,0,0,0,2,15,0,0,47,77,604,1,0,0,0,0,0,0,0,67.9,114.9,,6.0,,0.0,,0.0,,0.0,,125.0,,1.0,,3.0,,5.0,,10.0,,0.0,,19.5,,22.5,,0.0,,0.0,,0.0,,0.0,0
00-0031868,Damiere Byrd,WR,CHI,2021,11,0,0,0,0,0,0,0,0,0,26,38,329,1,0,0,0,0,0,0,0,40.9,66.9,15.0,15.0,0.0,0.0,0.0,0.0,0.0,0.0,15.0,15.0,0.0,0.0,47.0,47.0,77.0,77.0,604.0,604.0,1.0,1.0,67.9,67.9,114.9,114.9,0.0,0.0,0.0,0.0,0.0,0.0,0.0,0.0,1
00-0031868,Damiere Byrd,WR,ATL,2022,12,0,0,0,0,0,0,0,0,0,13,23,268,2,0,0,0,0,0,0,0,38.8,51.8,11.0,13.0,0.0,0.0,0.0,0.0,0.0,0.0,0.0,7.5,0.0,0.0,26.0,36.5,38.0,57.5,329.0,466.5,1.0,1.0,40.9,54.39999999999998,66.9,90.90000000000006,0.0,0.0,0.0,0.0,0.0,0.0,0.0,0.0,2
00-0031868,Damiere Byrd,WR,ATL,2023,1,0,0,0,0,0,0,0,0,0,0,2,0,0,0,0,0,0,0,0,0,0.0,0.0,12.0,11.5,0.0,0.0,0.0,0.0,0.0,0.0,0.0,0.0,0.0,0.0,13.0,19.5,23.0,30.5,268.0,298.5,2.0,1.5,38.8,39.849999999999966,51.8,59.35000000000006,0.0,0.0,0.0,0.0,0.0,0.0,0.0,0.0,3
00-0031934,Devin Smith,WR,JAX,2021,1,0,0,0,0,0,0,0,0,0,0,1,0,0,0,0,0,0,0,0,0,0.0,0.0,,12.0,,0.0,,0.0,,0.0,,0.0,,0.0,,13.0,,23.0,,268.0,,2.0,,38.8,,51.8,,0.0,,0.0,,0.0,,0.0,0
00-0031941,Jamison Crowder,WR,NYJ,2020,12,1,1,43,1,0,1,14,0,0,59,89,699,6,0,0,0,0,0,0,0,113.02,172.02,,,,,,,,,,,,,,,,,,,,,,,,,,,,,,,,,0
00-0031941,Jamison Crowder,WR,NYJ,2021,12,0,0,0,0,0,0,0,0,0,51,71,447,2,1,0,0,0,0,0,0,58.7,109.7,12.0,12.0,43.0,43.0,1.0,1.0,0.0,0.0,14.0,14.0,0.0,0.0,59.0,59.0,89.0,89.0,699.0,699.0,6.0,6.0,113.02,113.02,172.02,172.02,0.0,0.0,0.0,0.0,0.0,0.0,0.0,0.0,1
00-0031941,Jamison Crowder,WR,BUF,2022,4,0,0,0,0,0,0,0,0,0,6,13,60,0,0,0,0,0,0,0,0,6.0,12.0,12.0,12.0,0.0,21.5,0.0,0.5,0.0,0.0,0.0,7.0,0.0,0.0,51.0,55.0,71.0,80.0,447.0,573.0,2.0,4.0,58.7,85.85999999999999,109.7,140.86000000000007,0.0,0.0,0.0,0.0,0.0,0.0,0.0,0.0,2
00-0031941,Jamison Crowder,WR,WAS,2023,16,0,0,0,0,0,0,0,0,0,16,20,159,1,0,0,0,0,0,0,0,21.9,37.9,4.0,8.0,0.0,0.0,0.0,0.0,0.0,0.0,0.0,0.0,0.0,0.0,6.0,28.5,13.0,42.0,60.0,253.5,0.0,1.0,6.0,32.34999999999998,12.0,60.85000000000006,0.0,0.0,0.0,0.0,0.0,0.0,0.0,0.0,3
00-0031941,Jamison Crowder,WR,WAS,2024,5,0,0,0,0,0,0,0,0,0,9,13,72,2,0,0,0,0,0,0,0,19.2,28.2,16.0,10.0,0.0,0.0,0.0,0.0,0.0,0.0,0.0,0.0,0.0,0.0,16.0,11.0,20.0,16.5,159.0,109.5,1.0,0.5,21.9,13.949999999999978,37.9,24.950000000000056,0.0,0.0,0.0,0.0,0.0,0.0,0.0,0.0,4
00-0031951,James O'Shaughnessy,TE,JAX,2020,15,0,0,0,0,0,0,0,0,0,28,38,262,0,0,0,0,0,0,0,0,26.2,54.2,,16.0,,0.0,,0.0,,0.0,,0.0,,0.0,,16.0,,20.0,,159.0,,1.0,,21.9,,37.9,,0.0,,0.0,,0.0,,0.0,0
00-0031951,James O'Shaughnessy,TE,JAX,2021,7,0,0,0,0,0,0,0,0,0,24,34,244,0,0,0,0,0,0,0,0,26.4,50.4,15.0,15.0,0.0,0.0,0.0,0.0,0.0,0.0,0.0,0.0,0.0,0.0,28.0,28.0,38.0,38.0,262.0,262.0,0.0,0.0,26.2,26.2,54.2,54.2,0.0,0.0,0.0,0.0,0.0,0.0,0.0,0.0,1
00-0032009,Adam Humphries,WR,TEN,2020,7,0,0,0,0,0,0,0,0,0,23,35,228,2,0,0,0,0,0,0,0,34.8,57.8,,15.0,,0.0,,0.0,,0.0,,0.0,,0.0,,28.0,,38.0,,262.0,,0.0,,26.2,,54.2,,0.0,,0.0,,0.0,,0.0,0
00-0032009,Adam Humphries,WR,WAS,2021,17,0,0,0,0,0,0,0,0,0,41,62,383,0,0,0,0,0,0,0,0,38.3,79.3,7.0,7.0,0.0,0.0,0.0,0.0,0.0,0.0,0.0,0.0,0.0,0.0,23.0,23.0,35.0,35.0,228.0,228.0,2.0,2.0,34.8,34.8,57.8,57.8,0.0,0.0,0.0,0.0,0.0,0.0,0.0,0.0,1
00-0032054,Breshad Perriman,WR,NYJ,2020,12,0,0,0,0,0,1,6,0,0,30,60,505,3,0,0,0,0,0,0,0,69.1,99.1,,7.0,,0.0,,0.0,,0.0,,0.0,,0.0,,23.0,,35.0,,228.0,,2.0,,34.8,,57.8,,0.0,,0.0,,0.0,,0.0,0
00-0032054,Breshad Perriman,WR,TB,2021,5,0,0,0,0,0,1,-3,0,0,11,18,167,1,0,0,0,0,0,0,0,22.4,33.4,12.0,12.0,0.0,0.0,0.0,0.0,0.0,0.0,6.0,6.0,0.0,0.0,30.0,30.0,60.0,60.0,505.0,505.0,3.0,3.0,69.1,69.1,99.1,99.1,0.0,0.0,0.0,0.0,0.0,0.0,0.0,0.0,1
00-0032054,Breshad Perriman,WR,TB,2022,8,0,0,0,0,0,2,-7,0,0,9,19,110,1,1,0,0,0,0,0,0,14.3,23.3,5.0,8.5,0.0,0.0,0.0,0.0,0.0,0.0,-3.0,1.5,0.0,0.0,11.0,20.5,18.0,39.0,167.0,336.0,1.0,2.0,22.4,45.74999999999997,33.4,66.25000000000006,0.0,0.0,0.0,0.0,0.0,0.0,0.0,0.0,2
00-0032058,Tevin Coleman,RB,SF,2020,6,0,0,0,0,0,28,53,0,0,4,5,34,0,0,0,0,0,0,0,0,8.7,12.7,,5.0,,0.0,,0.0,,0.0,,-3.0,,0.0,,11.0,,18.0,,167.0,,1.0,,22.4,,33.4,,0.0,,0.0,,0.0,,0.0,0
00-0032058,Tevin Coleman,RB,NYJ,2021,11,0,0,0,0,0,84,356,0,0,11,16,49,0,0,0,0,0,0,0,0,40.5,51.5,6.0,6.0,0.0,0.0,0.0,0.0,0.0,0.0,53.0,53.0,0.0,0.0,4.0,4.0,5.0,5.0,34.0,34.0,0.0,0.0,8.7,8.7,12.7,12.7,0.0,0.0,0.0,0.0,0.0,0.0,0.0,0.0,1
00-0032058,Tevin Coleman,RB,SF,2022,2,0,0,0,0,0,12,26,1,0,3,3,44,1,0,0,0,0,0,0,0,19.0,22.0,11.0,8.5,0.0,0.0,0.0,0.0,0.0,0.0,356.0,204.5,0.0,0.0,11.0,7.5,16.0,10.5,49.0,41.5,0.0,0.0,40.5,24.59999999999998,51.5,32.10000000000006,0.0,0.0,0.0,0.0,0.0,0.0,0.0,0.0,2
00-0032062,Blake Bell,TE,DAL,2020,11,0,0,0,0,0,1,2,0,0,11,15,110,0,0,0,0,0,0,0,0,11.2,22.2,,11.0,,0.0,,0.0,,0.0,,356.0,,0.0,,11.0,,16.0,,49.0,,0.0,,40.5,,51.5,,0.0,,0.0,,0.0,,0.0,0
00-0032062,Blake Bell,TE,KC,2021,11,0,0,0,0,0,4,10,0,0,9,13,87,0,0,0,0,0,0,0,0,9.7,18.7,11.0,11.0,0.0,0.0,0.0,0.0,0.0,0.0,2.0,2.0,0.0,0.0,11.0,11.0,15.0,15.0,110.0,110.0,0.0,0.0,11.2,11.2,22.2,22.2,0.0,0.0,0.0,0.0,0.0,0.0,0.0,0.0,1
00-0032062,Blake Bell,TE,KC,2022,2,0,0,0,0,0,0,0,0,0,2,2,20,1,0,0,0,0,0,0,0,8.0,10.0,11.0,11.0,0.0,0.0,0.0,0.0,0.0,0.0,10.0,6.0,0.0,0.0,9.0,10.0,13.0,14.0,87.0,98.5,0.0,0.0,9.7,10.449999999999978,18.7,20.450000000000056,0.0,0.0,0.0,0.0,0.0,0.0,0.0,0.0,2
00-0032062,Blake Bell,TE,KC,2023,7,0,0,0,0,0,0,0,0,0,5,9,26,1,1,0,0,0,0,0,0,6.6,11.6,2.0,6.5,0.0,0.0,0.0,0.0,0.0,0.0,0.0,5.0,0.0,0.0,2.0,5.5,2.0,7.5,20.0,53.5,1.0,0.5,8.0,8.849999999999978,10.0,14.350000000000056,0.0,0.0,0.0,0.0,0.0,0.0,0.0,0.0,3
00-0032063,Mike Davis,RB,CAR,2020,15,0,0,0,0,0,165,642,6,1,59,70,373,2,0,0,0,0,0,0,0,147.5,206.5,,2.0,,0.0,,0.0,,0.0,,0.0,,0.0,,2.0,,2.0,,20.0,,1.0,,8.0,,10.0,,0.0,,0.0,,0.0,,0.0,0
00-0032063,Mike Davis,RB,ATL,2021,17,0,0,0,0,0,138,503,3,1,44,58,259,1,2,0,0,0,0,0,0,94.2,138.2,15.0,15.0,0.0,0.0,0.0,0.0,0.0,0.0,642.0,642.0,6.0,6.0,59.0,59.0,70.0,70.0,373.0,373.0,2.0,2.0,147.5,147.5,206.5,206.5,0.0,0.0,0.0,0.0,0.0,0.0,0.0,0.0,1
00-0032063,Mike Davis,RB,BAL,2022,5,0,0,0,0,0,8,18,0,0,2,2,4,0,0,0,0,0,0,0,0,2.2,4.2,17.0,16.0,0.0,0.0,0.0,0.0,0.0,0.0,503.0,572.5,3.0,4.5,44.0,51.5,58.0,64.0,259.0,316.0,1.0,1.5,94.2,120.84999999999997,138.2,172.35000000000005,0.0,0.0,0.0,0.0,0.0,0.0,0.0,0.0,2
00-0032087,Josh Lambo,K,JAX,2020,4,0,0,0,0,0,0,0,0,0,0,0,0,0,0,5,5,2,0,8,10,0.0,0.0,,17.0,,0.0,,0.0,,0.0,,503.0,,3.0,,44.0,,58.0,,259.0,,1.0,,94.2,,138.2,,0.0,,0.0,,0.0,,0.0,0
00-0032087,Josh Lambo,K,JAX,2021,3,0,0,0,0,0,0,0,0,0,0,0,0,0,0,0,3,0,0,5,7,0.0,0.0,4.0,4.0,0.0,0.0,0.0,0.0,0.0,0.0,0.0,0.0,0.0,0.0,0.0,0.0,0.0,0.0,0.0,0.0,0.0,0.0,0.0,0.0,0.0,0.0,5.0,5.0,5.0,5.0,8.0,8.0,10.0,10.0,1
00-0032087,Josh Lambo,K,TEN,2022,1,0,0,0,0,0,0,0,0,0,0,0,0,0,0,0,0,0,0,3,4,0.0,0.0,3.0,3.5,0.0,0.0,0.0,0.0,0.0,0.0,0.0,0.0,0.0,0.0,0.0,0.0,0.0,0.0,0.0,0.0,0.0,0.0,0.0,0.0,0.0,0.0,0.0,2.5,3.0,4.0,5.0,6.5,7.0,8.5,2
00-0032098,Daniel Brown,TE,NYJ,2020,8,0,0,0,0,0,0,0,0,0,2,2,31,0,0,0,0,0,0,0,0,3.1,5.1,,3.0,,0.0,,0.0,,0.0,,0.0,,0.0,,0.0,,0.0,,0.0,,0.0,,0.0,,0.0,,0.0,,3.0,,5.0,,7.0,0
00-0032098,Daniel Brown,TE,NYJ,2021,3,0,0,0,0,0,0,0,0,0,2,2,29,0,0,0,0,0,0,0,0,2.9,4.9,8.0,8.0,0.0,0.0,0.0,0.0,0.0,0.0,0.0,0.0,0.0,0.0,2.0,2.0,2.0,2.0,31.0,31.0,0.0,0.0,3.1,3.1,5.1,5.1,0.0,0.0,0.0,0.0,0.0,0.0,0.0,0.0,1
00-0032104,Ameer Abdullah,RB,MIN,2020,11,0,0,0,0,0,8,42,0,0,8,9,58,2,0,0,0,0,0,0,0,22.0,30.0,,8.0,,0.0,,0.0,,0.0,,0.0,,0.0,,2.0,,2.0,,31.0,,0.0,,3.1,,5.1,,0.0,,0.0,,0.0,,0.0,0
00-0032104,Ameer Abdullah,RB,CAR,2021,17,0,0,0,0,0,51,166,0,0,38,53,289,1,0,0,0,0,0,0,0,51.5,89.5,11.0,11.0,0.0,0.0,0.0,0.0,0.0,0.0,42.0,42.0,0.0,0.0,8.0,8.0,9.0,9.0,58.0,58.0,2.0,2.0,22.0,22.0,30.0,30.0,0.0,0.0,0.0,0.0,0.0,0.0,0.0,0.0,1
00-0032104,Ameer Abdullah,RB,LV,2022,16,0,0,0,0,0,4,20,0,0,25,32,211,1,0,0,0,0,0,0,0,29.1,54.1,17.0,14.0,0.0,0.0,0.0,0.0,0.0,0.0,166.0,104.0,0.0,0.0,38.0,23.0,53.0,31.0,289.0,173.5,1.0,1.5,51.5,36.74999999999997,89.5,59.75000000000006,0.0,0.0,0.0,0.0,0.0,0.0,0.0,0.0,2
00-0032104,Ameer Abdullah,RB,LV,2023,16,0,0,0,0,0,15,89,0,0,19,24,131,0,0,0,0,0,0,0,0,22.0,41.0,16.0,16.5,0.0,0.0,0.0,0.0,0.0,0.0,20.0,93.0,0.0,0.0,25.0,31.5,32.0,42.5,211.0,250.0,1.0,1.0,29.1,40.29999999999997,54.1,71.80000000000005,0.0,0.0,0.0,0.0,0.0,0.0,0.0,0.0,3
00-0032104,Ameer Abdullah,RB,LV,2024,15,0,0,0,0,0,66,311,2,1,40,47,261,3,0,0,0,0,0,0,0,85.2,125.2,16.0,16.0,0.0,0.0,0.0,0.0,0.0,0.0,89.0,54.5,0.0,0.0,19.0,22.0,24.0,28.0,131.0,171.0,0.0,0.5,22.0,25.549999999999972,41.0,47.550000000000054,0.0,0.0,0.0,0.0,0.0,0.0,0.0,0.0,4
00-0032104,Ameer Abdullah,RB,IND,2025,13,0,0,0,0,0,14,60,1,0,16,17,99,0,0,0,0,0,0,0,0,21.9,37.9,15.0,15.5,0.0,0.0,0.0,0.0,0.0,0.0,311.0,200.0,2.0,1.0,40.0,29.5,47.0,35.5,261.0,196.0,3.0,1.5,85.2,53.59999999999997,125.2,83.10000000000007,0.0,0.0,0.0,0.0,0.0,0.0,0.0,0.0,5
00-0032128,Chris Conley,WR,JAX,2020,14,0,0,0,0,0,0,0,0,0,40,63,471,2,1,0,0,0,0,0,0,57.1,97.1,,15.0,,0.0,,0.0,,0.0,,311.0,,2.0,,40.0,,47.0,,261.0,,3.0,,85.2,,125.2,,0.0,,0.0,,0.0,,0.0,0
00-0032128,Chris Conley,WR,HOU,2021,14,0,0,0,0,0,1,3,0,0,22,37,323,2,1,0,0,0,0,0,0,42.6,64.6,14.0,14.0,0.0,0.0,0.0,0.0,0.0,0.0,0.0,0.0,0.0,0.0,40.0,40.0,63.0,63.0,471.0,471.0,2.0,2.0,57.1,57.1,97.1,97.1,0.0,0.0,0.0,0.0,0.0,0.0,0.0,0.0,1
00-0032128,Chris Conley,WR,TEN,2022,4,0,0,0,0,0,0,0,0,0,4,7,46,0,0,0,0,0,0,0,0,4.6,8.6,14.0,14.0,0.0,0.0,0.0,0.0,0.0,0.0,3.0,1.5,0.0,0.0,22.0,31.0,37.0,50.0,323.0,397.0,2.0,2.0,42.6,49.84999999999997,64.6,80.85000000000005,0.0,0.0,0.0,0.0,0.0,0.0,0.0,0.0,2
00-0032128,Chris Conley,WR,SF,2023,1,0,0,0,0,0,0,0,0,0,3,6,69,0,0,0,0,0,0,0,0,6.9,9.9,4.0,9.0,0.0,0.0,0.0,0.0,0.0,0.0,0.0,1.5,0.0,0.0,4.0,13.0,7.0,22.0,46.0,184.5,0.0,1.0,4.6,23.599999999999973,8.6,36.60000000000006,0.0,0.0,0.0,0.0,0.0,0.0,0.0,0.0,3
00-0032128,Chris Conley,WR,SF,2024,9,0,0,0,0,0,0,0,0,0,6,12,76,0,0,0,0,0,0,0,0,7.6,13.6,1.0,2.5,0.0,0.0,0.0,0.0,0.0,0.0,0.0,0.0,0.0,0.0,3.0,3.5,6.0,6.5,69.0,57.5,0.0,0.0,6.9,5.749999999999972,9.9,9.250000000000064,0.0,0.0,0.0,0.0,0.0,0.0,0.0,0.0,4
00-0032134,C.J. Uzomah,TE,CIN,2020,2,0,0,0,0,0,0,0,0,0,8,11,87,1,0,0,0,0,0,0,0,14.7,22.7,,1.0,,0.0,,0.0,,0.0,,0.0,,0.0,,3.0,,6.0,,69.0,,0.0,,6.9,,9.9,,0.0,,0.0,,0.0,,0.0,0
00-0032134,C.J. Uzomah,TE,CIN,2021,16,0,0,0,0,0,0,0,0,0,49,63,493,5,0,0,0,0,0,0,0,79.3,128.3,2.0,2.0,0.0,0.0,0.0,0.0,0.0,0.0,0.0,0.0,0.0,0.0,8.0,8.0,11.0,11.0,87.0,87.0,1.0,1.0,14.7,14.7,22.7,22.7,0.0,0.0,0.0,0.0,0.0,0.0,0.0,0.0,1
00-0032134,C.J. Uzomah,TE,NYJ,2022,14,0,0,0,0,0,0,0,0,0,21,27,232,2,0,0,0,0,0,0,0,35.2,56.2,16.0,9.0,0.0,0.0,0.0,0.0,0.0,0.0,0.0,0.0,0.0,0.0,49.0,28.5,63.0,37.0,493.0,290.0,5.0,3.0,79.3,46.99999999999997,128.3,75.50000000000007,0.0,0.0,0.0,0.0,0.0,0.0,0.0,0.0,2
00-0032134,C.J. Uzomah,TE,NYJ,2023,8,0,0,0,0,0,0,0,0,0,8,12,58,1,0,0,0,0,0,0,0,11.8,19.8,14.0,15.0,0.0,0.0,0.0,0.0,0.0,0.0,0.0,0.0,0.0,0.0,21.0,35.0,27.0,45.0,232.0,362.5,2.0,3.5,35.2,57.24999999999997,56.2,92.25000000000009,0.0,0.0,0.0,0.0,0.0,0.0,0.0,0.0,3
00-0032134,C.J. Uzomah,TE,PHI,2024,2,0,0,0,0,0,0,0,0,0,0,0,0,0,0,0,0,0,0,0,0,0.0,0.0,8.0,11.0,0.0,0.0,0.0,0.0,0.0,0.0,0.0,0.0,0.0,0.0,8.0,14.5,12.0,19.5,58.0,145.0,1.0,1.5,11.8,23.49999999999997,19.8,38.00000000000007,0.0,0.0,0.0,0.0,0.0,0.0,0.0,0.0,4
00-0032135,Jesse James,TE,DET,2020,13,0,0,0,0,0,0,0,0,0,14,22,129,2,0,0,0,0,0,0,0,24.9,38.9,,8.0,,0.0,,0.0,,0.0,,0.0,,0.0,,8.0,,12.0,,58.0,,1.0,,11.8,,19.8,,0.0,,0.0,,0.0,,0.0,0
00-0032135,Jesse James,TE,CHI,2021,5,0,0,0,0,0,0,0,0,0,7,8,62,1,0,0,0,0,0,0,0,12.2,19.2,13.0,13.0,0.0,0.0,0.0,0.0,0.0,0.0,0.0,0.0,0.0,0.0,14.0,14.0,22.0,22.0,129.0,129.0,2.0,2.0,24.9,24.9,38.9,38.9,0.0,0.0,0.0,0.0,0.0,0.0,0.0,0.0,1
00-0032141,Geoff Swaim,TE,TEN,2020,7,0,0,0,0,0,0,0,0,0,9,12,83,1,0,0,0,0,0,0,0,14.3,23.3,,13.0,,0.0,,0.0,,0.0,,0.0,,0.0,,14.0,,22.0,,129.0,,2.0,,24.9,,38.9,,0.0,,0.0,,0.0,,0.0,0
00-0032141,Geoff Swaim,TE,TEN,2021,16,0,0,0,0,0,0,0,0,0,31,40,210,3,0,0,0,0,0,0,0,39.0,70.0,7.0,7.0,0.0,0.0,0.0,0.0,0.0,0.0,0.0,0.0,0.0,0.0,9.0,9.0,12.0,12.0,83.0,83.0,1.0,1.0,14.3,14.3,23.3,23.3,0.0,0.0,0.0,0.0,0.0,0.0,0.0,0.0,1
00-0032141,Geoff Swaim,TE,TEN,2022,12,0,0,0,0,0,0,0,0,0,12,16,58,1,0,0,0,0,0,0,0,11.8,23.8,16.0,11.5,0.0,0.0,0.0,0.0,0.0,0.0,0.0,0.0,0.0,0.0,31.0,20.0,40.0,26.0,210.0,146.5,3.0,2.0,39.0,26.64999999999997,70.0,46.65000000000008,0.0,0.0,0.0,0.0,0.0,0.0,0.0,0.0,2
00-0032141,Geoff Swaim,TE,ARI,2023,8,0,0,0,0,0,0,0,0,0,10,11,94,0,0,0,0,0,0,0,0,9.4,19.4,12.0,14.0,0.0,0.0,0.0,0.0,0.0,0.0,0.0,0.0,0.0,0.0,12.0,21.5,16.0,28.0,58.0,134.0,1.0,2.0,11.8,25.39999999999997,23.8,46.90000000000008,0.0,0.0,0.0,0.0,0.0,0.0,0.0,0.0,3
00-0032141,Geoff Swaim,TE,CLE,2024,3,0,0,0,0,0,0,0,0,0,1,1,7,0,0,0,0,0,0,0,0,0.7,1.7,8.0,10.0,0.0,0.0,0.0,0.0,0.0,0.0,0.0,0.0,0.0,0.0,10.0,11.0,11.0,13.5,94.0,76.0,0.0,0.5,9.4,10.599999999999973,19.4,21.60000000000008,0.0,0.0,0.0,0.0,0.0,0.0,0.0,0.0,4
00-0032144,Melvin Gordon,RB,DEN,2020,15,0,0,0,0,0,215,986,9,2,32,44,158,1,2,0,0,0,0,0,0,166.4,198.4,,8.0,,0.0,,0.0,,0.0,,0.0,,0.0,,10.0,,11.0,,94.0,,0.0,,9.4,,19.4,,0.0,,0.0,,0.0,,0.0,0
00-0032144,Melvin Gordon,RB,DEN,2021,16,0,0,0,0,0,203,918,8,3,28,38,213,2,0,0,0,0,0,0,0,167.1,195.1,15.0,15.0,0.0,0.0,0.0,0.0,0.0,0.0,986.0,986.0,9.0,9.0,32.0,32.0,44.0,44.0,158.0,158.0,1.0,1.0,166.4,166.4,198.4,198.4,0.0,0.0,0.0,0.0,0.0,0.0,0.0,0.0,1
00-0032144,Melvin Gordon,RB,DEN,2022,10,0,0,0,0,0,90,318,2,2,25,32,223,0,0,0,0,0,0,0,0,62.1,87.1,16.0,15.5,0.0,0.0,0.0,0.0,0.0,0.0,918.0,952.0,8.0,8.5,28.0,30.0,38.0,41.0,213.0,185.5,2.0,1.5,167.1,166.74999999999997,195.1,196.75000000000009,0.0,0.0,0.0,0.0,0.0,0.0,0.0,0.0,2
00-0032144,Melvin Gordon,RB,BAL,2023,4,0,0,0,0,0,26,81,1,1,3,3,46,0,0,0,0,0,0,0,0,16.7,19.7,10.0,13.0,0.0,0.0,0.0,0.0,0.0,0.0,318.0,618.0,2.0,5.0,25.0,26.5,32.0,35.0,223.0,218.0,0.0,1.0,62.1,114.59999999999997,87.1,141.10000000000008,0.0,0.0,0.0,0.0,0.0,0.0,0.0,0.0,3
00-0032156,Trevor Siemian,QB,NO,2021,6,108,188,1154,11,3,9,20,1,0,0,0,0,0,0,0,0,0,0,0,0,90.16,90.16,,10.0,,0.0,,0.0,,0.0,,318.0,,2.0,,25.0,,32.0,,223.0,,0.0,,62.1,,87.1,,0.0,,0.0,,0.0,,0.0,0
00-0032156,Trevor Siemian,QB,CHI,2022,2,15,26,184,1,1,4,8,0,0,0,0,0,0,0,0,0,0,0,0,0,10.16,10.16,6.0,6.0,1154.0,1154.0,11.0,11.0,3.0,3.0,20.0,20.0,1.0,1.0,0.0,0.0,0.0,0.0,0.0,0.0,0.0,0.0,90.16,90.16,90.16,90.16,0.0,0.0,0.0,0.0,0.0,0.0,0.0,0.0,1
00-0032156,Trevor Siemian,QB,NYJ,2023,5,86,153,724,2,4,11,40,0,1,0,0,0,0,0,0,0,0,0,0,0,26.96,26.96,2.0,4.0,184.0,669.0,1.0,6.0,1.0,2.0,8.0,14.0,0.0,0.5,0.0,0.0,0.0,0.0,0.0,0.0,0.0,0.0,10.16,50.15999999999997,10.16,50.16000000000008,0.0,0.0,0.0,0.0,0.0,0.0,0.0,0.0,2
00-0032160,Tyrell Williams,WR,DET,2021,1,0,0,0,0,0,0,0,0,0,2,3,14,0,0,0,0,0,0,0,0,1.4,3.4,,2.0,,184.0,,1.0,,1.0,,8.0,,0.0,,0.0,,0.0,,0.0,,0.0,,10.16,,10.16,,0.0,,0.0,,0.0,,0.0,0
00-0032187,David Johnson,RB,HOU,2020,12,0,0,0,0,0,147,691,6,0,33,46,314,2,1,0,0,0,0,0,0,146.5,179.5,,,,,,,,,,,,,,,,,,,,,,,,,,,,,,,,,0
00-0032187,David Johnson,RB,HOU,2021,13,0,0,0,0,0,67,228,0,1,32,42,225,1,0,0,0,0,0,0,0,49.3,81.3,12.0,12.0,0.0,0.0,0.0,0.0,0.0,0.0,691.0,691.0,6.0,6.0,33.0,33.0,46.0,46.0,314.0,314.0,2.0,2.0,146.5,146.5,179.5,179.5,0.0,0.0,0.0,0.0,0.0,0.0,0.0,0.0,1
00-0032187,David Johnson,RB,NO,2022,4,0,0,0,0,0,12,24,0,1,4,4,47,0,0,0,0,0,0,0,0,5.1,9.1,13.0,12.5,0.0,0.0,0.0,0.0,0.0,0.0,228.0,459.5,0.0,3.0,32.0,32.5,42.0,44.0,225.0,269.5,1.0,1.5,49.3,97.89999999999998,81.3,130.4000000000001,0.0,0.0,0.0,0.0,0.0,0.0,0.0,0.0,2
00-0032200,Ty Montgomery,WR,NO,2020,4,0,0,0,0,0,19,101,0,0,3,6,27,0,0,0,0,0,0,0,0,12.8,15.8,,13.0,,0.0,,0.0,,0.0,,228.0,,0.0,,32.0,,42.0,,225.0,,1.0,,49.3,,81.3,,0.0,,0.0,,0.0,,0.0,0
00-0032200,Ty Montgomery,WR,NO,2021,14,0,0,0,0,0,15,44,0,0,16,26,95,0,0,0,0,0,0,0,0,13.9,29.9,4.0,4.0,0.0,0.0,0.0,0.0,0.0,0.0,101.0,101.0,0.0,0.0,3.0,3.0,6.0,6.0,27.0,27.0,0.0,0.0,12.8,12.8,15.8,15.8,0.0,0.0,0.0,0.0,0.0,0.0,0.0,0.0,1
00-0032200,Ty Montgomery,WR,NE,2022,1,0,0,0,0,0,2,-2,0,0,3,4,15,1,0,0,0,0,0,0,0,7.3,10.3,14.0,9.0,0.0,0.0,0.0,0.0,0.0,0.0,44.0,72.5,0.0,0.0,16.0,9.5,26.0,16.0,95.0,61.0,0.0,0.0,13.9,13.349999999999973,29.9,22.850000000000087,0.0,0.0,0.0,0.0,0.0,0.0,0.0,0.0,2
00-0032200,Ty Montgomery,WR,NE,2023,11,0,0,0,0,0,3,9,0,0,5,12,40,0,0,0,0,0,0,0,0,4.9,9.9,1.0,7.5,0.0,0.0,0.0,0.0,0.0,0.0,-2.0,21.0,0.0,0.0,3.0,9.5,4.0,15.0,15.0,55.0,1.0,0.5,7.3,10.599999999999971,10.3,20.100000000000087,0.0,0.0,0.0,0.0,0.0,0.0,0.0,0.0,3
00-0032208,Phillip Dorsett,WR,HOU,2021,5,0,0,0,0,0,1,0,0,0,7,14,110,0,0,0,0,0,0,0,0,11.0,18.0,,1.0,,0.0,,0.0,,0.0,,-2.0,,0.0,,3.0,,4.0,,15.0,,1.0,,7.3,,10.3,,0.0,,0.0,,0.0,,0.0,0
00-0032208,Phillip Dorsett,WR,HOU,2022,15,0,1,0,0,0,0,0,0,0,20,40,257,1,0,0,0,0,0,0,0,31.7,51.7,5.0,5.0,0.0,0.0,0.0,0.0,0.0,0.0,0.0,0.0,0.0,0.0,7.0,7.0,14.0,14.0,110.0,110.0,0.0,0.0,11.0,11.0,18.0,18.0,0.0,0.0,0.0,0.0,0.0,0.0,0.0,0.0,1
00-0032208,Phillip Dorsett,WR,DEN,2023,2,0,0,0,0,0,0,0,0,0,0,3,0,0,0,0,0,0,0,0,0,0.0,0.0,15.0,10.0,0.0,0.0,0.0,0.0,0.0,0.0,0.0,0.0,0.0,0.0,20.0,13.5,40.0,27.0,257.0,183.5,1.0,0.5,31.7,21.349999999999973,51.7,34.85000000000009,0.0,0.0,0.0,0.0,0.0,0.0,0.0,0.0,2
00-0032209,T.J. Yeldon,RB,BUF,2020,3,0,0,0,0,0,10,70,0,0,1,4,22,1,0,0,0,0,0,0,0,15.2,16.2,,15.0,,0.0,,0.0,,0.0,,0.0,,0.0,,20.0,,40.0,,257.0,,1.0,,31.7,,51.7,,0.0,,0.0,,0.0,,0.0,0
00-0032211,Tyler Lockett,WR,SEA,2020,16,0,0,0,0,0,0,0,0,0,100,132,1054,10,0,0,0,0,0,0,0,165.4,265.4,,,,,,,,,,,,,,,,,,,,,,,,,,,,,,,,,0
00-0032211,Tyler Lockett,WR,SEA,2021,16,0,0,0,0,0,2,9,0,0,73,107,1175,8,0,0,0,0,0,0,0,168.4,241.4,16.0,16.0,0.0,0.0,0.0,0.0,0.0,0.0,0.0,0.0,0.0,0.0,100.0,100.0,132.0,132.0,1054.0,1054.0,10.0,10.0,165.4,165.4,265.4,265.4,0.0,0.0,0.0,0.0,0.0,0.0,0.0,0.0,1
00-0032211,Tyler Lockett,WR,SEA,2022,16,0,0,0,0,0,0,0,0,0,84,117,1033,9,1,0,0,0,0,0,0,155.3,239.3,16.0,16.0,0.0,0.0,0.0,0.0,0.0,0.0,9.0,4.5,0.0,0.0,73.0,86.5,107.0,119.5,1175.0,1114.5,8.0,9.0,168.4,166.89999999999998,241.4,253.4000000000001,0.0,0.0,0.0,0.0,0.0,0.0,0.0,0.0,2
00-0032211,Tyler Lockett,WR,SEA,2023,17,0,0,0,0,0,0,0,0,0,79,122,894,5,0,0,0,0,0,0,0,123.4,202.4,16.0,16.0,0.0,0.0,0.0,0.0,0.0,0.0,0.0,4.5,0.0,0.0,84.0,78.5,117.0,112.0,1033.0,1104.0,9.0,8.5,155.3,161.84999999999997,239.3,240.35000000000008,0.0,0.0,0.0,0.0,0.0,0.0,0.0,0.0,3
00-0032211,Tyler Lockett,WR,SEA,2024,17,0,0,0,0,0,0,0,0,0,49,74,600,2,0,0,0,0,0,0,0,72.0,121.0,17.0,16.5,0.0,0.0,0.0,0.0,0.0,0.0,0.0,0.0,0.0,0.0,79.0,81.5,122.0,119.5,894.0,963.5,5.0,7.0,123.4,139.34999999999997,202.4,220.85000000000008,0.0,0.0,0.0,0.0,0.0,0.0,0.0,0.0,4
00-0032211,Tyler Lockett,WR,LV,2025,17,0,0,0,0,0,0,0,0,0,32,55,291,1,0,0,0,0,0,0,0,35.1,67.1,17.0,17.0,0.0,0.0,0.0,0.0,0.0,0.0,0.0,0.0,0.0,0.0,49.0,64.0,74.0,98.0,600.0,747.0,2.0,3.5,72.0,97.69999999999997,121.0,161.7000000000001,0.0,0.0,0.0,0.0,0.0,0.0,0.0,0.0,5
00-0032214,Tyler Kroft,TE,BUF,2020,7,0,0,0,0,0,0,0,0,0,12,16,119,3,0,0,0,0,0,0,0,29.9,41.9,,17.0,,0.0,,0.0,,0.0,,0.0,,0.0,,49.0,,74.0,,600.0,,2.0,,72.0,,121.0,,0.0,,0.0,,0.0,,0.0,0
00-0032214,Tyler Kroft,TE,NYJ,2021,9,0,0,0,0,0,0,0,0,0,16,25,173,1,0,0,0,0,0,0,0,23.3,39.3,7.0,7.0,0.0,0.0,0.0,0.0,0.0,0.0,0.0,0.0,0.0,0.0,12.0,12.0,16.0,16.0,119.0,119.0,3.0,3.0,29.9,29.9,41.9,41.9,0.0,0.0,0.0,0.0,0.0,0.0,0.0,0.0,1
00-0032214,Tyler Kroft,TE,SF,2022,6,0,0,0,0,0,0,0,0,0,4,5,57,0,0,0,0,0,0,0,0,5.7,9.7,9.0,8.0,0.0,0.0,0.0,0.0,0.0,0.0,0.0,0.0,0.0,0.0,16.0,14.0,25.0,20.5,173.0,146.0,1.0,2.0,23.3,26.599999999999973,39.3,40.60000000000008,0.0,0.0,0.0,0.0,0.0,0.0,0.0,0.0,2
00-0032214,Tyler Kroft,TE,MIA,2023,1,0,0,0,0,0,0,0,0,0,0,0,0,0,0,0,0,0,0,0,0,0.0,0.0,6.0,7.5,0.0,0.0,0.0,0.0,0.0,0.0,0.0,0.0,0.0,0.0,4.0,10.0,5.0,15.0,57.0,115.0,0.0,0.5,5.7,14.499999999999972,9.7,24.500000000000085,0.0,0.0,0.0,0.0,0.0,0.0,0.0,0.0,3
00-0032241,Todd Gurley,RB,ATL,2020,15,0,0,0,0,0,195,678,9,0,25,35,164,0,0,0,0,0,0,0,0,138.2,163.2,,6.0,,0.0,,0.0,,0.0,,0.0,,0.0,,4.0,,5.0,,57.0,,0.0,,5.7,,9.7,,0.0,,0.0,,0.0,,0.0,0
00-0032245,Sean Mannion,QB,MIN,2021,1,22,36,189,1,0,2,14,0,0,0,0,0,0,0,0,0,0,0,0,0,12.96,12.96,,,,,,,,,,,,,,,,,,,,,,,,,,,,,,,,,0
00-0032257,Duke Johnson,RB,HOU,2020,11,0,0,0,0,0,77,235,1,2,28,35,249,1,0,0,0,0,0,0,0,56.4,84.4,,,,,,,,,,,,,,,,,,,,,,,,,,,,,,,,,0
00-0032257,Duke Johnson,RB,MIA,2021,5,0,0,0,0,0,71,330,3,0,4,5,41,0,0,0,0,0,0,0,0,55.1,59.1,11.0,11.0,0.0,0.0,0.0,0.0,0.0,0.0,235.0,235.0,1.0,1.0,28.0,28.0,35.0,35.0,249.0,249.0,1.0,1.0,56.4,56.4,84.4,84.4,0.0,0.0,0.0,0.0,0.0,0.0,0.0,0.0,1
00-0032257,Duke Johnson,RB,BUF,2022,1,0,0,0,0,0,2,4,0,0,0,0,0,0,0,0,0,0,0,0,0,0.4,0.4,5.0,8.0,0.0,0.0,0.0,0.0,0.0,0.0,330.0,282.5,3.0,2.0,4.0,16.0,5.0,20.0,41.0,145.0,0.0,0.5,55.1,55.74999999999997,59.1,71.75000000000009,0.0,0.0,0.0,0.0,0.0,0.0,0.0,0.0,2
00-0032268,Marcus Mariota,QB,LV,2020,1,17,28,226,1,1,9,88,1,0,0,0,0,0,0,0,0,0,0,0,0,25.84,25.84,,5.0,,0.0,,0.0,,0.0,,330.0,,3.0,,4.0,,5.0,,41.0,,0.0,,55.1,,59.1,,0.0,,0.0,,0.0,,0.0,0
00-0032268,Marcus Mariota,QB,LV,2021,7,1,2,4,0,0,13,87,1,0,0,0,0,0,0,0,0,0,0,0,0,14.86,14.86,1.0,1.0,226.0,226.0,1.0,1.0,1.0,1.0,88.0,88.0,1.0,1.0,0.0,0.0,0.0,0.0,0.0,0.0,0.0,0.0,25.84,25.84,25.84,25.84,0.0,0.0,0.0,0.0,0.0,0.0,0.0,0.0,1
00-0032268,Marcus Mariota,QB,ATL,2022,13,184,300,2219,15,9,85,438,4,2,0,0,0,0,0,0,0,0,0,0,0,196.56,196.56,7.0,4.0,4.0,115.0,0.0,0.5,0.0,0.5,87.0,87.5,1.0,1.0,0.0,0.0,0.0,0.0,0.0,0.0,0.0,0.0,14.86,20.349999999999973,14.86,20.350000000000087,0.0,0.0,0.0,0.0,0.0,0.0,0.0,0.0,2
00-0032268,Marcus Mariota,QB,PHI,2023,2,15,23,164,1,1,8,52,0,0,0,0,0,0,0,0,0,0,0,0,0,11.76,11.76,13.0,10.0,2219.0,1111.5,15.0,7.5,9.0,4.5,438.0,262.5,4.0,2.5,0.0,0.0,0.0,0.0,0.0,0.0,0.0,0.0,196.56,105.70999999999998,196.56,105.7100000000001,0.0,0.0,0.0,0.0,0.0,0.0,0.0,0.0,3
00-0032268,Marcus Mariota,QB,WAS,2024,3,34,44,364,4,0,18,92,1,0,0,0,0,0,0,0,0,0,0,0,0,45.76,45.76,2.0,7.5,164.0,1191.5,1.0,8.0,1.0,5.0,52.0,245.0,0.0,2.0,0.0,0.0,0.0,0.0,0.0,0.0,0.0,0.0,11.76,104.15999999999997,11.76,104.16000000000008,0.0,0.0,0.0,0.0,0.0,0.0,0.0,0.0,4
00-0032268,Marcus Mariota,QB,WAS,2025,10,139,227,1695,10,7,50,297,1,2,0,0,0,0,0,0,0,0,0,0,0,125.5,125.5,3.0,2.5,364.0,264.0,4.0,2.5,0.0,0.5,92.0,72.0,1.0,0.5,0.0,0.0,0.0,0.0,0.0,0.0,0.0,0.0,45.76,28.75999999999997,45.76,28.760000000000083,0.0,0.0,0.0,0.0,0.0,0.0,0.0,0.0,5
00-0032355,Chester Rogers,WR,TEN,2021,16,0,0,0,0,0,1,9,0,0,30,43,301,1,0,0,0,0,0,0,0,37.0,67.0,,3.0,,364.0,,4.0,,0.0,,92.0,,1.0,,0.0,,0.0,,0.0,,0.0,,45.76,,45.76,,0.0,,0.0,,0.0,,0.0,0
00-0032355,Chester Rogers,WR,CLE,2022,3,0,0,0,0,0,0,0,0,0,0,0,0,0,0,0,0,0,0,0,0,0.0,0.0,16.0,16.0,0.0,0.0,0.0,0.0,0.0,0.0,9.0,9.0,0.0,0.0,30.0,30.0,43.0,43.0,301.0,301.0,1.0,1.0,37.0,37.0,67.0,67.0,0.0,0.0,0.0,0.0,0.0,0.0,0.0,0.0,1
00-0032385,Sterling Shepard,WR,NYG,2020,12,0,0,0,0,0,6,49,1,0,66,90,656,3,0,0,0,0,0,0,0,96.5,162.5,,16.0,,0.0,,0.0,,0.0,,9.0,,0.0,,30.0,,43.0,,301.0,,1.0,,37.0,,67.0,,0.0,,0.0,,0.0,,0.0,0
00-0032385,Sterling Shepard,WR,NYG,2021,7,0,0,0,0,0,1,-9,0,0,36,53,366,1,0,0,0,0,0,0,0,41.7,77.7,12.0,12.0,0.0,0.0,0.0,0.0,0.0,0.0,49.0,49.0,1.0,1.0,66.0,66.0,90.0,90.0,656.0,656.0,3.0,3.0,96.5,96.5,162.5,162.5,0.0,0.0,0.0,0.0,0.0,0.0,0.0,0.0,1
00-0032385,Sterling Shepard,WR,NYG,2022,3,0,0,0,0,0,0,0,0,0,13,24,154,1,0,0,0,0,0,0,0,21.4,34.4,7.0,9.5,0.0,0.0,0.0,0.0,0.0,0.0,-9.0,20.0,0.0,0.5,36.0,51.0,53.0,71.5,366.0,511.0,1.0,2.0,41.7,69.09999999999997,77.7,120.10000000000008,0.0,0.0,0.0,0.0,0.0,0.0,0.0,0.0,2
00-0032385,Sterling Shepard,WR,NYG,2023,10,0,0,0,0,0,1,6,0,0,10,22,57,1,0,0,0,0,0,0,0,12.3,22.3,3.0,5.0,0.0,0.0,0.0,0.0,0.0,0.0,0.0,-4.5,0.0,0.0,13.0,24.5,24.0,38.5,154.0,260.0,1.0,1.0,21.4,31.549999999999972,34.4,56.05000000000008,0.0,0.0,0.0,0.0,0.0,0.0,0.0,0.0,3
00-0032385,Sterling Shepard,WR,TB,2024,13,0,0,0,0,0,8,69,0,0,32,51,334,1,0,0,0,0,0,0,0,48.3,80.3,10.0,6.5,0.0,0.0,0.0,0.0,0.0,0.0,6.0,3.0,0.0,0.0,10.0,11.5,22.0,23.0,57.0,105.5,1.0,1.0,12.3,16.849999999999973,22.3,28.350000000000087,0.0,0.0,0.0,0.0,0.0,0.0,0.0,0.0,4
00-0032385,Sterling Shepard,WR,TB,2025,13,0,0,0,0,0,4,19,0,0,39,53,371,1,1,0,0,0,0,0,0,43.0,82.0,13.0,11.5,0.0,0.0,0.0,0.0,0.0,0.0,69.0,37.5,0.0,0.0,32.0,21.0,51.0,36.5,334.0,195.5,1.0,1.0,48.3,30.299999999999972,80.3,51.30000000000008,0.0,0.0,0.0,0.0,0.0,0.0,0.0,0.0,5
00-0032392,Austin Hooper,TE,CLE,2020,13,0,0,0,0,0,0,0,0,0,46,70,435,4,0,0,0,0,0,0,0,67.5,113.5,,13.0,,0.0,,0.0,,0.0,,69.0,,0.0,,32.0,,51.0,,334.0,,1.0,,48.3,,80.3,,0.0,,0.0,,0.0,,0.0,0
00-0032392,Austin Hooper,TE,CLE,2021,15,0,0,0,0,0,0,0,0,0,38,61,345,3,0,0,0,0,0,0,0,54.5,92.5,13.0,13.0,0.0,0.0,0.0,0.0,0.0,0.0,0.0,0.0,0.0,0.0,46.0,46.0,70.0,70.0,435.0,435.0,4.0,4.0,67.5,67.5,113.5,113.5,0.0,0.0,0.0,0.0,0.0,0.0,0.0,0.0,1
00-0032392,Austin Hooper,TE,TEN,2022,17,0,0,0,0,0,0,0,0,0,41,60,444,2,0,0,0,0,0,0,0,56.4,97.4,15.0,14.0,0.0,0.0,0.0,0.0,0.0,0.0,0.0,0.0,0.0,0.0,38.0,42.0,61.0,65.5,345.0,390.0,3.0,3.5,54.5,60.99999999999997,92.5,103.00000000000009,0.0,0.0,0.0,0.0,0.0,0.0,0.0,0.0,2
00-0032392,Austin Hooper,TE,LV,2023,16,0,0,0,0,0,0,0,0,0,25,31,234,0,0,0,0,0,0,0,0,23.4,48.4,17.0,16.0,0.0,0.0,0.0,0.0,0.0,0.0,0.0,0.0,0.0,0.0,41.0,39.5,60.0,60.5,444.0,394.5,2.0,2.5,56.4,55.449999999999974,97.4,94.9500000000001,0.0,0.0,0.0,0.0,0.0,0.0,0.0,0.0,3
00-0032392,Austin Hooper,TE,NE,2024,17,0,0,0,0,0,0,0,0,0,45,59,476,3,1,0,0,0,0,0,0,63.6,108.6,16.0,16.5,0.0,0.0,0.0,0.0,0.0,0.0,0.0,0.0,0.0,0.0,25.0,33.0,31.0,45.5,234.0,339.0,0.0,1.0,23.4,39.89999999999997,48.4,72.90000000000009,0.0,0.0,0.0,0.0,0.0,0.0,0.0,0.0,4
00-0032392,Austin Hooper,TE,NE,2025,13,0,0,0,0,0,0,0,0,0,21,26,263,2,0,0,0,0,0,0,0,38.3,59.3,17.0,16.5,0.0,0.0,0.0,0.0,0.0,0.0,0.0,0.0,0.0,0.0,45.0,35.0,59.0,45.0,476.0,355.0,3.0,1.5,63.6,43.49999999999997,108.6,78.50000000000009,0.0,0.0,0.0,0.0,0.0,0.0,0.0,0.0,5
00-0032393,C.J. Prosise,RB,HOU,2020,5,0,0,0,0,0,10,19,0,1,5,5,18,1,0,0,0,0,0,0,0,7.7,12.7,,17.0,,0.0,,0.0,,0.0,,0.0,,0.0,,45.0,,59.0,,476.0,,3.0,,63.6,,108.6,,0.0,,0.0,,0.0,,0.0,0
00-0032394,Nick Vannett,TE,DEN,2020,11,0,0,0,0,0,0,0,0,0,14,21,95,1,0,0,0,0,0,0,0,15.5,29.5,,,,,,,,,,,,,,,,,,,,,,,,,,,,,,,,,0
00-0032394,Nick Vannett,TE,NO,2021,7,0,0,0,0,0,0,0,0,0,9,15,133,1,0,0,0,0,0,0,0,19.3,28.3,11.0,11.0,0.0,0.0,0.0,0.0,0.0,0.0,0.0,0.0,0.0,0.0,14.0,14.0,21.0,21.0,95.0,95.0,1.0,1.0,15.5,15.5,29.5,29.5,0.0,0.0,0.0,0.0,0.0,0.0,0.0,0.0,1
00-0032394,Nick Vannett,TE,NYG,2022,5,0,0,0,0,0,0,0,0,0,6,9,55,0,0,0,0,0,0,0,0,5.5,11.5,7.0,9.0,0.0,0.0,0.0,0.0,0.0,0.0,0.0,0.0,0.0,0.0,9.0,11.5,15.0,18.0,133.0,114.0,1.0,1.0,19.3,17.39999999999997,28.3,28.900000000000084,0.0,0.0,0.0,0.0,0.0,0.0,0.0,0.0,2
00-0032394,Nick Vannett,TE,LAC,2023,1,0,0,0,0,0,0,0,0,0,1,1,3,0,0,0,0,0,0,0,0,0.3,1.3,5.0,6.0,0.0,0.0,0.0,0.0,0.0,0.0,0.0,0.0,0.0,0.0,6.0,7.5,9.0,12.0,55.0,94.0,0.0,0.5,5.5,12.399999999999972,11.5,19.900000000000084,0.0,0.0,0.0,0.0,0.0,0.0,0.0,0.0,3
00-0032394,Nick Vannett,TE,TEN,2024,12,0,0,0,0,0,0,0,0,0,17,20,135,3,0,0,0,0,0,0,0,31.5,48.5,1.0,3.0,0.0,0.0,0.0,0.0,0.0,0.0,0.0,0.0,0.0,0.0,1.0,3.5,1.0,5.0,3.0,29.0,0.0,0.0,0.3,2.8999999999999715,1.3,6.400000000000086,0.0,0.0,0.0,0.0,0.0,0.0,0.0,0.0,4
00-0032398,Chris Moore,WR,BAL,2020,2,0,0,0,0,0,0,0,0,0,0,0,0,0,0,0,0,0,0,0,0,0.0,0.0,,1.0,,0.0,,0.0,,0.0,,0.0,,0.0,,1.0,,1.0,,3.0,,0.0,,0.3,,1.3,,0.0,,0.0,,0.0,,0.0,0
00-0032398,Chris Moore,WR,HOU,2021,10,0,0,0,0,0,0,0,0,0,21,22,227,2,0,0,0,0,0,0,0,34.7,55.7,2.0,2.0,0.0,0.0,0.0,0.0,0.0,0.0,0.0,0.0,0.0,0.0,0.0,0.0,0.0,0.0,0.0,0.0,0.0,0.0,0.0,0.0,0.0,0.0,0.0,0.0,0.0,0.0,0.0,0.0,0.0,0.0,1
00-0032398,Chris Moore,WR,HOU,2022,15,0,0,0,0,0,3,3,0,0,48,74,548,2,0,0,0,0,0,0,0,67.1,115.1,10.0,6.0,0.0,0.0,0.0,0.0,0.0,0.0,0.0,0.0,0.0,0.0,21.0,10.5,22.0,11.0,227.0,113.5,2.0,1.0,34.7,17.349999999999973,55.7,27.850000000000087,0.0,0.0,0.0,0.0,0.0,0.0,0.0,0.0,2
00-0032398,Chris Moore,WR,TEN,2023,15,0,0,0,0,0,2,39,0,0,22,35,424,0,0,0,0,0,0,0,0,46.3,68.3,15.0,12.5,0.0,0.0,0.0,0.0,0.0,0.0,3.0,1.5,0.0,0.0,48.0,34.5,74.0,48.0,548.0,387.5,2.0,2.0,67.1,50.89999999999997,115.1,85.40000000000009,0.0,0.0,0.0,0.0,0.0,0.0,0.0,0.0,3
00-0032398,Chris Moore,WR,WAS,2025,10,0,0,0,0,0,1,9,0,0,11,23,207,1,0,0,0,0,0,0,0,27.6,38.6,15.0,15.0,0.0,0.0,0.0,0.0,0.0,0.0,39.0,21.0,0.0,0.0,22.0,35.0,35.0,54.5,424.0,486.0,0.0,1.0,46.3,56.69999999999997,68.3,91.70000000000007,0.0,0.0,0.0,0.0,0.0,0.0,0.0,0.0,4
00-0032404,Tyler Ervin,RB,GB,2020,8,0,0,0,0,0,13,67,0,0,11,15,84,0,0,0,0,0,0,0,0,15.1,26.1,,15.0,,0.0,,0.0,,0.0,,39.0,,0.0,,22.0,,35.0,,424.0,,0.0,,46.3,,68.3,,0.0,,0.0,,0.0,,0.0,0
00-0032426,Alex Collins,RB,SEA,2020,3,0,0,0,0,0,18,77,2,0,1,2,4,0,0,0,0,0,0,0,0,20.1,21.1,,,,,,,,,,,,,,,,,,,,,,,,,,,,,,,,,0
00-0032426,Alex Collins,RB,SEA,2021,11,0,0,0,0,0,108,411,2,0,9,10,87,0,1,0,0,0,0,0,0,59.8,68.8,3.0,3.0,0.0,0.0,0.0,0.0,0.0,0.0,77.0,77.0,2.0,2.0,1.0,1.0,2.0,2.0,4.0,4.0,0.0,0.0,20.1,20.1,21.1,21.1,0.0,0.0,0.0,0.0,0.0,0.0,0.0,0.0,1
00-0032434,Brandon Allen,QB,CIN,2020,5,90,142,925,5,4,13,27,0,0,0,1,0,0,0,0,0,0,0,0,0,49.7,49.7,,3.0,,0.0,,0.0,,0.0,,77.0,,2.0,,1.0,,2.0,,4.0,,0.0,,20.1,,21.1,,0.0,,0.0,,0.0,,0.0,0
00-0032434,Brandon Allen,QB,CIN,2021,5,17,34,149,2,0,7,-1,0,0,0,0,0,0,0,0,0,0,0,0,0,13.86,13.86,5.0,5.0,925.0,925.0,5.0,5.0,4.0,4.0,27.0,27.0,0.0,0.0,0.0,0.0,1.0,1.0,0.0,0.0,0.0,0.0,49.7,49.7,49.7,49.7,0.0,0.0,0.0,0.0,0.0,0.0,0.0,0.0,1
00-0032434,Brandon Allen,QB,CIN,2022,1,3,3,22,0,0,3,-1,0,0,0,0,0,0,0,0,0,0,0,0,0,0.78,0.78,5.0,5.0,149.0,537.0,2.0,3.5,0.0,2.0,-1.0,13.0,0.0,0.0,0.0,0.0,0.0,0.5,0.0,0.0,0.0,0.0,13.86,31.779999999999973,13.86,31.780000000000086,0.0,0.0,0.0,0.0,0.0,0.0,0.0,0.0,2
00-0032434,Brandon Allen,QB,SF,2024,3,17,30,199,1,2,3,4,0,0,0,0,0,0,0,0,0,0,0,0,0,6.36,6.36,1.0,3.0,22.0,85.5,0.0,1.0,0.0,0.0,-1.0,-1.0,0.0,0.0,0.0,0.0,0.0,0.0,0.0,0.0,0.0,0.0,0.78,7.319999999999971,0.78,7.320000000000085,0.0,0.0,0.0,0.0,0.0,0.0,0.0,0.0,3
00-0032434,Brandon Allen,QB,TEN,2025,1,17,30,72,0,1,0,0,0,0,0,0,0,0,0,0,0,0,0,0,0,0.88,0.88,3.0,2.0,199.0,110.5,1.0,0.5,2.0,1.0,4.0,1.5,0.0,0.0,0.0,0.0,0.0,0.0,0.0,0.0,0.0,0.0,6.36,3.569999999999972,6.36,3.5700000000000855,0.0,0.0,0.0,0.0,0.0,0.0,0.0,0.0,4
00-0032436,Jeff Driskel,QB,DEN,2020,3,35,64,432,3,2,6,28,0,0,0,0,0,0,0,0,0,0,0,0,0,30.08,30.08,,3.0,,199.0,,1.0,,2.0,,4.0,,0.0,,0.0,,0.0,,0.0,,0.0,,6.36,,6.36,,0.0,,0.0,,0.0,,0.0,0
00-0032436,Jeff Driskel,QB,HOU,2022,7,14,20,108,1,0,20,75,0,0,1,1,4,0,0,0,0,0,0,0,0,16.22,17.22,3.0,3.0,432.0,432.0,3.0,3.0,2.0,2.0,28.0,28.0,0.0,0.0,0.0,0.0,0.0,0.0,0.0,0.0,0.0,0.0,30.08,30.08,30.08,30.08,0.0,0.0,0.0,0.0,0.0,0.0,0.0,0.0,1
00-0032436,Jeff Driskel,QB,CLE,2023,1,13,26,166,2,2,7,33,0,0,0,0,0,0,0,0,0,0,0,0,0,13.94,13.94,7.0,5.0,108.0,270.0,1.0,2.0,0.0,1.0,75.0,51.5,0.0,0.0,1.0,0.5,1.0,0.5,4.0,2.0,0.0,0.0,16.22,23.14999999999997,17.22,23.650000000000084,0.0,0.0,0.0,0.0,0.0,0.0,0.0,0.0,2
00-0032450,Dwayne Washington,RB,NO,2020,6,0,0,0,0,0,8,15,0,0,0,0,0,0,0,0,0,0,0,0,0,1.5,1.5,,7.0,,108.0,,1.0,,0.0,,75.0,,0.0,,1.0,,1.0,,4.0,,0.0,,16.22,,17.22,,0.0,,0.0,,0.0,,0.0,0
00-0032450,Dwayne Washington,RB,NO,2021,8,0,0,0,0,0,4,16,0,0,2,2,12,0,0,0,0,0,0,0,0,2.8,4.8,6.0,6.0,0.0,0.0,0.0,0.0,0.0,0.0,15.0,15.0,0.0,0.0,0.0,0.0,0.0,0.0,0.0,0.0,0.0,0.0,1.5,1.5,1.5,1.5,0.0,0.0,0.0,0.0,0.0,0.0,0.0,0.0,1
00-0032450,Dwayne Washington,RB,NO,2022,7,0,0,0,0,0,11,38,0,0,1,1,7,0,0,0,0,0,0,0,0,4.5,5.5,8.0,7.0,0.0,0.0,0.0,0.0,0.0,0.0,16.0,15.5,0.0,0.0,2.0,1.0,2.0,1.0,12.0,6.0,0.0,0.0,2.8,2.1499999999999715,4.8,3.150000000000085,0.0,0.0,0.0,0.0,0.0,0.0,0.0,0.0,2
00-0032450,Dwayne Washington,RB,DEN,2023,3,0,0,0,0,0,0,0,0,0,0,0,0,0,0,0,0,0,0,0,0,0.0,0.0,7.0,7.5,0.0,0.0,0.0,0.0,0.0,0.0,38.0,27.0,0.0,0.0,1.0,1.5,1.0,1.5,7.0,9.5,0.0,0.0,4.5,3.6499999999999715,5.5,5.150000000000086,0.0,0.0,0.0,0.0,0.0,0.0,0.0,0.0,3
00-0032464,Kalif Raymond,WR,TEN,2020,15,0,0,0,0,0,1,-3,0,0,9,15,187,0,0,0,0,0,0,0,0,18.4,27.4,,7.0,,0.0,,0.0,,0.0,,38.0,,0.0,,1.0,,1.0,,7.0,,0.0,,4.5,,5.5,,0.0,,0.0,,0.0,,0.0,0
00-0032464,Kalif Raymond,WR,DET,2021,16,0,0,0,0,0,4,28,0,0,48,71,576,4,0,0,0,0,0,0,0,84.4,132.4,15.0,15.0,0.0,0.0,0.0,0.0,0.0,0.0,-3.0,-3.0,0.0,0.0,9.0,9.0,15.0,15.0,187.0,187.0,0.0,0.0,18.4,18.4,27.4,27.4,0.0,0.0,0.0,0.0,0.0,0.0,0.0,0.0,1
00-0032464,Kalif Raymond,WR,DET,2022,17,0,0,0,0,0,7,36,0,0,47,64,616,0,1,0,0,0,0,0,0,69.2,116.2,16.0,15.5,0.0,0.0,0.0,0.0,0.0,0.0,28.0,12.5,0.0,0.0,48.0,28.5,71.0,43.0,576.0,381.5,4.0,2.0,84.4,51.39999999999998,132.4,79.90000000000009,0.0,0.0,0.0,0.0,0.0,0.0,0.0,0.0,2
00-0032464,Kalif Raymond,WR,DET,2023,17,0,0,0,0,0,7,75,0,0,35,44,489,1,0,0,0,0,0,0,0,62.4,97.4,17.0,16.5,0.0,0.0,0.0,0.0,0.0,0.0,36.0,32.0,0.0,0.0,47.0,47.5,64.0,67.5,616.0,596.0,0.0,2.0,69.2,76.79999999999998,116.2,124.3000000000001,0.0,0.0,0.0,0.0,0.0,0.0,0.0,0.0,3
00-0032464,Kalif Raymond,WR,DET,2024,12,0,0,0,0,0,2,0,0,0,17,22,215,2,0,0,0,0,0,0,0,39.5,56.5,17.0,17.0,0.0,0.0,0.0,0.0,0.0,0.0,75.0,55.5,0.0,0.0,35.0,41.0,44.0,54.0,489.0,552.5,1.0,0.5,62.4,65.79999999999997,97.4,106.8000000000001,0.0,0.0,0.0,0.0,0.0,0.0,0.0,0.0,4
00-0032464,Kalif Raymond,WR,DET,2025,15,0,0,0,0,0,2,19,0,0,24,30,289,1,0,0,0,0,0,0,0,42.8,66.8,12.0,14.5,0.0,0.0,0.0,0.0,0.0,0.0,0.0,37.5,0.0,0.0,17.0,26.0,22.0,33.0,215.0,352.0,2.0,1.5,39.5,50.949999999999974,56.5,76.95000000000009,0.0,0.0,0.0,0.0,0.0,0.0,0.0,0.0,5
00-0032543,Alex Erickson,WR,CIN,2020,16,0,1,0,0,0,5,7,0,1,12,17,139,0,0,0,0,0,0,0,0,12.6,24.6,,12.0,,0.0,,0.0,,0.0,,0.0,,0.0,,17.0,,22.0,,215.0,,2.0,,39.5,,56.5,,0.0,,0.0,,0.0,,0.0,0
00-0032543,Alex Erickson,WR,CAR,2021,17,0,0,0,0,0,0,0,0,0,3,4,55,0,0,0,0,0,0,0,0,5.5,8.5,16.0,16.0,0.0,0.0,0.0,0.0,0.0,0.0,7.0,7.0,0.0,0.0,12.0,12.0,17.0,17.0,139.0,139.0,0.0,0.0,12.6,12.6,24.6,24.6,0.0,0.0,0.0,0.0,0.0,0.0,0.0,0.0,1
00-0032543,Alex Erickson,WR,WAS,2022,2,0,0,0,0,0,0,0,0,0,0,0,0,0,0,0,0,0,0,0,0,0.0,0.0,17.0,16.5,0.0,0.0,0.0,0.0,0.0,0.0,0.0,3.5,0.0,0.0,3.0,7.5,4.0,10.5,55.0,97.0,0.0,0.0,5.5,9.049999999999972,8.5,16.550000000000086,0.0,0.0,0.0,0.0,0.0,0.0,0.0,0.0,2
00-0032543,Alex Erickson,WR,LAC,2023,8,0,0,0,0,0,0,0,0,0,16,29,232,1,0,0,0,0,0,0,0,29.2,45.2,2.0,9.5,0.0,0.0,0.0,0.0,0.0,0.0,0.0,0.0,0.0,0.0,0.0,1.5,0.0,2.0,0.0,27.5,0.0,0.0,0.0,2.7499999999999716,0.0,4.250000000000085,0.0,0.0,0.0,0.0,0.0,0.0,0.0,0.0,3
00-0032543,Alex Erickson,WR,NE,2024,3,0,0,0,0,0,0,0,0,0,0,0,0,0,0,0,0,0,0,0,0,0.0,0.0,8.0,5.0,0.0,0.0,0.0,0.0,0.0,0.0,0.0,0.0,0.0,0.0,16.0,8.0,29.0,14.5,232.0,116.0,1.0,0.5,29.2,14.599999999999971,45.2,22.600000000000087,0.0,0.0,0.0,0.0,0.0,0.0,0.0,0.0,4
00-0032569,Wil Lutz,K,NO,2020,16,0,0,0,0,0,0,0,0,0,0,0,0,0,0,23,28,1,0,57,58,0.0,0.0,,8.0,,0.0,,0.0,,0.0,,0.0,,0.0,,16.0,,29.0,,232.0,,1.0,,29.2,,45.2,,0.0,,0.0,,0.0,,0.0,0
00-0032569,Wil Lutz,K,NO,2022,17,0,0,0,0,0,0,0,0,0,0,0,0,0,0,23,31,3,1,33,33,0.0,0.0,16.0,16.0,0.0,0.0,0.0,0.0,0.0,0.0,0.0,0.0,0.0,0.0,0.0,0.0,0.0,0.0,0.0,0.0,0.0,0.0,0.0,0.0,0.0,0.0,23.0,23.0,28.0,28.0,57.0,57.0,58.0,58.0,1
00-0032569,Wil Lutz,K,DEN,2023,17,0,0,0,0,0,0,0,0,0,0,0,0,0,0,30,34,3,0,29,31,0.0,0.0,17.0,16.5,0.0,0.0,0.0,0.0,0.0,0.0,0.0,0.0,0.0,0.0,0.0,0.0,0.0,0.0,0.0,0.0,0.0,0.0,0.0,0.0,0.0,0.0,23.0,23.0,31.0,29.5,33.0,45.0,33.0,45.5,2
00-0032569,Wil Lutz,K,DEN,2024,17,0,0,0,0,0,0,0,0,0,0,0,0,0,0,31,34,5,0,46,46,0.0,0.0,17.0,17.0,0.0,0.0,0.0,0.0,0.0,0.0,0.0,0.0,0.0,0.0,0.0,0.0,0.0,0.0,0.0,0.0,0.0,0.0,0.0,0.0,0.0,0.0,30.0,26.5,34.0,32.5,29.0,31.0,31.0,32.0,3
00-0032569,Wil Lutz,K,DEN,2025,17,0,0,0,0,0,0,0,0,0,0,0,0,0,0,28,32,4,0,39,39,0.0,0.0,17.0,17.0,0.0,0.0,0.0,0.0,0.0,0.0,0.0,0.0,0.0,0.0,0.0,0.0,0.0,0.0,0.0,0.0,0.0,0.0,0.0,0.0,0.0,0.0,31.0,30.5,34.0,34.0,46.0,37.5,46.0,38.5,4
00-0032577,D.J. Foster,RB,ARI,2020,6,0,0,0,0,0,2,2,0,0,1,1,7,0,0,0,0,0,0,0,0,0.9,1.9,,17.0,,0.0,,0.0,,0.0,,0.0,,0.0,,0.0,,0.0,,0.0,,0.0,,0.0,,0.0,,31.0,,34.0,,46.0,,46.0,0
00-0032602,J.D. McKissic,RB,WAS,2020,16,0,0,0,0,0,85,365,1,0,80,110,589,2,1,0,0,0,0,0,0,111.4,191.4,,,,,,,,,,,,,,,,,,,,,,,,,,,,,,,,,0
00-0032602,J.D. McKissic,RB,WAS,2021,11,0,0,0,0,0,48,212,2,0,43,53,397,2,0,0,0,0,0,0,0,84.9,127.9,16.0,16.0,0.0,0.0,0.0,0.0,0.0,0.0,365.0,365.0,1.0,1.0,80.0,80.0,110.0,110.0,589.0,589.0,2.0,2.0,111.4,111.4,191.4,191.4,0.0,0.0,0.0,0.0,0.0,0.0,0.0,0.0,1
00-0032602,J.D. McKissic,RB,WAS,2022,8,0,0,0,0,0,22,95,0,0,27,40,173,0,0,0,0,0,0,0,0,28.8,55.8,11.0,13.5,0.0,0.0,0.0,0.0,0.0,0.0,212.0,288.5,2.0,1.5,43.0,61.5,53.0,81.5,397.0,493.0,2.0,2.0,84.9,98.14999999999998,127.9,159.6500000000001,0.0,0.0,0.0,0.0,0.0,0.0,0.0,0.0,2
00-0032626,Geronimo Allison,WR,DET,2021,1,0,0,0,0,0,0,0,0,0,0,2,0,0,0,0,0,0,0,0,0,0.0,0.0,,11.0,,0.0,,0.0,,0.0,,212.0,,2.0,,43.0,,53.0,,397.0,,2.0,,84.9,,127.9,,0.0,,0.0,,0.0,,0.0,0
00-0032669,Taylor Bertolet,K,LAC,2022,2,0,0,0,0,0,0,0,0,0,0,0,0,0,0,3,3,0,0,6,6,0.0,0.0,,,,,,,,,,,,,,,,,,,,,,,,,,,,,,,,,0
00-0032688,Robbie Chosen,WR,CAR,2020,16,0,0,0,0,0,4,15,0,0,95,136,1096,3,1,0,0,0,0,0,0,129.1,224.1,,,,,,,,,,,,,,,,,,,,,,,,,,,,,,,,,0
00-0032688,Robbie Chosen,WR,CAR,2021,17,0,0,0,0,0,3,36,0,0,53,110,519,5,0,0,0,0,0,0,0,85.5,138.5,16.0,16.0,0.0,0.0,0.0,0.0,0.0,0.0,15.0,15.0,0.0,0.0,95.0,95.0,136.0,136.0,1096.0,1096.0,3.0,3.0,129.1,129.1,224.1,224.1,0.0,0.0,0.0,0.0,0.0,0.0,0.0,0.0,1
00-0032688,Robbie Chosen,WR,ARI,2022,12,0,0,0,0,0,0,0,0,0,20,44,282,1,1,0,0,0,0,0,0,32.2,52.2,17.0,16.5,0.0,0.0,0.0,0.0,0.0,0.0,36.0,25.5,0.0,0.0,53.0,74.0,110.0,123.0,519.0,807.5,5.0,4.0,85.5,107.29999999999997,138.5,181.30000000000007,0.0,0.0,0.0,0.0,0.0,0.0,0.0,0.0,2
00-0032688,Robbie Chosen,WR,MIA,2023,6,0,0,0,0,0,0,0,0,0,4,6,126,1,0,0,0,0,0,0,0,18.6,22.6,12.0,14.5,0.0,0.0,0.0,0.0,0.0,0.0,0.0,18.0,0.0,0.0,20.0,36.5,44.0,77.0,282.0,400.5,1.0,3.0,32.2,58.84999999999997,52.2,95.35000000000008,0.0,0.0,0.0,0.0,0.0,0.0,0.0,0.0,3
00-0032688,Robbie Chosen,WR,MIA,2024,1,0,0,0,0,0,0,0,0,0,1,4,5,0,0,0,0,0,0,0,0,0.5,1.5,6.0,9.0,0.0,0.0,0.0,0.0,0.0,0.0,0.0,0.0,0.0,0.0,4.0,12.0,6.0,25.0,126.0,204.0,1.0,1.0,18.6,25.399999999999974,22.6,37.40000000000009,0.0,0.0,0.0,0.0,0.0,0.0,0.0,0.0,4
00-0032688,Robbie Chosen,WR,WAS,2025,3,0,0,0,0,0,0,0,0,0,5,9,53,0,0,0,0,0,0,0,0,5.3,10.3,1.0,3.5,0.0,0.0,0.0,0.0,0.0,0.0,0.0,0.0,0.0,0.0,1.0,2.5,4.0,5.0,5.0,65.5,0.0,0.5,0.5,9.549999999999972,1.5,12.050000000000086,0.0,0.0,0.0,0.0,0.0,0.0,0.0,0.0,5
00-0032725,Stephen Anderson,TE,LAC,2020,7,0,0,0,0,0,0,0,0,0,8,11,106,0,0,0,0,0,0,0,0,10.6,18.6,,1.0,,0.0,,0.0,,0.0,,0.0,,0.0,,1.0,,4.0,,5.0,,0.0,,0.5,,1.5,,0.0,,0.0,,0.0,,0.0,0
00-0032725,Stephen Anderson,TE,LAC,2021,14,0,0,0,0,0,0,0,0,0,16,19,165,1,0,0,0,0,0,0,0,22.5,38.5,7.0,7.0,0.0,0.0,0.0,0.0,0.0,0.0,0.0,0.0,0.0,0.0,8.0,8.0,11.0,11.0,106.0,106.0,0.0,0.0,10.6,10.6,18.6,18.6,0.0,0.0,0.0,0.0,0.0,0.0,0.0,0.0,1
00-0032725,Stephen Anderson,TE,ARI,2022,9,0,0,0,0,0,0,0,0,0,3,7,9,0,0,0,0,0,0,0,0,0.9,3.9,14.0,10.5,0.0,0.0,0.0,0.0,0.0,0.0,0.0,0.0,0.0,0.0,16.0,12.0,19.0,15.0,165.0,135.5,1.0,0.5,22.5,16.549999999999972,38.5,28.550000000000086,0.0,0.0,0.0,0.0,0.0,0.0,0.0,0.0,2
00-0032725,Stephen Anderson,TE,LAC,2023,1,0,0,0,0,0,0,0,0,0,0,0,0,0,0,0,0,0,0,0,0,0.0,0.0,9.0,11.5,0.0,0.0,0.0,0.0,0.0,0.0,0.0,0.0,0.0,0.0,3.0,9.5,7.0,13.0,9.0,87.0,0.0,0.5,0.9,11.69999999999997,3.9,21.200000000000085,0.0,0.0,0.0,0.0,0.0,0.0,0.0,0.0,3
00-0032726,Ka'imi Fairbairn,K,HOU,2020,16,0,0,0,0,0,0,0,0,0,0,0,0,0,0,27,31,4,0,37,40,0.0,0.0,,9.0,,0.0,,0.0,,0.0,,0.0,,0.0,,3.0,,7.0,,9.0,,0.0,,0.9,,3.9,,0.0,,0.0,,0.0,,0.0,0
00-0032726,Ka'imi Fairbairn,K,HOU,2021,13,0,0,0,0,0,0,0,0,0,0,0,0,0,0,15,19,3,1,13,16,0.0,0.0,16.0,16.0,0.0,0.0,0.0,0.0,0.0,0.0,0.0,0.0,0.0,0.0,0.0,0.0,0.0,0.0,0.0,0.0,0.0,0.0,0.0,0.0,0.0,0.0,27.0,27.0,31.0,31.0,37.0,37.0,40.0,40.0,1
00-0032726,Ka'imi Fairbairn,K,HOU,2022,17,0,0,0,0,0,0,0,0,0,0,0,0,0,0,29,31,6,0,24,24,0.0,0.0,13.0,14.5,0.0,0.0,0.0,0.0,0.0,0.0,0.0,0.0,0.0,0.0,0.0,0.0,0.0,0.0,0.0,0.0,0.0,0.0,0.0,0.0,0.0,0.0,15.0,21.0,19.0,25.0,13.0,25.0,16.0,28.0,2
00-0032726,Ka'imi Fairbairn,K,HOU,2023,12,0,0,0,0,0,0,0,0,0,0,0,0,0,0,27,28,5,0,21,22,0.0,0.0,17.0,15.0,0.0,0.0,0.0,0.0,0.0,0.0,0.0,0.0,0.0,0.0,0.0,0.0,0.0,0.0,0.0,0.0,0.0,0.0,0.0,0.0,0.0,0.0,29.0,22.0,31.0,25.0,24.0,18.5,24.0,20.0,3
00-0032726,Ka'imi Fairbairn,K,HOU,2024,17,0,0,0,0,0,0,0,0,0,0,0,0,0,0,36,42,13,0,34,36,0.0,0.0,12.0,14.5,0.0,0.0,0.0,0.0,0.0,0.0,0.0,0.0,0.0,0.0,0.0,0.0,0.0,0.0,0.0,0.0,0.0,0.0,0.0,0.0,0.0,0.0,27.0,28.0,28.0,29.5,21.0,22.5,22.0,23.0,4
00-0032726,Ka'imi Fairbairn,K,HOU,2025,15,0,0,0,0,0,0,0,0,0,0,0,0,0,0,44,48,9,0,28,28,0.0,0.0,17.0,14.5,0.0,0.0,0.0,0.0,0.0,0.0,0.0,0.0,0.0,0.0,0.0,0.0,0.0,0.0,0.0,0.0,0.0,0.0,0.0,0.0,0.0,0.0,36.0,31.5,42.0,35.0,34.0,27.5,36.0,29.0,5
00-0032741,Peyton Barber,RB,WAS,2020,14,0,0,0,0,0,94,258,4,0,4,7,12,0,0,0,0,0,0,0,0,51.0,55.0,,17.0,,0.0,,0.0,,0.0,,0.0,,0.0,,0.0,,0.0,,0.0,,0.0,,0.0,,0.0,,36.0,,42.0,,34.0,,36.0,0
00-0032741,Peyton Barber,RB,LV,2021,9,0,0,0,0,0,55,212,2,0,10,13,67,0,0,0,0,0,0,0,0,39.9,49.9,14.0,14.0,0.0,0.0,0.0,0.0,0.0,0.0,258.0,258.0,4.0,4.0,4.0,4.0,7.0,7.0,12.0,12.0,0.0,0.0,51.0,51.0,55.0,55.0,0.0,0.0,0.0,0.0,0.0,0.0,0.0,0.0,1
00-0032764,Derrick Henry,RB,TEN,2020,16,0,0,0,0,0,378,2027,17,2,19,31,114,0,0,0,0,0,0,0,0,314.1,333.1,,14.0,,0.0,,0.0,,0.0,,258.0,,4.0,,4.0,,7.0,,12.0,,0.0,,51.0,,55.0,,0.0,,0.0,,0.0,,0.0,0
00-0032764,Derrick Henry,RB,TEN,2021,8,1,1,5,1,0,219,937,10,0,18,20,154,0,0,0,0,0,0,0,0,175.3,193.3,16.0,16.0,0.0,0.0,0.0,0.0,0.0,0.0,2027.0,2027.0,17.0,17.0,19.0,19.0,31.0,31.0,114.0,114.0,0.0,0.0,314.1,314.1,333.1,333.1,0.0,0.0,0.0,0.0,0.0,0.0,0.0,0.0,1
00-0032764,Derrick Henry,RB,TEN,2022,16,2,2,4,1,0,349,1538,13,2,33,41,398,0,1,0,0,0,0,0,0,269.76,302.76,8.0,12.0,5.0,2.5,1.0,0.5,0.0,0.0,937.0,1482.0,10.0,13.5,18.0,18.5,20.0,25.5,154.0,134.0,0.0,0.0,175.3,244.7,193.3,263.2000000000001,0.0,0.0,0.0,0.0,0.0,0.0,0.0,0.0,2
00-0032764,Derrick Henry,RB,TEN,2023,17,2,3,14,2,0,280,1167,12,0,28,36,214,0,0,0,0,0,0,0,0,218.66,246.66,16.0,12.0,4.0,4.5,1.0,1.0,0.0,0.0,1538.0,1237.5,13.0,11.5,33.0,25.5,41.0,30.5,398.0,276.0,0.0,0.0,269.76,222.52999999999997,302.76,248.0300000000001,0.0,0.0,0.0,0.0,0.0,0.0,0.0,0.0,3
00-0032764,Derrick Henry,RB,BAL,2024,17,0,0,0,0,0,325,1921,16,1,19,22,193,2,0,0,0,0,0,0,0,317.4,336.4,17.0,16.5,14.0,9.0,2.0,1.5,0.0,0.0,1167.0,1352.5,12.0,12.5,28.0,30.5,36.0,38.5,214.0,306.0,0.0,0.0,218.66,244.20999999999998,246.66,274.7100000000001,0.0,0.0,0.0,0.0,0.0,0.0,0.0,0.0,4
00-0032764,Derrick Henry,RB,BAL,2025,17,0,1,0,0,0,307,1595,16,3,15,21,150,0,0,0,0,0,0,0,0,264.5,279.5,17.0,17.0,0.0,7.0,0.0,1.0,0.0,0.0,1921.0,1544.0,16.0,14.0,19.0,23.5,22.0,29.0,193.0,203.5,2.0,1.0,317.4,268.03,336.4,291.5300000000001,0.0,0.0,0.0,0.0,0.0,0.0,0.0,0.0,5
00-0032765,Michael Thomas,WR,NO,2020,7,0,0,0,0,0,1,1,0,0,40,55,438,0,0,0,0,0,0,0,0,43.9,83.9,,17.0,,0.0,,0.0,,0.0,,1921.0,,16.0,,19.0,,22.0,,193.0,,2.0,,317.4,,336.4,,0.0,,0.0,,0.0,,0.0,0
00-0032765,Michael Thomas,WR,NO,2022,3,0,0,0,0,0,0,0,0,0,16,22,171,3,0,0,0,0,0,0,0,35.1,51.1,7.0,7.0,0.0,0.0,0.0,0.0,0.0,0.0,1.0,1.0,0.0,0.0,40.0,40.0,55.0,55.0,438.0,438.0,0.0,0.0,43.9,43.9,83.9,83.9,0.0,0.0,0.0,0.0,0.0,0.0,0.0,0.0,1
00-0032765,Michael Thomas,WR,NO,2023,10,0,0,0,0,0,0,0,0,0,39,64,448,1,0,0,0,0,0,0,0,50.8,89.8,3.0,5.0,0.0,0.0,0.0,0.0,0.0,0.0,0.0,0.5,0.0,0.0,16.0,28.0,22.0,38.5,171.0,304.5,3.0,1.5,35.1,39.5,51.1,67.50000000000011,0.0,0.0,0.0,0.0,0.0,0.0,0.0,0.0,2
00-0032775,Demarcus Robinson,WR,KC,2020,15,0,0,0,0,0,0,0,0,0,45,59,466,3,1,0,0,0,0,0,0,62.6,107.6,,3.0,,0.0,,0.0,,0.0,,0.0,,0.0,,16.0,,22.0,,171.0,,3.0,,35.1,,51.1,,0.0,,0.0,,0.0,,0.0,0
00-0032775,Demarcus Robinson,WR,KC,2021,14,0,0,0,0,0,0,0,0,0,25,41,264,3,0,0,0,0,0,0,0,44.4,69.4,15.0,15.0,0.0,0.0,0.0,0.0,0.0,0.0,0.0,0.0,0.0,0.0,45.0,45.0,59.0,59.0,466.0,466.0,3.0,3.0,62.6,62.6,107.6,107.6,0.0,0.0,0.0,0.0,0.0,0.0,0.0,0.0,1
00-0032775,Demarcus Robinson,WR,BAL,2022,16,0,0,0,0,0,0,0,0,0,48,75,458,2,1,0,0,0,0,0,0,55.8,103.8,14.0,14.5,0.0,0.0,0.0,0.0,0.0,0.0,0.0,0.0,0.0,0.0,25.0,35.0,41.0,50.0,264.0,365.0,3.0,3.0,44.4,53.5,69.4,88.50000000000011,0.0,0.0,0.0,0.0,0.0,0.0,0.0,0.0,2
00-0032775,Demarcus Robinson,WR,LA,2023,8,0,0,0,0,0,1,23,0,0,26,39,371,4,1,0,0,0,0,0,0,61.4,87.4,16.0,15.0,0.0,0.0,0.0,0.0,0.0,0.0,0.0,0.0,0.0,0.0,48.0,36.5,75.0,58.0,458.0,361.0,2.0,2.5,55.8,50.099999999999994,103.8,86.60000000000011,0.0,0.0,0.0,0.0,0.0,0.0,0.0,0.0,3
00-0032775,Demarcus Robinson,WR,LA,2024,17,0,0,0,0,0,0,0,0,0,31,64,505,7,0,0,0,0,0,0,0,92.5,123.5,8.0,12.0,0.0,0.0,0.0,0.0,0.0,0.0,23.0,11.5,0.0,0.0,26.0,37.0,39.0,57.0,371.0,414.5,4.0,3.0,61.4,58.599999999999994,87.4,95.60000000000011,0.0,0.0,0.0,0.0,0.0,0.0,0.0,0.0,4
00-0032775,Demarcus Robinson,WR,SF,2025,14,0,0,0,0,0,1,6,0,0,22,35,276,1,0,0,0,0,0,0,0,36.2,58.2,17.0,12.5,0.0,0.0,0.0,0.0,0.0,0.0,0.0,11.5,0.0,0.0,31.0,28.5,64.0,51.5,505.0,438.0,7.0,5.5,92.5,76.94999999999999,123.5,105.45000000000012,0.0,0.0,0.0,0.0,0.0,0.0,0.0,0.0,5
00-0032778,Tajae Sharpe,WR,MIN,2020,3,0,0,0,0,0,0,0,0,0,0,3,0,0,0,0,0,0,0,0,0,0.0,0.0,,17.0,,0.0,,0.0,,0.0,,0.0,,0.0,,31.0,,64.0,,505.0,,7.0,,92.5,,123.5,,0.0,,0.0,,0.0,,0.0,0
00-0032778,Tajae Sharpe,WR,ATL,2021,14,0,0,0,0,0,0,0,0,0,25,37,230,0,0,0,0,0,0,0,0,23.0,48.0,3.0,3.0,0.0,0.0,0.0,0.0,0.0,0.0,0.0,0.0,0.0,0.0,0.0,0.0,3.0,3.0,0.0,0.0,0.0,0.0,0.0,0.0,0.0,0.0,0.0,0.0,0.0,0.0,0.0,0.0,0.0,0.0,1
00-0032780,Jordan Howard,RB,PHI,2020,7,0,0,0,0,0,35,60,4,0,1,1,-3,0,0,0,0,0,0,0,0,29.7,30.7,,3.0,,0.0,,0.0,,0.0,,0.0,,0.0,,0.0,,3.0,,0.0,,0.0,,0.0,,0.0,,0.0,,0.0,,0.0,,0.0,0
00-0032780,Jordan Howard,RB,PHI,2021,7,0,0,0,0,0,86,406,3,0,2,5,19,0,0,0,0,0,0,0,0,60.5,62.5,7.0,7.0,0.0,0.0,0.0,0.0,0.0,0.0,60.0,60.0,4.0,4.0,1.0,1.0,1.0,1.0,-3.0,-3.0,0.0,0.0,29.7,29.7,30.7,30.7,0.0,0.0,0.0,0.0,0.0,0.0,0.0,0.0,1
00-0032780,Jordan Howard,RB,NO,2022,1,0,0,0,0,0,1,1,0,0,0,0,0,0,0,0,0,0,0,0,0,0.1,0.1,7.0,7.0,0.0,0.0,0.0,0.0,0.0,0.0,406.0,233.0,3.0,3.5,2.0,1.5,5.0,3.0,19.0,8.0,0.0,0.0,60.5,45.099999999999994,62.5,46.600000000000115,0.0,0.0,0.0,0.0,0.0,0.0,0.0,0.0,2
00-0032782,Wendell Smallwood,RB,WAS,2021,2,0,0,0,0,0,5,25,0,0,4,5,22,0,0,0,0,0,0,0,0,4.7,8.7,,7.0,,0.0,,0.0,,0.0,,406.0,,3.0,,2.0,,5.0,,19.0,,0.0,,60.5,,62.5,,0.0,,0.0,,0.0,,0.0,0
00-0032791,Jakeem Grant,WR,MIA,2020,14,0,0,0,0,0,3,20,0,0,36,54,373,1,0,0,0,0,0,0,0,51.3,87.3,,,,,,,,,,,,,,,,,,,,,,,,,,,,,,,,,0
00-0032791,Jakeem Grant,WR,CHI,2021,15,0,0,0,0,0,5,33,0,0,11,17,132,2,1,0,0,0,0,0,0,32.5,43.5,14.0,14.0,0.0,0.0,0.0,0.0,0.0,0.0,20.0,20.0,0.0,0.0,36.0,36.0,54.0,54.0,373.0,373.0,1.0,1.0,51.3,51.3,87.3,87.3,0.0,0.0,0.0,0.0,0.0,0.0,0.0,0.0,1
00-0032792,Nate Sudfeld,QB,PHI,2020,1,5,12,32,0,1,2,12,0,1,0,0,0,0,0,0,0,0,0,0,0,-1.52,-1.52,,14.0,,0.0,,0.0,,0.0,,20.0,,0.0,,36.0,,54.0,,373.0,,1.0,,51.3,,87.3,,0.0,,0.0,,0.0,,0.0,0
00-0032792,Nate Sudfeld,QB,DET,2022,2,0,0,0,0,0,5,-4,0,0,0,0,0,0,0,0,0,0,0,0,0,-0.4,-0.4,1.0,1.0,32.0,32.0,0.0,0.0,1.0,1.0,12.0,12.0,0.0,0.0,0.0,0.0,0.0,0.0,0.0,0.0,0.0,0.0,-1.52,-1.52,-1.52,-1.52,0.0,0.0,0.0,0.0,0.0,0.0,0.0,0.0,1
00-0032835,Jon Brown,K,JAX,2020,1,0,0,0,0,0,0,0,0,0,0,0,0,0,0,1,2,0,0,1,1,0.0,0.0,,1.0,,32.0,,0.0,,1.0,,12.0,,0.0,,0.0,,0.0,,0.0,,0.0,,-1.52,,-1.52,,0.0,,0.0,,0.0,,0.0,0
00-0032870,Aldrick Rosas,K,JAX,2020,6,0,0,0,0,0,0,0,0,0,0,0,0,0,0,8,11,3,0,9,9,0.0,0.0,,,,,,,,,,,,,,,,,,,,,,,,,,,,,,,,,0
00-0032870,Aldrick Rosas,K,DET,2021,5,0,0,0,0,0,0,0,0,0,0,0,0,0,0,2,5,0,0,14,14,0.0,0.0,6.0,6.0,0.0,0.0,0.0,0.0,0.0,0.0,0.0,0.0,0.0,0.0,0.0,0.0,0.0,0.0,0.0,0.0,0.0,0.0,0.0,0.0,0.0,0.0,8.0,8.0,11.0,11.0,9.0,9.0,9.0,9.0,1
00-0032881,Tommylee Lewis,WR,NO,2020,5,0,0,0,0,0,2,14,0,0,1,3,5,0,0,0,0,0,0,0,0,1.9,2.9,,6.0,,0.0,,0.0,,0.0,,0.0,,0.0,,0.0,,0.0,,0.0,,0.0,,0.0,,0.0,,8.0,,11.0,,9.0,,9.0,0
00-0032881,Tommylee Lewis,WR,MIA,2021,2,0,0,0,0,0,0,0,0,0,1,2,7,0,0,0,0,0,0,0,0,0.7,1.7,5.0,5.0,0.0,0.0,0.0,0.0,0.0,0.0,14.0,14.0,0.0,0.0,1.0,1.0,3.0,3.0,5.0,5.0,0.0,0.0,1.9,1.9,2.9,2.9,0.0,0.0,0.0,0.0,0.0,0.0,0.0,0.0,1
00-0032940,DeAndre Washington,RB,MIA,2020,4,0,0,0,0,0,31,91,0,0,5,10,30,0,0,0,0,0,0,0,0,12.1,17.1,,5.0,,0.0,,0.0,,0.0,,14.0,,0.0,,1.0,,3.0,,5.0,,0.0,,1.9,,2.9,,0.0,,0.0,,0.0,,0.0,0
00-0032950,Carson Wentz,QB,PHI,2020,12,251,437,2620,16,15,52,276,5,1,0,0,0,0,0,0,0,0,0,0,0,198.4,198.4,,,,,,,,,,,,,,,,,,,,,,,,,,,,,,,,,0
00-0032950,Carson Wentz,QB,IND,2021,17,322,516,3563,27,7,57,215,1,1,0,0,0,0,0,0,0,0,0,0,0,258.02,258.02,12.0,12.0,2620.0,2620.0,16.0,16.0,15.0,15.0,276.0,276.0,5.0,5.0,0.0,0.0,0.0,0.0,0.0,0.0,0.0,0.0,198.4,198.4,198.4,198.4,0.0,0.0,0.0,0.0,0.0,0.0,0.0,0.0,1
00-0032950,Carson Wentz,QB,WAS,2022,8,172,276,1755,11,9,22,86,1,0,0,0,0,0,0,0,0,0,0,0,0,112.8,112.8,17.0,14.5,3563.0,3091.5,27.0,21.5,7.0,11.0,215.0,245.5,1.0,3.0,0.0,0.0,0.0,0.0,0.0,0.0,0.0,0.0,258.02,228.20999999999998,258.02,228.2100000000001,0.0,0.0,0.0,0.0,0.0,0.0,0.0,0.0,2
00-0032950,Carson Wentz,QB,LA,2023,1,17,24,163,2,1,17,56,1,0,0,0,0,0,0,0,0,0,0,0,0,26.12,26.12,8.0,12.5,1755.0,2659.0,11.0,19.0,9.0,8.0,86.0,150.5,1.0,1.0,0.0,0.0,0.0,0.0,0.0,0.0,0.0,0.0,112.8,185.41,112.8,185.4100000000001,0.0,0.0,0.0,0.0,0.0,0.0,0.0,0.0,3
00-0032950,Carson Wentz,QB,KC,2024,2,12,19,118,0,0,3,0,0,0,0,0,0,0,0,0,0,0,0,0,0,4.72,4.72,1.0,4.5,163.0,959.0,2.0,6.5,1.0,5.0,56.0,71.0,1.0,1.0,0.0,0.0,0.0,0.0,0.0,0.0,0.0,0.0,26.12,69.46,26.12,69.46000000000011,0.0,0.0,0.0,0.0,0.0,0.0,0.0,0.0,4
00-0032950,Carson Wentz,QB,MIN,2025,5,110,169,1216,6,5,11,57,0,0,0,0,0,0,0,0,0,0,0,0,0,70.34,70.34,2.0,1.5,118.0,140.5,0.0,1.0,0.0,0.5,0.0,28.0,0.0,0.5,0.0,0.0,0.0,0.0,0.0,0.0,0.0,0.0,4.72,15.42,4.72,15.420000000000114,0.0,0.0,0.0,0.0,0.0,0.0,0.0,0.0,5
00-0032951,Laquon Treadwell,WR,ATL,2020,4,0,0,0,0,0,0,0,0,0,6,7,49,2,0,0,0,0,0,0,0,16.9,22.9,,2.0,,118.0,,0.0,,0.0,,0.0,,0.0,,0.0,,0.0,,0.0,,0.0,,4.72,,4.72,,0.0,,0.0,,0.0,,0.0,0
00-0032951,Laquon Treadwell,WR,JAX,2021,12,0,0,0,0,0,0,0,0,0,33,51,434,1,0,0,0,0,0,0,0,49.4,82.4,4.0,4.0,0.0,0.0,0.0,0.0,0.0,0.0,0.0,0.0,0.0,0.0,6.0,6.0,7.0,7.0,49.0,49.0,2.0,2.0,16.9,16.9,22.9,22.9,0.0,0.0,0.0,0.0,0.0,0.0,0.0,0.0,1
00-0032951,Laquon Treadwell,WR,SEA,2022,3,0,0,0,0,0,0,0,0,0,6,10,42,0,0,0,0,0,0,0,0,4.2,10.2,12.0,8.0,0.0,0.0,0.0,0.0,0.0,0.0,0.0,0.0,0.0,0.0,33.0,19.5,51.0,29.0,434.0,241.5,1.0,1.5,49.4,33.15,82.4,52.65000000000012,0.0,0.0,0.0,0.0,0.0,0.0,0.0,0.0,2
00-0032951,Laquon Treadwell,WR,BAL,2023,3,0,0,0,0,0,0,0,0,0,1,3,16,0,0,0,0,0,0,0,0,1.6,2.6,3.0,7.5,0.0,0.0,0.0,0.0,0.0,0.0,0.0,0.0,0.0,0.0,6.0,19.5,10.0,30.5,42.0,238.0,0.0,0.5,4.2,26.8,10.2,46.30000000000012,0.0,0.0,0.0,0.0,0.0,0.0,0.0,0.0,3
00-0032951,Laquon Treadwell,WR,IND,2025,6,0,0,0,0,0,0,0,0,0,0,0,0,0,0,0,0,0,0,0,0,0.0,0.0,3.0,3.0,0.0,0.0,0.0,0.0,0.0,0.0,0.0,0.0,0.0,0.0,1.0,3.5,3.0,6.5,16.0,29.0,0.0,0.0,1.6,2.9000000000000004,2.6,6.400000000000113,0.0,0.0,0.0,0.0,0.0,0.0,0.0,0.0,4
00-0032972,Devontae Booker,RB,LV,2020,15,0,0,0,0,0,93,423,3,0,17,21,84,0,0,0,0,0,0,0,0,68.7,85.7,,3.0,,0.0,,0.0,,0.0,,0.0,,0.0,,1.0,,3.0,,16.0,,0.0,,1.6,,2.6,,0.0,,0.0,,0.0,,0.0,0
00-0032972,Devontae Booker,RB,NYG,2021,16,0,0,0,0,0,145,593,2,0,40,45,268,1,0,0,0,0,0,0,0,104.1,144.1,15.0,15.0,0.0,0.0,0.0,0.0,0.0,0.0,423.0,423.0,3.0,3.0,17.0,17.0,21.0,21.0,84.0,84.0,0.0,0.0,68.7,68.7,85.7,85.7,0.0,0.0,0.0,0.0,0.0,0.0,0.0,0.0,1
00-0032975,Jonathan Williams,RB,DET,2020,2,0,0,0,0,0,1,5,0,1,4,4,21,0,0,0,0,0,0,0,0,0.6,4.6,,15.0,,0.0,,0.0,,0.0,,423.0,,3.0,,17.0,,21.0,,84.0,,0.0,,68.7,,85.7,,0.0,,0.0,,0.0,,0.0,0
00-0032975,Jonathan Williams,RB,WAS,2021,5,0,0,0,0,0,17,79,1,0,4,6,28,0,0,0,0,0,0,0,0,16.7,20.7,2.0,2.0,0.0,0.0,0.0,0.0,0.0,0.0,5.0,5.0,0.0,0.0,4.0,4.0,4.0,4.0,21.0,21.0,0.0,0.0,0.6,0.6,4.6,4.6,0.0,0.0,0.0,0.0,0.0,0.0,0.0,0.0,1
00-0032975,Jonathan Williams,RB,WAS,2022,9,0,0,0,0,0,37,152,0,0,7,10,40,0,0,0,0,0,0,0,0,19.2,26.2,5.0,3.5,0.0,0.0,0.0,0.0,0.0,0.0,79.0,42.0,1.0,0.5,4.0,4.0,6.0,5.0,28.0,24.5,0.0,0.0,16.7,8.65,20.7,12.650000000000112,0.0,0.0,0.0,0.0,0.0,0.0,0.0,0.0,2
00-0032975,Jonathan Williams,RB,WAS,2023,1,0,0,0,0,0,1,-2,0,0,0,1,0,0,0,0,0,0,0,0,0,-0.2,-0.2,9.0,7.0,0.0,0.0,0.0,0.0,0.0,0.0,152.0,115.5,0.0,0.5,7.0,5.5,10.0,8.0,40.0,34.0,0.0,0.0,19.2,17.95,26.2,23.450000000000113,0.0,0.0,0.0,0.0,0.0,0.0,0.0,0.0,3
00-0032977,Rashard Higgins,WR,CLE,2020,12,0,0,0,0,0,0,0,0,0,37,52,599,4,0,0,0,0,0,0,0,83.9,120.9,,9.0,,0.0,,0.0,,0.0,,152.0,,0.0,,7.0,,10.0,,40.0,,0.0,,19.2,,26.2,,0.0,,0.0,,0.0,,0.0,0
00-0032977,Rashard Higgins,WR,CLE,2021,12,0,0,0,0,0,0,0,0,0,24,47,275,1,0,0,0,0,0,0,0,33.5,57.5,12.0,12.0,0.0,0.0,0.0,0.0,0.0,0.0,0.0,0.0,0.0,0.0,37.0,37.0,52.0,52.0,599.0,599.0,4.0,4.0,83.9,83.9,120.9,120.9,0.0,0.0,0.0,0.0,0.0,0.0,0.0,0.0,1
00-0032980,Marcus Johnson,WR,IND,2020,9,0,0,0,0,0,0,0,0,0,14,28,255,0,0,0,0,0,0,0,0,25.5,39.5,,12.0,,0.0,,0.0,,0.0,,0.0,,0.0,,37.0,,52.0,,599.0,,4.0,,83.9,,120.9,,0.0,,0.0,,0.0,,0.0,0
00-0032980,Marcus Johnson,WR,TEN,2021,7,0,0,0,0,0,2,-2,0,0,9,19,160,0,0,0,0,0,0,0,0,15.8,24.8,9.0,9.0,0.0,0.0,0.0,0.0,0.0,0.0,0.0,0.0,0.0,0.0,14.0,14.0,28.0,28.0,255.0,255.0,0.0,0.0,25.5,25.5,39.5,39.5,0.0,0.0,0.0,0.0,0.0,0.0,0.0,0.0,1
00-0032980,Marcus Johnson,WR,NYG,2022,8,0,0,0,0,0,0,0,0,0,9,22,99,0,0,0,0,0,0,0,0,9.9,18.9,7.0,8.0,0.0,0.0,0.0,0.0,0.0,0.0,-2.0,-1.0,0.0,0.0,9.0,11.5,19.0,23.5,160.0,207.5,0.0,0.0,15.8,20.65,24.8,32.15000000000011,0.0,0.0,0.0,0.0,0.0,0.0,0.0,0.0,2
00-0032986,J.P. Holtz,TE,CHI,2020,9,0,0,0,0,0,0,0,0,0,0,1,0,0,0,0,0,0,0,0,0,0.0,0.0,,7.0,,0.0,,0.0,,0.0,,-2.0,,0.0,,9.0,,19.0,,160.0,,0.0,,15.8,,24.8,,0.0,,0.0,,0.0,,0.0,0
00-0032986,J.P. Holtz,TE,CHI,2021,5,0,0,0,0,0,0,0,0,0,0,0,0,0,0,0,0,0,0,0,0,0.0,0.0,9.0,9.0,0.0,0.0,0.0,0.0,0.0,0.0,0.0,0.0,0.0,0.0,0.0,0.0,1.0,1.0,0.0,0.0,0.0,0.0,0.0,0.0,0.0,0.0,0.0,0.0,0.0,0.0,0.0,0.0,0.0,0.0,1
00-0032986,J.P. Holtz,TE,NO,2022,1,0,0,0,0,0,0,0,0,0,0,0,0,0,0,0,0,0,0,0,0,0.0,0.0,5.0,7.0,0.0,0.0,0.0,0.0,0.0,0.0,0.0,0.0,0.0,0.0,0.0,0.0,0.0,0.5,0.0,0.0,0.0,0.0,0.0,0.0,0.0,0.0,0.0,0.0,0.0,0.0,0.0,0.0,0.0,0.0,2
00-0033006,Jaydon Mickens,WR,TB,2020,10,0,0,0,0,0,0,0,0,0,7,10,58,0,0,0,0,0,0,0,0,5.8,12.8,,5.0,,0.0,,0.0,,0.0,,0.0,,0.0,,0.0,,0.0,,0.0,,0.0,,0.0,,0.0,,0.0,,0.0,,0.0,,0.0,0
00-0033006,Jaydon Mickens,WR,JAX,2021,11,0,0,0,0,0,0,0,0,0,2,3,10,0,0,0,0,0,0,0,0,1.0,3.0,10.0,10.0,0.0,0.0,0.0,0.0,0.0,0.0,0.0,0.0,0.0,0.0,7.0,7.0,10.0,10.0,58.0,58.0,0.0,0.0,5.8,5.8,12.8,12.8,0.0,0.0,0.0,0.0,0.0,0.0,0.0,0.0,1
00-0033009,Tyler Boyd,WR,CIN,2020,15,1,2,16,0,0,5,49,0,0,79,110,841,4,0,0,0,0,0,0,0,113.64,192.64,,10.0,,0.0,,0.0,,0.0,,0.0,,0.0,,7.0,,10.0,,58.0,,0.0,,5.8,,12.8,,0.0,,0.0,,0.0,,0.0,0
00-0033009,Tyler Boyd,WR,CIN,2021,16,1,1,46,0,0,2,22,0,0,67,94,828,5,0,0,0,0,0,0,0,116.84,183.84,15.0,15.0,16.0,16.0,0.0,0.0,0.0,0.0,49.0,49.0,0.0,0.0,79.0,79.0,110.0,110.0,841.0,841.0,4.0,4.0,113.64,113.64,192.64,192.64,0.0,0.0,0.0,0.0,0.0,0.0,0.0,0.0,1
00-0033009,Tyler Boyd,WR,CIN,2022,16,1,1,23,0,0,0,0,0,0,58,82,762,5,0,0,0,0,0,0,0,109.12,167.12,16.0,15.5,46.0,31.0,0.0,0.0,0.0,0.0,22.0,35.5,0.0,0.0,67.0,73.0,94.0,102.0,828.0,834.5,5.0,4.5,116.84,115.24000000000001,183.84,188.24000000000012,0.0,0.0,0.0,0.0,0.0,0.0,0.0,0.0,2
00-0033009,Tyler Boyd,WR,CIN,2023,17,0,1,0,0,1,2,11,0,0,67,98,667,2,0,0,0,0,0,0,0,77.8,144.8,16.0,16.0,23.0,34.5,0.0,0.0,0.0,0.0,0.0,11.0,0.0,0.0,58.0,62.5,82.0,88.0,762.0,795.0,5.0,5.0,109.12,112.98,167.12,175.48000000000013,0.0,0.0,0.0,0.0,0.0,0.0,0.0,0.0,3
00-0033009,Tyler Boyd,WR,TEN,2024,15,0,1,0,0,0,1,3,0,0,39,57,390,0,0,0,0,0,0,0,0,39.3,78.3,17.0,16.5,0.0,11.5,0.0,0.0,1.0,0.5,11.0,5.5,0.0,0.0,67.0,62.5,98.0,90.0,667.0,714.5,2.0,3.5,77.8,93.46000000000001,144.8,155.96000000000012,0.0,0.0,0.0,0.0,0.0,0.0,0.0,0.0,4
00-0033025,Jalen Richard,RB,LV,2020,13,0,0,0,0,0,22,123,1,0,19,23,138,0,0,0,0,0,0,0,0,32.1,51.1,,17.0,,0.0,,0.0,,1.0,,11.0,,0.0,,67.0,,98.0,,667.0,,2.0,,77.8,,144.8,,0.0,,0.0,,0.0,,0.0,0
00-0033025,Jalen Richard,RB,LV,2021,9,0,0,0,0,0,9,40,0,0,12,14,72,0,0,0,0,0,0,0,0,11.2,23.2,13.0,13.0,0.0,0.0,0.0,0.0,0.0,0.0,123.0,123.0,1.0,1.0,19.0,19.0,23.0,23.0,138.0,138.0,0.0,0.0,32.1,32.1,51.1,51.1,0.0,0.0,0.0,0.0,0.0,0.0,0.0,0.0,1
00-0033040,Tyreek Hill,WR,KC,2020,15,0,0,0,0,0,13,123,2,0,87,135,1276,15,0,0,0,0,0,0,0,241.9,328.9,,13.0,,0.0,,0.0,,0.0,,123.0,,1.0,,19.0,,23.0,,138.0,,0.0,,32.1,,51.1,,0.0,,0.0,,0.0,,0.0,0
00-0033040,Tyreek Hill,WR,KC,2021,17,0,0,0,0,0,9,96,0,0,111,159,1239,9,1,0,0,0,0,0,0,185.5,296.5,15.0,15.0,0.0,0.0,0.0,0.0,0.0,0.0,123.0,123.0,2.0,2.0,87.0,87.0,135.0,135.0,1276.0,1276.0,15.0,15.0,241.9,241.9,328.9,328.9,0.0,0.0,0.0,0.0,0.0,0.0,0.0,0.0,1
00-0033040,Tyreek Hill,WR,MIA,2022,17,0,0,0,0,0,7,32,1,0,119,170,1710,7,0,0,0,0,0,0,0,222.2,341.2,17.0,16.0,0.0,0.0,0.0,0.0,0.0,0.0,96.0,109.5,0.0,1.0,111.0,99.0,159.0,147.0,1239.0,1257.5,9.0,12.0,185.5,213.7,296.5,312.7000000000001,0.0,0.0,0.0,0.0,0.0,0.0,0.0,0.0,2
00-0033040,Tyreek Hill,WR,MIA,2023,16,0,0,0,0,0,6,15,0,0,119,171,1799,13,1,0,0,0,0,0,0,257.4,376.4,17.0,17.0,0.0,0.0,0.0,0.0,0.0,0.0,32.0,64.0,1.0,0.5,119.0,115.0,170.0,164.5,1710.0,1474.5,7.0,8.0,222.2,203.85,341.2,318.85000000000014,0.0,0.0,0.0,0.0,0.0,0.0,0.0,0.0,3
00-0033040,Tyreek Hill,WR,MIA,2024,17,0,0,0,0,0,8,53,0,0,81,123,959,6,0,0,0,0,0,0,0,137.2,218.2,16.0,16.5,0.0,0.0,0.0,0.0,0.0,0.0,15.0,23.5,0.0,0.5,119.0,119.0,171.0,170.5,1799.0,1754.5,13.0,10.0,257.4,239.79999999999998,376.4,358.80000000000007,0.0,0.0,0.0,0.0,0.0,0.0,0.0,0.0,4
00-0033040,Tyreek Hill,WR,MIA,2025,4,0,0,0,0,0,0,0,0,0,21,29,265,1,0,0,0,0,0,0,0,32.5,53.5,17.0,16.5,0.0,0.0,0.0,0.0,0.0,0.0,53.0,34.0,0.0,0.0,81.0,100.0,123.0,147.0,959.0,1379.0,6.0,9.5,137.2,197.29999999999998,218.2,297.30000000000007,0.0,0.0,0.0,0.0,0.0,0.0,0.0,0.0,5
00-0033045,Ezekiel Elliott,RB,DAL,2020,15,0,0,0,0,0,244,979,6,4,52,71,338,2,1,0,0,0,0,0,0,171.7,223.7,,17.0,,0.0,,0.0,,0.0,,53.0,,0.0,,81.0,,123.0,,959.0,,6.0,,137.2,,218.2,,0.0,,0.0,,0.0,,0.0,0
00-0033045,Ezekiel Elliott,RB,DAL,2021,17,1,1,4,0,0,237,1002,10,1,47,65,287,2,0,0,0,0,0,0,0,205.06,252.06,15.0,15.0,0.0,0.0,0.0,0.0,0.0,0.0,979.0,979.0,6.0,6.0,52.0,52.0,71.0,71.0,338.0,338.0,2.0,2.0,171.7,171.7,223.7,223.7,0.0,0.0,0.0,0.0,0.0,0.0,0.0,0.0,1
00-0033045,Ezekiel Elliott,RB,DAL,2022,15,0,0,0,0,0,231,876,12,0,17,23,92,0,0,0,0,0,0,0,0,168.8,185.8,17.0,16.0,4.0,2.0,0.0,0.0,0.0,0.0,1002.0,990.5,10.0,8.0,47.0,49.5,65.0,68.0,287.0,312.5,2.0,2.0,205.06,188.38,252.06,237.8800000000001,0.0,0.0,0.0,0.0,0.0,0.0,0.0,0.0,2
00-0033045,Ezekiel Elliott,RB,NE,2023,17,0,0,0,0,0,184,642,3,0,51,65,313,2,1,0,0,0,0,0,0,123.5,174.5,15.0,16.0,0.0,2.0,0.0,0.0,0.0,0.0,876.0,939.0,12.0,11.0,17.0,32.0,23.0,44.0,92.0,189.5,0.0,1.0,168.8,186.93,185.8,218.93000000000012,0.0,0.0,0.0,0.0,0.0,0.0,0.0,0.0,3
00-0033045,Ezekiel Elliott,RB,DAL,2024,15,0,0,0,0,0,74,226,3,1,12,15,69,0,0,0,0,0,0,0,0,45.5,57.5,17.0,16.0,0.0,0.0,0.0,0.0,0.0,0.0,642.0,759.0,3.0,7.5,51.0,34.0,65.0,44.0,313.0,202.5,2.0,1.0,123.5,146.15,174.5,180.15000000000012,0.0,0.0,0.0,0.0,0.0,0.0,0.0,0.0,4
00-0033077,Dak Prescott,QB,DAL,2020,5,151,222,1856,9,4,18,93,3,0,1,1,11,1,0,0,0,0,0,0,0,134.64,135.64,,17.0,,0.0,,0.0,,0.0,,642.0,,3.0,,51.0,,65.0,,313.0,,2.0,,123.5,,174.5,,0.0,,0.0,,0.0,,0.0,0
00-0033077,Dak Prescott,QB,DAL,2021,16,410,596,4449,37,10,48,146,1,3,0,0,0,0,0,0,0,0,0,0,0,320.56,320.56,5.0,5.0,1856.0,1856.0,9.0,9.0,4.0,4.0,93.0,93.0,3.0,3.0,1.0,1.0,1.0,1.0,11.0,11.0,1.0,1.0,134.64,134.64,135.64,135.64,0.0,0.0,0.0,0.0,0.0,0.0,0.0,0.0,1
00-0033077,Dak Prescott,QB,DAL,2022,12,261,394,2860,23,15,45,182,1,1,0,0,0,0,0,0,0,0,0,0,0,198.6,198.6,16.0,10.5,4449.0,3152.5,37.0,23.0,10.0,7.0,146.0,119.5,1.0,2.0,0.0,0.5,0.0,0.5,0.0,5.5,0.0,0.5,320.56,227.6,320.56,228.1000000000001,0.0,0.0,0.0,0.0,0.0,0.0,0.0,0.0,2
00-0033077,Dak Prescott,QB,DAL,2023,17,410,590,4516,36,9,55,242,2,1,0,0,0,0,0,0,0,0,0,0,0,342.84,342.84,12.0,14.0,2860.0,3654.5,23.0,30.0,15.0,12.5,182.0,164.0,1.0,1.0,0.0,0.0,0.0,0.0,0.0,0.0,0.0,0.0,198.6,259.58,198.6,259.5800000000001,0.0,0.0,0.0,0.0,0.0,0.0,0.0,0.0,3
00-0033077,Dak Prescott,QB,DAL,2024,8,185,286,1978,11,8,13,54,1,0,0,0,0,0,0,0,0,0,0,0,0,116.52,116.52,17.0,14.5,4516.0,3688.0,36.0,29.5,9.0,12.0,242.0,212.0,2.0,1.5,0.0,0.0,0.0,0.0,0.0,0.0,0.0,0.0,342.84,270.72,342.84,270.72000000000014,0.0,0.0,0.0,0.0,0.0,0.0,0.0,0.0,4
00-0033077,Dak Prescott,QB,DAL,2025,17,404,600,4552,30,10,53,177,2,1,0,0,0,0,0,0,0,0,0,0,0,313.78,313.78,8.0,12.5,1978.0,3247.0,11.0,23.5,8.0,8.5,54.0,148.0,1.0,1.5,0.0,0.0,0.0,0.0,0.0,0.0,0.0,0.0,116.52,229.67999999999998,116.52,229.6800000000001,0.0,0.0,0.0,0.0,0.0,0.0,0.0,0.0,5
00-0033080,Seth DeValve,TE,ARI,2020,2,0,0,0,0,0,0,0,0,0,0,1,0,0,0,0,0,0,0,0,0,0.0,0.0,,8.0,,1978.0,,11.0,,8.0,,54.0,,1.0,,0.0,,0.0,,0.0,,0.0,,116.52,,116.52,,0.0,,0.0,,0.0,,0.0,0
00-0033090,Hunter Henry,TE,LAC,2020,14,0,0,0,0,0,0,0,0,0,60,93,613,4,0,0,0,0,0,0,0,85.3,145.3,,,,,,,,,,,,,,,,,,,,,,,,,,,,,,,,,0
00-0033090,Hunter Henry,TE,NE,2021,16,0,0,0,0,0,0,0,0,0,50,75,603,9,0,0,0,0,0,0,0,114.3,164.3,14.0,14.0,0.0,0.0,0.0,0.0,0.0,0.0,0.0,0.0,0.0,0.0,60.0,60.0,93.0,93.0,613.0,613.0,4.0,4.0,85.3,85.3,145.3,145.3,0.0,0.0,0.0,0.0,0.0,0.0,0.0,0.0,1
00-0033090,Hunter Henry,TE,NE,2022,16,0,0,0,0,0,0,0,0,0,41,59,509,2,0,0,0,0,0,0,0,62.9,103.9,16.0,15.0,0.0,0.0,0.0,0.0,0.0,0.0,0.0,0.0,0.0,0.0,50.0,55.0,75.0,84.0,603.0,608.0,9.0,6.5,114.3,99.80000000000003,164.3,154.80000000000015,0.0,0.0,0.0,0.0,0.0,0.0,0.0,0.0,2
00-0033090,Hunter Henry,TE,NE,2023,13,0,0,0,0,0,0,0,0,0,42,61,419,6,0,0,0,0,0,0,0,77.9,119.9,16.0,16.0,0.0,0.0,0.0,0.0,0.0,0.0,0.0,0.0,0.0,0.0,41.0,45.5,59.0,67.0,509.0,556.0,2.0,5.5,62.9,88.60000000000002,103.9,134.10000000000014,0.0,0.0,0.0,0.0,0.0,0.0,0.0,0.0,3
00-0033090,Hunter Henry,TE,NE,2024,16,0,0,0,0,0,0,0,0,0,66,97,674,2,0,0,0,0,0,0,0,79.4,145.4,13.0,14.5,0.0,0.0,0.0,0.0,0.0,0.0,0.0,0.0,0.0,0.0,42.0,41.5,61.0,60.0,419.0,464.0,6.0,4.0,77.9,70.40000000000003,119.9,111.90000000000015,0.0,0.0,0.0,0.0,0.0,0.0,0.0,0.0,4
00-0033090,Hunter Henry,TE,NE,2025,17,0,0,0,0,0,0,0,0,0,60,87,768,7,0,0,0,0,0,0,0,118.8,178.8,16.0,14.5,0.0,0.0,0.0,0.0,0.0,0.0,0.0,0.0,0.0,0.0,66.0,54.0,97.0,79.0,674.0,546.5,2.0,4.0,79.4,78.65000000000003,145.4,132.65000000000015,0.0,0.0,0.0,0.0,0.0,0.0,0.0,0.0,5
00-0033094,Marvin Hall,WR,CLE,2020,11,0,0,0,0,0,1,1,0,0,18,32,302,2,0,0,0,0,0,0,0,42.3,60.3,,16.0,,0.0,,0.0,,0.0,,0.0,,0.0,,66.0,,97.0,,674.0,,2.0,,79.4,,145.4,,0.0,,0.0,,0.0,,0.0,0
00-0033094,Marvin Hall,WR,ATL,2021,1,0,0,0,0,0,0,0,0,0,1,1,10,0,0,0,0,0,0,0,0,1.0,2.0,11.0,11.0,0.0,0.0,0.0,0.0,0.0,0.0,1.0,1.0,0.0,0.0,18.0,18.0,32.0,32.0,302.0,302.0,2.0,2.0,42.3,42.3,60.3,60.3,0.0,0.0,0.0,0.0,0.0,0.0,0.0,0.0,1
00-0033095,Garrett Griffin,TE,NO,2021,5,0,0,0,0,0,0,0,0,0,4,4,39,0,0,0,0,0,0,0,0,3.9,7.9,,11.0,,0.0,,0.0,,0.0,,1.0,,0.0,,18.0,,32.0,,302.0,,2.0,,42.3,,60.3,,0.0,,0.0,,0.0,,0.0,0
00-0033106,Jared Goff,QB,LA,2020,15,370,552,3952,20,13,51,99,4,1,0,0,0,0,0,0,0,0,0,0,0,239.98,239.98,,,,,,,,,,,,,,,,,,,,,,,,,,,,,,,,,0
00-0033106,Jared Goff,QB,DET,2021,14,332,494,3245,19,8,17,87,0,2,0,0,0,0,0,0,0,0,0,0,0,194.5,194.5,15.0,15.0,3952.0,3952.0,20.0,20.0,13.0,13.0,99.0,99.0,4.0,4.0,0.0,0.0,0.0,0.0,0.0,0.0,0.0,0.0,239.98,239.98,239.98,239.98,0.0,0.0,0.0,0.0,0.0,0.0,0.0,0.0,1
00-0033106,Jared Goff,QB,DET,2022,17,382,587,4438,29,7,29,73,0,1,1,1,5,0,0,0,0,0,0,0,0,283.32,284.32,14.0,14.5,3245.0,3598.5,19.0,19.5,8.0,10.5,87.0,93.0,0.0,2.0,0.0,0.0,0.0,0.0,0.0,0.0,0.0,0.0,194.5,217.24,194.5,217.24000000000012,0.0,0.0,0.0,0.0,0.0,0.0,0.0,0.0,2
00-0033106,Jared Goff,QB,DET,2023,17,407,605,4575,30,12,32,21,2,2,0,0,0,0,0,0,0,0,0,0,0,289.1,289.1,17.0,15.5,4438.0,3841.5,29.0,24.0,7.0,7.5,73.0,80.0,0.0,0.0,1.0,0.5,1.0,0.5,5.0,2.5,0.0,0.0,283.32,238.91000000000003,284.32,239.41000000000014,0.0,0.0,0.0,0.0,0.0,0.0,0.0,0.0,3
00-0033106,Jared Goff,QB,DET,2024,17,390,539,4629,37,12,35,56,0,0,1,1,7,1,0,0,0,0,0,0,0,323.46,324.46,17.0,17.0,4575.0,4506.5,30.0,29.5,12.0,9.5,21.0,47.0,2.0,1.0,0.0,0.5,0.0,0.5,0.0,2.5,0.0,0.0,289.1,286.21000000000004,289.1,286.71000000000015,0.0,0.0,0.0,0.0,0.0,0.0,0.0,0.0,4
00-0033106,Jared Goff,QB,DET,2025,17,393,578,4564,34,8,19,45,0,2,0,0,0,0,0,0,0,0,0,0,0,297.06,297.06,17.0,17.0,4629.0,4602.0,37.0,33.5,12.0,12.0,56.0,38.5,0.0,1.0,1.0,0.5,1.0,0.5,7.0,3.5,1.0,0.5,323.46,306.28000000000003,324.46,306.78000000000014,0.0,0.0,0.0,0.0,0.0,0.0,0.0,0.0,5
00-0033110,Tyler Higbee,TE,LA,2020,15,0,0,0,0,0,1,1,0,0,44,60,521,5,0,0,0,0,0,0,0,84.2,128.2,,17.0,,4629.0,,37.0,,12.0,,56.0,,0.0,,1.0,,1.0,,7.0,,1.0,,323.46,,324.46,,0.0,,0.0,,0.0,,0.0,0
00-0033110,Tyler Higbee,TE,LA,2021,15,0,0,0,0,0,0,0,0,0,61,85,560,5,0,0,0,0,0,0,0,86.0,147.0,15.0,15.0,0.0,0.0,0.0,0.0,0.0,0.0,1.0,1.0,0.0,0.0,44.0,44.0,60.0,60.0,521.0,521.0,5.0,5.0,84.2,84.2,128.2,128.2,0.0,0.0,0.0,0.0,0.0,0.0,0.0,0.0,1
00-0033110,Tyler Higbee,TE,LA,2022,16,0,0,0,0,0,0,0,0,0,72,108,620,3,0,0,0,0,0,0,0,80.0,152.0,15.0,15.0,0.0,0.0,0.0,0.0,0.0,0.0,0.0,0.5,0.0,0.0,61.0,52.5,85.0,72.5,560.0,540.5,5.0,5.0,86.0,85.10000000000002,147.0,137.60000000000014,0.0,0.0,0.0,0.0,0.0,0.0,0.0,0.0,2
00-0033110,Tyler Higbee,TE,LA,2023,15,0,0,0,0,0,0,0,0,0,47,70,495,2,0,0,0,0,0,0,0,61.5,108.5,16.0,15.5,0.0,0.0,0.0,0.0,0.0,0.0,0.0,0.0,0.0,0.0,72.0,66.5,108.0,96.5,620.0,590.0,3.0,4.0,80.0,83.00000000000003,152.0,149.50000000000014,0.0,0.0,0.0,0.0,0.0,0.0,0.0,0.0,3
00-0033110,Tyler Higbee,TE,LA,2024,3,0,0,0,0,0,0,0,0,0,8,12,66,2,0,0,0,0,0,0,0,18.6,26.6,15.0,15.5,0.0,0.0,0.0,0.0,0.0,0.0,0.0,0.0,0.0,0.0,47.0,59.5,70.0,89.0,495.0,557.5,2.0,2.5,61.5,70.75000000000003,108.5,130.25000000000014,0.0,0.0,0.0,0.0,0.0,0.0,0.0,0.0,4
00-0033110,Tyler Higbee,TE,LA,2025,10,0,0,0,0,0,0,0,0,0,25,36,281,3,0,0,0,0,0,0,0,46.1,71.1,3.0,9.0,0.0,0.0,0.0,0.0,0.0,0.0,0.0,0.0,0.0,0.0,8.0,27.5,12.0,41.0,66.0,280.5,2.0,2.0,18.6,40.050000000000026,26.6,67.55000000000014,0.0,0.0,0.0,0.0,0.0,0.0,0.0,0.0,5
00-0033111,Pharoh Cooper,WR,CAR,2020,15,0,0,0,0,0,0,0,0,0,5,8,73,0,0,0,0,0,0,0,0,7.3,12.3,,3.0,,0.0,,0.0,,0.0,,0.0,,0.0,,8.0,,12.0,,66.0,,2.0,,18.6,,26.6,,0.0,,0.0,,0.0,,0.0,0
00-0033111,Pharoh Cooper,WR,NYG,2021,8,0,0,0,0,0,1,3,0,0,4,11,33,0,0,0,0,0,0,0,0,3.6,7.6,15.0,15.0,0.0,0.0,0.0,0.0,0.0,0.0,0.0,0.0,0.0,0.0,5.0,5.0,8.0,8.0,73.0,73.0,0.0,0.0,7.3,7.3,12.3,12.3,0.0,0.0,0.0,0.0,0.0,0.0,0.0,0.0,1
00-0033111,Pharoh Cooper,WR,ARI,2022,5,0,0,0,0,0,4,15,0,0,2,2,6,0,0,0,0,0,0,0,0,2.1,4.1,8.0,11.5,0.0,0.0,0.0,0.0,0.0,0.0,3.0,1.5,0.0,0.0,4.0,4.5,11.0,9.5,33.0,53.0,0.0,0.0,3.6,5.450000000000029,7.6,9.950000000000141,0.0,0.0,0.0,0.0,0.0,0.0,0.0,0.0,2
00-0033112,Temarrick Hemingway,TE,WAS,2020,3,0,0,0,0,0,0,0,0,0,1,2,10,0,0,0,0,0,0,0,0,1.0,2.0,,8.0,,0.0,,0.0,,0.0,,3.0,,0.0,,4.0,,11.0,,33.0,,0.0,,3.6,,7.6,,0.0,,0.0,,0.0,,0.0,0
00-0033114,Mike Thomas,WR,CIN,2020,12,0,0,0,0,0,1,1,0,0,13,21,132,1,1,0,0,0,0,0,0,17.3,30.3,,,,,,,,,,,,,,,,,,,,,,,,,,,,,,,,,0
00-0033114,Mike Thomas,WR,CIN,2021,7,0,0,0,0,0,0,0,0,0,5,11,52,0,0,0,0,0,0,0,0,5.2,10.2,12.0,12.0,0.0,0.0,0.0,0.0,0.0,0.0,1.0,1.0,0.0,0.0,13.0,13.0,21.0,21.0,132.0,132.0,1.0,1.0,17.3,17.3,30.3,30.3,0.0,0.0,0.0,0.0,0.0,0.0,0.0,0.0,1
00-0033114,Mike Thomas,WR,CIN,2022,5,0,0,0,0,0,0,0,0,0,2,10,38,0,0,0,0,0,0,0,0,5.8,7.8,7.0,9.5,0.0,0.0,0.0,0.0,0.0,0.0,0.0,0.5,0.0,0.0,5.0,9.0,11.0,16.0,52.0,92.0,0.0,0.5,5.2,11.250000000000028,10.2,20.250000000000142,0.0,0.0,0.0,0.0,0.0,0.0,0.0,0.0,2
00-0033118,Kenyan Drake,RB,ARI,2020,15,0,0,0,0,0,239,955,10,1,25,31,137,0,0,0,0,0,0,0,0,167.2,192.2,,7.0,,0.0,,0.0,,0.0,,0.0,,0.0,,5.0,,11.0,,52.0,,0.0,,5.2,,10.2,,0.0,,0.0,,0.0,,0.0,0
00-0033118,Kenyan Drake,RB,LV,2021,12,0,0,0,0,0,63,254,2,0,30,40,291,1,0,0,0,0,0,0,0,72.5,102.5,15.0,15.0,0.0,0.0,0.0,0.0,0.0,0.0,955.0,955.0,10.0,10.0,25.0,25.0,31.0,31.0,137.0,137.0,0.0,0.0,167.2,167.2,192.2,192.2,0.0,0.0,0.0,0.0,0.0,0.0,0.0,0.0,1
00-0033118,Kenyan Drake,RB,BAL,2022,12,0,0,0,0,0,109,482,4,0,17,26,89,1,0,0,0,0,0,0,0,87.1,104.1,12.0,13.5,0.0,0.0,0.0,0.0,0.0,0.0,254.0,604.5,2.0,6.0,30.0,27.5,40.0,35.5,291.0,214.0,1.0,0.5,72.5,119.85000000000002,102.5,147.35000000000014,0.0,0.0,0.0,0.0,0.0,0.0,0.0,0.0,2
00-0033118,Kenyan Drake,RB,GB,2023,2,0,0,0,0,0,2,0,0,0,2,3,31,0,1,0,0,0,0,0,0,1.1,3.1,12.0,12.0,0.0,0.0,0.0,0.0,0.0,0.0,482.0,368.0,4.0,3.0,17.0,23.5,26.0,33.0,89.0,190.0,1.0,1.0,87.1,79.80000000000003,104.1,103.30000000000014,0.0,0.0,0.0,0.0,0.0,0.0,0.0,0.0,3
00-0033119,Jacoby Brissett,QB,IND,2020,11,2,8,17,0,0,17,19,3,0,0,0,0,0,0,0,0,0,0,0,0,20.58,20.58,,12.0,,0.0,,0.0,,0.0,,482.0,,4.0,,17.0,,26.0,,89.0,,1.0,,87.1,,104.1,,0.0,,0.0,,0.0,,0.0,0
00-0033119,Jacoby Brissett,QB,MIA,2021,10,141,225,1283,5,4,19,70,1,0,0,0,0,0,0,0,0,0,0,0,0,72.32,72.32,11.0,11.0,17.0,17.0,0.0,0.0,0.0,0.0,19.0,19.0,3.0,3.0,0.0,0.0,0.0,0.0,0.0,0.0,0.0,0.0,20.58,20.58,20.58,20.58,0.0,0.0,0.0,0.0,0.0,0.0,0.0,0.0,1
00-0033119,Jacoby Brissett,QB,CLE,2022,14,236,369,2608,12,6,49,243,2,1,0,0,0,0,0,0,0,0,0,0,0,168.62,168.62,10.0,10.5,1283.0,650.0,5.0,2.5,4.0,2.0,70.0,44.5,1.0,2.0,0.0,0.0,0.0,0.0,0.0,0.0,0.0,0.0,72.32,46.450000000000024,72.32,46.45000000000014,0.0,0.0,0.0,0.0,0.0,0.0,0.0,0.0,2
00-0033119,Jacoby Brissett,QB,WAS,2023,2,18,23,224,3,0,3,19,0,0,0,0,0,0,0,0,0,0,0,0,0,22.86,22.86,14.0,12.0,2608.0,1945.5,12.0,8.5,6.0,5.0,243.0,156.5,2.0,1.5,0.0,0.0,0.0,0.0,0.0,0.0,0.0,0.0,168.62,120.47000000000003,168.62,120.47000000000014,0.0,0.0,0.0,0.0,0.0,0.0,0.0,0.0,3
00-0033119,Jacoby Brissett,QB,NE,2024,7,95,161,826,2,1,15,62,0,0,0,0,0,0,0,0,0,0,0,0,0,45.24,45.24,2.0,8.0,224.0,1416.0,3.0,7.5,0.0,3.0,19.0,131.0,0.0,1.0,0.0,0.0,0.0,0.0,0.0,0.0,0.0,0.0,22.86,95.74000000000004,22.86,95.74000000000015,0.0,0.0,0.0,0.0,0.0,0.0,0.0,0.0,4
00-0033119,Jacoby Brissett,QB,ARI,2025,14,315,485,3366,23,8,38,168,1,0,0,0,0,0,0,0,0,0,0,0,0,227.44,227.44,7.0,4.5,826.0,525.0,2.0,2.5,1.0,0.5,62.0,40.5,0.0,0.0,0.0,0.0,0.0,0.0,0.0,0.0,0.0,0.0,45.24,34.050000000000026,45.24,34.05000000000014,0.0,0.0,0.0,0.0,0.0,0.0,0.0,0.0,5
00-0033127,Will Fuller,WR,HOU,2020,11,0,0,0,0,0,1,0,0,0,53,75,879,8,0,0,0,0,0,0,0,135.9,188.9,,7.0,,826.0,,2.0,,1.0,,62.0,,0.0,,0.0,,0.0,,0.0,,0.0,,45.24,,45.24,,0.0,,0.0,,0.0,,0.0,0
00-0033127,Will Fuller,WR,MIA,2021,2,0,0,0,0,0,0,0,0,0,4,8,26,0,0,0,0,0,0,0,0,4.6,8.6,11.0,11.0,0.0,0.0,0.0,0.0,0.0,0.0,0.0,0.0,0.0,0.0,53.0,53.0,75.0,75.0,879.0,879.0,8.0,8.0,135.9,135.9,188.9,188.9,0.0,0.0,0.0,0.0,0.0,0.0,0.0,0.0,1
00-0033138,Sam Ficken,K,NYJ,2020,9,0,0,0,0,0,0,0,0,0,0,0,0,0,0,13,15,1,0,12,15,0.0,0.0,,11.0,,0.0,,0.0,,0.0,,0.0,,0.0,,53.0,,75.0,,879.0,,8.0,,135.9,,188.9,,0.0,,0.0,,0.0,,0.0,0
00-0033164,Troymaine Pope,RB,LAC,2020,4,0,0,0,0,0,15,76,0,0,8,10,42,0,0,0,0,0,0,0,0,11.8,19.8,,,,,,,,,,,,,,,,,,,,,,,,,,,,,,,,,0
00-0033215,Cyril Grayson,WR,TB,2020,2,0,0,0,0,0,0,0,0,0,0,3,0,0,0,0,0,0,0,0,0,0.0,0.0,,,,,,,,,,,,,,,,,,,,,,,,,,,,,,,,,0
00-0033215,Cyril Grayson,WR,TB,2021,3,0,0,0,0,0,1,14,0,0,10,12,212,2,0,0,0,0,0,0,0,34.6,44.6,2.0,2.0,0.0,0.0,0.0,0.0,0.0,0.0,0.0,0.0,0.0,0.0,0.0,0.0,3.0,3.0,0.0,0.0,0.0,0.0,0.0,0.0,0.0,0.0,0.0,0.0,0.0,0.0,0.0,0.0,0.0,0.0,1
00-0033217,Mo Alie-Cox,TE,IND,2020,14,0,0,0,0,0,0,0,0,0,31,39,394,2,1,0,0,0,0,0,0,49.4,80.4,,2.0,,0.0,,0.0,,0.0,,0.0,,0.0,,0.0,,3.0,,0.0,,0.0,,0.0,,0.0,,0.0,,0.0,,0.0,,0.0,0
00-0033217,Mo Alie-Cox,TE,IND,2021,17,0,0,0,0,0,0,0,0,0,24,45,316,4,0,0,0,0,0,0,0,55.6,79.6,14.0,14.0,0.0,0.0,0.0,0.0,0.0,0.0,0.0,0.0,0.0,0.0,31.0,31.0,39.0,39.0,394.0,394.0,2.0,2.0,49.4,49.4,80.4,80.4,0.0,0.0,0.0,0.0,0.0,0.0,0.0,0.0,1
00-0033217,Mo Alie-Cox,TE,IND,2022,14,0,0,0,0,0,0,0,0,0,19,28,189,3,1,0,0,0,0,0,0,34.9,53.9,17.0,15.5,0.0,0.0,0.0,0.0,0.0,0.0,0.0,0.0,0.0,0.0,24.0,27.5,45.0,42.0,316.0,355.0,4.0,3.0,55.6,52.50000000000003,79.6,80.00000000000014,0.0,0.0,0.0,0.0,0.0,0.0,0.0,0.0,2
00-0033217,Mo Alie-Cox,TE,IND,2023,14,0,0,0,0,0,0,0,0,0,13,22,161,3,0,0,0,0,0,0,0,36.1,49.1,14.0,15.5,0.0,0.0,0.0,0.0,0.0,0.0,0.0,0.0,0.0,0.0,19.0,21.5,28.0,36.5,189.0,252.5,3.0,3.5,34.9,45.25000000000003,53.9,66.75000000000014,0.0,0.0,0.0,0.0,0.0,0.0,0.0,0.0,3
00-0033217,Mo Alie-Cox,TE,IND,2024,12,0,0,0,0,0,0,0,0,0,12,22,147,1,0,0,0,0,0,0,0,20.7,32.7,14.0,14.0,0.0,0.0,0.0,0.0,0.0,0.0,0.0,0.0,0.0,0.0,13.0,16.0,22.0,25.0,161.0,175.0,3.0,3.0,36.1,35.50000000000003,49.1,51.50000000000014,0.0,0.0,0.0,0.0,0.0,0.0,0.0,0.0,4
00-0033217,Mo Alie-Cox,TE,IND,2025,11,0,0,0,0,0,0,0,0,0,13,20,117,1,0,0,0,0,0,0,0,17.7,30.7,12.0,13.0,0.0,0.0,0.0,0.0,0.0,0.0,0.0,0.0,0.0,0.0,12.0,12.5,22.0,22.0,147.0,154.0,1.0,2.0,20.7,28.400000000000027,32.7,40.90000000000015,0.0,0.0,0.0,0.0,0.0,0.0,0.0,0.0,5
00-0033246,Johnny Mundt,TE,LA,2020,5,0,0,0,0,0,0,0,0,0,4,4,53,0,0,0,0,0,0,0,0,5.3,9.3,,12.0,,0.0,,0.0,,0.0,,0.0,,0.0,,12.0,,22.0,,147.0,,1.0,,20.7,,32.7,,0.0,,0.0,,0.0,,0.0,0
00-0033246,Johnny Mundt,TE,LA,2021,3,0,0,0,0,0,0,0,0,0,1,1,9,0,0,0,0,0,0,0,0,0.9,1.9,5.0,5.0,0.0,0.0,0.0,0.0,0.0,0.0,0.0,0.0,0.0,0.0,4.0,4.0,4.0,4.0,53.0,53.0,0.0,0.0,5.3,5.3,9.3,9.3,0.0,0.0,0.0,0.0,0.0,0.0,0.0,0.0,1
00-0033246,Johnny Mundt,TE,MIN,2022,13,0,0,0,0,0,0,0,0,0,19,21,140,1,0,0,0,0,0,0,0,20.0,39.0,3.0,4.0,0.0,0.0,0.0,0.0,0.0,0.0,0.0,0.0,0.0,0.0,1.0,2.5,1.0,2.5,9.0,31.0,0.0,0.0,0.9,3.1000000000000285,1.9,5.600000000000143,0.0,0.0,0.0,0.0,0.0,0.0,0.0,0.0,2
00-0033246,Johnny Mundt,TE,MIN,2023,10,0,0,0,0,0,0,0,0,0,17,23,172,1,0,0,0,0,0,0,0,23.2,40.2,13.0,8.0,0.0,0.0,0.0,0.0,0.0,0.0,0.0,0.0,0.0,0.0,19.0,10.0,21.0,11.0,140.0,74.5,1.0,0.5,20.0,10.450000000000028,39.0,20.45000000000014,0.0,0.0,0.0,0.0,0.0,0.0,0.0,0.0,3
00-0033246,Johnny Mundt,TE,MIN,2024,14,0,0,0,0,0,0,0,0,0,19,27,142,2,0,0,0,0,0,0,0,26.2,45.2,10.0,11.5,0.0,0.0,0.0,0.0,0.0,0.0,0.0,0.0,0.0,0.0,17.0,18.0,23.0,22.0,172.0,156.0,1.0,1.0,23.2,21.60000000000003,40.2,39.60000000000014,0.0,0.0,0.0,0.0,0.0,0.0,0.0,0.0,4
00-0033246,Johnny Mundt,TE,JAX,2025,12,0,0,0,0,0,0,0,0,0,9,19,111,0,0,0,0,0,0,0,0,11.1,20.1,14.0,12.0,0.0,0.0,0.0,0.0,0.0,0.0,0.0,0.0,0.0,0.0,19.0,18.0,27.0,25.0,142.0,157.0,2.0,1.5,26.2,24.700000000000028,45.2,42.700000000000145,0.0,0.0,0.0,0.0,0.0,0.0,0.0,0.0,5
00-0033251,Zach Pascal,WR,IND,2020,16,0,1,0,0,0,0,0,0,0,44,71,629,5,0,0,0,0,0,0,0,92.9,136.9,,14.0,,0.0,,0.0,,0.0,,0.0,,0.0,,19.0,,27.0,,142.0,,2.0,,26.2,,45.2,,0.0,,0.0,,0.0,,0.0,0
00-0033251,Zach Pascal,WR,IND,2021,16,0,0,0,0,0,2,21,0,0,38,69,384,3,1,0,0,0,0,0,0,56.5,94.5,16.0,16.0,0.0,0.0,0.0,0.0,0.0,0.0,0.0,0.0,0.0,0.0,44.0,44.0,71.0,71.0,629.0,629.0,5.0,5.0,92.9,92.9,136.9,136.9,0.0,0.0,0.0,0.0,0.0,0.0,0.0,0.0,1
00-0033251,Zach Pascal,WR,PHI,2022,15,0,0,0,0,0,1,0,0,0,15,19,150,1,0,0,0,0,0,0,0,21.0,36.0,16.0,16.0,0.0,0.0,0.0,0.0,0.0,0.0,21.0,10.5,0.0,0.0,38.0,41.0,69.0,70.0,384.0,506.5,3.0,4.0,56.5,74.70000000000003,94.5,115.70000000000014,0.0,0.0,0.0,0.0,0.0,0.0,0.0,0.0,2
00-0033251,Zach Pascal,WR,ARI,2023,10,0,0,0,0,0,0,0,0,0,4,15,19,0,0,0,0,0,0,0,0,1.9,5.9,15.0,15.5,0.0,0.0,0.0,0.0,0.0,0.0,0.0,10.5,0.0,0.0,15.0,26.5,19.0,44.0,150.0,267.0,1.0,2.0,21.0,38.75000000000003,36.0,65.25000000000014,0.0,0.0,0.0,0.0,0.0,0.0,0.0,0.0,3
00-0033251,Zach Pascal,WR,ARI,2024,3,0,0,0,0,0,0,0,0,0,0,0,0,0,0,0,0,0,0,0,0,0.0,0.0,10.0,12.5,0.0,0.0,0.0,0.0,0.0,0.0,0.0,0.0,0.0,0.0,4.0,9.5,15.0,17.0,19.0,84.5,0.0,0.5,1.9,11.450000000000028,5.9,20.95000000000014,0.0,0.0,0.0,0.0,0.0,0.0,0.0,0.0,4
00-0033258,Darrell Daniels,TE,ARI,2020,9,0,0,0,0,0,0,0,0,0,8,11,92,1,0,0,0,0,0,0,0,15.2,23.2,,10.0,,0.0,,0.0,,0.0,,0.0,,0.0,,4.0,,15.0,,19.0,,0.0,,1.9,,5.9,,0.0,,0.0,,0.0,,0.0,0
00-0033258,Darrell Daniels,TE,ARI,2021,10,0,0,0,0,0,0,0,0,0,1,4,0,0,0,0,0,0,0,0,0,0.0,1.0,9.0,9.0,0.0,0.0,0.0,0.0,0.0,0.0,0.0,0.0,0.0,0.0,8.0,8.0,11.0,11.0,92.0,92.0,1.0,1.0,15.2,15.2,23.2,23.2,0.0,0.0,0.0,0.0,0.0,0.0,0.0,0.0,1
00-0033258,Darrell Daniels,TE,DET,2023,1,0,0,0,0,0,0,0,0,0,0,0,0,0,0,0,0,0,0,0,0,0.0,0.0,10.0,9.5,0.0,0.0,0.0,0.0,0.0,0.0,0.0,0.0,0.0,0.0,1.0,4.5,4.0,7.5,0.0,46.0,0.0,0.5,0.0,7.600000000000028,1.0,12.100000000000144,0.0,0.0,0.0,0.0,0.0,0.0,0.0,0.0,2
00-0033266,JoJo Natson,WR,CLE,2020,3,0,0,0,0,0,1,3,0,0,0,0,0,0,0,0,0,0,0,0,0,0.3,0.3,,10.0,,0.0,,0.0,,0.0,,0.0,,0.0,,1.0,,4.0,,0.0,,0.0,,0.0,,1.0,,0.0,,0.0,,0.0,,0.0,0
00-0033266,JoJo Natson,WR,CLE,2021,3,0,0,0,0,0,0,0,0,0,0,0,0,0,0,0,0,0,0,0,0,0.0,0.0,3.0,3.0,0.0,0.0,0.0,0.0,0.0,0.0,3.0,3.0,0.0,0.0,0.0,0.0,0.0,0.0,0.0,0.0,0.0,0.0,0.3,0.3,0.3,0.3,0.0,0.0,0.0,0.0,0.0,0.0,0.0,0.0,1
00-0033275,PJ Walker,QB,CAR,2020,4,32,56,368,1,5,5,-2,0,0,0,1,0,0,0,0,0,0,0,0,0,8.52,8.52,,3.0,,0.0,,0.0,,0.0,,3.0,,0.0,,0.0,,0.0,,0.0,,0.0,,0.3,,0.3,,0.0,,0.0,,0.0,,0.0,0
00-0033275,PJ Walker,QB,CAR,2021,5,36,66,362,1,3,7,13,0,1,0,0,0,0,0,0,0,0,0,0,0,13.78,13.78,4.0,4.0,368.0,368.0,1.0,1.0,5.0,5.0,-2.0,-2.0,0.0,0.0,0.0,0.0,1.0,1.0,0.0,0.0,0.0,0.0,8.52,8.52,8.52,8.52,0.0,0.0,0.0,0.0,0.0,0.0,0.0,0.0,1
00-0033275,PJ Walker,QB,CAR,2022,6,63,106,731,3,3,6,39,0,0,0,0,0,0,0,0,0,0,0,0,0,39.14,39.14,5.0,4.5,362.0,365.0,1.0,1.0,3.0,4.0,13.0,5.5,0.0,0.0,0.0,0.0,0.0,0.5,0.0,0.0,0.0,0.0,13.78,11.150000000000027,13.78,11.150000000000144,0.0,0.0,0.0,0.0,0.0,0.0,0.0,0.0,2
00-0033275,PJ Walker,QB,CLE,2023,5,54,111,674,1,5,13,30,0,0,0,0,0,0,0,0,0,0,0,0,0,19.96,19.96,6.0,5.5,731.0,546.5,3.0,2.0,3.0,3.0,39.0,26.0,0.0,0.0,0.0,0.0,0.0,0.0,0.0,0.0,0.0,0.0,39.14,26.46000000000003,39.14,26.460000000000143,0.0,0.0,0.0,0.0,0.0,0.0,0.0,0.0,3
00-0033280,Christian McCaffrey,RB,CAR,2020,3,0,0,0,0,0,59,225,5,0,17,19,149,1,0,0,0,0,0,0,0,73.4,90.4,,6.0,,731.0,,3.0,,3.0,,39.0,,0.0,,0.0,,0.0,,0.0,,0.0,,39.14,,39.14,,0.0,,0.0,,0.0,,0.0,0
00-0033280,Christian McCaffrey,RB,CAR,2021,7,0,0,0,0,0,99,442,1,0,37,41,343,1,0,0,0,0,0,0,0,90.5,127.5,3.0,3.0,0.0,0.0,0.0,0.0,0.0,0.0,225.0,225.0,5.0,5.0,17.0,17.0,19.0,19.0,149.0,149.0,1.0,1.0,73.4,73.4,90.4,90.4,0.0,0.0,0.0,0.0,0.0,0.0,0.0,0.0,1
00-0033280,Christian McCaffrey,RB,SF,2022,17,1,1,34,1,0,244,1139,8,0,85,108,741,5,0,0,0,0,0,0,0,271.36,356.36,7.0,5.0,0.0,0.0,0.0,0.0,0.0,0.0,442.0,333.5,1.0,3.0,37.0,27.0,41.0,30.0,343.0,246.0,1.0,1.0,90.5,81.95000000000003,127.5,108.95000000000014,0.0,0.0,0.0,0.0,0.0,0.0,0.0,0.0,2
00-0033280,Christian McCaffrey,RB,SF,2023,16,0,0,0,0,0,272,1459,14,2,67,83,564,7,0,0,0,0,0,0,0,324.3,391.3,17.0,12.0,34.0,17.0,1.0,0.5,0.0,0.0,1139.0,790.5,8.0,4.5,85.0,61.0,108.0,74.5,741.0,542.0,5.0,3.0,271.36,180.93000000000004,356.36,241.93000000000015,0.0,0.0,0.0,0.0,0.0,0.0,0.0,0.0,3
00-0033280,Christian McCaffrey,RB,SF,2024,4,0,0,0,0,0,50,202,0,0,15,19,146,0,1,0,0,0,0,0,0,32.8,47.8,16.0,16.5,0.0,17.0,0.0,0.5,0.0,0.0,1459.0,1299.0,14.0,11.0,67.0,76.0,83.0,95.5,564.0,652.5,7.0,6.0,324.3,297.83000000000004,391.3,373.83000000000015,0.0,0.0,0.0,0.0,0.0,0.0,0.0,0.0,4
00-0033280,Christian McCaffrey,RB,SF,2025,17,0,1,0,0,0,311,1202,10,0,102,129,924,7,0,0,0,0,0,0,0,314.6,416.6,4.0,10.0,0.0,0.0,0.0,0.0,0.0,0.0,202.0,830.5,0.0,7.0,15.0,41.0,19.0,51.0,146.0,355.0,0.0,3.5,32.8,178.55000000000004,47.8,219.55000000000015,0.0,0.0,0.0,0.0,0.0,0.0,0.0,0.0,5
00-0033282,Curtis Samuel,WR,CAR,2020,15,0,0,0,0,0,41,200,2,0,77,97,851,3,0,0,0,0,0,0,0,135.1,212.1,,4.0,,0.0,,0.0,,0.0,,202.0,,0.0,,15.0,,19.0,,146.0,,0.0,,32.8,,47.8,,0.0,,0.0,,0.0,,0.0,0
00-0033282,Curtis Samuel,WR,WAS,2021,5,0,0,0,0,0,4,11,0,0,6,9,27,0,0,0,0,0,0,0,0,3.8,9.8,15.0,15.0,0.0,0.0,0.0,0.0,0.0,0.0,200.0,200.0,2.0,2.0,77.0,77.0,97.0,97.0,851.0,851.0,3.0,3.0,135.1,135.1,212.1,212.1,0.0,0.0,0.0,0.0,0.0,0.0,0.0,0.0,1
00-0033282,Curtis Samuel,WR,WAS,2022,17,0,0,0,0,0,38,187,1,1,64,92,656,4,0,0,0,0,0,0,0,112.3,176.3,5.0,10.0,0.0,0.0,0.0,0.0,0.0,0.0,11.0,105.5,0.0,1.0,6.0,41.5,9.0,53.0,27.0,439.0,0.0,1.5,3.8,69.45000000000002,9.8,110.95000000000013,0.0,0.0,0.0,0.0,0.0,0.0,0.0,0.0,2
00-0033282,Curtis Samuel,WR,WAS,2023,16,0,0,0,0,0,7,39,1,0,62,91,613,4,0,0,0,0,0,0,0,95.2,157.2,17.0,11.0,0.0,0.0,0.0,0.0,0.0,0.0,187.0,99.0,1.0,0.5,64.0,35.0,92.0,50.5,656.0,341.5,4.0,2.0,112.3,58.05000000000001,176.3,93.05000000000014,0.0,0.0,0.0,0.0,0.0,0.0,0.0,0.0,3
00-0033282,Curtis Samuel,WR,BUF,2024,14,0,0,0,0,0,5,14,0,0,31,46,253,1,0,0,0,0,0,0,0,32.7,63.7,16.0,16.5,0.0,0.0,0.0,0.0,0.0,0.0,39.0,113.0,1.0,1.0,62.0,63.0,91.0,91.5,613.0,634.5,4.0,4.0,95.2,103.75000000000001,157.2,166.7500000000001,0.0,0.0,0.0,0.0,0.0,0.0,0.0,0.0,4
00-0033282,Curtis Samuel,WR,BUF,2025,6,0,0,0,0,0,0,0,0,0,7,9,81,1,0,0,0,0,0,0,0,14.1,21.1,14.0,15.0,0.0,0.0,0.0,0.0,0.0,0.0,14.0,26.5,0.0,0.5,31.0,46.5,46.0,68.5,253.0,433.0,1.0,2.5,32.7,63.95000000000002,63.7,110.45000000000013,0.0,0.0,0.0,0.0,0.0,0.0,0.0,0.0,5
00-0033288,George Kittle,TE,SF,2020,8,0,0,0,0,0,2,17,0,0,48,63,634,2,0,0,0,0,0,0,0,77.1,125.1,,14.0,,0.0,,0.0,,0.0,,14.0,,0.0,,31.0,,46.0,,253.0,,1.0,,32.7,,63.7,,0.0,,0.0,,0.0,,0.0,0
00-0033288,George Kittle,TE,SF,2021,14,0,0,0,0,0,3,20,0,0,71,94,910,6,1,0,0,0,0,0,0,127.0,198.0,8.0,8.0,0.0,0.0,0.0,0.0,0.0,0.0,17.0,17.0,0.0,0.0,48.0,48.0,63.0,63.0,634.0,634.0,2.0,2.0,77.1,77.1,125.1,125.1,0.0,0.0,0.0,0.0,0.0,0.0,0.0,0.0,1
00-0033288,George Kittle,TE,SF,2022,15,0,0,0,0,0,0,0,0,0,60,86,765,11,1,0,0,0,0,0,0,140.5,200.5,14.0,11.0,0.0,0.0,0.0,0.0,0.0,0.0,20.0,18.5,0.0,0.0,71.0,59.5,94.0,78.5,910.0,772.0,6.0,4.0,127.0,102.05000000000001,198.0,161.55000000000013,0.0,0.0,0.0,0.0,0.0,0.0,0.0,0.0,2
00-0033288,George Kittle,TE,SF,2023,16,0,0,0,0,0,1,2,0,0,65,90,1020,6,0,0,0,0,0,0,0,138.2,203.2,15.0,14.5,0.0,0.0,0.0,0.0,0.0,0.0,0.0,10.0,0.0,0.0,60.0,65.5,86.0,90.0,765.0,837.5,11.0,8.5,140.5,133.75,200.5,199.2500000000001,0.0,0.0,0.0,0.0,0.0,0.0,0.0,0.0,3
00-0033288,George Kittle,TE,SF,2024,15,0,0,0,0,0,0,0,0,0,78,94,1106,8,0,0,0,0,0,0,0,158.6,236.6,16.0,15.5,0.0,0.0,0.0,0.0,0.0,0.0,2.0,1.0,0.0,0.0,65.0,62.5,90.0,88.0,1020.0,892.5,6.0,8.5,138.2,139.35000000000002,203.2,201.85000000000014,0.0,0.0,0.0,0.0,0.0,0.0,0.0,0.0,4
00-0033288,George Kittle,TE,SF,2025,11,0,0,0,0,0,1,-3,0,0,57,69,628,7,0,0,0,0,0,0,0,104.5,161.5,15.0,15.5,0.0,0.0,0.0,0.0,0.0,0.0,0.0,1.0,0.0,0.0,78.0,71.5,94.0,92.0,1106.0,1063.0,8.0,7.0,158.6,148.4,236.6,219.90000000000012,0.0,0.0,0.0,0.0,0.0,0.0,0.0,0.0,5
00-0033292,Trent Taylor,WR,SF,2020,12,0,0,0,0,0,0,0,0,0,10,21,86,0,0,0,0,0,0,0,0,8.6,18.6,,15.0,,0.0,,0.0,,0.0,,0.0,,0.0,,78.0,,94.0,,1106.0,,8.0,,158.6,,236.6,,0.0,,0.0,,0.0,,0.0,0
00-0033292,Trent Taylor,WR,CIN,2021,4,0,0,0,0,0,0,0,0,0,2,3,41,0,0,0,0,0,0,0,0,4.1,6.1,12.0,12.0,0.0,0.0,0.0,0.0,0.0,0.0,0.0,0.0,0.0,0.0,10.0,10.0,21.0,21.0,86.0,86.0,0.0,0.0,8.6,8.6,18.6,18.6,0.0,0.0,0.0,0.0,0.0,0.0,0.0,0.0,1
00-0033292,Trent Taylor,WR,CIN,2022,16,0,0,0,0,0,4,15,0,0,6,10,62,0,0,0,0,0,0,0,0,7.7,13.7,4.0,8.0,0.0,0.0,0.0,0.0,0.0,0.0,0.0,0.0,0.0,0.0,2.0,6.0,3.0,12.0,41.0,63.5,0.0,0.0,4.1,6.350000000000014,6.1,12.35000000000013,0.0,0.0,0.0,0.0,0.0,0.0,0.0,0.0,2
00-0033292,Trent Taylor,WR,CHI,2023,15,0,0,0,0,0,1,-2,0,0,0,2,0,0,0,0,0,0,0,0,0,-0.2,-0.2,16.0,10.0,0.0,0.0,0.0,0.0,0.0,0.0,15.0,7.5,0.0,0.0,6.0,4.0,10.0,6.5,62.0,51.5,0.0,0.0,7.7,5.900000000000015,13.7,9.900000000000126,0.0,0.0,0.0,0.0,0.0,0.0,0.0,0.0,3
00-0033292,Trent Taylor,WR,SF,2024,2,0,0,0,0,0,0,0,0,0,1,1,11,0,0,0,0,0,0,0,0,1.1,2.1,15.0,15.5,0.0,0.0,0.0,0.0,0.0,0.0,-2.0,6.5,0.0,0.0,0.0,3.0,2.0,6.0,0.0,31.0,0.0,0.0,-0.2,3.750000000000014,-0.2,6.750000000000128,0.0,0.0,0.0,0.0,0.0,0.0,0.0,0.0,4
00-0033293,Aaron Jones,RB,GB,2020,14,0,0,0,0,0,201,1104,9,0,47,63,355,2,0,0,0,0,0,0,0,211.9,258.9,,15.0,,0.0,,0.0,,0.0,,-2.0,,0.0,,0.0,,2.0,,0.0,,0.0,,-0.2,,-0.2,,0.0,,0.0,,0.0,,0.0,0
00-0033293,Aaron Jones,RB,GB,2021,15,0,0,0,0,0,171,799,4,1,52,65,391,6,0,0,0,0,0,0,0,177.0,229.0,14.0,14.0,0.0,0.0,0.0,0.0,0.0,0.0,1104.0,1104.0,9.0,9.0,47.0,47.0,63.0,63.0,355.0,355.0,2.0,2.0,211.9,211.9,258.9,258.9,0.0,0.0,0.0,0.0,0.0,0.0,0.0,0.0,1
00-0033293,Aaron Jones,RB,GB,2022,17,0,0,0,0,0,213,1121,2,1,59,72,395,5,2,0,0,0,0,0,0,189.6,248.6,15.0,14.5,0.0,0.0,0.0,0.0,0.0,0.0,799.0,951.5,4.0,6.5,52.0,49.5,65.0,64.0,391.0,373.0,6.0,4.0,177.0,194.45000000000002,229.0,243.95000000000013,0.0,0.0,0.0,0.0,0.0,0.0,0.0,0.0,2
00-0033293,Aaron Jones,RB,GB,2023,11,0,0,0,0,0,142,656,2,1,30,43,233,1,0,0,0,0,0,0,0,104.9,134.9,17.0,16.0,0.0,0.0,0.0,0.0,0.0,0.0,1121.0,960.0,2.0,3.0,59.0,55.5,72.0,68.5,395.0,393.0,5.0,5.5,189.6,183.3,248.6,238.80000000000013,0.0,0.0,0.0,0.0,0.0,0.0,0.0,0.0,3
00-0033293,Aaron Jones,RB,MIN,2024,17,0,0,0,0,0,255,1138,5,1,51,62,408,2,2,0,0,0,0,0,0,190.6,241.6,11.0,14.0,0.0,0.0,0.0,0.0,0.0,0.0,656.0,888.5,2.0,2.0,30.0,44.5,43.0,57.5,233.0,314.0,1.0,3.0,104.9,147.25,134.9,191.75000000000014,0.0,0.0,0.0,0.0,0.0,0.0,0.0,0.0,4
00-0033293,Aaron Jones,RB,MIN,2025,12,0,0,0,0,0,132,548,2,0,28,41,199,1,1,0,0,0,0,0,0,90.7,118.7,17.0,14.0,0.0,0.0,0.0,0.0,0.0,0.0,1138.0,897.0,5.0,3.5,51.0,40.5,62.0,52.5,408.0,320.5,2.0,1.5,190.6,147.75,241.6,188.25000000000014,0.0,0.0,0.0,0.0,0.0,0.0,0.0,0.0,5
00-0033296,Alex Armah,RB,CAR,2020,12,0,0,0,0,0,6,9,0,0,5,9,18,0,0,0,0,0,0,0,0,2.7,7.7,,17.0,,0.0,,0.0,,0.0,,1138.0,,5.0,,51.0,,62.0,,408.0,,2.0,,190.6,,241.6,,0.0,,0.0,,0.0,,0.0,0
00-0033296,Alex Armah,RB,WAS,2021,9,0,0,0,0,0,5,21,0,0,1,1,1,1,0,0,0,0,0,0,0,8.2,9.2,12.0,12.0,0.0,0.0,0.0,0.0,0.0,0.0,9.0,9.0,0.0,0.0,5.0,5.0,9.0,9.0,18.0,18.0,0.0,0.0,2.7,2.7,7.7,7.7,0.0,0.0,0.0,0.0,0.0,0.0,0.0,0.0,1
00-0033296,Alex Armah,RB,WAS,2023,4,0,0,0,0,0,0,0,0,0,3,3,13,0,0,0,0,0,0,0,0,1.3,4.3,9.0,10.5,0.0,0.0,0.0,0.0,0.0,0.0,21.0,15.0,0.0,0.0,1.0,3.0,1.0,5.0,1.0,9.5,1.0,0.5,8.2,5.4500000000000135,9.2,8.450000000000141,0.0,0.0,0.0,0.0,0.0,0.0,0.0,0.0,2
00-0033303,Harrison Butker,K,KC,2020,16,0,0,0,0,0,0,0,0,0,0,0,0,0,0,25,27,4,0,48,54,0.0,0.0,,9.0,,0.0,,0.0,,0.0,,21.0,,0.0,,1.0,,1.0,,1.0,,1.0,,8.2,,9.2,,0.0,,0.0,,0.0,,0.0,0
00-0033303,Harrison Butker,K,KC,2021,16,0,0,0,0,0,0,0,0,0,0,0,0,0,0,25,28,7,0,47,49,0.0,0.0,16.0,16.0,0.0,0.0,0.0,0.0,0.0,0.0,0.0,0.0,0.0,0.0,0.0,0.0,0.0,0.0,0.0,0.0,0.0,0.0,0.0,0.0,0.0,0.0,25.0,25.0,27.0,27.0,48.0,48.0,54.0,54.0,1
00-0033303,Harrison Butker,K,KC,2022,13,0,0,0,0,0,0,0,0,0,0,0,0,0,0,18,24,2,1,38,41,0.0,0.0,16.0,16.0,0.0,0.0,0.0,0.0,0.0,0.0,0.0,0.0,0.0,0.0,0.0,0.0,0.0,0.0,0.0,0.0,0.0,0.0,0.0,0.0,0.0,0.0,25.0,25.0,28.0,27.5,47.0,47.5,49.0,51.5,2
00-0033303,Harrison Butker,K,KC,2023,17,0,0,0,0,0,0,0,0,0,0,0,0,0,0,33,35,4,1,38,38,0.0,0.0,13.0,14.5,0.0,0.0,0.0,0.0,0.0,0.0,0.0,0.0,0.0,0.0,0.0,0.0,0.0,0.0,0.0,0.0,0.0,0.0,0.0,0.0,0.0,0.0,18.0,21.5,24.0,26.0,38.0,42.5,41.0,45.0,3
00-0033303,Harrison Butker,K,KC,2024,13,0,0,0,0,0,0,0,0,0,0,0,0,0,0,21,25,2,0,29,31,0.0,0.0,17.0,15.0,0.0,0.0,0.0,0.0,0.0,0.0,0.0,0.0,0.0,0.0,0.0,0.0,0.0,0.0,0.0,0.0,0.0,0.0,0.0,0.0,0.0,0.0,33.0,25.5,35.0,29.5,38.0,38.0,38.0,39.5,4
00-0033303,Harrison Butker,K,KC,2025,17,0,0,0,0,0,0,0,0,0,0,0,0,0,0,33,38,5,0,31,35,0.0,0.0,13.0,15.0,0.0,0.0,0.0,0.0,0.0,0.0,0.0,0.0,0.0,0.0,0.0,0.0,0.0,0.0,0.0,0.0,0.0,0.0,0.0,0.0,0.0,0.0,21.0,27.0,25.0,30.0,29.0,33.5,31.0,34.5,5
00-0033307,Kendrick Bourne,WR,SF,2020,15,0,0,0,0,0,0,0,0,0,49,74,667,2,0,0,0,0,0,0,0,80.7,129.7,,13.0,,0.0,,0.0,,0.0,,0.0,,0.0,,0.0,,0.0,,0.0,,0.0,,0.0,,0.0,,21.0,,25.0,,29.0,,31.0,0
00-0033307,Kendrick Bourne,WR,NE,2021,17,1,1,25,1,0,12,125,0,0,55,70,800,5,1,0,0,0,0,0,0,125.5,180.5,15.0,15.0,0.0,0.0,0.0,0.0,0.0,0.0,0.0,0.0,0.0,0.0,49.0,49.0,74.0,74.0,667.0,667.0,2.0,2.0,80.7,80.7,129.7,129.7,0.0,0.0,0.0,0.0,0.0,0.0,0.0,0.0,1
00-0033307,Kendrick Bourne,WR,NE,2022,16,0,0,0,0,0,6,39,0,0,35,48,434,1,0,0,0,0,0,0,0,53.3,88.3,17.0,16.0,25.0,12.5,1.0,0.5,0.0,0.0,125.0,62.5,0.0,0.0,55.0,52.0,70.0,72.0,800.0,733.5,5.0,3.5,125.5,103.10000000000002,180.5,155.10000000000014,0.0,0.0,0.0,0.0,0.0,0.0,0.0,0.0,2
00-0033307,Kendrick Bourne,WR,NE,2023,8,0,0,0,0,0,1,4,0,0,37,55,406,4,1,0,0,0,0,0,0,63.0,100.0,16.0,16.5,0.0,12.5,0.0,0.5,0.0,0.0,39.0,82.0,0.0,0.0,35.0,45.0,48.0,59.0,434.0,617.0,1.0,3.0,53.3,89.4,88.3,134.40000000000015,0.0,0.0,0.0,0.0,0.0,0.0,0.0,0.0,3
00-0033307,Kendrick Bourne,WR,NE,2024,12,0,1,0,0,0,1,6,0,0,28,38,305,1,0,0,0,0,0,0,0,37.1,65.1,8.0,12.0,0.0,0.0,0.0,0.0,0.0,0.0,4.0,21.5,0.0,0.0,37.0,36.0,55.0,51.5,406.0,420.0,4.0,2.5,63.0,58.15000000000001,100.0,94.15000000000015,0.0,0.0,0.0,0.0,0.0,0.0,0.0,0.0,4
00-0033307,Kendrick Bourne,WR,SF,2025,14,0,0,0,0,0,0,0,0,0,37,53,551,0,0,0,0,0,0,0,0,55.1,92.1,12.0,10.0,0.0,0.0,0.0,0.0,0.0,0.0,6.0,5.0,0.0,0.0,28.0,32.5,38.0,46.5,305.0,355.5,1.0,2.5,37.1,50.05000000000001,65.1,82.55000000000014,0.0,0.0,0.0,0.0,0.0,0.0,0.0,0.0,5
00-0033308,Matt Breida,RB,MIA,2020,10,0,0,0,0,0,59,254,0,1,9,10,96,0,0,0,0,0,0,0,0,33.0,42.0,,12.0,,0.0,,0.0,,0.0,,6.0,,0.0,,28.0,,38.0,,305.0,,1.0,,37.1,,65.1,,0.0,,0.0,,0.0,,0.0,0
00-0033308,Matt Breida,RB,BUF,2021,7,0,0,0,0,0,26,125,1,1,7,9,72,2,0,0,0,0,0,0,0,35.7,42.7,10.0,10.0,0.0,0.0,0.0,0.0,0.0,0.0,254.0,254.0,0.0,0.0,9.0,9.0,10.0,10.0,96.0,96.0,0.0,0.0,33.0,33.0,42.0,42.0,0.0,0.0,0.0,0.0,0.0,0.0,0.0,0.0,1
00-0033308,Matt Breida,RB,NYG,2022,17,0,0,0,0,0,54,220,1,0,20,25,118,0,0,0,0,0,0,0,0,39.8,59.8,7.0,8.5,0.0,0.0,0.0,0.0,0.0,0.0,125.0,189.5,1.0,0.5,7.0,8.0,9.0,9.5,72.0,84.0,2.0,1.0,35.7,34.350000000000016,42.7,42.35000000000014,0.0,0.0,0.0,0.0,0.0,0.0,0.0,0.0,2
00-0033308,Matt Breida,RB,NYG,2023,15,0,0,0,0,0,55,151,1,0,17,21,88,0,0,0,0,0,0,0,0,29.9,46.9,17.0,12.0,0.0,0.0,0.0,0.0,0.0,0.0,220.0,172.5,1.0,1.0,20.0,13.5,25.0,17.0,118.0,95.0,0.0,1.0,39.8,37.750000000000014,59.8,51.25000000000014,0.0,0.0,0.0,0.0,0.0,0.0,0.0,0.0,3
00-0033319,Nick Mullens,QB,SF,2020,10,211,326,2437,12,12,9,8,0,0,0,0,0,0,0,0,0,0,0,0,0,116.28,116.28,,17.0,,0.0,,0.0,,0.0,,220.0,,1.0,,20.0,,25.0,,118.0,,0.0,,39.8,,59.8,,0.0,,0.0,,0.0,,0.0,0
00-0033319,Nick Mullens,QB,CLE,2021,1,20,30,147,1,0,0,0,0,0,0,0,0,0,0,0,0,0,0,0,0,9.88,9.88,10.0,10.0,2437.0,2437.0,12.0,12.0,12.0,12.0,8.0,8.0,0.0,0.0,0.0,0.0,0.0,0.0,0.0,0.0,0.0,0.0,116.28,116.28,116.28,116.28,0.0,0.0,0.0,0.0,0.0,0.0,0.0,0.0,1
00-0033319,Nick Mullens,QB,MIN,2022,4,21,25,224,1,1,4,8,0,0,0,0,0,0,0,0,0,0,0,0,0,11.76,11.76,1.0,5.5,147.0,1292.0,1.0,6.5,0.0,6.0,0.0,4.0,0.0,0.0,0.0,0.0,0.0,0.0,0.0,0.0,0.0,0.0,9.88,63.08000000000001,9.88,63.08000000000014,0.0,0.0,0.0,0.0,0.0,0.0,0.0,0.0,2
00-0033319,Nick Mullens,QB,MIN,2023,5,100,148,1306,7,8,10,25,0,0,0,0,0,0,0,0,0,0,0,0,0,66.74,66.74,4.0,2.5,224.0,185.5,1.0,1.0,1.0,0.5,8.0,4.0,0.0,0.0,0.0,0.0,0.0,0.0,0.0,0.0,0.0,0.0,11.76,10.820000000000014,11.76,10.820000000000142,0.0,0.0,0.0,0.0,0.0,0.0,0.0,0.0,3
00-0033319,Nick Mullens,QB,MIN,2024,4,2,2,38,0,0,3,-2,0,0,0,0,0,0,0,0,0,0,0,0,0,1.32,1.32,5.0,4.5,1306.0,765.0,7.0,4.0,8.0,4.5,25.0,16.5,0.0,0.0,0.0,0.0,0.0,0.0,0.0,0.0,0.0,0.0,66.74,39.250000000000014,66.74,39.25000000000014,0.0,0.0,0.0,0.0,0.0,0.0,0.0,0.0,4
00-0033319,Nick Mullens,QB,JAX,2025,4,3,3,19,0,0,12,-8,0,0,0,0,0,0,0,0,0,0,0,0,0,-0.04,-0.04,4.0,4.5,38.0,672.0,0.0,3.5,0.0,4.0,-2.0,11.5,0.0,0.0,0.0,0.0,0.0,0.0,0.0,0.0,0.0,0.0,1.32,34.03000000000001,1.32,34.030000000000136,0.0,0.0,0.0,0.0,0.0,0.0,0.0,0.0,5
00-0033338,Cethan Carter,TE,CIN,2020,13,0,0,0,0,0,0,0,0,0,5,7,53,0,0,0,0,0,0,0,0,5.3,10.3,,4.0,,38.0,,0.0,,0.0,,-2.0,,0.0,,0.0,,0.0,,0.0,,0.0,,1.32,,1.32,,0.0,,0.0,,0.0,,0.0,0
00-0033338,Cethan Carter,TE,MIA,2021,8,0,0,0,0,0,0,0,0,0,2,2,16,0,0,0,0,0,0,0,0,1.6,3.6,13.0,13.0,0.0,0.0,0.0,0.0,0.0,0.0,0.0,0.0,0.0,0.0,5.0,5.0,7.0,7.0,53.0,53.0,0.0,0.0,5.3,5.3,10.3,10.3,0.0,0.0,0.0,0.0,0.0,0.0,0.0,0.0,1
00-0033357,Taysom Hill,TE,NO,2020,16,88,121,928,4,2,87,457,8,3,8,12,98,1,0,0,0,0,0,0,0,148.62,156.62,,13.0,,0.0,,0.0,,0.0,,0.0,,0.0,,5.0,,7.0,,53.0,,0.0,,5.3,,10.3,,0.0,,0.0,,0.0,,0.0,0
00-0033357,Taysom Hill,TE,NO,2021,12,78,134,978,4,5,70,374,5,0,4,6,52,0,0,0,0,0,0,0,0,117.72,121.72,16.0,16.0,928.0,928.0,4.0,4.0,2.0,2.0,457.0,457.0,8.0,8.0,8.0,8.0,12.0,12.0,98.0,98.0,1.0,1.0,148.62,148.62,156.62,156.62,0.0,0.0,0.0,0.0,0.0,0.0,0.0,0.0,1
00-0033357,Taysom Hill,TE,NO,2022,16,13,19,240,2,0,96,575,7,0,9,13,77,2,0,0,0,0,0,0,0,136.8,145.8,12.0,14.0,978.0,953.0,4.0,4.0,5.0,3.5,374.0,415.5,5.0,6.5,4.0,6.0,6.0,9.0,52.0,75.0,0.0,0.5,117.72,133.17000000000002,121.72,139.17000000000013,0.0,0.0,0.0,0.0,0.0,0.0,0.0,0.0,2
00-0033357,Taysom Hill,TE,NO,2023,16,6,11,83,1,0,81,401,4,1,33,40,291,2,0,0,0,0,0,0,0,110.52,143.52,16.0,14.0,240.0,609.0,2.0,3.0,0.0,2.5,575.0,474.5,7.0,6.0,9.0,6.5,13.0,9.5,77.0,64.5,2.0,1.0,136.8,127.26000000000002,145.8,133.76000000000016,0.0,0.0,0.0,0.0,0.0,0.0,0.0,0.0,3
00-0033357,Taysom Hill,TE,NO,2024,8,2,4,21,0,1,39,278,6,0,23,31,187,0,1,0,0,0,0,0,0,79.34,102.34,16.0,16.0,83.0,161.5,1.0,1.5,0.0,0.0,401.0,488.0,4.0,5.5,33.0,21.0,40.0,26.5,291.0,184.0,2.0,2.0,110.52,123.66000000000003,143.52,144.66000000000014,0.0,0.0,0.0,0.0,0.0,0.0,0.0,0.0,4
00-0033357,Taysom Hill,TE,NO,2025,13,2,6,57,1,0,52,114,1,1,11,16,91,0,0,0,0,0,0,0,0,30.78,41.78,8.0,12.0,21.0,52.0,0.0,0.5,1.0,0.5,278.0,339.5,6.0,5.0,23.0,28.0,31.0,35.5,187.0,239.0,0.0,1.0,79.34,94.93,102.34,122.93000000000015,0.0,0.0,0.0,0.0,0.0,0.0,0.0,0.0,5
00-0033367,C.J. Board,WR,NYG,2020,11,0,0,0,0,0,1,3,0,0,11,16,101,0,0,0,0,0,0,0,0,10.4,21.4,,8.0,,21.0,,0.0,,1.0,,278.0,,6.0,,23.0,,31.0,,187.0,,0.0,,79.34,,102.34,,0.0,,0.0,,0.0,,0.0,0
00-0033367,C.J. Board,WR,NYG,2021,6,0,0,0,0,0,1,6,0,0,4,6,51,0,0,0,0,0,0,0,0,5.7,9.7,11.0,11.0,0.0,0.0,0.0,0.0,0.0,0.0,3.0,3.0,0.0,0.0,11.0,11.0,16.0,16.0,101.0,101.0,0.0,0.0,10.4,10.4,21.4,21.4,0.0,0.0,0.0,0.0,0.0,0.0,0.0,0.0,1
00-0033367,C.J. Board,WR,TEN,2022,4,0,0,0,0,0,0,0,0,0,1,1,6,0,0,0,0,0,0,0,0,0.6,1.6,6.0,8.5,0.0,0.0,0.0,0.0,0.0,0.0,6.0,4.5,0.0,0.0,4.0,7.5,6.0,11.0,51.0,76.0,0.0,0.0,5.7,8.050000000000015,9.7,15.550000000000141,0.0,0.0,0.0,0.0,0.0,0.0,0.0,0.0,2
00-0033375,Tim Patrick,WR,DEN,2020,15,0,0,0,0,0,0,0,0,0,51,79,742,6,0,0,0,0,0,0,0,110.2,161.2,,6.0,,0.0,,0.0,,0.0,,6.0,,0.0,,4.0,,6.0,,51.0,,0.0,,5.7,,9.7,,0.0,,0.0,,0.0,,0.0,0
00-0033375,Tim Patrick,WR,DEN,2021,16,0,0,0,0,0,0,0,0,0,53,85,734,5,0,0,0,0,0,0,0,103.4,156.4,15.0,15.0,0.0,0.0,0.0,0.0,0.0,0.0,0.0,0.0,0.0,0.0,51.0,51.0,79.0,79.0,742.0,742.0,6.0,6.0,110.2,110.2,161.2,161.2,0.0,0.0,0.0,0.0,0.0,0.0,0.0,0.0,1
00-0033375,Tim Patrick,WR,DET,2024,15,0,0,0,0,0,0,0,0,0,33,44,394,3,0,0,0,0,0,0,0,59.4,92.4,16.0,15.5,0.0,0.0,0.0,0.0,0.0,0.0,0.0,0.0,0.0,0.0,53.0,52.0,85.0,82.0,734.0,738.0,5.0,5.5,103.4,106.80000000000001,156.4,158.80000000000013,0.0,0.0,0.0,0.0,0.0,0.0,0.0,0.0,2
00-0033375,Tim Patrick,WR,JAX,2025,13,0,0,0,0,0,0,0,0,0,15,24,187,3,0,0,0,0,0,0,0,36.7,51.7,15.0,15.5,0.0,0.0,0.0,0.0,0.0,0.0,0.0,0.0,0.0,0.0,33.0,43.0,44.0,64.5,394.0,564.0,3.0,4.0,59.4,81.40000000000002,92.4,124.40000000000015,0.0,0.0,0.0,0.0,0.0,0.0,0.0,0.0,3
00-0033376,Patrick Ricard,RB,BAL,2020,9,0,0,0,0,0,1,-1,0,1,9,12,45,1,0,0,0,0,0,0,0,8.4,17.4,,15.0,,0.0,,0.0,,0.0,,0.0,,0.0,,33.0,,44.0,,394.0,,3.0,,59.4,,92.4,,0.0,,0.0,,0.0,,0.0,0
00-0033376,Patrick Ricard,RB,BAL,2021,8,0,0,0,0,0,2,4,0,0,8,13,63,1,0,0,0,0,0,0,0,12.7,20.7,9.0,9.0,0.0,0.0,0.0,0.0,0.0,0.0,-1.0,-1.0,0.0,0.0,9.0,9.0,12.0,12.0,45.0,45.0,1.0,1.0,8.4,8.4,17.4,17.4,0.0,0.0,0.0,0.0,0.0,0.0,0.0,0.0,1
00-0033376,Patrick Ricard,RB,BAL,2022,13,0,0,0,0,0,7,16,0,0,11,13,74,0,0,0,0,0,0,0,0,9.0,20.0,8.0,8.5,0.0,0.0,0.0,0.0,0.0,0.0,4.0,1.5,0.0,0.0,8.0,8.5,13.0,12.5,63.0,54.0,1.0,1.0,12.7,10.550000000000015,20.7,19.05000000000014,0.0,0.0,0.0,0.0,0.0,0.0,0.0,0.0,2
00-0033376,Patrick Ricard,RB,BAL,2023,7,0,0,0,0,0,0,0,0,0,5,7,52,1,0,0,0,0,0,0,0,11.2,16.2,13.0,10.5,0.0,0.0,0.0,0.0,0.0,0.0,16.0,10.0,0.0,0.0,11.0,9.5,13.0,13.0,74.0,68.5,0.0,0.5,9.0,10.850000000000014,20.0,20.350000000000144,0.0,0.0,0.0,0.0,0.0,0.0,0.0,0.0,3
00-0033376,Patrick Ricard,RB,BAL,2024,10,0,0,0,0,0,0,0,0,0,3,5,22,1,0,0,0,0,0,0,0,8.2,11.2,7.0,10.0,0.0,0.0,0.0,0.0,0.0,0.0,0.0,8.0,0.0,0.0,5.0,8.0,7.0,10.0,52.0,63.0,1.0,0.5,11.2,10.100000000000014,16.2,18.100000000000144,0.0,0.0,0.0,0.0,0.0,0.0,0.0,0.0,4
00-0033376,Patrick Ricard,RB,BAL,2025,5,0,0,0,0,0,1,3,0,0,1,2,8,0,0,0,0,0,0,0,0,1.1,2.1,10.0,8.5,0.0,0.0,0.0,0.0,0.0,0.0,0.0,0.0,0.0,0.0,3.0,4.0,5.0,6.0,22.0,37.0,1.0,1.0,8.2,9.700000000000014,11.2,13.700000000000141,0.0,0.0,0.0,0.0,0.0,0.0,0.0,0.0,5
00-0033382,Austin Carr,WR,NO,2020,5,0,0,0,0,0,0,0,0,0,3,4,27,1,0,0,0,0,0,0,0,8.7,11.7,,10.0,,0.0,,0.0,,0.0,,0.0,,0.0,,3.0,,5.0,,22.0,,1.0,,8.2,,11.2,,0.0,,0.0,,0.0,,0.0,0
00-0033386,Cody Hollister,WR,TEN,2020,1,0,0,0,0,0,0,0,0,0,1,1,12,0,0,0,0,0,0,0,0,1.2,2.2,,,,,,,,,,,,,,,,,,,,,,,,,,,,,,,,,0
00-0033386,Cody Hollister,WR,TEN,2021,3,0,0,0,0,0,0,0,0,0,4,7,33,0,0,0,0,0,0,0,0,3.3,7.3,1.0,1.0,0.0,0.0,0.0,0.0,0.0,0.0,0.0,0.0,0.0,0.0,1.0,1.0,1.0,1.0,12.0,12.0,0.0,0.0,1.2,1.2,2.2,2.2,0.0,0.0,0.0,0.0,0.0,0.0,0.0,0.0,1
00-0033386,Cody Hollister,WR,TEN,2022,6,0,0,0,0,0,0,0,0,0,3,5,54,0,0,0,0,0,0,0,0,5.4,8.4,3.0,2.0,0.0,0.0,0.0,0.0,0.0,0.0,0.0,0.0,0.0,0.0,4.0,2.5,7.0,4.0,33.0,22.5,0.0,0.0,3.3,2.250000000000014,7.3,4.750000000000142,0.0,0.0,0.0,0.0,0.0,0.0,0.0,0.0,2
00-0033387,Jacob Hollister,TE,SEA,2020,13,0,0,0,0,0,0,0,0,0,25,40,209,3,0,0,0,0,0,0,0,40.9,65.9,,3.0,,0.0,,0.0,,0.0,,0.0,,0.0,,4.0,,7.0,,33.0,,0.0,,3.3,,7.3,,0.0,,0.0,,0.0,,0.0,0
00-0033387,Jacob Hollister,TE,JAX,2021,7,0,0,0,0,0,0,0,0,0,9,14,55,1,0,0,0,0,0,0,0,11.5,20.5,13.0,13.0,0.0,0.0,0.0,0.0,0.0,0.0,0.0,0.0,0.0,0.0,25.0,25.0,40.0,40.0,209.0,209.0,3.0,3.0,40.9,40.9,65.9,65.9,0.0,0.0,0.0,0.0,0.0,0.0,0.0,0.0,1
00-0033421,Antony Auclair,TE,TB,2020,1,0,0,0,0,0,0,0,0,0,0,1,0,0,0,0,0,0,0,0,0,0.0,0.0,,13.0,,0.0,,0.0,,0.0,,0.0,,0.0,,25.0,,40.0,,209.0,,3.0,,40.9,,65.9,,0.0,,0.0,,0.0,,0.0,0
00-0033421,Antony Auclair,TE,HOU,2021,4,0,0,0,0,0,0,0,0,0,5,5,47,1,0,0,0,0,0,0,0,10.7,15.7,1.0,1.0,0.0,0.0,0.0,0.0,0.0,0.0,0.0,0.0,0.0,0.0,0.0,0.0,1.0,1.0,0.0,0.0,0.0,0.0,0.0,0.0,0.0,0.0,0.0,0.0,0.0,0.0,0.0,0.0,0.0,0.0,1
00-0033439,Pharaoh Brown,TE,HOU,2020,10,0,0,0,0,0,0,0,0,0,14,16,163,2,0,0,0,0,0,0,0,28.3,42.3,,1.0,,0.0,,0.0,,0.0,,0.0,,0.0,,0.0,,1.0,,0.0,,0.0,,0.0,,0.0,,0.0,,0.0,,0.0,,0.0,0
00-0033439,Pharaoh Brown,TE,HOU,2021,13,0,0,0,0,0,0,0,0,0,23,34,171,0,1,0,0,0,0,0,0,15.1,38.1,10.0,10.0,0.0,0.0,0.0,0.0,0.0,0.0,0.0,0.0,0.0,0.0,14.0,14.0,16.0,16.0,163.0,163.0,2.0,2.0,28.3,28.3,42.3,42.3,0.0,0.0,0.0,0.0,0.0,0.0,0.0,0.0,1
00-0033439,Pharaoh Brown,TE,CLE,2022,8,0,0,0,0,0,0,0,0,0,12,20,117,0,0,0,0,0,0,0,0,11.7,23.7,13.0,11.5,0.0,0.0,0.0,0.0,0.0,0.0,0.0,0.0,0.0,0.0,23.0,18.5,34.0,25.0,171.0,167.0,0.0,1.0,15.1,21.700000000000014,38.1,40.200000000000145,0.0,0.0,0.0,0.0,0.0,0.0,0.0,0.0,2
00-0033439,Pharaoh Brown,TE,NE,2023,11,0,0,0,0,0,0,0,0,0,13,15,208,1,1,0,0,0,0,0,0,24.8,37.8,8.0,10.5,0.0,0.0,0.0,0.0,0.0,0.0,0.0,0.0,0.0,0.0,12.0,17.5,20.0,27.0,117.0,144.0,0.0,0.0,11.7,13.400000000000013,23.7,30.90000000000014,0.0,0.0,0.0,0.0,0.0,0.0,0.0,0.0,3
00-0033439,Pharaoh Brown,TE,SEA,2024,10,0,0,0,0,0,0,0,0,0,8,12,65,0,1,0,0,0,0,0,0,4.5,12.5,11.0,9.5,0.0,0.0,0.0,0.0,0.0,0.0,0.0,0.0,0.0,0.0,13.0,12.5,15.0,17.5,208.0,162.5,1.0,0.5,24.8,18.250000000000014,37.8,30.75000000000014,0.0,0.0,0.0,0.0,0.0,0.0,0.0,0.0,4
00-0033439,Pharaoh Brown,TE,ARI,2025,5,0,0,0,0,0,0,0,0,0,2,2,1,0,0,0,0,0,0,0,0,0.1,2.1,10.0,10.5,0.0,0.0,0.0,0.0,0.0,0.0,0.0,0.0,0.0,0.0,8.0,10.5,12.0,13.5,65.0,136.5,0.0,0.5,4.5,14.650000000000015,12.5,25.15000000000014,0.0,0.0,0.0,0.0,0.0,0.0,0.0,0.0,5
00-0033455,Anthony Firkser,TE,TEN,2020,15,0,0,0,0,0,0,0,0,0,39,53,387,1,0,0,0,0,0,0,0,44.7,83.7,,10.0,,0.0,,0.0,,0.0,,0.0,,0.0,,8.0,,12.0,,65.0,,0.0,,4.5,,12.5,,0.0,,0.0,,0.0,,0.0,0
00-0033455,Anthony Firkser,TE,TEN,2021,15,0,0,0,0,0,0,0,0,0,34,43,291,2,1,0,0,0,0,0,0,39.1,73.1,15.0,15.0,0.0,0.0,0.0,0.0,0.0,0.0,0.0,0.0,0.0,0.0,39.0,39.0,53.0,53.0,387.0,387.0,1.0,1.0,44.7,44.7,83.7,83.7,0.0,0.0,0.0,0.0,0.0,0.0,0.0,0.0,1
00-0033455,Anthony Firkser,TE,ATL,2022,8,0,0,0,0,0,0,0,0,0,9,13,100,0,0,0,0,0,0,0,0,10.0,19.0,15.0,15.0,0.0,0.0,0.0,0.0,0.0,0.0,0.0,0.0,0.0,0.0,34.0,36.5,43.0,48.0,291.0,339.0,2.0,1.5,39.1,41.90000000000002,73.1,78.40000000000015,0.0,0.0,0.0,0.0,0.0,0.0,0.0,0.0,2
00-0033455,Anthony Firkser,TE,KC,2024,1,0,0,0,0,0,0,0,0,0,0,0,0,0,0,0,0,0,0,0,0,0.0,0.0,8.0,11.5,0.0,0.0,0.0,0.0,0.0,0.0,0.0,0.0,0.0,0.0,9.0,21.5,13.0,28.0,100.0,195.5,0.0,1.0,10.0,24.550000000000015,19.0,46.05000000000014,0.0,0.0,0.0,0.0,0.0,0.0,0.0,0.0,3
00-0033455,Anthony Firkser,TE,DET,2025,5,0,0,0,0,0,0,0,0,0,8,10,53,0,0,0,0,0,0,0,0,5.3,13.3,1.0,4.5,0.0,0.0,0.0,0.0,0.0,0.0,0.0,0.0,0.0,0.0,0.0,4.5,0.0,6.5,0.0,50.0,0.0,0.0,0.0,5.000000000000014,0.0,9.500000000000142,0.0,0.0,0.0,0.0,0.0,0.0,0.0,0.0,4
00-0033460,John Ross,WR,CIN,2020,2,0,0,0,0,0,0,0,0,0,2,7,17,0,0,0,0,0,0,0,0,1.7,3.7,,1.0,,0.0,,0.0,,0.0,,0.0,,0.0,,0.0,,0.0,,0.0,,0.0,,0.0,,0.0,,0.0,,0.0,,0.0,,0.0,0
00-0033460,John Ross,WR,NYG,2021,9,0,0,0,0,0,1,16,0,0,11,20,224,1,0,0,0,0,0,0,0,30.0,41.0,2.0,2.0,0.0,0.0,0.0,0.0,0.0,0.0,0.0,0.0,0.0,0.0,2.0,2.0,7.0,7.0,17.0,17.0,0.0,0.0,1.7,1.7,3.7,3.7,0.0,0.0,0.0,0.0,0.0,0.0,0.0,0.0,1
00-0033460,John Ross,WR,PHI,2024,1,0,0,0,0,0,0,0,0,0,1,2,6,0,0,0,0,0,0,0,0,0.6,1.6,9.0,5.5,0.0,0.0,0.0,0.0,0.0,0.0,16.0,8.0,0.0,0.0,11.0,6.5,20.0,13.5,224.0,120.5,1.0,0.5,30.0,15.850000000000014,41.0,22.350000000000144,0.0,0.0,0.0,0.0,0.0,0.0,0.0,0.0,2
00-0033466,Isaiah McKenzie,WR,BUF,2020,15,1,1,12,1,0,10,9,0,0,30,34,282,5,0,0,0,0,0,0,0,69.58,99.58,,9.0,,0.0,,0.0,,0.0,,16.0,,0.0,,11.0,,20.0,,224.0,,1.0,,30.0,,41.0,,0.0,,0.0,,0.0,,0.0,0
00-0033466,Isaiah McKenzie,WR,BUF,2021,15,0,0,0,0,0,9,47,1,0,20,26,178,1,0,0,0,0,0,0,0,34.5,54.5,15.0,15.0,12.0,12.0,1.0,1.0,0.0,0.0,9.0,9.0,0.0,0.0,30.0,30.0,34.0,34.0,282.0,282.0,5.0,5.0,69.58,69.58,99.58,99.58,0.0,0.0,0.0,0.0,0.0,0.0,0.0,0.0,1
00-0033466,Isaiah McKenzie,WR,BUF,2022,15,0,0,0,0,0,9,55,1,0,42,65,423,4,0,0,0,0,0,0,0,77.8,119.8,15.0,15.0,0.0,6.0,0.0,0.5,0.0,0.0,47.0,28.0,1.0,0.5,20.0,25.0,26.0,30.0,178.0,230.0,1.0,3.0,34.5,52.04000000000001,54.5,77.04000000000013,0.0,0.0,0.0,0.0,0.0,0.0,0.0,0.0,2
00-0033466,Isaiah McKenzie,WR,IND,2023,13,0,0,0,0,0,3,14,0,0,11,14,82,0,0,0,0,0,0,0,0,9.6,20.6,15.0,15.0,0.0,0.0,0.0,0.0,0.0,0.0,55.0,51.0,1.0,1.0,42.0,31.0,65.0,45.5,423.0,300.5,4.0,2.5,77.8,56.15000000000001,119.8,87.15000000000015,0.0,0.0,0.0,0.0,0.0,0.0,0.0,0.0,3
00-0033471,Isaiah Ford,WR,MIA,2020,9,0,0,0,0,0,0,0,0,0,28,44,276,0,0,0,0,0,0,0,0,27.6,55.6,,15.0,,0.0,,0.0,,0.0,,55.0,,1.0,,42.0,,65.0,,423.0,,4.0,,77.8,,119.8,,0.0,,0.0,,0.0,,0.0,0
00-0033471,Isaiah Ford,WR,MIA,2021,10,0,0,0,0,0,0,0,0,0,12,17,161,2,0,0,0,0,0,0,0,28.1,40.1,9.0,9.0,0.0,0.0,0.0,0.0,0.0,0.0,0.0,0.0,0.0,0.0,28.0,28.0,44.0,44.0,276.0,276.0,0.0,0.0,27.6,27.6,55.6,55.6,0.0,0.0,0.0,0.0,0.0,0.0,0.0,0.0,1
00-0033474,Gehrig Dieter,WR,KC,2020,1,0,0,0,0,0,0,0,0,0,1,2,10,0,0,0,0,0,0,0,0,1.0,2.0,,9.0,,0.0,,0.0,,0.0,,0.0,,0.0,,28.0,,44.0,,276.0,,0.0,,27.6,,55.6,,0.0,,0.0,,0.0,,0.0,0
00-0033481,Marcus Kemp,WR,KC,2020,4,0,0,0,0,0,0,0,0,0,1,1,11,0,0,0,0,0,0,0,0,1.1,2.1,,,,,,,,,,,,,,,,,,,,,,,,,,,,,,,,,0
00-0033481,Marcus Kemp,WR,KC,2021,12,0,0,0,0,0,0,0,0,0,2,5,24,0,0,0,0,0,0,0,0,2.4,4.4,4.0,4.0,0.0,0.0,0.0,0.0,0.0,0.0,0.0,0.0,0.0,0.0,1.0,1.0,1.0,1.0,11.0,11.0,0.0,0.0,1.1,1.1,2.1,2.1,0.0,0.0,0.0,0.0,0.0,0.0,0.0,0.0,1
00-0033481,Marcus Kemp,WR,KC,2022,2,0,0,0,0,0,0,0,0,0,0,0,0,0,0,0,0,0,0,0,0,0.0,0.0,12.0,8.0,0.0,0.0,0.0,0.0,0.0,0.0,0.0,0.0,0.0,0.0,2.0,1.5,5.0,3.0,24.0,17.5,0.0,0.0,2.4,1.7500000000000142,4.4,3.250000000000142,0.0,0.0,0.0,0.0,0.0,0.0,0.0,0.0,2
00-0033526,Samaje Perine,RB,CIN,2020,12,0,0,0,0,0,63,301,3,0,11,12,66,0,0,0,0,0,0,0,0,54.7,65.7,,12.0,,0.0,,0.0,,0.0,,0.0,,0.0,,2.0,,5.0,,24.0,,0.0,,2.4,,4.4,,0.0,,0.0,,0.0,,0.0,0
00-0033526,Samaje Perine,RB,CIN,2021,15,0,0,0,0,0,55,246,1,0,27,31,196,1,0,0,0,0,0,0,0,56.2,83.2,12.0,12.0,0.0,0.0,0.0,0.0,0.0,0.0,301.0,301.0,3.0,3.0,11.0,11.0,12.0,12.0,66.0,66.0,0.0,0.0,54.7,54.7,65.7,65.7,0.0,0.0,0.0,0.0,0.0,0.0,0.0,0.0,1
00-0033526,Samaje Perine,RB,CIN,2022,16,0,0,0,0,0,95,394,2,0,38,51,287,4,0,0,0,0,0,0,0,104.1,142.1,15.0,13.5,0.0,0.0,0.0,0.0,0.0,0.0,246.0,273.5,1.0,2.0,27.0,19.0,31.0,21.5,196.0,131.0,1.0,0.5,56.2,55.45000000000002,83.2,74.45000000000014,0.0,0.0,0.0,0.0,0.0,0.0,0.0,0.0,2
00-0033526,Samaje Perine,RB,DEN,2023,17,0,0,0,0,0,53,238,1,1,50,56,455,0,1,0,0,0,0,0,0,71.3,121.3,16.0,15.5,0.0,0.0,0.0,0.0,0.0,0.0,394.0,320.0,2.0,1.5,38.0,32.5,51.0,41.0,287.0,241.5,4.0,2.5,104.1,80.15,142.1,112.65000000000015,0.0,0.0,0.0,0.0,0.0,0.0,0.0,0.0,3
00-0033526,Samaje Perine,RB,KC,2024,17,0,0,0,0,0,20,92,1,0,28,35,322,1,0,0,0,0,0,0,0,53.4,81.4,17.0,16.5,0.0,0.0,0.0,0.0,0.0,0.0,238.0,316.0,1.0,1.5,50.0,44.0,56.0,53.5,455.0,371.0,0.0,2.0,71.3,87.70000000000002,121.3,131.70000000000013,0.0,0.0,0.0,0.0,0.0,0.0,0.0,0.0,4
00-0033526,Samaje Perine,RB,CIN,2025,15,0,0,0,0,0,84,382,3,2,17,21,87,0,0,0,0,0,0,0,0,60.9,77.9,17.0,17.0,0.0,0.0,0.0,0.0,0.0,0.0,92.0,165.0,1.0,1.0,28.0,39.0,35.0,45.5,322.0,388.5,1.0,0.5,53.4,62.35000000000001,81.4,101.35000000000014,0.0,0.0,0.0,0.0,0.0,0.0,0.0,0.0,5
00-0033528,Jeremy Sprinkle,TE,WAS,2020,7,0,0,0,0,0,0,0,0,0,1,3,6,0,0,0,0,0,0,0,0,0.6,1.6,,17.0,,0.0,,0.0,,0.0,,92.0,,1.0,,28.0,,35.0,,322.0,,1.0,,53.4,,81.4,,0.0,,0.0,,0.0,,0.0,0
00-0033528,Jeremy Sprinkle,TE,DAL,2021,6,0,0,0,0,0,0,0,0,0,3,3,31,0,0,0,0,0,0,0,0,3.1,6.1,7.0,7.0,0.0,0.0,0.0,0.0,0.0,0.0,0.0,0.0,0.0,0.0,1.0,1.0,3.0,3.0,6.0,6.0,0.0,0.0,0.6,0.6,1.6,1.6,0.0,0.0,0.0,0.0,0.0,0.0,0.0,0.0,1
00-0033536,Mike Williams,WR,LAC,2020,14,0,0,0,0,0,1,1,0,0,48,85,756,5,0,0,0,0,0,0,0,105.7,153.7,,7.0,,0.0,,0.0,,0.0,,0.0,,0.0,,1.0,,3.0,,6.0,,0.0,,0.6,,1.6,,0.0,,0.0,,0.0,,0.0,0
00-0033536,Mike Williams,WR,LAC,2021,16,0,0,0,0,0,0,0,0,0,76,129,1146,9,0,0,0,0,0,0,0,170.6,246.6,14.0,14.0,0.0,0.0,0.0,0.0,0.0,0.0,1.0,1.0,0.0,0.0,48.0,48.0,85.0,85.0,756.0,756.0,5.0,5.0,105.7,105.7,153.7,153.7,0.0,0.0,0.0,0.0,0.0,0.0,0.0,0.0,1
00-0033536,Mike Williams,WR,LAC,2022,13,0,0,0,0,0,0,0,0,0,63,93,895,4,0,0,0,0,0,0,0,113.5,176.5,16.0,15.0,0.0,0.0,0.0,0.0,0.0,0.0,0.0,0.5,0.0,0.0,76.0,62.0,129.0,107.0,1146.0,951.0,9.0,7.0,170.6,138.15,246.6,200.15000000000012,0.0,0.0,0.0,0.0,0.0,0.0,0.0,0.0,2
00-0033536,Mike Williams,WR,LAC,2023,3,0,0,0,0,0,1,3,0,0,19,26,249,1,0,0,0,0,0,0,0,31.2,50.2,13.0,14.5,0.0,0.0,0.0,0.0,0.0,0.0,0.0,0.0,0.0,0.0,63.0,69.5,93.0,111.0,895.0,1020.5,4.0,6.5,113.5,142.05,176.5,211.55000000000013,0.0,0.0,0.0,0.0,0.0,0.0,0.0,0.0,3
00-0033536,Mike Williams,WR,PIT,2024,14,0,0,0,0,0,0,0,0,0,21,34,298,1,0,0,0,0,0,0,0,35.8,56.8,3.0,8.0,0.0,0.0,0.0,0.0,0.0,0.0,3.0,1.5,0.0,0.0,19.0,41.0,26.0,59.5,249.0,572.0,1.0,2.5,31.2,72.35000000000001,50.2,113.35000000000014,0.0,0.0,0.0,0.0,0.0,0.0,0.0,0.0,4
00-0033537,Deshaun Watson,QB,HOU,2020,16,382,544,4823,33,7,90,444,3,1,0,0,0,0,0,0,0,0,0,0,0,369.32,369.32,,3.0,,0.0,,0.0,,0.0,,3.0,,0.0,,19.0,,26.0,,249.0,,1.0,,31.2,,50.2,,0.0,,0.0,,0.0,,0.0,0
00-0033537,Deshaun Watson,QB,CLE,2022,6,99,170,1102,7,5,36,175,1,0,0,0,0,0,0,0,0,0,0,0,0,85.58,85.58,16.0,16.0,4823.0,4823.0,33.0,33.0,7.0,7.0,444.0,444.0,3.0,3.0,0.0,0.0,0.0,0.0,0.0,0.0,0.0,0.0,369.32,369.32,369.32,369.32,0.0,0.0,0.0,0.0,0.0,0.0,0.0,0.0,1
00-0033537,Deshaun Watson,QB,CLE,2023,6,105,171,1115,7,4,26,142,1,1,0,0,0,0,0,0,0,0,0,0,0,86.8,86.8,6.0,11.0,1102.0,2962.5,7.0,20.0,5.0,6.0,175.0,309.5,1.0,2.0,0.0,0.0,0.0,0.0,0.0,0.0,0.0,0.0,85.58,227.45,85.58,227.45000000000013,0.0,0.0,0.0,0.0,0.0,0.0,0.0,0.0,2
00-0033537,Deshaun Watson,QB,CLE,2024,7,137,216,1148,5,3,31,148,1,1,0,0,0,0,0,0,0,0,0,0,0,76.72,76.72,6.0,6.0,1115.0,1108.5,7.0,7.0,4.0,4.5,142.0,158.5,1.0,1.0,0.0,0.0,0.0,0.0,0.0,0.0,0.0,0.0,86.8,86.19,86.8,86.19000000000014,0.0,0.0,0.0,0.0,0.0,0.0,0.0,0.0,3
00-0033550,Davis Webb,QB,BUF,2021,1,0,0,0,0,0,2,-3,0,0,0,0,0,0,0,0,0,0,0,0,0,-0.3,-0.3,,6.0,,1115.0,,7.0,,4.0,,142.0,,1.0,,0.0,,0.0,,0.0,,0.0,,86.8,,86.8,,0.0,,0.0,,0.0,,0.0,0
00-0033550,Davis Webb,QB,NYG,2022,1,23,40,168,1,0,6,41,1,0,0,0,0,0,0,0,0,0,0,0,0,20.82,20.82,1.0,1.0,0.0,0.0,0.0,0.0,0.0,0.0,-3.0,-3.0,0.0,0.0,0.0,0.0,0.0,0.0,0.0,0.0,0.0,0.0,-0.3,-0.3,-0.3,-0.3,0.0,0.0,0.0,0.0,0.0,0.0,0.0,0.0,1
00-0033553,James Conner,RB,PIT,2020,13,0,0,0,0,0,169,721,6,0,35,43,215,0,0,0,0,0,0,0,0,129.6,164.6,,1.0,,0.0,,0.0,,0.0,,-3.0,,0.0,,0.0,,0.0,,0.0,,0.0,,-0.3,,-0.3,,0.0,,0.0,,0.0,,0.0,0
00-0033553,James Conner,RB,ARI,2021,15,0,0,0,0,0,202,752,15,0,37,39,375,3,0,0,0,0,0,0,0,220.7,257.7,13.0,13.0,0.0,0.0,0.0,0.0,0.0,0.0,721.0,721.0,6.0,6.0,35.0,35.0,43.0,43.0,215.0,215.0,0.0,0.0,129.6,129.6,164.6,164.6,0.0,0.0,0.0,0.0,0.0,0.0,0.0,0.0,1
00-0033553,James Conner,RB,ARI,2022,13,0,0,0,0,0,183,782,7,1,46,58,300,1,0,0,0,0,0,0,0,154.2,200.2,15.0,14.0,0.0,0.0,0.0,0.0,0.0,0.0,752.0,736.5,15.0,10.5,37.0,36.0,39.0,41.0,375.0,295.0,3.0,1.5,220.7,175.14999999999998,257.7,211.15000000000015,0.0,0.0,0.0,0.0,0.0,0.0,0.0,0.0,2
00-0033553,James Conner,RB,ARI,2023,13,0,0,0,0,0,208,1040,7,0,27,33,165,2,0,0,0,0,0,0,0,174.5,201.5,13.0,14.0,0.0,0.0,0.0,0.0,0.0,0.0,782.0,767.0,7.0,11.0,46.0,41.5,58.0,48.5,300.0,337.5,1.0,2.0,154.2,187.45,200.2,228.9500000000001,0.0,0.0,0.0,0.0,0.0,0.0,0.0,0.0,3
00-0033553,James Conner,RB,ARI,2024,16,0,0,0,0,0,236,1094,8,0,47,55,414,1,1,0,0,0,0,0,0,206.8,253.8,13.0,13.0,0.0,0.0,0.0,0.0,0.0,0.0,1040.0,911.0,7.0,7.0,27.0,36.5,33.0,45.5,165.0,232.5,2.0,1.5,174.5,164.35,201.5,200.85000000000014,0.0,0.0,0.0,0.0,0.0,0.0,0.0,0.0,4
00-0033553,James Conner,RB,ARI,2025,3,0,0,0,0,0,32,95,1,0,8,9,38,1,0,0,0,0,0,0,0,25.3,33.3,16.0,14.5,0.0,0.0,0.0,0.0,0.0,0.0,1094.0,1067.0,8.0,7.5,47.0,37.0,55.0,44.0,414.0,289.5,1.0,1.5,206.8,190.65,253.8,227.65000000000015,0.0,0.0,0.0,0.0,0.0,0.0,0.0,0.0,5
00-0033555,Mack Hollins,WR,MIA,2020,11,0,0,0,0,0,0,0,0,0,16,25,176,1,1,0,0,0,0,0,0,21.6,37.6,,16.0,,0.0,,0.0,,0.0,,1094.0,,8.0,,47.0,,55.0,,414.0,,1.0,,206.8,,253.8,,0.0,,0.0,,0.0,,0.0,0
00-0033555,Mack Hollins,WR,MIA,2021,15,0,0,0,0,0,0,0,0,0,14,28,223,4,0,0,0,0,0,0,0,46.3,60.3,11.0,11.0,0.0,0.0,0.0,0.0,0.0,0.0,0.0,0.0,0.0,0.0,16.0,16.0,25.0,25.0,176.0,176.0,1.0,1.0,21.6,21.6,37.6,37.6,0.0,0.0,0.0,0.0,0.0,0.0,0.0,0.0,1
00-0033555,Mack Hollins,WR,LV,2022,17,1,1,4,0,0,4,40,0,0,57,94,690,4,0,0,0,0,0,0,0,97.16,154.16,15.0,13.0,0.0,0.0,0.0,0.0,0.0,0.0,0.0,0.0,0.0,0.0,14.0,15.0,28.0,26.5,223.0,199.5,4.0,2.5,46.3,33.95,60.3,48.950000000000145,0.0,0.0,0.0,0.0,0.0,0.0,0.0,0.0,2
00-0033555,Mack Hollins,WR,ATL,2023,12,0,0,0,0,0,0,0,0,0,18,30,251,0,0,0,0,0,0,0,0,25.1,43.1,17.0,16.0,4.0,2.0,0.0,0.0,0.0,0.0,40.0,20.0,0.0,0.0,57.0,35.5,94.0,61.0,690.0,456.5,4.0,4.0,97.16,71.73,154.16,107.23000000000015,0.0,0.0,0.0,0.0,0.0,0.0,0.0,0.0,3
00-0033555,Mack Hollins,WR,BUF,2024,17,0,0,0,0,0,0,0,0,0,31,50,378,5,0,0,0,0,0,0,0,67.8,98.8,12.0,14.5,0.0,2.0,0.0,0.0,0.0,0.0,0.0,20.0,0.0,0.0,18.0,37.5,30.0,62.0,251.0,470.5,0.0,2.0,25.1,61.13000000000001,43.1,98.63000000000015,0.0,0.0,0.0,0.0,0.0,0.0,0.0,0.0,4
00-0033555,Mack Hollins,WR,NE,2025,14,0,0,0,0,0,1,4,0,0,46,65,550,2,0,0,0,0,0,0,0,67.4,113.4,17.0,14.5,0.0,0.0,0.0,0.0,0.0,0.0,0.0,0.0,0.0,0.0,31.0,24.5,50.0,40.0,378.0,314.5,5.0,2.5,67.8,46.45,98.8,70.95000000000014,0.0,0.0,0.0,0.0,0.0,0.0,0.0,0.0,5
00-0033556,Tarik Cohen,RB,CHI,2020,3,0,0,0,0,0,14,74,0,0,6,9,41,0,0,0,0,0,0,0,0,11.5,17.5,,17.0,,0.0,,0.0,,0.0,,0.0,,0.0,,31.0,,50.0,,378.0,,5.0,,67.8,,98.8,,0.0,,0.0,,0.0,,0.0,0
00-0033564,Jake Butt,TE,DEN,2020,4,0,0,0,0,0,0,0,0,0,2,4,5,0,0,0,0,0,0,0,0,0.5,2.5,,,,,,,,,,,,,,,,,,,,,,,,,,,,,,,,,0
00-0033567,Brian Hill,RB,ATL,2020,16,0,0,0,0,0,100,465,1,1,25,30,199,0,0,0,0,0,0,0,0,70.4,95.4,,,,,,,,,,,,,,,,,,,,,,,,,,,,,,,,,0
00-0033567,Brian Hill,RB,SF,2021,1,0,0,0,0,0,0,0,0,0,0,0,0,0,0,0,0,0,0,0,0,0.0,0.0,16.0,16.0,0.0,0.0,0.0,0.0,0.0,0.0,465.0,465.0,1.0,1.0,25.0,25.0,30.0,30.0,199.0,199.0,0.0,0.0,70.4,70.4,95.4,95.4,0.0,0.0,0.0,0.0,0.0,0.0,0.0,0.0,1
00-0033572,Jamal Agnew,WR,DET,2020,14,0,1,0,0,0,6,33,0,0,13,20,89,0,0,0,0,0,0,0,0,18.2,31.2,,16.0,,0.0,,0.0,,0.0,,465.0,,1.0,,25.0,,30.0,,199.0,,0.0,,70.4,,95.4,,0.0,,0.0,,0.0,,0.0,0
00-0033572,Jamal Agnew,WR,JAX,2021,10,0,0,0,0,0,7,111,1,0,24,39,229,1,0,0,0,0,0,0,0,58.0,82.0,14.0,14.0,0.0,0.0,0.0,0.0,0.0,0.0,33.0,33.0,0.0,0.0,13.0,13.0,20.0,20.0,89.0,89.0,0.0,0.0,18.2,18.2,31.2,31.2,0.0,0.0,0.0,0.0,0.0,0.0,0.0,0.0,1
00-0033572,Jamal Agnew,WR,JAX,2022,15,0,0,0,0,0,12,86,0,0,23,30,187,3,0,0,0,0,0,0,0,47.3,70.3,10.0,12.0,0.0,0.0,0.0,0.0,0.0,0.0,111.0,72.0,1.0,0.5,24.0,18.5,39.0,29.5,229.0,159.0,1.0,0.5,58.0,38.1,82.0,56.60000000000014,0.0,0.0,0.0,0.0,0.0,0.0,0.0,0.0,2
00-0033572,Jamal Agnew,WR,JAX,2023,11,0,0,0,0,0,4,-2,0,0,14,21,225,1,1,0,0,0,0,0,0,26.3,40.3,15.0,12.5,0.0,0.0,0.0,0.0,0.0,0.0,86.0,98.5,0.0,0.5,23.0,23.5,30.0,34.5,187.0,208.0,3.0,2.0,47.3,52.65,70.3,76.15000000000015,0.0,0.0,0.0,0.0,0.0,0.0,0.0,0.0,3
00-0033572,Jamal Agnew,WR,ATL,2025,11,0,0,0,0,0,0,0,0,0,0,0,0,0,0,0,0,0,0,0,0,0.0,0.0,11.0,13.0,0.0,0.0,0.0,0.0,0.0,0.0,-2.0,42.0,0.0,0.0,14.0,18.5,21.0,25.5,225.0,206.0,1.0,2.0,26.3,36.8,40.3,55.30000000000014,0.0,0.0,0.0,0.0,0.0,0.0,0.0,0.0,4
00-0033576,Eric Saubert,TE,JAX,2020,6,0,0,0,0,0,0,0,0,0,3,4,16,0,0,0,0,0,0,0,0,1.6,4.6,,11.0,,0.0,,0.0,,0.0,,-2.0,,0.0,,14.0,,21.0,,225.0,,1.0,,26.3,,40.3,,0.0,,0.0,,0.0,,0.0,0
00-0033576,Eric Saubert,TE,DEN,2021,10,0,0,0,0,0,0,0,0,0,8,12,47,1,0,0,0,0,0,0,0,10.7,18.7,6.0,6.0,0.0,0.0,0.0,0.0,0.0,0.0,0.0,0.0,0.0,0.0,3.0,3.0,4.0,4.0,16.0,16.0,0.0,0.0,1.6,1.6,4.6,4.6,0.0,0.0,0.0,0.0,0.0,0.0,0.0,0.0,1
00-0033576,Eric Saubert,TE,DEN,2022,14,0,0,0,0,0,0,0,0,0,15,24,148,1,0,0,0,0,0,0,0,20.8,35.8,10.0,8.0,0.0,0.0,0.0,0.0,0.0,0.0,0.0,0.0,0.0,0.0,8.0,5.5,12.0,8.0,47.0,31.5,1.0,0.5,10.7,6.1499999999999995,18.7,11.65000000000014,0.0,0.0,0.0,0.0,0.0,0.0,0.0,0.0,2
00-0033576,Eric Saubert,TE,HOU,2023,3,0,0,0,0,0,0,0,0,0,3,3,12,0,0,0,0,0,0,0,0,1.2,4.2,14.0,12.0,0.0,0.0,0.0,0.0,0.0,0.0,0.0,0.0,0.0,0.0,15.0,11.5,24.0,18.0,148.0,97.5,1.0,1.0,20.8,15.75,35.8,27.25000000000014,0.0,0.0,0.0,0.0,0.0,0.0,0.0,0.0,3
00-0033576,Eric Saubert,TE,SF,2024,12,0,0,0,0,0,0,0,0,0,11,14,97,1,0,0,0,0,0,0,0,15.7,26.7,3.0,8.5,0.0,0.0,0.0,0.0,0.0,0.0,0.0,0.0,0.0,0.0,3.0,9.0,3.0,13.5,12.0,80.0,0.0,0.5,1.2,11.0,4.2,20.000000000000142,0.0,0.0,0.0,0.0,0.0,0.0,0.0,0.0,4
00-0033576,Eric Saubert,TE,SEA,2025,9,0,0,0,0,0,0,0,0,0,4,7,31,0,0,0,0,0,0,0,0,5.1,9.1,12.0,7.5,0.0,0.0,0.0,0.0,0.0,0.0,0.0,0.0,0.0,0.0,11.0,7.0,14.0,8.5,97.0,54.5,1.0,0.5,15.7,8.45,26.7,15.450000000000141,0.0,0.0,0.0,0.0,0.0,0.0,0.0,0.0,5
00-0033589,David Moore,WR,SEA,2020,16,0,0,0,0,0,8,61,0,0,35,47,417,6,0,0,0,0,0,0,0,83.8,118.8,,12.0,,0.0,,0.0,,0.0,,0.0,,0.0,,11.0,,14.0,,97.0,,1.0,,15.7,,26.7,,0.0,,0.0,,0.0,,0.0,0
00-0033589,David Moore,WR,GB,2021,2,0,0,0,0,0,0,0,0,0,0,2,0,0,0,0,0,0,0,0,0,0.0,0.0,16.0,16.0,0.0,0.0,0.0,0.0,0.0,0.0,61.0,61.0,0.0,0.0,35.0,35.0,47.0,47.0,417.0,417.0,6.0,6.0,83.8,83.8,118.8,118.8,0.0,0.0,0.0,0.0,0.0,0.0,0.0,0.0,1
00-0033589,David Moore,WR,TB,2023,6,0,0,0,0,0,0,0,0,0,5,7,94,1,0,0,0,0,0,0,0,15.4,20.4,2.0,9.0,0.0,0.0,0.0,0.0,0.0,0.0,0.0,30.5,0.0,0.0,0.0,17.5,2.0,24.5,0.0,208.5,0.0,3.0,0.0,41.9,0.0,59.40000000000014,0.0,0.0,0.0,0.0,0.0,0.0,0.0,0.0,2
00-0033589,David Moore,WR,CAR,2024,15,0,0,0,0,0,1,0,0,0,32,57,351,3,0,0,0,0,0,0,0,53.1,85.1,6.0,4.0,0.0,0.0,0.0,0.0,0.0,0.0,0.0,0.0,0.0,0.0,5.0,2.5,7.0,4.5,94.0,47.0,1.0,0.5,15.4,7.7,20.4,10.200000000000141,0.0,0.0,0.0,0.0,0.0,0.0,0.0,0.0,3
00-0033589,David Moore,WR,CAR,2025,3,0,0,0,0,0,1,12,0,0,1,1,5,0,0,0,0,0,0,0,0,1.7,2.7,15.0,10.5,0.0,0.0,0.0,0.0,0.0,0.0,0.0,0.0,0.0,0.0,32.0,18.5,57.0,32.0,351.0,222.5,3.0,2.0,53.1,34.25,85.1,52.75000000000014,0.0,0.0,0.0,0.0,0.0,0.0,0.0,0.0,4
00-0033591,Noah Brown,WR,DAL,2020,10,0,0,0,0,0,1,4,0,0,14,24,154,0,0,0,0,0,0,0,0,15.8,29.8,,15.0,,0.0,,0.0,,0.0,,0.0,,0.0,,32.0,,57.0,,351.0,,3.0,,53.1,,85.1,,0.0,,0.0,,0.0,,0.0,0
00-0033591,Noah Brown,WR,DAL,2021,9,0,0,0,0,0,0,0,0,0,16,25,184,0,0,0,0,0,0,0,0,18.4,34.4,10.0,10.0,0.0,0.0,0.0,0.0,0.0,0.0,4.0,4.0,0.0,0.0,14.0,14.0,24.0,24.0,154.0,154.0,0.0,0.0,15.8,15.8,29.8,29.8,0.0,0.0,0.0,0.0,0.0,0.0,0.0,0.0,1
00-0033591,Noah Brown,WR,DAL,2022,16,0,0,0,0,0,0,0,0,0,43,74,555,3,1,0,0,0,0,0,0,71.5,114.5,9.0,9.5,0.0,0.0,0.0,0.0,0.0,0.0,0.0,2.0,0.0,0.0,16.0,15.0,25.0,24.5,184.0,169.0,0.0,0.0,18.4,17.1,34.4,32.10000000000014,0.0,0.0,0.0,0.0,0.0,0.0,0.0,0.0,2
00-0033591,Noah Brown,WR,HOU,2023,10,0,0,0,0,0,1,-1,0,0,33,55,567,2,0,0,0,0,0,0,0,68.6,101.6,16.0,12.5,0.0,0.0,0.0,0.0,0.0,0.0,0.0,0.0,0.0,0.0,43.0,29.5,74.0,49.5,555.0,369.5,3.0,1.5,71.5,44.95,114.5,74.45000000000014,0.0,0.0,0.0,0.0,0.0,0.0,0.0,0.0,3
00-0033591,Noah Brown,WR,WAS,2024,11,0,0,0,0,0,0,0,0,0,35,56,453,1,0,0,0,0,0,0,0,51.3,86.3,10.0,13.0,0.0,0.0,0.0,0.0,0.0,0.0,-1.0,-0.5,0.0,0.0,33.0,38.0,55.0,64.5,567.0,561.0,2.0,2.5,68.6,70.05,101.6,108.05000000000014,0.0,0.0,0.0,0.0,0.0,0.0,0.0,0.0,4
00-0033591,Noah Brown,WR,WAS,2025,4,0,0,0,0,0,0,0,0,0,5,10,83,0,0,0,0,0,0,0,0,8.3,13.3,11.0,10.5,0.0,0.0,0.0,0.0,0.0,0.0,0.0,-0.5,0.0,0.0,35.0,34.0,56.0,55.5,453.0,510.0,1.0,1.5,51.3,59.949999999999996,86.3,93.95000000000013,0.0,0.0,0.0,0.0,0.0,0.0,0.0,0.0,5
00-0033594,Chris Carson,RB,SEA,2020,12,0,0,0,0,0,141,681,5,0,37,46,287,4,0,0,0,0,0,0,0,150.8,187.8,,11.0,,0.0,,0.0,,0.0,,0.0,,0.0,,35.0,,56.0,,453.0,,1.0,,51.3,,86.3,,0.0,,0.0,,0.0,,0.0,0
00-0033594,Chris Carson,RB,SEA,2021,4,0,0,0,0,0,54,232,3,1,6,6,29,0,0,0,0,0,0,0,0,42.1,48.1,12.0,12.0,0.0,0.0,0.0,0.0,0.0,0.0,681.0,681.0,5.0,5.0,37.0,37.0,46.0,46.0,287.0,287.0,4.0,4.0,150.8,150.8,187.8,187.8,0.0,0.0,0.0,0.0,0.0,0.0,0.0,0.0,1
00-0033611,Ricky Seals-Jones,TE,KC,2020,1,0,0,0,0,0,0,0,0,0,0,1,0,0,0,0,0,0,0,0,0,0.0,0.0,,12.0,,0.0,,0.0,,0.0,,681.0,,5.0,,37.0,,46.0,,287.0,,4.0,,150.8,,187.8,,0.0,,0.0,,0.0,,0.0,0
00-0033611,Ricky Seals-Jones,TE,WAS,2021,11,0,0,0,0,0,0,0,0,0,30,49,271,2,0,0,0,0,0,0,0,39.1,69.1,1.0,1.0,0.0,0.0,0.0,0.0,0.0,0.0,0.0,0.0,0.0,0.0,0.0,0.0,1.0,1.0,0.0,0.0,0.0,0.0,0.0,0.0,0.0,0.0,0.0,0.0,0.0,0.0,0.0,0.0,0.0,0.0,1
00-0033627,Jason Croom,TE,PHI,2020,1,0,0,0,0,0,0,0,0,0,1,1,3,1,0,0,0,0,0,0,0,6.3,7.3,,1.0,,0.0,,0.0,,0.0,,0.0,,0.0,,0.0,,1.0,,0.0,,0.0,,0.0,,0.0,,0.0,,0.0,,0.0,,0.0,0
00-0033633,Tanner Gentry,WR,BUF,2022,1,0,0,0,0,0,0,0,0,0,0,1,0,0,0,0,0,0,0,0,0,0.0,0.0,,,,,,,,,,,,,,,,,,,,,,,,,,,,,,,,,0
00-0033658,Blake Jarwin,TE,DAL,2020,1,0,0,0,0,0,0,0,0,0,1,1,12,0,0,0,0,0,0,0,0,1.2,2.2,,,,,,,,,,,,,,,,,,,,,,,,,,,,,,,,,0
00-0033658,Blake Jarwin,TE,DAL,2021,8,0,0,0,0,0,0,0,0,0,11,17,96,2,0,0,0,0,0,0,0,21.6,32.6,1.0,1.0,0.0,0.0,0.0,0.0,0.0,0.0,0.0,0.0,0.0,0.0,1.0,1.0,1.0,1.0,12.0,12.0,0.0,0.0,1.2,1.2,2.2,2.2,0.0,0.0,0.0,0.0,0.0,0.0,0.0,0.0,1
00-0033662,Cooper Rush,QB,DAL,2021,4,30,47,422,3,1,9,-8,0,0,0,0,0,0,0,0,0,0,0,0,0,24.08,24.08,,1.0,,0.0,,0.0,,0.0,,0.0,,0.0,,1.0,,1.0,,12.0,,0.0,,1.2,,2.2,,0.0,,0.0,,0.0,,0.0,0
00-0033662,Cooper Rush,QB,DAL,2022,8,94,162,1051,5,3,9,6,0,0,0,0,0,0,0,0,0,0,0,0,0,56.64,56.64,4.0,4.0,422.0,422.0,3.0,3.0,1.0,1.0,-8.0,-8.0,0.0,0.0,0.0,0.0,0.0,0.0,0.0,0.0,0.0,0.0,24.08,24.08,24.08,24.08,0.0,0.0,0.0,0.0,0.0,0.0,0.0,0.0,1
00-0033662,Cooper Rush,QB,DAL,2023,7,18,24,144,0,1,12,-5,0,0,0,0,0,0,0,0,0,0,0,0,0,3.26,3.26,8.0,6.0,1051.0,736.5,5.0,4.0,3.0,2.0,6.0,-1.0,0.0,0.0,0.0,0.0,0.0,0.0,0.0,0.0,0.0,0.0,56.64,40.36,56.64,40.36000000000014,0.0,0.0,0.0,0.0,0.0,0.0,0.0,0.0,2
00-0033662,Cooper Rush,QB,DAL,2024,12,187,308,1844,12,5,26,18,0,2,0,0,0,0,0,0,0,0,0,0,0,109.56,109.56,7.0,7.5,144.0,597.5,0.0,2.5,1.0,2.0,-5.0,0.5,0.0,0.0,0.0,0.0,0.0,0.0,0.0,0.0,0.0,0.0,3.26,29.95,3.26,29.95000000000014,0.0,0.0,0.0,0.0,0.0,0.0,0.0,0.0,3
00-0033662,Cooper Rush,QB,BAL,2025,4,34,52,303,0,4,4,-4,0,1,0,0,0,0,0,0,0,0,0,0,0,1.72,1.72,12.0,9.5,1844.0,994.0,12.0,6.0,5.0,3.0,18.0,6.5,0.0,0.0,0.0,0.0,0.0,0.0,0.0,0.0,0.0,0.0,109.56,56.41,109.56,56.41000000000014,0.0,0.0,0.0,0.0,0.0,0.0,0.0,0.0,4
00-0033681,Keelan Cole,WR,JAX,2020,16,0,0,0,0,0,1,2,0,0,55,88,642,5,0,0,0,0,0,0,0,100.4,155.4,,12.0,,1844.0,,12.0,,5.0,,18.0,,0.0,,0.0,,0.0,,0.0,,0.0,,109.56,,109.56,,0.0,,0.0,,0.0,,0.0,0
00-0033681,Keelan Cole,WR,NYJ,2021,14,0,1,0,0,0,0,0,0,0,28,51,449,1,0,0,0,0,0,0,0,50.9,78.9,16.0,16.0,0.0,0.0,0.0,0.0,0.0,0.0,2.0,2.0,0.0,0.0,55.0,55.0,88.0,88.0,642.0,642.0,5.0,5.0,100.4,100.4,155.4,155.4,0.0,0.0,0.0,0.0,0.0,0.0,0.0,0.0,1
00-0033681,Keelan Cole,WR,LV,2022,12,0,0,0,0,0,0,0,0,0,10,21,141,1,0,0,0,0,0,0,0,20.1,30.1,14.0,15.0,0.0,0.0,0.0,0.0,0.0,0.0,0.0,1.0,0.0,0.0,28.0,41.5,51.0,69.5,449.0,545.5,1.0,3.0,50.9,75.64999999999999,78.9,117.15000000000015,0.0,0.0,0.0,0.0,0.0,0.0,0.0,0.0,2
00-0033699,Austin Ekeler,RB,LAC,2020,10,0,0,0,0,0,116,530,1,0,54,65,403,2,0,0,0,0,0,0,0,111.3,165.3,,14.0,,0.0,,0.0,,0.0,,0.0,,0.0,,28.0,,51.0,,449.0,,1.0,,50.9,,78.9,,0.0,,0.0,,0.0,,0.0,0
00-0033699,Austin Ekeler,RB,LAC,2021,16,0,0,0,0,0,206,911,12,0,70,94,647,8,3,0,0,0,0,0,0,273.8,343.8,10.0,10.0,0.0,0.0,0.0,0.0,0.0,0.0,530.0,530.0,1.0,1.0,54.0,54.0,65.0,65.0,403.0,403.0,2.0,2.0,111.3,111.3,165.3,165.3,0.0,0.0,0.0,0.0,0.0,0.0,0.0,0.0,1
00-0033699,Austin Ekeler,RB,LAC,2022,17,0,0,0,0,0,204,915,13,2,107,127,722,5,1,0,0,0,0,0,0,265.7,372.7,16.0,13.0,0.0,0.0,0.0,0.0,0.0,0.0,911.0,720.5,12.0,6.5,70.0,62.0,94.0,79.5,647.0,525.0,8.0,5.0,273.8,192.55,343.8,254.55000000000015,0.0,0.0,0.0,0.0,0.0,0.0,0.0,0.0,2
00-0033699,Austin Ekeler,RB,LAC,2023,14,0,0,0,0,0,179,628,5,2,51,74,436,1,2,0,0,0,0,0,0,134.4,185.4,17.0,16.5,0.0,0.0,0.0,0.0,0.0,0.0,915.0,913.0,13.0,12.5,107.0,88.5,127.0,110.5,722.0,684.5,5.0,6.5,265.7,269.75,372.7,358.2500000000001,0.0,0.0,0.0,0.0,0.0,0.0,0.0,0.0,3
00-0033699,Austin Ekeler,RB,WAS,2024,12,0,0,0,0,0,77,367,4,0,35,41,366,0,0,0,0,0,0,0,0,97.3,132.3,14.0,15.5,0.0,0.0,0.0,0.0,0.0,0.0,628.0,771.5,5.0,9.0,51.0,79.0,74.0,100.5,436.0,579.0,1.0,3.0,134.4,200.04999999999995,185.4,279.0500000000001,0.0,0.0,0.0,0.0,0.0,0.0,0.0,0.0,4
00-0033699,Austin Ekeler,RB,WAS,2025,2,0,0,0,0,0,14,43,0,0,5,7,38,0,0,0,0,0,0,0,0,8.1,13.1,12.0,13.0,0.0,0.0,0.0,0.0,0.0,0.0,367.0,497.5,4.0,4.5,35.0,43.0,41.0,57.5,366.0,401.0,0.0,0.5,97.3,115.84999999999997,132.3,158.85000000000014,0.0,0.0,0.0,0.0,0.0,0.0,0.0,0.0,5
00-0033702,Younghoe Koo,K,ATL,2020,15,0,0,0,0,0,0,0,0,0,0,0,0,0,0,37,39,8,0,33,36,0.0,0.0,,12.0,,0.0,,0.0,,0.0,,367.0,,4.0,,35.0,,41.0,,366.0,,0.0,,97.3,,132.3,,0.0,,0.0,,0.0,,0.0,0
00-0033702,Younghoe Koo,K,ATL,2021,17,0,0,0,0,0,0,0,0,0,0,0,0,0,0,27,29,4,0,30,30,0.0,0.0,15.0,15.0,0.0,0.0,0.0,0.0,0.0,0.0,0.0,0.0,0.0,0.0,0.0,0.0,0.0,0.0,0.0,0.0,0.0,0.0,0.0,0.0,0.0,0.0,37.0,37.0,39.0,39.0,33.0,33.0,36.0,36.0,1
00-0033702,Younghoe Koo,K,ATL,2022,17,0,0,0,0,0,0,0,0,0,0,0,0,0,0,32,37,7,0,33,35,0.0,0.0,17.0,16.0,0.0,0.0,0.0,0.0,0.0,0.0,0.0,0.0,0.0,0.0,0.0,0.0,0.0,0.0,0.0,0.0,0.0,0.0,0.0,0.0,0.0,0.0,27.0,32.0,29.0,34.0,30.0,31.5,30.0,33.0,2
00-0033702,Younghoe Koo,K,ATL,2023,17,0,0,0,0,0,0,0,0,0,0,0,0,0,0,32,37,3,0,27,28,0.0,0.0,17.0,17.0,0.0,0.0,0.0,0.0,0.0,0.0,0.0,0.0,0.0,0.0,0.0,0.0,0.0,0.0,0.0,0.0,0.0,0.0,0.0,0.0,0.0,0.0,32.0,29.5,37.0,33.0,33.0,31.5,35.0,32.5,3
00-0033702,Younghoe Koo,K,ATL,2024,14,0,0,0,0,0,0,0,0,0,0,0,0,0,0,25,34,6,0,26,26,0.0,0.0,17.0,17.0,0.0,0.0,0.0,0.0,0.0,0.0,0.0,0.0,0.0,0.0,0.0,0.0,0.0,0.0,0.0,0.0,0.0,0.0,0.0,0.0,0.0,0.0,32.0,32.0,37.0,37.0,27.0,30.0,28.0,31.5,4
00-0033702,Younghoe Koo,K,NYG,2025,6,0,0,0,0,0,0,0,0,0,0,0,0,0,0,6,9,0,0,13,14,0.0,0.0,14.0,15.5,0.0,0.0,0.0,0.0,0.0,0.0,0.0,0.0,0.0,0.0,0.0,0.0,0.0,0.0,0.0,0.0,0.0,0.0,0.0,0.0,0.0,0.0,25.0,28.5,34.0,35.5,26.0,26.5,26.0,27.0,5
00-0033720,Colin Thompson,TE,CAR,2020,2,0,0,0,0,0,0,0,0,0,1,2,7,1,0,0,0,0,0,0,0,6.7,7.7,,14.0,,0.0,,0.0,,0.0,,0.0,,0.0,,0.0,,0.0,,0.0,,0.0,,0.0,,0.0,,25.0,,34.0,,26.0,,26.0,0
00-0033720,Colin Thompson,TE,CAR,2021,3,0,0,0,0,0,0,0,0,0,0,1,0,0,0,0,0,0,0,0,0,0.0,0.0,2.0,2.0,0.0,0.0,0.0,0.0,0.0,0.0,0.0,0.0,0.0,0.0,1.0,1.0,2.0,2.0,7.0,7.0,1.0,1.0,6.7,6.7,7.7,7.7,0.0,0.0,0.0,0.0,0.0,0.0,0.0,0.0,1
00-0033725,Corey Clement,RB,PHI,2020,10,0,0,0,0,0,21,75,1,0,5,6,25,0,0,0,0,0,0,0,0,16.0,21.0,,2.0,,0.0,,0.0,,0.0,,0.0,,0.0,,1.0,,2.0,,7.0,,1.0,,6.7,,7.7,,0.0,,0.0,,0.0,,0.0,0
00-0033725,Corey Clement,RB,DAL,2021,11,0,0,0,0,0,33,140,0,0,6,7,29,1,0,0,0,0,0,0,0,22.9,28.9,10.0,10.0,0.0,0.0,0.0,0.0,0.0,0.0,75.0,75.0,1.0,1.0,5.0,5.0,6.0,6.0,25.0,25.0,0.0,0.0,16.0,16.0,21.0,21.0,0.0,0.0,0.0,0.0,0.0,0.0,0.0,0.0,1
00-0033725,Corey Clement,RB,ARI,2022,5,0,0,0,0,0,15,55,1,0,5,7,54,0,0,0,0,0,0,0,0,16.9,21.9,11.0,10.5,0.0,0.0,0.0,0.0,0.0,0.0,140.0,107.5,0.0,0.5,6.0,5.5,7.0,6.5,29.0,27.0,1.0,0.5,22.9,19.44999999999997,28.9,24.95000000000014,0.0,0.0,0.0,0.0,0.0,0.0,0.0,0.0,2
00-0033733,Greg Ward,WR,PHI,2020,16,1,1,15,0,0,2,-4,0,0,53,79,419,6,0,0,0,0,0,0,0,80.1,133.1,,11.0,,0.0,,0.0,,0.0,,140.0,,0.0,,6.0,,7.0,,29.0,,1.0,,22.9,,28.9,,0.0,,0.0,,0.0,,0.0,0
00-0033733,Greg Ward,WR,PHI,2021,10,1,2,2,0,0,0,0,0,0,7,11,95,3,0,0,0,0,0,0,0,27.58,34.58,16.0,16.0,15.0,15.0,0.0,0.0,0.0,0.0,-4.0,-4.0,0.0,0.0,53.0,53.0,79.0,79.0,419.0,419.0,6.0,6.0,80.1,80.1,133.1,133.1,0.0,0.0,0.0,0.0,0.0,0.0,0.0,0.0,1
00-0033757,Robert Tonyan,TE,GB,2020,15,0,0,0,0,0,0,0,0,0,52,59,586,11,0,0,0,0,0,0,0,124.6,176.6,,16.0,,15.0,,0.0,,0.0,,-4.0,,0.0,,53.0,,79.0,,419.0,,6.0,,80.1,,133.1,,0.0,,0.0,,0.0,,0.0,0
00-0033757,Robert Tonyan,TE,GB,2021,8,0,0,0,0,0,0,0,0,0,18,29,204,2,0,0,0,0,0,0,0,32.4,50.4,15.0,15.0,0.0,0.0,0.0,0.0,0.0,0.0,0.0,0.0,0.0,0.0,52.0,52.0,59.0,59.0,586.0,586.0,11.0,11.0,124.6,124.6,176.6,176.6,0.0,0.0,0.0,0.0,0.0,0.0,0.0,0.0,1
00-0033757,Robert Tonyan,TE,GB,2022,17,0,0,0,0,0,0,0,0,0,53,67,470,2,0,0,0,0,0,0,0,59.0,112.0,8.0,11.5,0.0,0.0,0.0,0.0,0.0,0.0,0.0,0.0,0.0,0.0,18.0,35.0,29.0,44.0,204.0,395.0,2.0,6.5,32.4,78.49999999999997,50.4,113.50000000000014,0.0,0.0,0.0,0.0,0.0,0.0,0.0,0.0,2
00-0033757,Robert Tonyan,TE,CHI,2023,12,0,0,0,0,0,0,0,0,0,11,17,112,0,0,0,0,0,0,0,0,11.2,22.2,17.0,12.5,0.0,0.0,0.0,0.0,0.0,0.0,0.0,0.0,0.0,0.0,53.0,35.5,67.0,48.0,470.0,337.0,2.0,2.0,59.0,45.699999999999974,112.0,81.20000000000014,0.0,0.0,0.0,0.0,0.0,0.0,0.0,0.0,3
00-0033757,Robert Tonyan,TE,KC,2025,2,0,0,0,0,0,0,0,0,0,1,1,1,0,0,0,0,0,0,0,0,0.1,1.1,12.0,14.5,0.0,0.0,0.0,0.0,0.0,0.0,0.0,0.0,0.0,0.0,11.0,32.0,17.0,42.0,112.0,291.0,0.0,1.0,11.2,35.09999999999997,22.2,67.10000000000014,0.0,0.0,0.0,0.0,0.0,0.0,0.0,0.0,4
00-0033787,Jake Elliott,K,PHI,2020,16,0,0,0,0,0,0,0,0,0,0,0,0,0,0,14,19,2,0,24,26,0.0,0.0,,12.0,,0.0,,0.0,,0.0,,0.0,,0.0,,11.0,,17.0,,112.0,,0.0,,11.2,,22.2,,0.0,,0.0,,0.0,,0.0,0
00-0033787,Jake Elliott,K,PHI,2021,17,0,0,0,0,0,0,0,0,0,0,0,0,0,0,30,33,3,0,44,44,0.0,0.0,16.0,16.0,0.0,0.0,0.0,0.0,0.0,0.0,0.0,0.0,0.0,0.0,0.0,0.0,0.0,0.0,0.0,0.0,0.0,0.0,0.0,0.0,0.0,0.0,14.0,14.0,19.0,19.0,24.0,24.0,26.0,26.0,1
00-0033787,Jake Elliott,K,PHI,2022,16,0,0,0,0,0,0,0,0,0,0,0,0,0,0,20,23,5,0,51,53,0.0,0.0,17.0,16.5,0.0,0.0,0.0,0.0,0.0,0.0,0.0,0.0,0.0,0.0,0.0,0.0,0.0,0.0,0.0,0.0,0.0,0.0,0.0,0.0,0.0,0.0,30.0,22.0,33.0,26.0,44.0,34.0,44.0,35.0,2
00-0033787,Jake Elliott,K,PHI,2023,17,0,0,0,0,0,0,0,0,0,0,0,0,0,0,30,32,6,1,45,46,0.0,0.0,16.0,16.5,0.0,0.0,0.0,0.0,0.0,0.0,0.0,0.0,0.0,0.0,0.0,0.0,0.0,0.0,0.0,0.0,0.0,0.0,0.0,0.0,0.0,0.0,20.0,25.0,23.0,28.0,51.0,47.5,53.0,48.5,3
00-0033787,Jake Elliott,K,PHI,2024,17,0,0,0,0,0,0,0,0,0,0,0,0,0,0,28,36,1,0,47,48,0.0,0.0,17.0,16.5,0.0,0.0,0.0,0.0,0.0,0.0,0.0,0.0,0.0,0.0,0.0,0.0,0.0,0.0,0.0,0.0,0.0,0.0,0.0,0.0,0.0,0.0,30.0,25.0,32.0,27.5,45.0,48.0,46.0,49.5,4
00-0033787,Jake Elliott,K,PHI,2025,17,0,0,0,0,0,0,0,0,0,0,0,0,0,0,20,27,4,0,41,42,0.0,0.0,17.0,17.0,0.0,0.0,0.0,0.0,0.0,0.0,0.0,0.0,0.0,0.0,0.0,0.0,0.0,0.0,0.0,0.0,0.0,0.0,0.0,0.0,0.0,0.0,28.0,29.0,36.0,34.0,47.0,46.0,48.0,47.0,5
00-0033798,Mason Schreck,TE,CIN,2020,2,0,0,0,0,0,0,0,0,0,0,1,0,0,0,0,0,0,0,0,0,0.0,0.0,,17.0,,0.0,,0.0,,0.0,,0.0,,0.0,,0.0,,0.0,,0.0,,0.0,,0.0,,0.0,,28.0,,36.0,,47.0,,48.0,0
00-0033798,Mason Schreck,TE,HOU,2022,2,0,0,0,0,0,0,0,0,0,2,2,6,0,0,0,0,0,0,0,0,0.6,2.6,2.0,2.0,0.0,0.0,0.0,0.0,0.0,0.0,0.0,0.0,0.0,0.0,0.0,0.0,1.0,1.0,0.0,0.0,0.0,0.0,0.0,0.0,0.0,0.0,0.0,0.0,0.0,0.0,0.0,0.0,0.0,0.0,1
00-0033838,Trey Edmunds,RB,PIT,2020,1,0,0,0,0,0,0,0,0,0,0,0,0,0,0,0,0,0,0,0,0,0.0,0.0,,2.0,,0.0,,0.0,,0.0,,0.0,,0.0,,0.0,,1.0,,0.0,,0.0,,0.0,,0.0,,0.0,,0.0,,0.0,,0.0,0
00-0033839,Dede Westbrook,WR,JAX,2020,2,0,0,0,0,0,0,0,0,0,1,1,4,0,0,0,0,0,0,0,0,0.4,1.4,,,,,,,,,,,,,,,,,,,,,,,,,,,,,,,,,0
00-0033839,Dede Westbrook,WR,MIN,2021,15,0,0,0,0,0,0,0,0,0,10,15,68,0,0,0,0,0,0,0,0,6.8,16.8,2.0,2.0,0.0,0.0,0.0,0.0,0.0,0.0,0.0,0.0,0.0,0.0,1.0,1.0,1.0,1.0,4.0,4.0,0.0,0.0,0.4,0.4,1.4,1.4,0.0,0.0,0.0,0.0,0.0,0.0,0.0,0.0,1
00-0033840,Chad Hansen,WR,HOU,2020,5,0,0,0,0,0,0,0,0,0,17,24,236,1,0,0,0,0,0,0,0,29.6,46.6,,2.0,,0.0,,0.0,,0.0,,0.0,,0.0,,1.0,,1.0,,4.0,,0.0,,0.4,,1.4,,0.0,,0.0,,0.0,,0.0,0
00-0033854,Dare Ogunbowale,RB,JAX,2020,10,0,0,0,0,0,32,145,0,0,10,20,54,0,0,0,0,0,0,0,0,19.9,29.9,,,,,,,,,,,,,,,,,,,,,,,,,,,,,,,,,0
00-0033854,Dare Ogunbowale,RB,JAX,2021,13,0,0,0,0,0,43,137,1,0,13,21,114,1,0,0,0,0,0,0,0,37.1,50.1,10.0,10.0,0.0,0.0,0.0,0.0,0.0,0.0,145.0,145.0,0.0,0.0,10.0,10.0,20.0,20.0,54.0,54.0,0.0,0.0,19.9,19.9,29.9,29.9,0.0,0.0,0.0,0.0,0.0,0.0,0.0,0.0,1
00-0033854,Dare Ogunbowale,RB,HOU,2022,15,0,0,0,0,0,42,123,1,0,20,26,104,0,0,0,0,0,0,0,0,28.7,48.7,13.0,11.5,0.0,0.0,0.0,0.0,0.0,0.0,137.0,141.0,1.0,0.5,13.0,11.5,21.0,20.5,114.0,84.0,1.0,0.5,37.1,28.49999999999997,50.1,40.00000000000014,0.0,0.0,0.0,0.0,0.0,0.0,0.0,0.0,2
00-0033854,Dare Ogunbowale,RB,HOU,2023,9,0,0,0,0,0,8,35,0,0,2,7,18,0,0,1,1,0,0,0,0,5.3,7.3,15.0,14.0,0.0,0.0,0.0,0.0,0.0,0.0,123.0,130.0,1.0,1.0,20.0,16.5,26.0,23.5,104.0,109.0,0.0,0.5,28.7,32.89999999999997,48.7,49.40000000000015,0.0,0.0,0.0,0.0,0.0,0.0,0.0,0.0,3
00-0033854,Dare Ogunbowale,RB,HOU,2024,16,0,0,0,0,0,30,112,0,0,19,28,198,1,0,0,0,0,0,0,0,37.0,56.0,9.0,12.0,0.0,0.0,0.0,0.0,0.0,0.0,35.0,79.0,0.0,0.5,2.0,11.0,7.0,16.5,18.0,61.0,0.0,0.0,5.3,16.99999999999997,7.3,28.000000000000142,1.0,0.5,1.0,0.5,0.0,0.0,0.0,0.0,4
00-0033854,Dare Ogunbowale,RB,HOU,2025,14,0,0,0,0,0,11,25,1,0,10,13,76,0,1,0,0,0,0,0,0,14.1,24.1,16.0,12.5,0.0,0.0,0.0,0.0,0.0,0.0,112.0,73.5,0.0,0.0,19.0,10.5,28.0,17.5,198.0,108.0,1.0,0.5,37.0,21.14999999999997,56.0,31.65000000000014,0.0,0.5,0.0,0.5,0.0,0.0,0.0,0.0,5
00-0033856,Leonard Fournette,RB,TB,2020,12,0,0,0,0,0,97,367,6,0,36,47,233,0,0,0,0,0,0,0,0,96.0,132.0,,16.0,,0.0,,0.0,,0.0,,112.0,,0.0,,19.0,,28.0,,198.0,,1.0,,37.0,,56.0,,0.0,,0.0,,0.0,,0.0,0
00-0033856,Leonard Fournette,RB,TB,2021,14,0,1,0,0,0,180,812,8,0,69,84,454,2,0,0,0,0,0,0,0,186.6,255.6,12.0,12.0,0.0,0.0,0.0,0.0,0.0,0.0,367.0,367.0,6.0,6.0,36.0,36.0,47.0,47.0,233.0,233.0,0.0,0.0,96.0,96.0,132.0,132.0,0.0,0.0,0.0,0.0,0.0,0.0,0.0,0.0,1
00-0033856,Leonard Fournette,RB,TB,2022,16,0,1,0,0,1,189,668,3,0,73,83,523,3,0,0,0,0,0,0,0,153.1,226.1,14.0,13.0,0.0,0.0,0.0,0.0,0.0,0.0,812.0,589.5,8.0,7.0,69.0,52.5,84.0,65.5,454.0,343.5,2.0,1.0,186.6,141.29999999999995,255.6,193.80000000000013,0.0,0.0,0.0,0.0,0.0,0.0,0.0,0.0,2
00-0033856,Leonard Fournette,RB,BUF,2023,2,0,0,0,0,0,12,40,0,0,0,0,0,0,0,0,0,0,0,0,0,4.0,4.0,16.0,15.0,0.0,0.0,0.0,0.0,1.0,0.5,668.0,740.0,3.0,5.5,73.0,71.0,83.0,83.5,523.0,488.5,3.0,2.5,153.1,169.84999999999997,226.1,240.85000000000014,0.0,0.0,0.0,0.0,0.0,0.0,0.0,0.0,3
00-0033857,JuJu Smith-Schuster,WR,PIT,2020,16,0,0,0,0,0,0,0,0,0,97,128,831,9,1,0,0,0,0,0,0,137.1,234.1,,16.0,,0.0,,0.0,,1.0,,668.0,,3.0,,73.0,,83.0,,523.0,,3.0,,153.1,,226.1,,0.0,,0.0,,0.0,,0.0,0
00-0033857,JuJu Smith-Schuster,WR,PIT,2021,5,0,0,0,0,0,3,9,1,0,15,28,129,0,0,0,0,0,0,0,0,19.8,34.8,16.0,16.0,0.0,0.0,0.0,0.0,0.0,0.0,0.0,0.0,0.0,0.0,97.0,97.0,128.0,128.0,831.0,831.0,9.0,9.0,137.1,137.1,234.1,234.1,0.0,0.0,0.0,0.0,0.0,0.0,0.0,0.0,1
00-0033857,JuJu Smith-Schuster,WR,KC,2022,16,0,0,0,0,0,0,0,0,0,78,101,933,3,2,0,0,0,0,0,0,107.3,185.3,5.0,10.5,0.0,0.0,0.0,0.0,0.0,0.0,9.0,4.5,1.0,0.5,15.0,56.0,28.0,78.0,129.0,480.0,0.0,4.5,19.8,78.44999999999997,34.8,134.45000000000013,0.0,0.0,0.0,0.0,0.0,0.0,0.0,0.0,2
00-0033857,JuJu Smith-Schuster,WR,NE,2023,11,0,0,0,0,0,0,0,0,0,29,47,260,1,0,0,0,0,0,0,0,32.0,61.0,16.0,10.5,0.0,0.0,0.0,0.0,0.0,0.0,0.0,4.5,0.0,0.5,78.0,46.5,101.0,64.5,933.0,531.0,3.0,1.5,107.3,63.54999999999997,185.3,110.05000000000014,0.0,0.0,0.0,0.0,0.0,0.0,0.0,0.0,3
00-0033857,JuJu Smith-Schuster,WR,KC,2024,11,0,0,0,0,0,0,0,0,0,18,26,231,2,0,0,0,0,0,0,0,35.1,53.1,11.0,13.5,0.0,0.0,0.0,0.0,0.0,0.0,0.0,0.0,0.0,0.0,29.0,53.5,47.0,74.0,260.0,596.5,1.0,2.0,32.0,69.64999999999998,61.0,123.15000000000015,0.0,0.0,0.0,0.0,0.0,0.0,0.0,0.0,4
00-0033857,JuJu Smith-Schuster,WR,KC,2025,17,0,0,0,0,0,0,0,0,0,33,45,345,1,0,0,0,0,0,0,0,40.5,73.5,11.0,11.0,0.0,0.0,0.0,0.0,0.0,0.0,0.0,0.0,0.0,0.0,18.0,23.5,26.0,36.5,231.0,245.5,2.0,1.5,35.1,33.54999999999997,53.1,57.05000000000014,0.0,0.0,0.0,0.0,0.0,0.0,0.0,0.0,5
00-0033858,Jonnu Smith,TE,TEN,2020,14,0,0,0,0,0,2,4,1,0,41,65,448,8,0,0,0,0,0,0,0,99.2,140.2,,11.0,,0.0,,0.0,,0.0,,0.0,,0.0,,18.0,,26.0,,231.0,,2.0,,35.1,,53.1,,0.0,,0.0,,0.0,,0.0,0
00-0033858,Jonnu Smith,TE,NE,2021,16,0,0,0,0,0,9,40,0,0,28,45,294,1,0,0,0,0,0,0,0,39.4,67.4,14.0,14.0,0.0,0.0,0.0,0.0,0.0,0.0,4.0,4.0,1.0,1.0,41.0,41.0,65.0,65.0,448.0,448.0,8.0,8.0,99.2,99.2,140.2,140.2,0.0,0.0,0.0,0.0,0.0,0.0,0.0,0.0,1
00-0033858,Jonnu Smith,TE,NE,2022,12,0,0,0,0,0,1,5,0,0,27,38,245,0,0,0,0,0,0,0,0,25.0,52.0,16.0,15.0,0.0,0.0,0.0,0.0,0.0,0.0,40.0,22.0,0.0,0.5,28.0,34.5,45.0,55.0,294.0,371.0,1.0,4.5,39.4,69.29999999999998,67.4,103.80000000000014,0.0,0.0,0.0,0.0,0.0,0.0,0.0,0.0,2
00-0033858,Jonnu Smith,TE,ATL,2023,17,0,1,0,0,0,1,0,0,0,50,70,582,3,1,0,0,0,0,0,0,74.2,124.2,12.0,14.0,0.0,0.0,0.0,0.0,0.0,0.0,5.0,22.5,0.0,0.0,27.0,27.5,38.0,41.5,245.0,269.5,0.0,0.5,25.0,32.199999999999974,52.0,59.700000000000145,0.0,0.0,0.0,0.0,0.0,0.0,0.0,0.0,3
00-0033858,Jonnu Smith,TE,MIA,2024,17,0,0,0,0,0,2,-1,0,0,88,111,884,8,1,0,0,0,0,0,0,134.3,222.3,17.0,14.5,0.0,0.0,0.0,0.0,0.0,0.0,0.0,2.5,0.0,0.0,50.0,38.5,70.0,54.0,582.0,413.5,3.0,1.5,74.2,49.59999999999998,124.2,88.10000000000014,0.0,0.0,0.0,0.0,0.0,0.0,0.0,0.0,4
00-0033858,Jonnu Smith,TE,PIT,2025,17,0,0,0,0,0,9,70,1,0,38,54,222,2,0,0,0,0,0,0,0,47.2,85.2,17.0,17.0,0.0,0.0,0.0,0.0,0.0,0.0,-1.0,-0.5,0.0,0.0,88.0,69.0,111.0,90.5,884.0,733.0,8.0,5.5,134.3,104.24999999999999,222.3,173.25000000000014,0.0,0.0,0.0,0.0,0.0,0.0,0.0,0.0,5
00-0033859,Josh Malone,WR,NYJ,2020,3,0,0,0,0,0,1,12,0,0,4,6,16,0,0,0,0,0,0,0,0,2.8,6.8,,17.0,,0.0,,0.0,,0.0,,-1.0,,0.0,,88.0,,111.0,,884.0,,8.0,,134.3,,222.3,,0.0,,0.0,,0.0,,0.0,0
00-0033862,Zane Gonzalez,K,ARI,2020,12,0,0,0,0,0,0,0,0,0,0,0,0,0,0,16,22,2,0,38,39,0.0,0.0,,,,,,,,,,,,,,,,,,,,,,,,,,,,,,,,,0
00-0033862,Zane Gonzalez,K,CAR,2021,12,0,0,0,0,0,0,0,0,0,0,0,0,0,0,20,22,3,0,22,23,0.0,0.0,12.0,12.0,0.0,0.0,0.0,0.0,0.0,0.0,0.0,0.0,0.0,0.0,0.0,0.0,0.0,0.0,0.0,0.0,0.0,0.0,0.0,0.0,0.0,0.0,16.0,16.0,22.0,22.0,38.0,38.0,39.0,39.0,1
00-0033862,Zane Gonzalez,K,WAS,2024,6,0,0,0,0,0,0,0,0,0,0,0,0,0,0,5,7,0,0,19,19,0.0,0.0,12.0,12.0,0.0,0.0,0.0,0.0,0.0,0.0,0.0,0.0,0.0,0.0,0.0,0.0,0.0,0.0,0.0,0.0,0.0,0.0,0.0,0.0,0.0,0.0,20.0,18.0,22.0,22.0,22.0,30.0,23.0,31.0,2
00-0033862,Zane Gonzalez,K,ATL,2025,9,0,0,0,0,0,0,0,0,0,0,0,0,0,0,19,22,7,0,17,18,0.0,0.0,6.0,9.0,0.0,0.0,0.0,0.0,0.0,0.0,0.0,0.0,0.0,0.0,0.0,0.0,0.0,0.0,0.0,0.0,0.0,0.0,0.0,0.0,0.0,0.0,5.0,12.5,7.0,14.5,19.0,20.5,19.0,21.0,3
00-0033869,Mitchell Trubisky,QB,CHI,2020,10,199,297,2055,16,8,33,195,1,0,0,0,0,0,0,0,0,0,0,0,0,153.7,153.7,,6.0,,0.0,,0.0,,0.0,,0.0,,0.0,,0.0,,0.0,,0.0,,0.0,,0.0,,0.0,,5.0,,7.0,,19.0,,19.0,0
00-0033869,Mitchell Trubisky,QB,BUF,2021,5,6,8,43,0,1,13,24,1,0,0,0,0,0,0,0,0,0,0,0,0,8.12,8.12,10.0,10.0,2055.0,2055.0,16.0,16.0,8.0,8.0,195.0,195.0,1.0,1.0,0.0,0.0,0.0,0.0,0.0,0.0,0.0,0.0,153.7,153.7,153.7,153.7,0.0,0.0,0.0,0.0,0.0,0.0,0.0,0.0,1
00-0033869,Mitchell Trubisky,QB,PIT,2022,7,117,180,1252,4,5,19,38,2,0,0,0,0,0,0,0,0,0,0,0,0,73.88,73.88,5.0,7.5,43.0,1049.0,0.0,8.0,1.0,4.5,24.0,109.5,1.0,1.0,0.0,0.0,0.0,0.0,0.0,0.0,0.0,0.0,8.12,80.90999999999997,8.12,80.91000000000014,0.0,0.0,0.0,0.0,0.0,0.0,0.0,0.0,2
00-0033869,Mitchell Trubisky,QB,PIT,2023,5,67,107,632,4,5,16,54,2,1,0,0,0,0,0,0,0,0,0,0,0,48.68,48.68,7.0,6.0,1252.0,647.5,4.0,2.0,5.0,3.0,38.0,31.0,2.0,1.5,0.0,0.0,0.0,0.0,0.0,0.0,0.0,0.0,73.88,40.99999999999997,73.88,41.00000000000014,0.0,0.0,0.0,0.0,0.0,0.0,0.0,0.0,3
00-0033869,Mitchell Trubisky,QB,BUF,2024,8,19,26,179,2,0,17,1,0,0,0,0,0,0,0,0,0,0,0,0,0,15.26,15.26,5.0,6.0,632.0,942.0,4.0,4.0,5.0,5.0,54.0,46.0,2.0,2.0,0.0,0.0,0.0,0.0,0.0,0.0,0.0,0.0,48.68,61.27999999999997,48.68,61.28000000000014,0.0,0.0,0.0,0.0,0.0,0.0,0.0,0.0,4
00-0033869,Mitchell Trubisky,QB,BUF,2025,4,25,35,313,4,0,9,6,0,0,0,0,0,0,0,0,0,0,0,0,0,31.12,31.12,8.0,6.5,179.0,405.5,2.0,3.0,0.0,2.5,1.0,27.5,0.0,1.0,0.0,0.0,0.0,0.0,0.0,0.0,0.0,0.0,15.26,31.96999999999997,15.26,31.97000000000014,0.0,0.0,0.0,0.0,0.0,0.0,0.0,0.0,5
00-0033871,Corey Davis,WR,TEN,2020,14,0,0,0,0,0,0,0,0,0,65,92,984,5,1,0,0,0,0,0,0,126.4,191.4,,8.0,,179.0,,2.0,,0.0,,1.0,,0.0,,0.0,,0.0,,0.0,,0.0,,15.26,,15.26,,0.0,,0.0,,0.0,,0.0,0
00-0033871,Corey Davis,WR,NYJ,2021,9,0,0,0,0,0,0,0,0,0,34,59,492,4,1,0,0,0,0,0,0,71.2,105.2,14.0,14.0,0.0,0.0,0.0,0.0,0.0,0.0,0.0,0.0,0.0,0.0,65.0,65.0,92.0,92.0,984.0,984.0,5.0,5.0,126.4,126.4,191.4,191.4,0.0,0.0,0.0,0.0,0.0,0.0,0.0,0.0,1
00-0033871,Corey Davis,WR,NYJ,2022,13,0,0,0,0,0,0,0,0,0,32,64,536,2,0,0,0,0,0,0,0,65.6,97.6,9.0,11.5,0.0,0.0,0.0,0.0,0.0,0.0,0.0,0.0,0.0,0.0,34.0,49.5,59.0,75.5,492.0,738.0,4.0,4.5,71.2,98.79999999999998,105.2,148.30000000000015,0.0,0.0,0.0,0.0,0.0,0.0,0.0,0.0,2
00-0033873,Patrick Mahomes,QB,KC,2020,15,390,588,4740,38,6,62,308,2,0,0,2,0,0,0,0,0,0,0,0,0,374.4,374.4,,9.0,,0.0,,0.0,,0.0,,0.0,,0.0,,34.0,,59.0,,492.0,,4.0,,71.2,,105.2,,0.0,,0.0,,0.0,,0.0,0
00-0033873,Patrick Mahomes,QB,KC,2021,17,436,658,4839,37,13,66,381,2,2,0,0,0,0,0,0,0,0,0,0,0,361.66,361.66,15.0,15.0,4740.0,4740.0,38.0,38.0,6.0,6.0,308.0,308.0,2.0,2.0,0.0,0.0,2.0,2.0,0.0,0.0,0.0,0.0,374.4,374.4,374.4,374.4,0.0,0.0,0.0,0.0,0.0,0.0,0.0,0.0,1
00-0033873,Patrick Mahomes,QB,KC,2022,17,435,648,5250,41,12,61,358,4,0,1,1,6,0,0,0,0,0,0,0,0,416.4,417.4,17.0,16.0,4839.0,4789.5,37.0,37.5,13.0,9.5,381.0,344.5,2.0,2.0,0.0,0.0,0.0,1.0,0.0,0.0,0.0,0.0,361.66,368.03,361.66,368.03000000000014,0.0,0.0,0.0,0.0,0.0,0.0,0.0,0.0,2
00-0033873,Patrick Mahomes,QB,KC,2023,16,401,597,4183,27,14,75,389,0,0,0,0,0,0,0,0,0,0,0,0,0,280.22,280.22,17.0,17.0,5250.0,5044.5,41.0,39.0,12.0,12.5,358.0,369.5,4.0,3.0,1.0,0.5,1.0,0.5,6.0,3.0,0.0,0.0,416.4,389.03,417.4,389.53000000000014,0.0,0.0,0.0,0.0,0.0,0.0,0.0,0.0,3
00-0033873,Patrick Mahomes,QB,KC,2024,16,392,581,3928,26,11,58,307,2,0,1,1,2,0,0,0,0,0,0,0,0,282.02,283.02,16.0,16.5,4183.0,4716.5,27.0,34.0,14.0,13.0,389.0,373.5,0.0,2.0,0.0,0.5,0.0,0.5,0.0,3.0,0.0,0.0,280.22,348.30999999999995,280.22,348.8100000000002,0.0,0.0,0.0,0.0,0.0,0.0,0.0,0.0,4
00-0033873,Patrick Mahomes,QB,KC,2025,14,315,502,3587,22,11,64,422,5,0,1,1,-10,0,0,0,0,0,0,0,0,284.68,285.68,16.0,16.0,3928.0,4055.5,26.0,26.5,11.0,12.5,307.0,348.0,2.0,1.0,1.0,0.5,1.0,0.5,2.0,1.0,0.0,0.0,282.02,281.12,283.02,281.6200000000001,0.0,0.0,0.0,0.0,0.0,0.0,0.0,0.0,5
00-0033879,O.J. Howard,TE,TB,2020,4,0,0,0,0,0,0,0,0,0,11,19,146,2,0,0,0,0,0,0,0,26.6,37.6,,16.0,,3928.0,,26.0,,11.0,,307.0,,2.0,,1.0,,1.0,,2.0,,0.0,,282.02,,283.02,,0.0,,0.0,,0.0,,0.0,0
00-0033879,O.J. Howard,TE,TB,2021,10,0,0,0,0,0,0,0,0,0,14,21,135,1,0,0,0,0,0,0,0,19.5,33.5,4.0,4.0,0.0,0.0,0.0,0.0,0.0,0.0,0.0,0.0,0.0,0.0,11.0,11.0,19.0,19.0,146.0,146.0,2.0,2.0,26.6,26.6,37.6,37.6,0.0,0.0,0.0,0.0,0.0,0.0,0.0,0.0,1
00-0033879,O.J. Howard,TE,HOU,2022,11,0,0,0,0,0,0,0,0,0,10,23,145,2,0,0,0,0,0,0,0,26.5,36.5,10.0,7.0,0.0,0.0,0.0,0.0,0.0,0.0,0.0,0.0,0.0,0.0,14.0,12.5,21.0,20.0,135.0,140.5,1.0,1.5,19.5,23.049999999999972,33.5,35.55000000000014,0.0,0.0,0.0,0.0,0.0,0.0,0.0,0.0,2
00-0033881,Evan Engram,TE,NYG,2020,16,0,0,0,0,0,6,26,1,0,63,109,654,1,1,0,0,0,0,0,0,78.0,141.0,,10.0,,0.0,,0.0,,0.0,,0.0,,0.0,,14.0,,21.0,,135.0,,1.0,,19.5,,33.5,,0.0,,0.0,,0.0,,0.0,0
00-0033881,Evan Engram,TE,NYG,2021,15,0,0,0,0,0,1,-3,0,0,46,73,408,3,1,0,0,0,0,0,0,56.5,102.5,16.0,16.0,0.0,0.0,0.0,0.0,0.0,0.0,26.0,26.0,1.0,1.0,63.0,63.0,109.0,109.0,654.0,654.0,1.0,1.0,78.0,78.0,141.0,141.0,0.0,0.0,0.0,0.0,0.0,0.0,0.0,0.0,1
00-0033881,Evan Engram,TE,JAX,2022,17,0,0,0,0,0,2,13,0,0,73,98,766,4,0,0,0,0,0,0,0,103.9,176.9,15.0,15.5,0.0,0.0,0.0,0.0,0.0,0.0,-3.0,11.5,0.0,0.5,46.0,54.5,73.0,91.0,408.0,531.0,3.0,2.0,56.5,67.24999999999997,102.5,121.75000000000014,0.0,0.0,0.0,0.0,0.0,0.0,0.0,0.0,2
00-0033881,Evan Engram,TE,JAX,2023,17,0,0,0,0,0,0,0,0,0,114,143,963,4,2,0,0,0,0,0,0,116.3,230.3,17.0,16.0,0.0,0.0,0.0,0.0,0.0,0.0,13.0,5.0,0.0,0.0,73.0,59.5,98.0,85.5,766.0,587.0,4.0,3.5,103.9,80.19999999999997,176.9,139.70000000000016,0.0,0.0,0.0,0.0,0.0,0.0,0.0,0.0,3
00-0033881,Evan Engram,TE,JAX,2024,9,0,0,0,0,0,0,0,0,0,47,64,365,1,1,0,0,0,0,0,0,42.5,89.5,17.0,17.0,0.0,0.0,0.0,0.0,0.0,0.0,0.0,6.5,0.0,0.0,114.0,93.5,143.0,120.5,963.0,864.5,4.0,4.0,116.3,110.09999999999997,230.3,203.60000000000014,0.0,0.0,0.0,0.0,0.0,0.0,0.0,0.0,4
00-0033881,Evan Engram,TE,DEN,2025,16,0,0,0,0,0,1,7,0,0,50,76,461,1,0,0,0,0,0,0,0,52.8,102.8,9.0,13.0,0.0,0.0,0.0,0.0,0.0,0.0,0.0,0.0,0.0,0.0,47.0,80.5,64.0,103.5,365.0,664.0,1.0,2.5,42.5,79.39999999999998,89.5,159.90000000000015,0.0,0.0,0.0,0.0,0.0,0.0,0.0,0.0,5
00-0033885,David Njoku,TE,CLE,2020,11,0,0,0,0,0,0,0,0,0,19,29,213,2,0,0,0,0,0,0,0,33.3,52.3,,9.0,,0.0,,0.0,,0.0,,0.0,,0.0,,47.0,,64.0,,365.0,,1.0,,42.5,,89.5,,0.0,,0.0,,0.0,,0.0,0
00-0033885,David Njoku,TE,CLE,2021,15,0,0,0,0,0,1,1,0,0,36,53,475,4,0,0,0,0,0,0,0,71.6,107.6,11.0,11.0,0.0,0.0,0.0,0.0,0.0,0.0,0.0,0.0,0.0,0.0,19.0,19.0,29.0,29.0,213.0,213.0,2.0,2.0,33.3,33.3,52.3,52.3,0.0,0.0,0.0,0.0,0.0,0.0,0.0,0.0,1
00-0033885,David Njoku,TE,CLE,2022,14,0,0,0,0,0,2,-8,0,0,58,80,628,4,1,0,0,0,0,0,0,84.0,142.0,15.0,13.0,0.0,0.0,0.0,0.0,0.0,0.0,1.0,0.5,0.0,0.0,36.0,27.5,53.0,41.0,475.0,344.0,4.0,3.0,71.6,52.44999999999997,107.6,79.95000000000013,0.0,0.0,0.0,0.0,0.0,0.0,0.0,0.0,2
00-0033885,David Njoku,TE,CLE,2023,16,0,0,0,0,0,0,0,0,0,81,123,882,6,2,0,0,0,0,0,0,120.2,201.2,14.0,14.5,0.0,0.0,0.0,0.0,0.0,0.0,-8.0,-3.5,0.0,0.0,58.0,47.0,80.0,66.5,628.0,551.5,4.0,4.0,84.0,77.79999999999997,142.0,124.80000000000013,0.0,0.0,0.0,0.0,0.0,0.0,0.0,0.0,3
00-0033885,David Njoku,TE,CLE,2024,11,0,0,0,0,0,0,0,0,0,64,97,505,5,0,0,0,0,0,0,0,84.5,148.5,16.0,15.0,0.0,0.0,0.0,0.0,0.0,0.0,0.0,-4.0,0.0,0.0,81.0,69.5,123.0,101.5,882.0,755.0,6.0,5.0,120.2,102.09999999999997,201.2,171.60000000000014,0.0,0.0,0.0,0.0,0.0,0.0,0.0,0.0,4
00-0033885,David Njoku,TE,CLE,2025,11,0,0,0,0,0,0,0,0,0,33,48,293,4,0,0,0,0,0,0,0,53.3,86.3,11.0,13.5,0.0,0.0,0.0,0.0,0.0,0.0,0.0,0.0,0.0,0.0,64.0,72.5,97.0,110.0,505.0,693.5,5.0,5.5,84.5,102.34999999999997,148.5,174.85000000000014,0.0,0.0,0.0,0.0,0.0,0.0,0.0,0.0,5
00-0033891,Zay Jones,WR,LV,2020,11,1,1,29,0,0,0,0,0,0,14,20,154,1,0,0,0,0,0,0,0,22.56,36.56,,11.0,,0.0,,0.0,,0.0,,0.0,,0.0,,64.0,,97.0,,505.0,,5.0,,84.5,,148.5,,0.0,,0.0,,0.0,,0.0,0
00-0033891,Zay Jones,WR,LV,2021,15,0,0,0,0,0,2,3,0,0,47,70,546,1,1,0,0,0,0,0,0,58.9,105.9,11.0,11.0,29.0,29.0,0.0,0.0,0.0,0.0,0.0,0.0,0.0,0.0,14.0,14.0,20.0,20.0,154.0,154.0,1.0,1.0,22.56,22.56,36.56,36.56,0.0,0.0,0.0,0.0,0.0,0.0,0.0,0.0,1
00-0033891,Zay Jones,WR,JAX,2022,16,0,0,0,0,0,4,18,0,0,82,121,823,5,0,0,0,0,0,0,0,116.1,198.1,15.0,13.0,0.0,14.5,0.0,0.0,0.0,0.0,3.0,1.5,0.0,0.0,47.0,30.5,70.0,45.0,546.0,350.0,1.0,1.0,58.9,40.72999999999997,105.9,71.23000000000013,0.0,0.0,0.0,0.0,0.0,0.0,0.0,0.0,2
00-0033891,Zay Jones,WR,JAX,2023,9,0,0,0,0,0,0,0,0,0,34,64,321,2,0,0,0,0,0,0,0,44.1,78.1,16.0,15.5,0.0,0.0,0.0,0.0,0.0,0.0,18.0,10.5,0.0,0.0,82.0,64.5,121.0,95.5,823.0,684.5,5.0,3.0,116.1,87.49999999999997,198.1,152.0000000000001,0.0,0.0,0.0,0.0,0.0,0.0,0.0,0.0,3
00-0033891,Zay Jones,WR,ARI,2024,6,0,0,0,0,0,0,0,0,0,8,11,84,0,0,0,0,0,0,0,0,8.4,16.4,9.0,12.5,0.0,0.0,0.0,0.0,0.0,0.0,0.0,9.0,0.0,0.0,34.0,58.0,64.0,92.5,321.0,572.0,2.0,3.5,44.1,80.09999999999997,78.1,138.10000000000014,0.0,0.0,0.0,0.0,0.0,0.0,0.0,0.0,4
00-0033891,Zay Jones,WR,ARI,2025,6,0,0,0,0,0,0,0,0,0,12,18,183,0,0,0,0,0,0,0,0,18.3,30.3,6.0,7.5,0.0,0.0,0.0,0.0,0.0,0.0,0.0,0.0,0.0,0.0,8.0,21.0,11.0,37.5,84.0,202.5,0.0,1.0,8.4,26.24999999999997,16.4,47.25000000000013,0.0,0.0,0.0,0.0,0.0,0.0,0.0,0.0,5
00-0033893,Dalvin Cook,RB,MIN,2020,14,0,0,0,0,0,312,1557,16,2,44,54,361,1,1,0,0,0,0,0,0,293.8,337.8,,6.0,,0.0,,0.0,,0.0,,0.0,,0.0,,8.0,,11.0,,84.0,,0.0,,8.4,,16.4,,0.0,,0.0,,0.0,,0.0,0
00-0033893,Dalvin Cook,RB,MIN,2021,13,0,0,0,0,0,249,1159,6,2,34,49,224,0,0,0,0,0,0,0,0,172.3,206.3,14.0,14.0,0.0,0.0,0.0,0.0,0.0,0.0,1557.0,1557.0,16.0,16.0,44.0,44.0,54.0,54.0,361.0,361.0,1.0,1.0,293.8,293.8,337.8,337.8,0.0,0.0,0.0,0.0,0.0,0.0,0.0,0.0,1
00-0033893,Dalvin Cook,RB,MIN,2022,17,0,0,0,0,0,264,1173,8,3,39,56,295,2,0,0,0,0,0,0,0,198.8,237.8,13.0,13.5,0.0,0.0,0.0,0.0,0.0,0.0,1159.0,1358.0,6.0,11.0,34.0,39.0,49.0,51.5,224.0,292.5,0.0,0.5,172.3,233.04999999999998,206.3,272.0500000000002,0.0,0.0,0.0,0.0,0.0,0.0,0.0,0.0,2
00-0033893,Dalvin Cook,RB,NYJ,2023,14,0,0,0,0,0,67,214,0,2,15,20,78,0,0,0,0,0,0,0,0,25.2,40.2,17.0,15.0,0.0,0.0,0.0,0.0,0.0,0.0,1173.0,1166.0,8.0,7.0,39.0,36.5,56.0,52.5,295.0,259.5,2.0,1.0,198.8,185.54999999999998,237.8,222.05000000000015,0.0,0.0,0.0,0.0,0.0,0.0,0.0,0.0,3
00-0033893,Dalvin Cook,RB,DAL,2024,2,0,0,0,0,0,8,20,0,0,1,1,10,0,0,0,0,0,0,0,0,3.0,4.0,14.0,15.5,0.0,0.0,0.0,0.0,0.0,0.0,214.0,693.5,0.0,4.0,15.0,27.0,20.0,38.0,78.0,186.5,0.0,1.0,25.2,111.99999999999997,40.2,139.00000000000014,0.0,0.0,0.0,0.0,0.0,0.0,0.0,0.0,4
00-0033895,Gerald Everett,TE,LA,2020,15,0,0,0,0,0,1,2,1,0,41,62,417,1,1,0,0,0,0,0,0,51.9,92.9,,14.0,,0.0,,0.0,,0.0,,214.0,,0.0,,15.0,,20.0,,78.0,,0.0,,25.2,,40.2,,0.0,,0.0,,0.0,,0.0,0
00-0033895,Gerald Everett,TE,SEA,2021,15,0,0,0,0,0,3,20,0,0,48,63,478,4,2,0,0,0,0,0,0,69.8,117.8,15.0,15.0,0.0,0.0,0.0,0.0,0.0,0.0,2.0,2.0,1.0,1.0,41.0,41.0,62.0,62.0,417.0,417.0,1.0,1.0,51.9,51.9,92.9,92.9,0.0,0.0,0.0,0.0,0.0,0.0,0.0,0.0,1
00-0033895,Gerald Everett,TE,LAC,2022,15,0,0,0,0,0,1,0,0,0,58,87,555,4,0,0,0,0,0,0,0,81.5,139.5,15.0,15.0,0.0,0.0,0.0,0.0,0.0,0.0,20.0,11.0,0.0,0.5,48.0,44.5,63.0,62.5,478.0,447.5,4.0,2.5,69.8,60.849999999999966,117.8,105.35000000000014,0.0,0.0,0.0,0.0,0.0,0.0,0.0,0.0,2
00-0033895,Gerald Everett,TE,LAC,2023,15,0,0,0,0,0,3,10,0,0,51,70,411,3,0,0,0,0,0,0,0,60.1,111.1,15.0,15.0,0.0,0.0,0.0,0.0,0.0,0.0,0.0,10.0,0.0,0.0,58.0,53.0,87.0,75.0,555.0,516.5,4.0,4.0,81.5,75.64999999999996,139.5,128.65000000000015,0.0,0.0,0.0,0.0,0.0,0.0,0.0,0.0,3
00-0033895,Gerald Everett,TE,CHI,2024,10,0,0,0,0,0,0,0,0,0,8,13,36,0,0,0,0,0,0,0,0,3.6,11.6,15.0,15.0,0.0,0.0,0.0,0.0,0.0,0.0,10.0,5.0,0.0,0.0,51.0,54.5,70.0,78.5,411.0,483.0,3.0,3.5,60.1,70.79999999999997,111.1,125.30000000000013,0.0,0.0,0.0,0.0,0.0,0.0,0.0,0.0,4
00-0033896,Adam Shaheen,TE,MIA,2020,13,0,0,0,0,0,0,0,0,0,12,22,150,3,0,0,0,0,0,0,0,33.0,45.0,,15.0,,0.0,,0.0,,0.0,,10.0,,0.0,,51.0,,70.0,,411.0,,3.0,,60.1,,111.1,,0.0,,0.0,,0.0,,0.0,0
00-0033896,Adam Shaheen,TE,MIA,2021,7,0,0,0,0,0,0,0,0,0,12,16,110,0,0,0,0,0,0,0,0,11.0,23.0,13.0,13.0,0.0,0.0,0.0,0.0,0.0,0.0,0.0,0.0,0.0,0.0,12.0,12.0,22.0,22.0,150.0,150.0,3.0,3.0,33.0,33.0,45.0,45.0,0.0,0.0,0.0,0.0,0.0,0.0,0.0,0.0,1
00-0033897,Joe Mixon,RB,CIN,2020,6,0,0,0,0,0,119,428,3,1,21,26,138,1,0,0,0,0,0,0,0,78.6,99.6,,13.0,,0.0,,0.0,,0.0,,0.0,,0.0,,12.0,,22.0,,150.0,,3.0,,33.0,,45.0,,0.0,,0.0,,0.0,,0.0,0
00-0033897,Joe Mixon,RB,CIN,2021,16,0,0,0,0,0,292,1205,13,1,42,48,314,3,0,0,0,0,0,0,0,245.9,287.9,6.0,6.0,0.0,0.0,0.0,0.0,0.0,0.0,428.0,428.0,3.0,3.0,21.0,21.0,26.0,26.0,138.0,138.0,1.0,1.0,78.6,78.6,99.6,99.6,0.0,0.0,0.0,0.0,0.0,0.0,0.0,0.0,1
00-0033897,Joe Mixon,RB,CIN,2022,14,0,0,0,0,0,210,814,7,0,60,75,441,2,0,0,0,0,0,0,0,179.5,239.5,16.0,11.0,0.0,0.0,0.0,0.0,0.0,0.0,1205.0,816.5,13.0,8.0,42.0,31.5,48.0,37.0,314.0,226.0,3.0,2.0,245.9,162.24999999999997,287.9,193.7500000000001,0.0,0.0,0.0,0.0,0.0,0.0,0.0,0.0,2
00-0033897,Joe Mixon,RB,CIN,2023,17,0,0,0,0,0,257,1034,9,0,52,64,376,3,0,0,0,0,0,0,0,215.0,267.0,14.0,15.0,0.0,0.0,0.0,0.0,0.0,0.0,814.0,1009.5,7.0,10.0,60.0,51.0,75.0,61.5,441.0,377.5,2.0,2.5,179.5,212.7,239.5,263.7000000000001,0.0,0.0,0.0,0.0,0.0,0.0,0.0,0.0,3
00-0033897,Joe Mixon,RB,HOU,2024,14,0,1,0,0,0,245,1016,11,0,36,52,309,1,0,0,0,0,0,0,0,204.5,240.5,17.0,15.5,0.0,0.0,0.0,0.0,0.0,0.0,1034.0,924.0,9.0,8.0,52.0,56.0,64.0,69.5,376.0,408.5,3.0,2.5,215.0,197.24999999999997,267.0,253.2500000000001,0.0,0.0,0.0,0.0,0.0,0.0,0.0,0.0,4
00-0033906,Alvin Kamara,RB,NO,2020,15,0,0,0,0,0,187,932,16,0,83,107,756,5,0,0,0,0,0,0,0,294.8,377.8,,17.0,,0.0,,0.0,,0.0,,1034.0,,9.0,,52.0,,64.0,,376.0,,3.0,,215.0,,267.0,,0.0,,0.0,,0.0,,0.0,0
00-0033906,Alvin Kamara,RB,NO,2021,13,0,0,0,0,0,240,898,4,0,47,67,439,5,0,0,0,0,0,0,0,187.7,234.7,15.0,15.0,0.0,0.0,0.0,0.0,0.0,0.0,932.0,932.0,16.0,16.0,83.0,83.0,107.0,107.0,756.0,756.0,5.0,5.0,294.8,294.8,377.8,377.8,0.0,0.0,0.0,0.0,0.0,0.0,0.0,0.0,1
00-0033906,Alvin Kamara,RB,NO,2022,15,0,0,0,0,0,223,897,2,2,57,77,490,2,2,0,0,0,0,0,0,154.7,211.7,13.0,14.0,0.0,0.0,0.0,0.0,0.0,0.0,898.0,915.0,4.0,10.0,47.0,65.0,67.0,87.0,439.0,597.5,5.0,5.0,187.7,241.24999999999997,234.7,306.2500000000001,0.0,0.0,0.0,0.0,0.0,0.0,0.0,0.0,2
00-0033906,Alvin Kamara,RB,NO,2023,13,0,0,0,0,0,180,694,5,0,75,86,466,1,0,0,0,0,0,0,0,158.0,233.0,15.0,14.0,0.0,0.0,0.0,0.0,0.0,0.0,897.0,897.5,2.0,3.0,57.0,52.0,77.0,72.0,490.0,464.5,2.0,3.5,154.7,171.19999999999996,211.7,223.2000000000001,0.0,0.0,0.0,0.0,0.0,0.0,0.0,0.0,3
00-0033906,Alvin Kamara,RB,NO,2024,14,0,0,0,0,0,228,950,6,0,68,89,543,2,0,0,0,0,0,0,0,197.3,265.3,13.0,14.0,0.0,0.0,0.0,0.0,0.0,0.0,694.0,795.5,5.0,3.5,75.0,66.0,86.0,81.5,466.0,478.0,1.0,1.5,158.0,156.34999999999997,233.0,222.3500000000001,0.0,0.0,0.0,0.0,0.0,0.0,0.0,0.0,4
00-0033906,Alvin Kamara,RB,NO,2025,11,0,0,0,0,0,131,471,1,1,33,39,186,0,1,0,0,0,0,0,0,67.7,100.7,14.0,13.5,0.0,0.0,0.0,0.0,0.0,0.0,950.0,822.0,6.0,5.5,68.0,71.5,89.0,87.5,543.0,504.5,2.0,1.5,197.3,177.64999999999998,265.3,249.15000000000012,0.0,0.0,0.0,0.0,0.0,0.0,0.0,0.0,5
00-0033908,Cooper Kupp,WR,LA,2020,15,0,0,0,0,0,4,33,0,0,92,124,974,3,0,0,0,0,0,0,0,118.7,210.7,,14.0,,0.0,,0.0,,0.0,,950.0,,6.0,,68.0,,89.0,,543.0,,2.0,,197.3,,265.3,,0.0,,0.0,,0.0,,0.0,0
00-0033908,Cooper Kupp,WR,LA,2021,17,0,1,0,0,0,4,18,0,0,145,191,1947,16,0,0,0,0,0,0,0,294.5,439.5,15.0,15.0,0.0,0.0,0.0,0.0,0.0,0.0,33.0,33.0,0.0,0.0,92.0,92.0,124.0,124.0,974.0,974.0,3.0,3.0,118.7,118.7,210.7,210.7,0.0,0.0,0.0,0.0,0.0,0.0,0.0,0.0,1
00-0033908,Cooper Kupp,WR,LA,2022,9,0,1,0,0,0,9,52,1,0,75,98,812,6,1,0,0,0,0,0,0,126.4,201.4,17.0,16.0,0.0,0.0,0.0,0.0,0.0,0.0,18.0,25.5,0.0,0.0,145.0,118.5,191.0,157.5,1947.0,1460.5,16.0,9.5,294.5,206.59999999999997,439.5,325.10000000000014,0.0,0.0,0.0,0.0,0.0,0.0,0.0,0.0,2
00-0033908,Cooper Kupp,WR,LA,2023,12,0,0,0,0,0,1,-3,0,0,59,95,737,5,0,0,0,0,0,0,0,105.4,164.4,9.0,13.0,0.0,0.0,0.0,0.0,0.0,0.0,52.0,35.0,1.0,0.5,75.0,110.0,98.0,144.5,812.0,1379.5,6.0,11.0,126.4,210.45,201.4,320.4500000000001,0.0,0.0,0.0,0.0,0.0,0.0,0.0,0.0,3
00-0033908,Cooper Kupp,WR,LA,2024,12,0,0,0,0,0,2,10,0,0,67,100,710,6,0,0,0,0,0,0,0,108.0,175.0,12.0,10.5,0.0,0.0,0.0,0.0,0.0,0.0,-3.0,24.5,0.0,0.5,59.0,67.0,95.0,96.5,737.0,774.5,5.0,5.5,105.4,115.89999999999998,164.4,182.90000000000012,0.0,0.0,0.0,0.0,0.0,0.0,0.0,0.0,4
00-0033908,Cooper Kupp,WR,SEA,2025,16,0,1,0,0,1,0,0,0,0,47,70,593,2,1,0,0,0,0,0,0,69.3,116.3,12.0,12.0,0.0,0.0,0.0,0.0,0.0,0.0,10.0,3.5,0.0,0.0,67.0,63.0,100.0,97.5,710.0,723.5,6.0,5.5,108.0,106.69999999999997,175.0,169.7000000000001,0.0,0.0,0.0,0.0,0.0,0.0,0.0,0.0,5
00-0033911,Taywan Taylor,WR,CLE,2020,1,0,0,0,0,0,0,0,0,0,0,1,0,0,0,0,0,0,0,0,0,0.0,0.0,,12.0,,0.0,,0.0,,0.0,,10.0,,0.0,,67.0,,100.0,,710.0,,6.0,,108.0,,175.0,,0.0,,0.0,,0.0,,0.0,0
00-0033921,Chris Godwin Jr.,WR,TB,2020,12,0,0,0,0,0,0,0,0,0,65,84,840,7,0,0,0,0,0,0,0,126.0,191.0,,,,,,,,,,,,,,,,,,,,,,,,,,,,,,,,,0
00-0033921,Chris Godwin Jr.,WR,TB,2021,14,0,0,0,0,0,4,21,1,0,98,127,1103,5,2,0,0,0,0,0,0,144.4,242.4,12.0,12.0,0.0,0.0,0.0,0.0,0.0,0.0,0.0,0.0,0.0,0.0,65.0,65.0,84.0,84.0,840.0,840.0,7.0,7.0,126.0,126.0,191.0,191.0,0.0,0.0,0.0,0.0,0.0,0.0,0.0,0.0,1
00-0033921,Chris Godwin Jr.,WR,TB,2022,15,0,0,0,0,0,3,5,0,0,104,142,1023,3,2,0,0,0,0,0,0,118.8,222.8,14.0,13.0,0.0,0.0,0.0,0.0,0.0,0.0,21.0,10.5,1.0,0.5,98.0,81.5,127.0,105.5,1103.0,971.5,5.0,6.0,144.4,135.2,242.4,216.7000000000001,0.0,0.0,0.0,0.0,0.0,0.0,0.0,0.0,2
00-0033921,Chris Godwin Jr.,WR,TB,2023,17,0,1,0,0,0,4,38,1,0,83,130,1024,2,0,0,0,0,0,0,0,126.2,209.2,15.0,14.5,0.0,0.0,0.0,0.0,0.0,0.0,5.0,13.0,0.0,0.5,104.0,101.0,142.0,134.5,1023.0,1063.0,3.0,4.0,118.8,131.59999999999997,222.8,232.60000000000014,0.0,0.0,0.0,0.0,0.0,0.0,0.0,0.0,3
00-0033921,Chris Godwin Jr.,WR,TB,2024,7,0,0,0,0,0,1,2,0,0,50,62,576,5,0,0,0,0,0,0,0,87.8,137.8,17.0,16.0,0.0,0.0,0.0,0.0,0.0,0.0,38.0,21.5,1.0,0.5,83.0,93.5,130.0,136.0,1024.0,1023.5,2.0,2.5,126.2,122.49999999999997,209.2,216.0000000000001,0.0,0.0,0.0,0.0,0.0,0.0,0.0,0.0,4
00-0033921,Chris Godwin Jr.,WR,TB,2025,9,0,0,0,0,0,0,0,0,0,33,51,360,2,0,0,0,0,0,0,0,50.0,83.0,7.0,12.0,0.0,0.0,0.0,0.0,0.0,0.0,2.0,20.0,0.0,0.5,50.0,66.5,62.0,96.0,576.0,800.0,5.0,3.5,87.8,106.99999999999997,137.8,173.5000000000001,0.0,0.0,0.0,0.0,0.0,0.0,0.0,0.0,5
00-0033923,Kareem Hunt,RB,CLE,2020,16,0,0,0,0,0,198,841,6,0,38,51,304,5,0,0,0,0,0,0,0,180.5,218.5,,7.0,,0.0,,0.0,,0.0,,2.0,,0.0,,50.0,,62.0,,576.0,,5.0,,87.8,,137.8,,0.0,,0.0,,0.0,,0.0,0
00-0033923,Kareem Hunt,RB,CLE,2021,8,0,0,0,0,0,78,386,5,0,22,27,174,0,0,0,0,0,0,0,0,88.0,110.0,16.0,16.0,0.0,0.0,0.0,0.0,0.0,0.0,841.0,841.0,6.0,6.0,38.0,38.0,51.0,51.0,304.0,304.0,5.0,5.0,180.5,180.5,218.5,218.5,0.0,0.0,0.0,0.0,0.0,0.0,0.0,0.0,1
00-0033923,Kareem Hunt,RB,CLE,2022,17,0,0,0,0,0,123,468,3,0,35,44,210,1,0,0,0,0,0,0,0,91.8,126.8,8.0,12.0,0.0,0.0,0.0,0.0,0.0,0.0,386.0,613.5,5.0,5.5,22.0,30.0,27.0,39.0,174.0,239.0,0.0,2.5,88.0,134.24999999999997,110.0,164.2500000000001,0.0,0.0,0.0,0.0,0.0,0.0,0.0,0.0,2
00-0033923,Kareem Hunt,RB,CLE,2023,15,0,0,0,0,0,135,411,9,0,15,21,84,0,0,0,0,0,0,0,0,103.5,118.5,17.0,12.5,0.0,0.0,0.0,0.0,0.0,0.0,468.0,427.0,3.0,4.0,35.0,28.5,44.0,35.5,210.0,192.0,1.0,0.5,91.8,89.89999999999998,126.8,118.40000000000012,0.0,0.0,0.0,0.0,0.0,0.0,0.0,0.0,3
00-0033923,Kareem Hunt,RB,KC,2024,13,0,0,0,0,0,200,728,7,0,23,32,176,0,0,0,0,0,0,0,0,132.4,155.4,15.0,16.0,0.0,0.0,0.0,0.0,0.0,0.0,411.0,439.5,9.0,6.0,15.0,25.0,21.0,32.5,84.0,147.0,0.0,0.5,103.5,97.64999999999998,118.5,122.65000000000012,0.0,0.0,0.0,0.0,0.0,0.0,0.0,0.0,4
00-0033923,Kareem Hunt,RB,KC,2025,17,0,0,0,0,0,163,611,8,1,18,25,143,1,0,0,0,0,0,0,0,127.4,145.4,13.0,14.0,0.0,0.0,0.0,0.0,0.0,0.0,728.0,569.5,7.0,8.0,23.0,19.0,32.0,26.5,176.0,130.0,0.0,0.0,132.4,117.94999999999996,155.4,136.9500000000001,0.0,0.0,0.0,0.0,0.0,0.0,0.0,0.0,5
00-0033925,D'Onta Foreman,RB,TEN,2020,5,0,0,0,0,0,22,95,0,0,1,1,5,1,0,0,0,0,0,0,0,16.0,17.0,,13.0,,0.0,,0.0,,0.0,,728.0,,7.0,,23.0,,32.0,,176.0,,0.0,,132.4,,155.4,,0.0,,0.0,,0.0,,0.0,0
00-0033925,D'Onta Foreman,RB,TEN,2021,9,0,0,0,0,0,133,566,3,1,9,11,123,0,0,0,0,0,0,0,0,84.9,93.9,5.0,5.0,0.0,0.0,0.0,0.0,0.0,0.0,95.0,95.0,0.0,0.0,1.0,1.0,1.0,1.0,5.0,5.0,1.0,1.0,16.0,16.0,17.0,17.0,0.0,0.0,0.0,0.0,0.0,0.0,0.0,0.0,1
00-0033925,D'Onta Foreman,RB,CAR,2022,16,0,0,0,0,0,203,914,5,0,5,9,26,0,0,0,0,0,0,0,0,126.0,131.0,9.0,7.0,0.0,0.0,0.0,0.0,0.0,0.0,566.0,330.5,3.0,1.5,9.0,5.0,11.0,6.0,123.0,64.0,0.0,0.5,84.9,50.44999999999996,93.9,55.4500000000001,0.0,0.0,0.0,0.0,0.0,0.0,0.0,0.0,2
00-0033925,D'Onta Foreman,RB,CHI,2023,9,0,0,0,0,0,109,425,4,0,11,16,77,1,0,0,0,0,0,0,0,80.2,91.2,16.0,12.5,0.0,0.0,0.0,0.0,0.0,0.0,914.0,740.0,5.0,4.0,5.0,7.0,9.0,10.0,26.0,74.5,0.0,0.0,126.0,105.44999999999996,131.0,112.4500000000001,0.0,0.0,0.0,0.0,0.0,0.0,0.0,0.0,3
00-0033925,D'Onta Foreman,RB,CLE,2024,10,0,0,0,0,0,71,232,0,1,6,8,54,0,0,0,0,0,0,0,0,26.6,32.6,9.0,12.5,0.0,0.0,0.0,0.0,0.0,0.0,425.0,669.5,4.0,4.5,11.0,8.0,16.0,12.5,77.0,51.5,1.0,0.5,80.2,103.09999999999997,91.2,111.10000000000011,0.0,0.0,0.0,0.0,0.0,0.0,0.0,0.0,4
00-0033932,Kenny Golladay,WR,DET,2020,5,0,0,0,0,0,0,0,0,0,20,32,338,2,0,0,0,0,0,0,0,45.8,65.8,,9.0,,0.0,,0.0,,0.0,,425.0,,4.0,,11.0,,16.0,,77.0,,1.0,,80.2,,91.2,,0.0,,0.0,,0.0,,0.0,0
00-0033932,Kenny Golladay,WR,NYG,2021,14,0,0,0,0,0,0,0,0,0,37,76,521,0,0,0,0,0,0,0,0,52.1,89.1,5.0,5.0,0.0,0.0,0.0,0.0,0.0,0.0,0.0,0.0,0.0,0.0,20.0,20.0,32.0,32.0,338.0,338.0,2.0,2.0,45.8,45.8,65.8,65.8,0.0,0.0,0.0,0.0,0.0,0.0,0.0,0.0,1
00-0033932,Kenny Golladay,WR,NYG,2022,6,0,0,0,0,0,0,0,0,0,6,17,81,1,0,0,0,0,0,0,0,14.1,20.1,14.0,9.5,0.0,0.0,0.0,0.0,0.0,0.0,0.0,0.0,0.0,0.0,37.0,28.5,76.0,54.0,521.0,429.5,0.0,1.0,52.1,48.94999999999996,89.1,77.4500000000001,0.0,0.0,0.0,0.0,0.0,0.0,0.0,0.0,2
00-0033936,C.J. Beathard,QB,SF,2020,6,66,104,787,6,0,6,28,0,0,0,0,0,0,0,0,0,0,0,0,0,52.28,52.28,,14.0,,0.0,,0.0,,0.0,,0.0,,0.0,,37.0,,76.0,,521.0,,0.0,,52.1,,89.1,,0.0,,0.0,,0.0,,0.0,0
00-0033936,C.J. Beathard,QB,JAX,2021,2,2,2,33,0,0,1,2,0,0,0,0,0,0,0,0,0,0,0,0,0,1.52,1.52,6.0,6.0,787.0,787.0,6.0,6.0,0.0,0.0,28.0,28.0,0.0,0.0,0.0,0.0,0.0,0.0,0.0,0.0,0.0,0.0,52.28,52.28,52.28,52.28,0.0,0.0,0.0,0.0,0.0,0.0,0.0,0.0,1
00-0033936,C.J. Beathard,QB,JAX,2022,4,7,11,35,0,1,4,-4,0,0,0,0,0,0,0,0,0,0,0,0,0,-1.0,-1.0,2.0,4.0,33.0,410.0,0.0,3.0,0.0,0.0,2.0,15.0,0.0,0.0,0.0,0.0,0.0,0.0,0.0,0.0,0.0,0.0,1.52,26.89999999999996,1.52,26.9000000000001,0.0,0.0,0.0,0.0,0.0,0.0,0.0,0.0,2
00-0033936,C.J. Beathard,QB,JAX,2023,6,40,53,349,1,0,8,35,0,0,0,0,0,0,0,0,0,0,0,0,0,21.46,21.46,4.0,3.0,35.0,34.0,0.0,0.0,1.0,0.5,-4.0,-1.0,0.0,0.0,0.0,0.0,0.0,0.0,0.0,0.0,0.0,0.0,-1.0,0.2599999999999574,-1.0,0.2600000000000995,0.0,0.0,0.0,0.0,0.0,0.0,0.0,0.0,3
00-0033943,Josh Reynolds,WR,LA,2020,16,0,0,0,0,0,1,5,0,0,52,81,618,2,0,0,0,0,0,0,0,74.3,126.3,,4.0,,35.0,,0.0,,1.0,,-4.0,,0.0,,0.0,,0.0,,0.0,,0.0,,-1.0,,-1.0,,0.0,,0.0,,0.0,,0.0,0
00-0033943,Josh Reynolds,WR,DET,2021,11,0,0,0,0,0,0,0,0,0,29,49,396,2,0,0,0,0,0,0,0,51.6,80.6,16.0,16.0,0.0,0.0,0.0,0.0,0.0,0.0,5.0,5.0,0.0,0.0,52.0,52.0,81.0,81.0,618.0,618.0,2.0,2.0,74.3,74.3,126.3,126.3,0.0,0.0,0.0,0.0,0.0,0.0,0.0,0.0,1
00-0033943,Josh Reynolds,WR,DET,2022,12,0,0,0,0,0,0,0,0,0,38,59,479,3,0,0,0,0,0,0,0,65.9,103.9,11.0,13.5,0.0,0.0,0.0,0.0,0.0,0.0,0.0,2.5,0.0,0.0,29.0,40.5,49.0,65.0,396.0,507.0,2.0,2.0,51.6,62.94999999999996,80.6,103.4500000000001,0.0,0.0,0.0,0.0,0.0,0.0,0.0,0.0,2
00-0033943,Josh Reynolds,WR,DET,2023,16,0,0,0,0,0,0,0,0,0,40,64,608,5,1,0,0,0,0,0,0,88.8,128.8,12.0,11.5,0.0,0.0,0.0,0.0,0.0,0.0,0.0,0.0,0.0,0.0,38.0,33.5,59.0,54.0,479.0,437.5,3.0,2.5,65.9,58.749999999999964,103.9,92.2500000000001,0.0,0.0,0.0,0.0,0.0,0.0,0.0,0.0,3
00-0033943,Josh Reynolds,WR,JAX,2024,8,0,0,0,0,0,0,0,0,0,13,24,194,1,0,0,0,0,0,0,0,25.4,38.4,16.0,14.0,0.0,0.0,0.0,0.0,0.0,0.0,0.0,0.0,0.0,0.0,40.0,39.0,64.0,61.5,608.0,543.5,5.0,4.0,88.8,77.34999999999997,128.8,116.35000000000011,0.0,0.0,0.0,0.0,0.0,0.0,0.0,0.0,4
00-0033943,Josh Reynolds,WR,NYJ,2025,5,0,0,0,0,0,0,0,0,0,11,21,101,0,0,0,0,0,0,0,0,12.1,23.1,8.0,12.0,0.0,0.0,0.0,0.0,0.0,0.0,0.0,0.0,0.0,0.0,13.0,26.5,24.0,44.0,194.0,401.0,1.0,3.0,25.4,57.09999999999995,38.4,83.60000000000011,0.0,0.0,0.0,0.0,0.0,0.0,0.0,0.0,5
00-0033948,Jamaal Williams,RB,GB,2020,14,0,0,0,0,0,119,505,2,0,31,35,236,1,0,0,0,0,0,0,0,96.1,127.1,,8.0,,0.0,,0.0,,0.0,,0.0,,0.0,,13.0,,24.0,,194.0,,1.0,,25.4,,38.4,,0.0,,0.0,,0.0,,0.0,0
00-0033948,Jamaal Williams,RB,DET,2021,13,0,0,0,0,0,153,601,3,0,26,28,157,0,0,0,0,0,0,0,0,93.8,119.8,14.0,14.0,0.0,0.0,0.0,0.0,0.0,0.0,505.0,505.0,2.0,2.0,31.0,31.0,35.0,35.0,236.0,236.0,1.0,1.0,96.1,96.1,127.1,127.1,0.0,0.0,0.0,0.0,0.0,0.0,0.0,0.0,1
00-0033948,Jamaal Williams,RB,DET,2022,17,0,0,0,0,0,262,1066,17,2,12,16,73,0,0,0,0,0,0,0,0,213.9,225.9,13.0,13.5,0.0,0.0,0.0,0.0,0.0,0.0,601.0,553.0,3.0,2.5,26.0,28.5,28.0,31.5,157.0,196.5,0.0,0.5,93.8,94.94999999999996,119.8,123.4500000000001,0.0,0.0,0.0,0.0,0.0,0.0,0.0,0.0,2
00-0033948,Jamaal Williams,RB,NO,2023,13,0,0,0,0,0,106,306,1,0,18,20,62,0,0,0,0,0,0,0,0,42.8,60.8,17.0,15.0,0.0,0.0,0.0,0.0,0.0,0.0,1066.0,833.5,17.0,10.0,12.0,19.0,16.0,22.0,73.0,115.0,0.0,0.0,213.9,153.84999999999997,225.9,172.85000000000008,0.0,0.0,0.0,0.0,0.0,0.0,0.0,0.0,3
00-0033948,Jamaal Williams,RB,NO,2024,14,0,0,0,0,0,48,164,1,0,9,11,57,0,0,0,0,0,0,0,0,28.1,37.1,13.0,15.0,0.0,0.0,0.0,0.0,0.0,0.0,306.0,686.0,1.0,9.0,18.0,15.0,20.0,18.0,62.0,67.5,0.0,0.0,42.8,128.34999999999994,60.8,143.35000000000008,0.0,0.0,0.0,0.0,0.0,0.0,0.0,0.0,4
00-0033949,Joshua Dobbs,QB,PIT,2020,1,4,5,2,0,0,2,20,0,0,0,0,0,0,0,0,0,0,0,0,0,2.08,2.08,,13.0,,0.0,,0.0,,0.0,,306.0,,1.0,,18.0,,20.0,,62.0,,0.0,,42.8,,60.8,,0.0,,0.0,,0.0,,0.0,0
00-0033949,Joshua Dobbs,QB,TEN,2022,2,40,68,411,2,2,8,44,0,0,0,0,0,0,0,0,0,0,0,0,0,20.84,20.84,1.0,1.0,2.0,2.0,0.0,0.0,0.0,0.0,20.0,20.0,0.0,0.0,0.0,0.0,0.0,0.0,0.0,0.0,0.0,0.0,2.08,2.08,2.08,2.08,0.0,0.0,0.0,0.0,0.0,0.0,0.0,0.0,1
00-0033949,Joshua Dobbs,QB,MIN,2023,13,262,417,2464,13,10,77,421,6,2,0,0,0,0,0,0,0,0,0,0,0,200.66,200.66,2.0,1.5,411.0,206.5,2.0,1.0,2.0,1.0,44.0,32.0,0.0,0.0,0.0,0.0,0.0,0.0,0.0,0.0,0.0,0.0,20.84,11.459999999999958,20.84,11.4600000000001,0.0,0.0,0.0,0.0,0.0,0.0,0.0,0.0,2
00-0033949,Joshua Dobbs,QB,SF,2024,2,32,47,361,2,2,9,24,2,1,0,0,0,0,0,0,0,0,0,0,0,30.84,30.84,13.0,7.5,2464.0,1437.5,13.0,7.5,10.0,6.0,421.0,232.5,6.0,3.0,0.0,0.0,0.0,0.0,0.0,0.0,0.0,0.0,200.66,110.74999999999996,200.66,110.7500000000001,0.0,0.0,0.0,0.0,0.0,0.0,0.0,0.0,3
00-0033949,Joshua Dobbs,QB,NE,2025,4,7,10,65,0,0,10,-5,0,0,0,0,0,0,0,0,0,0,0,0,0,2.1,2.1,2.0,7.5,361.0,1412.5,2.0,7.5,2.0,6.0,24.0,222.5,2.0,4.0,0.0,0.0,0.0,0.0,0.0,0.0,0.0,0.0,30.84,115.74999999999996,30.84,115.7500000000001,0.0,0.0,0.0,0.0,0.0,0.0,0.0,0.0,4
00-0033950,Wayne Gallman,RB,NYG,2020,14,0,0,0,0,0,147,682,6,0,21,27,114,0,0,0,0,0,0,0,0,115.6,136.6,,2.0,,361.0,,2.0,,2.0,,24.0,,2.0,,0.0,,0.0,,0.0,,0.0,,30.84,,30.84,,0.0,,0.0,,0.0,,0.0,0
00-0033950,Wayne Gallman,RB,MIN,2021,7,0,0,0,0,0,28,104,0,0,1,3,21,0,0,0,0,0,0,0,0,12.5,13.5,14.0,14.0,0.0,0.0,0.0,0.0,0.0,0.0,682.0,682.0,6.0,6.0,21.0,21.0,27.0,27.0,114.0,114.0,0.0,0.0,115.6,115.6,136.6,136.6,0.0,0.0,0.0,0.0,0.0,0.0,0.0,0.0,1
00-0033951,Marlon Mack,RB,IND,2020,1,0,0,0,0,0,4,26,0,0,3,3,30,0,0,0,0,0,0,0,0,5.6,8.6,,14.0,,0.0,,0.0,,0.0,,682.0,,6.0,,21.0,,27.0,,114.0,,0.0,,115.6,,136.6,,0.0,,0.0,,0.0,,0.0,0
00-0033951,Marlon Mack,RB,IND,2021,5,0,0,0,0,0,28,101,0,0,2,5,8,0,0,0,0,0,0,0,0,10.9,12.9,1.0,1.0,0.0,0.0,0.0,0.0,0.0,0.0,26.0,26.0,0.0,0.0,3.0,3.0,3.0,3.0,30.0,30.0,0.0,0.0,5.6,5.6,8.6,8.6,0.0,0.0,0.0,0.0,0.0,0.0,0.0,0.0,1
00-0033951,Marlon Mack,RB,DEN,2022,7,0,0,0,0,0,16,84,1,0,8,10,99,1,0,0,0,0,0,0,0,30.3,38.3,5.0,3.0,0.0,0.0,0.0,0.0,0.0,0.0,101.0,63.5,0.0,0.0,2.0,2.5,5.0,4.0,8.0,19.0,0.0,0.0,10.9,8.249999999999957,12.9,10.7500000000001,0.0,0.0,0.0,0.0,0.0,0.0,0.0,0.0,2
00-0033955,Jeremy McNichols,RB,TEN,2020,15,0,0,0,0,0,47,204,1,0,12,17,55,0,0,0,0,0,0,0,0,31.9,43.9,,5.0,,0.0,,0.0,,0.0,,101.0,,0.0,,2.0,,5.0,,8.0,,0.0,,10.9,,12.9,,0.0,,0.0,,0.0,,0.0,0
00-0033955,Jeremy McNichols,RB,TEN,2021,13,0,0,0,0,0,41,156,0,0,28,38,240,1,0,0,0,0,0,0,0,45.6,73.6,15.0,15.0,0.0,0.0,0.0,0.0,0.0,0.0,204.0,204.0,1.0,1.0,12.0,12.0,17.0,17.0,55.0,55.0,0.0,0.0,31.9,31.9,43.9,43.9,0.0,0.0,0.0,0.0,0.0,0.0,0.0,0.0,1
00-0033955,Jeremy McNichols,RB,SF,2023,2,0,0,0,0,0,0,0,0,0,0,0,0,0,0,0,0,0,0,0,0,0.0,0.0,13.0,14.0,0.0,0.0,0.0,0.0,0.0,0.0,156.0,180.0,0.0,0.5,28.0,20.0,38.0,27.5,240.0,147.5,1.0,0.5,45.6,38.74999999999996,73.6,58.7500000000001,0.0,0.0,0.0,0.0,0.0,0.0,0.0,0.0,2
00-0033955,Jeremy McNichols,RB,WAS,2024,15,0,0,0,0,0,55,261,4,0,9,12,27,0,0,0,0,0,0,0,0,54.8,63.8,2.0,7.5,0.0,0.0,0.0,0.0,0.0,0.0,0.0,78.0,0.0,0.0,0.0,14.0,0.0,19.0,0.0,120.0,0.0,0.5,0.0,22.799999999999958,0.0,36.8000000000001,0.0,0.0,0.0,0.0,0.0,0.0,0.0,0.0,3
00-0033955,Jeremy McNichols,RB,WAS,2025,16,0,0,0,0,0,44,221,1,1,25,31,196,0,0,0,0,0,0,0,0,47.7,72.7,15.0,8.5,0.0,0.0,0.0,0.0,0.0,0.0,261.0,130.5,4.0,2.0,9.0,4.5,12.0,6.0,27.0,13.5,0.0,0.0,54.8,27.399999999999956,63.8,31.900000000000098,0.0,0.0,0.0,0.0,0.0,0.0,0.0,0.0,4
00-0033957,Rodney Adams,WR,CHI,2021,1,0,0,0,0,0,0,0,0,0,0,1,0,0,0,0,0,0,0,0,0,0.0,0.0,,15.0,,0.0,,0.0,,0.0,,261.0,,4.0,,9.0,,12.0,,27.0,,0.0,,54.8,,63.8,,0.0,,0.0,,0.0,,0.0,0
00-0033958,Nathan Peterman,QB,LV,2020,1,3,5,25,0,0,1,9,0,0,0,0,0,0,0,0,0,0,0,0,0,1.9,1.9,,,,,,,,,,,,,,,,,,,,,,,,,,,,,,,,,0
00-0033958,Nathan Peterman,QB,LV,2021,1,0,0,0,0,0,2,2,0,0,0,0,0,0,0,0,0,0,0,0,0,0.2,0.2,1.0,1.0,25.0,25.0,0.0,0.0,0.0,0.0,9.0,9.0,0.0,0.0,0.0,0.0,0.0,0.0,0.0,0.0,0.0,0.0,1.9,1.9,1.9,1.9,0.0,0.0,0.0,0.0,0.0,0.0,0.0,0.0,1
00-0033958,Nathan Peterman,QB,CHI,2022,3,14,25,139,1,1,2,7,0,0,0,0,0,0,0,0,0,0,0,0,0,8.26,8.26,1.0,1.0,0.0,12.5,0.0,0.0,0.0,0.0,2.0,5.5,0.0,0.0,0.0,0.0,0.0,0.0,0.0,0.0,0.0,0.0,0.2,1.0499999999999574,0.2,1.0500000000000995,0.0,0.0,0.0,0.0,0.0,0.0,0.0,0.0,2
00-0033958,Nathan Peterman,QB,CHI,2023,1,0,0,0,0,0,2,-4,0,0,0,0,0,0,0,0,0,0,0,0,0,-0.4,-0.4,3.0,2.0,139.0,69.5,1.0,0.5,1.0,0.5,7.0,4.5,0.0,0.0,0.0,0.0,0.0,0.0,0.0,0.0,0.0,0.0,8.26,4.229999999999958,8.26,4.2300000000001,0.0,0.0,0.0,0.0,0.0,0.0,0.0,0.0,3
00-0034011,Dan Arnold,TE,ARI,2020,15,0,0,0,0,0,0,0,0,0,31,45,438,4,1,0,0,0,0,0,0,65.8,96.8,,3.0,,139.0,,1.0,,1.0,,7.0,,0.0,,0.0,,0.0,,0.0,,0.0,,8.26,,8.26,,0.0,,0.0,,0.0,,0.0,0
00-0034011,Dan Arnold,TE,JAX,2021,11,0,0,0,0,0,0,0,0,0,35,52,408,0,1,0,0,0,0,0,0,40.8,75.8,15.0,15.0,0.0,0.0,0.0,0.0,0.0,0.0,0.0,0.0,0.0,0.0,31.0,31.0,45.0,45.0,438.0,438.0,4.0,4.0,65.8,65.8,96.8,96.8,0.0,0.0,0.0,0.0,0.0,0.0,0.0,0.0,1
00-0034011,Dan Arnold,TE,JAX,2022,11,0,0,0,0,0,0,0,0,0,9,13,135,0,0,0,0,0,0,0,0,13.5,22.5,11.0,13.0,0.0,0.0,0.0,0.0,0.0,0.0,0.0,0.0,0.0,0.0,35.0,33.0,52.0,48.5,408.0,423.0,0.0,2.0,40.8,53.299999999999955,75.8,86.3000000000001,0.0,0.0,0.0,0.0,0.0,0.0,0.0,0.0,2
00-0034052,Brandon Zylstra,WR,CAR,2020,5,0,0,0,0,0,1,1,0,0,3,4,35,0,0,0,0,0,0,0,0,3.6,6.6,,11.0,,0.0,,0.0,,0.0,,0.0,,0.0,,35.0,,52.0,,408.0,,0.0,,40.8,,75.8,,0.0,,0.0,,0.0,,0.0,0
00-0034052,Brandon Zylstra,WR,CAR,2021,12,0,1,0,0,0,0,0,0,0,18,25,250,1,0,0,0,0,0,0,0,31.0,49.0,5.0,5.0,0.0,0.0,0.0,0.0,0.0,0.0,1.0,1.0,0.0,0.0,3.0,3.0,4.0,4.0,35.0,35.0,0.0,0.0,3.6,3.6,6.6,6.6,0.0,0.0,0.0,0.0,0.0,0.0,0.0,0.0,1
00-0034052,Brandon Zylstra,WR,DET,2022,1,0,0,0,0,0,0,0,0,0,0,0,0,0,0,0,0,0,0,0,0,0.0,0.0,12.0,8.5,0.0,0.0,0.0,0.0,0.0,0.0,0.0,0.5,0.0,0.0,18.0,10.5,25.0,14.5,250.0,142.5,1.0,0.5,31.0,17.299999999999958,49.0,27.8000000000001,0.0,0.0,0.0,0.0,0.0,0.0,0.0,0.0,2
00-0034054,River Cracraft,WR,SF,2020,5,0,0,0,0,0,0,0,0,0,6,9,41,0,0,0,0,0,0,0,0,4.1,10.1,,12.0,,0.0,,0.0,,0.0,,0.0,,0.0,,18.0,,25.0,,250.0,,1.0,,31.0,,49.0,,0.0,,0.0,,0.0,,0.0,0
00-0034054,River Cracraft,WR,SF,2021,3,0,0,0,0,0,0,0,0,0,0,0,0,0,0,0,0,0,0,0,0,0.0,0.0,5.0,5.0,0.0,0.0,0.0,0.0,0.0,0.0,0.0,0.0,0.0,0.0,6.0,6.0,9.0,9.0,41.0,41.0,0.0,0.0,4.1,4.1,10.1,10.1,0.0,0.0,0.0,0.0,0.0,0.0,0.0,0.0,1
00-0034054,River Cracraft,WR,MIA,2022,8,0,0,0,0,0,0,0,0,0,9,14,102,2,0,0,0,0,0,0,0,22.2,31.2,3.0,4.0,0.0,0.0,0.0,0.0,0.0,0.0,0.0,0.0,0.0,0.0,0.0,3.0,0.0,4.5,0.0,20.5,0.0,0.0,0.0,2.049999999999957,0.0,5.050000000000099,0.0,0.0,0.0,0.0,0.0,0.0,0.0,0.0,2
00-0034054,River Cracraft,WR,MIA,2023,6,0,0,0,0,0,0,0,0,0,9,12,121,1,0,0,0,0,0,0,0,18.1,27.1,8.0,5.5,0.0,0.0,0.0,0.0,0.0,0.0,0.0,0.0,0.0,0.0,9.0,4.5,14.0,7.0,102.0,51.0,2.0,1.0,22.2,11.099999999999957,31.2,15.6000000000001,0.0,0.0,0.0,0.0,0.0,0.0,0.0,0.0,3
00-0034054,River Cracraft,WR,MIA,2024,5,0,0,0,0,0,0,0,0,0,7,9,66,0,0,0,0,0,0,0,0,6.6,13.6,6.0,7.0,0.0,0.0,0.0,0.0,0.0,0.0,0.0,0.0,0.0,0.0,9.0,9.0,12.0,13.0,121.0,111.5,1.0,1.5,18.1,20.149999999999956,27.1,29.150000000000098,0.0,0.0,0.0,0.0,0.0,0.0,0.0,0.0,4
00-0034054,River Cracraft,WR,WAS,2025,2,0,0,0,0,0,0,0,0,0,0,0,0,0,0,0,0,0,0,0,0,0.0,0.0,5.0,5.5,0.0,0.0,0.0,0.0,0.0,0.0,0.0,0.0,0.0,0.0,7.0,8.0,9.0,10.5,66.0,93.5,0.0,0.5,6.6,12.349999999999959,13.6,20.3500000000001,0.0,0.0,0.0,0.0,0.0,0.0,0.0,0.0,5
00-0034073,Ross Dwelley,TE,SF,2020,12,0,0,0,0,0,0,0,0,0,19,24,245,1,0,0,0,0,0,0,0,30.5,49.5,,5.0,,0.0,,0.0,,0.0,,0.0,,0.0,,7.0,,9.0,,66.0,,0.0,,6.6,,13.6,,0.0,,0.0,,0.0,,0.0,0
00-0034073,Ross Dwelley,TE,SF,2021,4,0,0,0,0,0,0,0,0,0,4,5,51,1,0,0,0,0,0,0,0,11.1,15.1,12.0,12.0,0.0,0.0,0.0,0.0,0.0,0.0,0.0,0.0,0.0,0.0,19.0,19.0,24.0,24.0,245.0,245.0,1.0,1.0,30.5,30.5,49.5,49.5,0.0,0.0,0.0,0.0,0.0,0.0,0.0,0.0,1
00-0034073,Ross Dwelley,TE,SF,2022,5,0,0,0,0,0,0,0,0,0,3,5,105,1,0,0,0,0,0,0,0,16.5,19.5,4.0,8.0,0.0,0.0,0.0,0.0,0.0,0.0,0.0,0.0,0.0,0.0,4.0,11.5,5.0,14.5,51.0,148.0,1.0,1.0,11.1,20.799999999999958,15.1,32.3000000000001,0.0,0.0,0.0,0.0,0.0,0.0,0.0,0.0,2
00-0034073,Ross Dwelley,TE,SF,2023,2,0,0,0,0,0,0,0,0,0,1,2,12,0,0,0,0,0,0,0,0,1.2,2.2,5.0,4.5,0.0,0.0,0.0,0.0,0.0,0.0,0.0,0.0,0.0,0.0,3.0,3.5,5.0,5.0,105.0,78.0,1.0,1.0,16.5,13.799999999999958,19.5,17.3000000000001,0.0,0.0,0.0,0.0,0.0,0.0,0.0,0.0,3
00-0034073,Ross Dwelley,TE,ATL,2024,4,0,0,0,0,0,0,0,0,0,1,1,5,0,0,0,0,0,0,0,0,0.5,1.5,2.0,3.5,0.0,0.0,0.0,0.0,0.0,0.0,0.0,0.0,0.0,0.0,1.0,2.0,2.0,3.5,12.0,58.5,0.0,0.5,1.2,8.849999999999957,2.2,10.8500000000001,0.0,0.0,0.0,0.0,0.0,0.0,0.0,0.0,4
00-0034073,Ross Dwelley,TE,DET,2025,4,0,0,0,0,0,0,0,0,0,2,5,7,0,0,0,0,0,0,0,0,0.7,2.7,4.0,3.0,0.0,0.0,0.0,0.0,0.0,0.0,0.0,0.0,0.0,0.0,1.0,1.0,1.0,1.5,5.0,8.5,0.0,0.0,0.5,0.8499999999999573,1.5,1.8500000000000996,0.0,0.0,0.0,0.0,0.0,0.0,0.0,0.0,5
00-0034081,Steven Mitchell,WR,HOU,2020,4,0,0,0,0,0,0,0,0,0,5,8,60,0,0,0,0,0,0,0,0,6.0,11.0,,4.0,,0.0,,0.0,,0.0,,0.0,,0.0,,1.0,,1.0,,5.0,,0.0,,0.5,,1.5,,0.0,,0.0,,0.0,,0.0,0
00-0034084,Mike Badgley,K,LAC,2020,16,0,0,0,0,0,0,0,0,0,0,0,0,0,0,24,33,2,0,36,39,0.0,0.0,,,,,,,,,,,,,,,,,,,,,,,,,,,,,,,,,0
00-0034084,Mike Badgley,K,IND,2021,13,0,0,0,0,0,0,0,0,0,0,0,0,0,0,18,22,0,0,40,41,0.0,0.0,16.0,16.0,0.0,0.0,0.0,0.0,0.0,0.0,0.0,0.0,0.0,0.0,0.0,0.0,0.0,0.0,0.0,0.0,0.0,0.0,0.0,0.0,0.0,0.0,24.0,24.0,33.0,33.0,36.0,36.0,39.0,39.0,1
00-0034084,Mike Badgley,K,DET,2022,13,0,0,0,0,0,0,0,0,0,0,0,0,0,0,24,28,2,0,33,33,0.0,0.0,13.0,14.5,0.0,0.0,0.0,0.0,0.0,0.0,0.0,0.0,0.0,0.0,0.0,0.0,0.0,0.0,0.0,0.0,0.0,0.0,0.0,0.0,0.0,0.0,18.0,21.0,22.0,27.5,40.0,38.0,41.0,40.0,2
00-0034084,Mike Badgley,K,DET,2023,4,0,0,0,0,0,0,0,0,0,0,0,0,0,0,4,4,0,0,13,15,0.0,0.0,13.0,13.0,0.0,0.0,0.0,0.0,0.0,0.0,0.0,0.0,0.0,0.0,0.0,0.0,0.0,0.0,0.0,0.0,0.0,0.0,0.0,0.0,0.0,0.0,24.0,21.0,28.0,25.0,33.0,36.5,33.0,37.0,3
00-0034084,Mike Badgley,K,BUF,2025,9,0,0,0,0,0,0,0,0,0,0,0,0,0,0,11,12,2,0,20,25,0.0,0.0,4.0,8.5,0.0,0.0,0.0,0.0,0.0,0.0,0.0,0.0,0.0,0.0,0.0,0.0,0.0,0.0,0.0,0.0,0.0,0.0,0.0,0.0,0.0,0.0,4.0,14.0,4.0,16.0,13.0,23.0,15.0,24.0,4
00-0034104,Cam Sims,WR,WAS,2020,13,0,0,0,0,0,1,5,0,0,32,48,477,1,0,0,0,0,0,0,0,54.2,86.2,,4.0,,0.0,,0.0,,0.0,,0.0,,0.0,,0.0,,0.0,,0.0,,0.0,,0.0,,0.0,,4.0,,4.0,,13.0,,15.0,0
00-0034104,Cam Sims,WR,WAS,2021,12,0,0,0,0,0,1,7,0,0,15,23,211,2,0,0,0,0,0,0,0,33.8,48.8,13.0,13.0,0.0,0.0,0.0,0.0,0.0,0.0,5.0,5.0,0.0,0.0,32.0,32.0,48.0,48.0,477.0,477.0,1.0,1.0,54.2,54.2,86.2,86.2,0.0,0.0,0.0,0.0,0.0,0.0,0.0,0.0,1
00-0034104,Cam Sims,WR,WAS,2022,13,0,0,0,0,0,0,0,0,0,8,18,89,0,0,0,0,0,0,0,0,8.9,16.9,12.0,12.5,0.0,0.0,0.0,0.0,0.0,0.0,7.0,6.0,0.0,0.0,15.0,23.5,23.0,35.5,211.0,344.0,2.0,1.5,33.8,43.99999999999996,48.8,67.5000000000001,0.0,0.0,0.0,0.0,0.0,0.0,0.0,0.0,2
00-0034109,Phillip Lindsay,RB,DEN,2020,11,0,0,0,0,0,118,502,1,0,7,14,28,0,0,0,0,0,0,0,0,59.0,66.0,,12.0,,0.0,,0.0,,0.0,,7.0,,0.0,,15.0,,23.0,,211.0,,2.0,,33.8,,48.8,,0.0,,0.0,,0.0,,0.0,0
00-0034109,Phillip Lindsay,RB,MIA,2021,14,0,0,0,0,0,88,249,1,0,4,5,45,1,0,0,0,0,0,0,0,41.4,45.4,11.0,11.0,0.0,0.0,0.0,0.0,0.0,0.0,502.0,502.0,1.0,1.0,7.0,7.0,14.0,14.0,28.0,28.0,0.0,0.0,59.0,59.0,66.0,66.0,0.0,0.0,0.0,0.0,0.0,0.0,0.0,0.0,1
00-0034109,Phillip Lindsay,RB,IND,2022,3,0,0,0,0,0,15,49,0,0,6,8,19,0,0,0,0,0,0,0,0,8.8,14.8,14.0,12.5,0.0,0.0,0.0,0.0,0.0,0.0,249.0,375.5,1.0,1.0,4.0,5.5,5.0,9.5,45.0,36.5,1.0,0.5,41.4,50.19999999999996,45.4,55.7000000000001,0.0,0.0,0.0,0.0,0.0,0.0,0.0,0.0,2
00-0034115,Jeff Wilson,RB,SF,2020,11,0,0,0,0,0,126,600,7,2,13,28,133,3,0,0,0,0,0,0,0,129.3,142.3,,14.0,,0.0,,0.0,,0.0,,249.0,,1.0,,4.0,,5.0,,45.0,,1.0,,41.4,,45.4,,0.0,,0.0,,0.0,,0.0,0
00-0034115,Jeff Wilson,RB,SF,2021,8,0,0,0,0,0,79,294,2,0,7,8,31,0,0,0,0,0,0,0,0,44.5,51.5,11.0,11.0,0.0,0.0,0.0,0.0,0.0,0.0,600.0,600.0,7.0,7.0,13.0,13.0,28.0,28.0,133.0,133.0,3.0,3.0,129.3,129.3,142.3,142.3,0.0,0.0,0.0,0.0,0.0,0.0,0.0,0.0,1
00-0034115,Jeff Wilson,RB,MIA,2022,16,0,0,0,0,0,176,860,5,1,22,37,185,1,1,0,0,0,0,0,0,136.5,158.5,8.0,9.5,0.0,0.0,0.0,0.0,0.0,0.0,294.0,447.0,2.0,4.5,7.0,10.0,8.0,18.0,31.0,82.0,0.0,1.5,44.5,86.89999999999996,51.5,96.9000000000001,0.0,0.0,0.0,0.0,0.0,0.0,0.0,0.0,2
00-0034115,Jeff Wilson,RB,MIA,2023,9,0,0,0,0,0,41,188,0,0,14,17,85,0,0,0,0,0,0,0,0,27.3,41.3,16.0,12.0,0.0,0.0,0.0,0.0,0.0,0.0,860.0,577.0,5.0,3.5,22.0,14.5,37.0,22.5,185.0,108.0,1.0,0.5,136.5,90.49999999999996,158.5,105.0000000000001,0.0,0.0,0.0,0.0,0.0,0.0,0.0,0.0,3
00-0034115,Jeff Wilson,RB,MIA,2024,7,0,0,0,0,0,16,57,0,0,3,3,19,0,0,0,0,0,0,0,0,7.6,10.6,9.0,12.5,0.0,0.0,0.0,0.0,0.0,0.0,188.0,524.0,0.0,2.5,14.0,18.0,17.0,27.0,85.0,135.0,0.0,0.5,27.3,81.89999999999996,41.3,99.90000000000009,0.0,0.0,0.0,0.0,0.0,0.0,0.0,0.0,4
00-0034131,Kurt Benkert,QB,GB,2021,1,0,0,0,0,0,2,-1,0,0,0,0,0,0,0,0,0,0,0,0,0,-0.1,-0.1,,9.0,,0.0,,0.0,,0.0,,188.0,,0.0,,14.0,,17.0,,85.0,,0.0,,27.3,,41.3,,0.0,,0.0,,0.0,,0.0,0
00-0034132,Christian Blake,WR,ATL,2020,10,0,0,0,0,0,0,0,0,0,13,18,141,0,0,0,0,0,0,0,0,14.1,27.1,,,,,,,,,,,,,,,,,,,,,,,,,,,,,,,,,0
00-0034132,Christian Blake,WR,ATL,2021,9,0,0,0,0,0,0,0,0,0,4,9,25,0,0,0,0,0,0,0,0,2.5,6.5,10.0,10.0,0.0,0.0,0.0,0.0,0.0,0.0,0.0,0.0,0.0,0.0,13.0,13.0,18.0,18.0,141.0,141.0,0.0,0.0,14.1,14.1,27.1,27.1,0.0,0.0,0.0,0.0,0.0,0.0,0.0,0.0,1
00-0034159,Will Dissly,TE,SEA,2020,15,0,0,0,0,0,0,0,0,0,24,29,251,2,0,0,0,0,0,0,0,37.1,61.1,,10.0,,0.0,,0.0,,0.0,,0.0,,0.0,,13.0,,18.0,,141.0,,0.0,,14.1,,27.1,,0.0,,0.0,,0.0,,0.0,0
00-0034159,Will Dissly,TE,SEA,2021,13,0,0,0,0,0,0,0,0,0,21,26,231,1,0,0,0,0,0,0,0,29.1,50.1,15.0,15.0,0.0,0.0,0.0,0.0,0.0,0.0,0.0,0.0,0.0,0.0,24.0,24.0,29.0,29.0,251.0,251.0,2.0,2.0,37.1,37.1,61.1,61.1,0.0,0.0,0.0,0.0,0.0,0.0,0.0,0.0,1
00-0034159,Will Dissly,TE,SEA,2022,15,0,0,0,0,0,0,0,0,0,34,38,349,3,0,0,0,0,0,0,0,52.9,86.9,13.0,14.0,0.0,0.0,0.0,0.0,0.0,0.0,0.0,0.0,0.0,0.0,21.0,22.5,26.0,27.5,231.0,241.0,1.0,1.5,29.1,33.09999999999996,50.1,55.6000000000001,0.0,0.0,0.0,0.0,0.0,0.0,0.0,0.0,2
00-0034159,Will Dissly,TE,SEA,2023,13,0,0,0,0,0,0,0,0,0,17,22,172,1,0,0,0,0,0,0,0,23.2,40.2,15.0,14.0,0.0,0.0,0.0,0.0,0.0,0.0,0.0,0.0,0.0,0.0,34.0,27.5,38.0,32.0,349.0,290.0,3.0,2.0,52.9,40.99999999999996,86.9,68.5000000000001,0.0,0.0,0.0,0.0,0.0,0.0,0.0,0.0,3
00-0034159,Will Dissly,TE,LAC,2024,15,0,0,0,0,0,0,0,0,0,50,64,481,2,0,0,0,0,0,0,0,60.1,110.1,13.0,14.0,0.0,0.0,0.0,0.0,0.0,0.0,0.0,0.0,0.0,0.0,17.0,25.5,22.0,30.0,172.0,260.5,1.0,2.0,23.2,38.049999999999955,40.2,63.550000000000104,0.0,0.0,0.0,0.0,0.0,0.0,0.0,0.0,4
00-0034159,Will Dissly,TE,LAC,2025,8,0,0,0,0,0,0,0,0,0,11,16,97,0,0,0,0,0,0,0,0,9.7,20.7,15.0,14.0,0.0,0.0,0.0,0.0,0.0,0.0,0.0,0.0,0.0,0.0,50.0,33.5,64.0,43.0,481.0,326.5,2.0,1.5,60.1,41.64999999999996,110.1,75.15000000000009,0.0,0.0,0.0,0.0,0.0,0.0,0.0,0.0,5
00-0034161,Daniel Carlson,K,LV,2020,16,0,0,0,0,0,0,0,0,0,0,0,0,0,0,33,35,4,0,45,47,0.0,0.0,,15.0,,0.0,,0.0,,0.0,,0.0,,0.0,,50.0,,64.0,,481.0,,2.0,,60.1,,110.1,,0.0,,0.0,,0.0,,0.0,0
00-0034161,Daniel Carlson,K,LV,2021,17,0,0,0,0,0,0,0,0,0,0,0,0,0,0,40,43,6,0,30,33,0.0,0.0,16.0,16.0,0.0,0.0,0.0,0.0,0.0,0.0,0.0,0.0,0.0,0.0,0.0,0.0,0.0,0.0,0.0,0.0,0.0,0.0,0.0,0.0,0.0,0.0,33.0,33.0,35.0,35.0,45.0,45.0,47.0,47.0,1
00-0034161,Daniel Carlson,K,LV,2022,17,0,0,0,0,0,0,0,0,0,0,0,0,0,0,34,37,11,0,35,36,0.0,0.0,17.0,16.5,0.0,0.0,0.0,0.0,0.0,0.0,0.0,0.0,0.0,0.0,0.0,0.0,0.0,0.0,0.0,0.0,0.0,0.0,0.0,0.0,0.0,0.0,40.0,36.5,43.0,39.0,30.0,37.5,33.0,40.0,2
00-0034161,Daniel Carlson,K,LV,2023,17,0,0,0,0,0,0,0,0,0,0,0,0,0,0,26,30,1,0,32,32,0.0,0.0,17.0,17.0,0.0,0.0,0.0,0.0,0.0,0.0,0.0,0.0,0.0,0.0,0.0,0.0,0.0,0.0,0.0,0.0,0.0,0.0,0.0,0.0,0.0,0.0,34.0,37.0,37.0,40.0,35.0,32.5,36.0,34.5,3
00-0034161,Daniel Carlson,K,LV,2024,17,0,0,0,0,0,0,0,0,0,0,0,0,0,0,34,40,7,0,23,25,0.0,0.0,17.0,17.0,0.0,0.0,0.0,0.0,0.0,0.0,0.0,0.0,0.0,0.0,0.0,0.0,0.0,0.0,0.0,0.0,0.0,0.0,0.0,0.0,0.0,0.0,26.0,30.0,30.0,33.5,32.0,33.5,32.0,34.0,4
00-0034161,Daniel Carlson,K,LV,2025,17,0,0,0,0,0,0,0,0,0,0,0,0,0,0,22,27,4,1,21,22,0.0,0.0,17.0,17.0,0.0,0.0,0.0,0.0,0.0,0.0,0.0,0.0,0.0,0.0,0.0,0.0,0.0,0.0,0.0,0.0,0.0,0.0,0.0,0.0,0.0,0.0,34.0,30.0,40.0,35.0,23.0,27.5,25.0,28.5,5
00-0034164,Trenton Cannon,RB,CAR,2020,12,0,0,0,0,0,10,33,0,0,3,3,16,0,0,0,0,0,0,0,0,4.9,7.9,,17.0,,0.0,,0.0,,0.0,,0.0,,0.0,,0.0,,0.0,,0.0,,0.0,,0.0,,0.0,,34.0,,40.0,,23.0,,25.0,0
00-0034164,Trenton Cannon,RB,SF,2021,10,0,0,0,0,0,3,4,0,0,0,0,0,0,0,0,0,0,0,0,0,0.4,0.4,12.0,12.0,0.0,0.0,0.0,0.0,0.0,0.0,33.0,33.0,0.0,0.0,3.0,3.0,3.0,3.0,16.0,16.0,0.0,0.0,4.9,4.9,7.9,7.9,0.0,0.0,0.0,0.0,0.0,0.0,0.0,0.0,1
00-0034164,Trenton Cannon,RB,TEN,2022,1,0,0,0,0,0,0,0,0,0,0,0,0,0,0,0,0,0,0,0,0,0.0,0.0,10.0,11.0,0.0,0.0,0.0,0.0,0.0,0.0,4.0,18.5,0.0,0.0,0.0,1.5,0.0,1.5,0.0,8.0,0.0,0.0,0.4,2.6499999999999613,0.4,4.1500000000001,0.0,0.0,0.0,0.0,0.0,0.0,0.0,0.0,2
00-0034169,Marcus Baugh,TE,WAS,2020,1,0,0,0,0,0,0,0,0,0,1,1,2,0,0,0,0,0,0,0,0,0.2,1.2,,10.0,,0.0,,0.0,,0.0,,4.0,,0.0,,0.0,,0.0,,0.0,,0.0,,0.4,,0.4,,0.0,,0.0,,0.0,,0.0,0
00-0034173,Eddy Pineiro,K,NYJ,2021,5,0,0,0,0,0,0,0,0,0,0,0,0,0,0,8,8,1,0,9,10,0.0,0.0,,,,,,,,,,,,,,,,,,,,,,,,,,,,,,,,,0
00-0034173,Eddy Pineiro,K,CAR,2022,17,0,0,0,0,0,0,0,0,0,0,0,0,0,0,33,35,2,0,30,32,0.0,0.0,5.0,5.0,0.0,0.0,0.0,0.0,0.0,0.0,0.0,0.0,0.0,0.0,0.0,0.0,0.0,0.0,0.0,0.0,0.0,0.0,0.0,0.0,0.0,0.0,8.0,8.0,8.0,8.0,9.0,9.0,10.0,10.0,1
00-0034173,Eddy Pineiro,K,CAR,2023,15,0,0,0,0,0,0,0,0,0,0,0,0,0,0,25,29,5,0,17,20,0.0,0.0,17.0,11.0,0.0,0.0,0.0,0.0,0.0,0.0,0.0,0.0,0.0,0.0,0.0,0.0,0.0,0.0,0.0,0.0,0.0,0.0,0.0,0.0,0.0,0.0,33.0,20.5,35.0,21.5,30.0,19.5,32.0,21.0,2
00-0034173,Eddy Pineiro,K,CAR,2024,17,0,0,0,0,0,0,0,0,0,0,0,0,0,0,22,26,1,0,33,35,0.0,0.0,15.0,16.0,0.0,0.0,0.0,0.0,0.0,0.0,0.0,0.0,0.0,0.0,0.0,0.0,0.0,0.0,0.0,0.0,0.0,0.0,0.0,0.0,0.0,0.0,25.0,29.0,29.0,32.0,17.0,23.5,20.0,26.0,3
00-0034173,Eddy Pineiro,K,SF,2025,14,0,0,0,0,0,0,0,0,0,0,0,0,0,0,28,29,6,0,34,38,0.0,0.0,17.0,16.0,0.0,0.0,0.0,0.0,0.0,0.0,0.0,0.0,0.0,0.0,0.0,0.0,0.0,0.0,0.0,0.0,0.0,0.0,0.0,0.0,0.0,0.0,22.0,23.5,26.0,27.5,33.0,25.0,35.0,27.5,4
00-0034177,Tim Boyle,QB,GB,2020,8,0,0,0,0,0,13,-9,0,0,0,0,0,0,0,0,0,0,0,0,0,-0.9,-0.9,,17.0,,0.0,,0.0,,0.0,,0.0,,0.0,,0.0,,0.0,,0.0,,0.0,,0.0,,0.0,,22.0,,26.0,,33.0,,35.0,0
00-0034177,Tim Boyle,QB,DET,2021,4,61,94,526,3,6,2,13,0,0,0,0,0,0,0,0,0,0,0,0,0,24.34,24.34,8.0,8.0,0.0,0.0,0.0,0.0,0.0,0.0,-9.0,-9.0,0.0,0.0,0.0,0.0,0.0,0.0,0.0,0.0,0.0,0.0,-0.9,-0.9,-0.9,-0.9,0.0,0.0,0.0,0.0,0.0,0.0,0.0,0.0,1
00-0034177,Tim Boyle,QB,CHI,2022,1,2,8,33,0,2,2,-2,0,0,0,0,0,0,0,0,0,0,0,0,0,-2.88,-2.88,4.0,6.0,526.0,263.0,3.0,1.5,6.0,3.0,13.0,2.0,0.0,0.0,0.0,0.0,0.0,0.0,0.0,0.0,0.0,0.0,24.34,11.719999999999962,24.34,11.7200000000001,0.0,0.0,0.0,0.0,0.0,0.0,0.0,0.0,2
00-0034177,Tim Boyle,QB,NYJ,2023,3,48,77,360,1,4,4,5,0,0,0,0,0,0,0,0,0,0,0,0,0,10.9,10.9,1.0,2.5,33.0,279.5,0.0,1.5,2.0,4.0,-2.0,5.5,0.0,0.0,0.0,0.0,0.0,0.0,0.0,0.0,0.0,0.0,-2.88,10.729999999999961,-2.88,10.7300000000001,0.0,0.0,0.0,0.0,0.0,0.0,0.0,0.0,3
00-0034177,Tim Boyle,QB,NYG,2024,3,27,50,276,1,1,3,9,0,0,0,0,0,0,0,0,0,0,0,0,0,13.94,13.94,3.0,2.0,360.0,196.5,1.0,0.5,4.0,3.0,5.0,1.5,0.0,0.0,0.0,0.0,0.0,0.0,0.0,0.0,0.0,0.0,10.9,4.009999999999961,10.9,4.010000000000099,0.0,0.0,0.0,0.0,0.0,0.0,0.0,0.0,4
00-0034184,Gus Edwards,RB,BAL,2020,16,0,0,0,0,0,144,723,6,1,9,13,129,0,0,0,0,0,0,0,0,119.2,128.2,,3.0,,360.0,,1.0,,4.0,,5.0,,0.0,,0.0,,0.0,,0.0,,0.0,,10.9,,10.9,,0.0,,0.0,,0.0,,0.0,0
00-0034184,Gus Edwards,RB,BAL,2022,9,0,0,0,0,0,87,433,3,1,0,2,0,0,0,0,0,0,0,0,0,59.3,59.3,16.0,16.0,0.0,0.0,0.0,0.0,0.0,0.0,723.0,723.0,6.0,6.0,9.0,9.0,13.0,13.0,129.0,129.0,0.0,0.0,119.2,119.2,128.2,128.2,0.0,0.0,0.0,0.0,0.0,0.0,0.0,0.0,1
00-0034184,Gus Edwards,RB,BAL,2023,17,0,0,0,0,0,198,810,13,2,12,13,180,0,0,0,0,0,0,0,0,175.0,187.0,9.0,12.5,0.0,0.0,0.0,0.0,0.0,0.0,433.0,578.0,3.0,4.5,0.0,4.5,2.0,7.5,0.0,64.5,0.0,0.0,59.3,89.24999999999996,59.3,93.75000000000009,0.0,0.0,0.0,0.0,0.0,0.0,0.0,0.0,2
00-0034184,Gus Edwards,RB,LAC,2024,11,0,0,0,0,0,101,365,4,0,3,5,6,0,0,0,0,0,0,0,0,61.1,64.1,17.0,13.0,0.0,0.0,0.0,0.0,0.0,0.0,810.0,621.5,13.0,8.0,12.0,6.0,13.0,7.5,180.0,90.0,0.0,0.0,175.0,117.14999999999995,187.0,123.15000000000009,0.0,0.0,0.0,0.0,0.0,0.0,0.0,0.0,3
00-0034192,Nick Keizer,TE,KC,2020,11,0,0,0,0,0,0,0,0,0,6,9,63,0,1,0,0,0,0,0,0,4.3,10.3,,17.0,,0.0,,0.0,,0.0,,810.0,,13.0,,12.0,,13.0,,180.0,,0.0,,175.0,,187.0,,0.0,,0.0,,0.0,,0.0,0
00-0034193,Kevin Rader,TE,PIT,2020,1,0,0,0,0,0,0,0,0,0,0,1,0,0,0,0,0,0,0,0,0,0.0,0.0,,,,,,,,,,,,,,,,,,,,,,,,,,,,,,,,,0
00-0034193,Kevin Rader,TE,PIT,2021,3,0,0,0,0,0,0,0,0,0,2,3,8,0,0,0,0,0,0,0,0,0.8,2.8,1.0,1.0,0.0,0.0,0.0,0.0,0.0,0.0,0.0,0.0,0.0,0.0,0.0,0.0,1.0,1.0,0.0,0.0,0.0,0.0,0.0,0.0,0.0,0.0,0.0,0.0,0.0,0.0,0.0,0.0,0.0,0.0,1
00-0034193,Kevin Rader,TE,TEN,2022,6,0,0,0,0,0,0,0,0,0,0,0,0,0,0,0,0,0,0,0,0,0.0,0.0,3.0,2.0,0.0,0.0,0.0,0.0,0.0,0.0,0.0,0.0,0.0,0.0,2.0,1.0,3.0,2.0,8.0,4.0,0.0,0.0,0.8,0.3999999999999432,2.8,1.4000000000000852,0.0,0.0,0.0,0.0,0.0,0.0,0.0,0.0,2
00-0034193,Kevin Rader,TE,TEN,2023,7,0,0,0,0,0,0,0,0,0,1,3,6,0,0,0,0,0,0,0,0,0.6,1.6,6.0,4.5,0.0,0.0,0.0,0.0,0.0,0.0,0.0,0.0,0.0,0.0,0.0,1.0,0.0,1.5,0.0,4.0,0.0,0.0,0.0,0.3999999999999432,0.0,1.4000000000000852,0.0,0.0,0.0,0.0,0.0,0.0,0.0,0.0,3
00-0034207,Jeff Badet,WR,WAS,2020,1,0,0,0,0,0,0,0,0,0,0,1,0,0,0,0,0,0,0,0,0,0.0,0.0,,6.0,,0.0,,0.0,,0.0,,0.0,,0.0,,0.0,,0.0,,0.0,,0.0,,0.0,,0.0,,0.0,,0.0,,0.0,,0.0,0
00-0034208,Mike Boone,RB,MIN,2020,10,0,0,0,0,0,11,59,1,0,2,2,10,0,0,0,0,0,0,0,0,12.9,14.9,,,,,,,,,,,,,,,,,,,,,,,,,,,,,,,,,0
00-0034208,Mike Boone,RB,DEN,2021,3,0,0,0,0,0,4,35,0,0,2,2,22,0,0,0,0,0,0,0,0,5.7,7.7,10.0,10.0,0.0,0.0,0.0,0.0,0.0,0.0,59.0,59.0,1.0,1.0,2.0,2.0,2.0,2.0,10.0,10.0,0.0,0.0,12.9,12.9,14.9,14.9,0.0,0.0,0.0,0.0,0.0,0.0,0.0,0.0,1
00-0034208,Mike Boone,RB,DEN,2022,8,0,0,0,0,0,24,102,0,0,9,15,96,0,0,0,0,0,0,0,0,19.8,28.8,3.0,6.5,0.0,0.0,0.0,0.0,0.0,0.0,35.0,47.0,0.0,0.5,2.0,2.0,2.0,2.0,22.0,16.0,0.0,0.0,5.7,9.299999999999944,7.7,11.300000000000086,0.0,0.0,0.0,0.0,0.0,0.0,0.0,0.0,2
00-0034208,Mike Boone,RB,HOU,2023,9,0,0,0,0,0,5,23,0,0,7,9,40,0,0,0,0,0,0,0,0,6.3,13.3,8.0,5.5,0.0,0.0,0.0,0.0,0.0,0.0,102.0,68.5,0.0,0.0,9.0,5.5,15.0,8.5,96.0,59.0,0.0,0.0,19.8,12.749999999999943,28.8,18.250000000000085,0.0,0.0,0.0,0.0,0.0,0.0,0.0,0.0,3
00-0034208,Mike Boone,RB,CAR,2024,5,0,0,0,0,0,13,51,0,0,1,3,-2,0,0,0,0,0,0,0,0,4.9,5.9,9.0,8.5,0.0,0.0,0.0,0.0,0.0,0.0,23.0,62.5,0.0,0.0,7.0,8.0,9.0,12.0,40.0,68.0,0.0,0.0,6.3,13.049999999999946,13.3,21.05000000000009,0.0,0.0,0.0,0.0,0.0,0.0,0.0,0.0,4
00-0034253,Dontrell Hilliard,RB,HOU,2020,5,0,0,0,0,0,9,48,0,0,1,1,2,0,0,0,0,0,0,0,0,5.0,6.0,,9.0,,0.0,,0.0,,0.0,,23.0,,0.0,,7.0,,9.0,,40.0,,0.0,,6.3,,13.3,,0.0,,0.0,,0.0,,0.0,0
00-0034253,Dontrell Hilliard,RB,TEN,2021,8,0,0,0,0,0,56,350,2,1,19,26,87,0,0,0,0,0,0,0,0,53.7,72.7,5.0,5.0,0.0,0.0,0.0,0.0,0.0,0.0,48.0,48.0,0.0,0.0,1.0,1.0,1.0,1.0,2.0,2.0,0.0,0.0,5.0,5.0,6.0,6.0,0.0,0.0,0.0,0.0,0.0,0.0,0.0,0.0,1
00-0034253,Dontrell Hilliard,RB,TEN,2022,12,0,0,0,0,0,22,145,0,0,21,26,177,4,0,0,0,0,0,0,0,56.2,77.2,8.0,6.5,0.0,0.0,0.0,0.0,0.0,0.0,350.0,199.0,2.0,1.0,19.0,10.0,26.0,13.5,87.0,44.5,0.0,0.0,53.7,29.349999999999945,72.7,39.35000000000009,0.0,0.0,0.0,0.0,0.0,0.0,0.0,0.0,2
00-0034267,Jaleel Scott,WR,NYJ,2020,1,0,0,0,0,0,0,0,0,0,1,1,16,0,0,0,0,0,0,0,0,1.6,2.6,,8.0,,0.0,,0.0,,0.0,,350.0,,2.0,,19.0,,26.0,,87.0,,0.0,,53.7,,72.7,,0.0,,0.0,,0.0,,0.0,0
00-0034270,Tyler Conklin,TE,MIN,2020,9,0,0,0,0,0,0,0,0,0,19,26,194,1,0,0,0,0,0,0,0,25.4,44.4,,,,,,,,,,,,,,,,,,,,,,,,,,,,,,,,,0
00-0034270,Tyler Conklin,TE,MIN,2021,17,0,0,0,0,0,0,0,0,0,61,87,593,3,0,0,0,0,0,0,0,77.3,138.3,9.0,9.0,0.0,0.0,0.0,0.0,0.0,0.0,0.0,0.0,0.0,0.0,19.0,19.0,26.0,26.0,194.0,194.0,1.0,1.0,25.4,25.4,44.4,44.4,0.0,0.0,0.0,0.0,0.0,0.0,0.0,0.0,1
00-0034270,Tyler Conklin,TE,NYJ,2022,17,0,0,0,0,0,2,3,0,0,58,87,552,3,0,0,0,0,0,0,0,73.5,131.5,17.0,13.0,0.0,0.0,0.0,0.0,0.0,0.0,0.0,0.0,0.0,0.0,61.0,40.0,87.0,56.5,593.0,393.5,3.0,2.0,77.3,51.34999999999994,138.3,91.3500000000001,0.0,0.0,0.0,0.0,0.0,0.0,0.0,0.0,2
00-0034270,Tyler Conklin,TE,NYJ,2023,17,0,0,0,0,0,1,0,0,0,61,87,621,0,0,0,0,0,0,0,0,62.1,123.1,17.0,17.0,0.0,0.0,0.0,0.0,0.0,0.0,3.0,1.5,0.0,0.0,58.0,59.5,87.0,87.0,552.0,572.5,3.0,3.0,73.5,75.39999999999995,131.5,134.9000000000001,0.0,0.0,0.0,0.0,0.0,0.0,0.0,0.0,3
00-0034270,Tyler Conklin,TE,NYJ,2024,16,0,0,0,0,0,1,0,0,0,51,72,449,4,0,0,0,0,0,0,0,70.9,121.9,17.0,17.0,0.0,0.0,0.0,0.0,0.0,0.0,0.0,1.5,0.0,0.0,61.0,59.5,87.0,87.0,621.0,586.5,0.0,1.5,62.1,67.79999999999995,123.1,127.30000000000008,0.0,0.0,0.0,0.0,0.0,0.0,0.0,0.0,4
00-0034270,Tyler Conklin,TE,LAC,2025,6,0,0,0,0,0,1,2,0,0,7,10,101,0,0,0,0,0,0,0,0,10.3,17.3,16.0,16.5,0.0,0.0,0.0,0.0,0.0,0.0,0.0,0.0,0.0,0.0,51.0,56.0,72.0,79.5,449.0,535.0,4.0,2.0,70.9,66.49999999999996,121.9,122.50000000000009,0.0,0.0,0.0,0.0,0.0,0.0,0.0,0.0,5
00-0034272,Marquez Valdes-Scantling,WR,GB,2020,14,0,0,0,0,0,4,13,0,0,33,63,690,6,1,0,0,0,0,0,0,104.3,137.3,,16.0,,0.0,,0.0,,0.0,,0.0,,0.0,,51.0,,72.0,,449.0,,4.0,,70.9,,121.9,,0.0,,0.0,,0.0,,0.0,0
00-0034272,Marquez Valdes-Scantling,WR,GB,2021,11,0,0,0,0,0,0,0,0,0,26,55,430,3,0,0,0,0,0,0,0,61.0,87.0,14.0,14.0,0.0,0.0,0.0,0.0,0.0,0.0,13.0,13.0,0.0,0.0,33.0,33.0,63.0,63.0,690.0,690.0,6.0,6.0,104.3,104.3,137.3,137.3,0.0,0.0,0.0,0.0,0.0,0.0,0.0,0.0,1
00-0034272,Marquez Valdes-Scantling,WR,KC,2022,17,0,0,0,0,0,1,-3,0,0,42,81,687,2,0,0,0,0,0,0,0,80.4,122.4,11.0,12.5,0.0,0.0,0.0,0.0,0.0,0.0,0.0,6.5,0.0,0.0,26.0,29.5,55.0,59.0,430.0,560.0,3.0,4.5,61.0,82.64999999999995,87.0,112.15000000000009,0.0,0.0,0.0,0.0,0.0,0.0,0.0,0.0,2
00-0034272,Marquez Valdes-Scantling,WR,KC,2023,16,0,0,0,0,0,0,0,0,0,21,42,315,1,1,0,0,0,0,0,0,35.5,56.5,17.0,14.0,0.0,0.0,0.0,0.0,0.0,0.0,-3.0,-1.5,0.0,0.0,42.0,34.0,81.0,68.0,687.0,558.5,2.0,2.5,80.4,70.69999999999996,122.4,104.70000000000009,0.0,0.0,0.0,0.0,0.0,0.0,0.0,0.0,3
00-0034272,Marquez Valdes-Scantling,WR,NO,2024,13,0,0,0,0,0,1,4,0,0,19,44,411,4,0,0,0,0,0,0,0,65.5,84.5,16.0,16.5,0.0,0.0,0.0,0.0,0.0,0.0,0.0,-1.5,0.0,0.0,21.0,31.5,42.0,61.5,315.0,501.0,1.0,1.5,35.5,57.94999999999996,56.5,89.45000000000009,0.0,0.0,0.0,0.0,0.0,0.0,0.0,0.0,4
00-0034272,Marquez Valdes-Scantling,WR,PIT,2025,9,0,0,0,0,0,0,0,0,0,14,29,120,1,0,0,0,0,0,0,0,18.0,32.0,13.0,14.5,0.0,0.0,0.0,0.0,0.0,0.0,4.0,2.0,0.0,0.0,19.0,20.0,44.0,43.0,411.0,363.0,4.0,2.5,65.5,50.49999999999996,84.5,70.50000000000009,0.0,0.0,0.0,0.0,0.0,0.0,0.0,0.0,5
00-0034273,Damion Ratley,WR,NYG,2020,5,0,0,0,0,0,0,0,0,0,4,10,63,0,0,0,0,0,0,0,0,6.3,10.3,,13.0,,0.0,,0.0,,0.0,,4.0,,0.0,,19.0,,44.0,,411.0,,4.0,,65.5,,84.5,,0.0,,0.0,,0.0,,0.0,0
00-0034279,Equanimeous St. Brown,WR,GB,2020,8,0,0,0,0,0,1,7,0,0,7,13,117,1,0,0,0,0,0,0,0,18.4,25.4,,,,,,,,,,,,,,,,,,,,,,,,,,,,,,,,,0
00-0034279,Equanimeous St. Brown,WR,GB,2021,12,0,0,0,0,0,3,14,0,0,9,17,98,0,0,0,0,0,0,0,0,11.2,20.2,8.0,8.0,0.0,0.0,0.0,0.0,0.0,0.0,7.0,7.0,0.0,0.0,7.0,7.0,13.0,13.0,117.0,117.0,1.0,1.0,18.4,18.4,25.4,25.4,0.0,0.0,0.0,0.0,0.0,0.0,0.0,0.0,1
00-0034279,Equanimeous St. Brown,WR,CHI,2022,16,0,0,0,0,0,6,54,0,0,21,38,323,1,0,0,0,0,0,0,0,43.7,64.7,12.0,10.0,0.0,0.0,0.0,0.0,0.0,0.0,14.0,10.5,0.0,0.0,9.0,8.0,17.0,15.0,98.0,107.5,0.0,0.5,11.2,14.799999999999956,20.2,22.800000000000082,0.0,0.0,0.0,0.0,0.0,0.0,0.0,0.0,2
00-0034279,Equanimeous St. Brown,WR,CHI,2023,5,0,0,0,0,0,0,0,0,0,5,6,62,0,0,0,0,0,0,0,0,6.2,11.2,16.0,14.0,0.0,0.0,0.0,0.0,0.0,0.0,54.0,34.0,0.0,0.0,21.0,15.0,38.0,27.5,323.0,210.5,1.0,0.5,43.7,27.44999999999996,64.7,42.45000000000009,0.0,0.0,0.0,0.0,0.0,0.0,0.0,0.0,3
00-0034286,Richie James,WR,SF,2020,10,0,0,0,0,0,0,0,0,0,23,35,394,1,0,0,0,0,0,0,0,45.4,68.4,,16.0,,0.0,,0.0,,0.0,,54.0,,0.0,,21.0,,38.0,,323.0,,1.0,,43.7,,64.7,,0.0,,0.0,,0.0,,0.0,0
00-0034286,Richie James,WR,NYG,2022,16,0,0,0,0,0,2,6,0,0,57,70,569,4,0,0,0,0,0,0,0,81.5,138.5,10.0,10.0,0.0,0.0,0.0,0.0,0.0,0.0,0.0,0.0,0.0,0.0,23.0,23.0,35.0,35.0,394.0,394.0,1.0,1.0,45.4,45.4,68.4,68.4,0.0,0.0,0.0,0.0,0.0,0.0,0.0,0.0,1
00-0034286,Richie James,WR,KC,2023,9,0,0,0,0,0,0,0,0,0,10,14,114,0,0,0,0,0,0,0,0,11.4,21.4,16.0,13.0,0.0,0.0,0.0,0.0,0.0,0.0,6.0,3.0,0.0,0.0,57.0,40.0,70.0,52.5,569.0,481.5,4.0,2.5,81.5,63.44999999999996,138.5,103.45000000000007,0.0,0.0,0.0,0.0,0.0,0.0,0.0,0.0,2
00-0034297,Byron Pringle,WR,KC,2020,7,0,0,0,0,0,0,0,0,0,13,17,160,1,0,0,0,0,0,0,0,28.0,41.0,,16.0,,0.0,,0.0,,0.0,,6.0,,0.0,,57.0,,70.0,,569.0,,4.0,,81.5,,138.5,,0.0,,0.0,,0.0,,0.0,0
00-0034297,Byron Pringle,WR,KC,2021,16,0,0,0,0,0,0,0,0,0,42,60,568,5,0,0,0,0,0,0,0,86.8,128.8,7.0,7.0,0.0,0.0,0.0,0.0,0.0,0.0,0.0,0.0,0.0,0.0,13.0,13.0,17.0,17.0,160.0,160.0,1.0,1.0,28.0,28.0,41.0,41.0,0.0,0.0,0.0,0.0,0.0,0.0,0.0,0.0,1
00-0034297,Byron Pringle,WR,CHI,2022,10,0,0,0,0,0,0,0,0,0,10,16,135,2,0,0,0,0,0,0,0,25.5,35.5,16.0,11.5,0.0,0.0,0.0,0.0,0.0,0.0,0.0,0.0,0.0,0.0,42.0,27.5,60.0,38.5,568.0,364.0,5.0,3.0,86.8,57.399999999999956,128.8,84.90000000000008,0.0,0.0,0.0,0.0,0.0,0.0,0.0,0.0,2
00-0034297,Byron Pringle,WR,WAS,2023,13,0,0,0,0,0,0,0,0,0,14,22,161,0,0,0,0,0,0,0,0,16.1,30.1,10.0,13.0,0.0,0.0,0.0,0.0,0.0,0.0,0.0,0.0,0.0,0.0,10.0,26.0,16.0,38.0,135.0,351.5,2.0,3.5,25.5,56.149999999999956,35.5,82.15000000000008,0.0,0.0,0.0,0.0,0.0,0.0,0.0,0.0,3
00-0034301,Darrel Williams,RB,KC,2020,13,0,0,0,0,0,39,169,1,0,18,26,116,0,0,0,0,0,0,0,0,36.5,54.5,,10.0,,0.0,,0.0,,0.0,,0.0,,0.0,,10.0,,16.0,,135.0,,2.0,,25.5,,35.5,,0.0,,0.0,,0.0,,0.0,0
00-0034301,Darrel Williams,RB,KC,2021,17,0,0,0,0,0,144,558,6,0,47,57,452,2,0,0,0,0,0,0,0,149.0,196.0,13.0,13.0,0.0,0.0,0.0,0.0,0.0,0.0,169.0,169.0,1.0,1.0,18.0,18.0,26.0,26.0,116.0,116.0,0.0,0.0,36.5,36.5,54.5,54.5,0.0,0.0,0.0,0.0,0.0,0.0,0.0,0.0,1
00-0034301,Darrel Williams,RB,ARI,2022,5,0,0,0,0,0,21,102,1,0,4,8,9,0,0,0,0,0,0,0,0,17.1,21.1,17.0,15.0,0.0,0.0,0.0,0.0,0.0,0.0,558.0,363.5,6.0,3.5,47.0,32.5,57.0,41.5,452.0,284.0,2.0,1.0,149.0,92.74999999999996,196.0,125.25000000000007,0.0,0.0,0.0,0.0,0.0,0.0,0.0,0.0,2
00-0034309,Chad Beebe,WR,MIN,2020,12,0,0,0,0,0,0,0,0,0,20,30,201,2,0,0,0,0,0,0,0,32.1,52.1,,17.0,,0.0,,0.0,,0.0,,558.0,,6.0,,47.0,,57.0,,452.0,,2.0,,149.0,,196.0,,0.0,,0.0,,0.0,,0.0,0
00-0034311,Johnny Stanton,RB,CLE,2021,3,0,0,0,0,0,3,5,0,0,2,2,7,1,0,0,0,0,0,0,0,7.2,9.2,,,,,,,,,,,,,,,,,,,,,,,,,,,,,,,,,0
00-0034317,Keith Kirkwood,WR,CAR,2020,1,0,0,0,0,0,0,0,0,0,1,2,13,0,0,0,0,0,0,0,0,1.3,2.3,,,,,,,,,,,,,,,,,,,,,,,,,,,,,,,,,0
00-0034317,Keith Kirkwood,WR,CAR,2021,3,0,0,0,0,0,0,0,0,0,3,7,17,0,0,0,0,0,0,0,0,1.7,4.7,1.0,1.0,0.0,0.0,0.0,0.0,0.0,0.0,0.0,0.0,0.0,0.0,1.0,1.0,2.0,2.0,13.0,13.0,0.0,0.0,1.3,1.3,2.3,2.3,0.0,0.0,0.0,0.0,0.0,0.0,0.0,0.0,1
00-0034317,Keith Kirkwood,WR,NO,2022,3,0,0,0,0,0,0,0,0,0,2,4,18,0,0,0,0,0,0,0,0,1.8,3.8,3.0,2.0,0.0,0.0,0.0,0.0,0.0,0.0,0.0,0.0,0.0,0.0,3.0,2.0,7.0,4.5,17.0,15.0,0.0,0.0,1.7,1.4999999999999574,4.7,3.500000000000071,0.0,0.0,0.0,0.0,0.0,0.0,0.0,0.0,2
00-0034317,Keith Kirkwood,WR,NO,2023,7,0,0,0,0,0,0,0,0,0,5,9,37,1,0,0,0,0,0,0,0,9.7,14.7,3.0,3.0,0.0,0.0,0.0,0.0,0.0,0.0,0.0,0.0,0.0,0.0,2.0,2.5,4.0,5.5,18.0,17.5,0.0,0.0,1.8,1.7499999999999574,3.8,4.250000000000071,0.0,0.0,0.0,0.0,0.0,0.0,0.0,0.0,3
00-0034319,Deon Yelder,TE,KC,2020,6,0,0,0,0,0,0,0,0,0,7,11,36,0,0,0,0,0,0,0,0,3.6,10.6,,3.0,,0.0,,0.0,,0.0,,0.0,,0.0,,2.0,,4.0,,18.0,,0.0,,1.8,,3.8,,0.0,,0.0,,0.0,,0.0,0
00-0034319,Deon Yelder,TE,TB,2021,1,0,0,0,0,0,0,0,0,0,1,1,0,0,0,0,0,0,0,0,0,0.0,1.0,6.0,6.0,0.0,0.0,0.0,0.0,0.0,0.0,0.0,0.0,0.0,0.0,7.0,7.0,11.0,11.0,36.0,36.0,0.0,0.0,3.6,3.6,10.6,10.6,0.0,0.0,0.0,0.0,0.0,0.0,0.0,0.0,1
00-0034331,Jaylen Samuels,RB,PIT,2020,9,0,0,0,0,0,9,28,0,0,9,14,46,0,0,0,0,0,0,0,0,7.4,16.4,,6.0,,0.0,,0.0,,0.0,,0.0,,0.0,,7.0,,11.0,,36.0,,0.0,,3.6,,10.6,,0.0,,0.0,,0.0,,0.0,0
00-0034331,Jaylen Samuels,RB,HOU,2021,3,0,0,0,0,0,5,9,0,0,3,4,14,0,0,0,0,0,0,0,0,2.3,5.3,9.0,9.0,0.0,0.0,0.0,0.0,0.0,0.0,28.0,28.0,0.0,0.0,9.0,9.0,14.0,14.0,46.0,46.0,0.0,0.0,7.4,7.4,16.4,16.4,0.0,0.0,0.0,0.0,0.0,0.0,0.0,0.0,1
00-0034339,Trey Quinn,WR,JAX,2020,1,0,0,0,0,0,0,0,0,0,0,0,0,0,0,0,0,0,0,0,0,0.0,0.0,,9.0,,0.0,,0.0,,0.0,,28.0,,0.0,,9.0,,14.0,,46.0,,0.0,,7.4,,16.4,,0.0,,0.0,,0.0,,0.0,0
00-0034343,Josh Rosen,QB,ATL,2021,3,2,11,19,0,2,0,0,0,0,0,0,0,0,0,0,0,0,0,0,0,-3.24,-3.24,,,,,,,,,,,,,,,,,,,,,,,,,,,,,,,,,0
00-0034348,Courtland Sutton,WR,DEN,2020,1,0,0,0,0,0,0,0,0,0,3,6,66,0,0,0,0,0,0,0,0,6.6,9.6,,,,,,,,,,,,,,,,,,,,,,,,,,,,,,,,,0
00-0034348,Courtland Sutton,WR,DEN,2021,17,1,1,16,0,0,0,0,0,0,58,98,776,2,0,0,0,0,0,0,0,92.24,150.24,1.0,1.0,0.0,0.0,0.0,0.0,0.0,0.0,0.0,0.0,0.0,0.0,3.0,3.0,6.0,6.0,66.0,66.0,0.0,0.0,6.6,6.6,9.6,9.6,0.0,0.0,0.0,0.0,0.0,0.0,0.0,0.0,1
00-0034348,Courtland Sutton,WR,DEN,2022,15,0,0,0,0,0,1,5,0,0,64,109,829,2,0,0,0,0,0,0,0,95.4,159.4,17.0,9.0,16.0,8.0,0.0,0.0,0.0,0.0,0.0,0.0,0.0,0.0,58.0,30.5,98.0,52.0,776.0,421.0,2.0,1.0,92.24,49.41999999999995,150.24,79.92000000000007,0.0,0.0,0.0,0.0,0.0,0.0,0.0,0.0,2
00-0034348,Courtland Sutton,WR,DEN,2023,16,0,0,0,0,0,0,0,0,0,59,90,772,10,3,0,0,0,0,0,0,131.2,190.2,15.0,16.0,0.0,8.0,0.0,0.0,0.0,0.0,5.0,2.5,0.0,0.0,64.0,61.0,109.0,103.5,829.0,802.5,2.0,2.0,95.4,93.81999999999996,159.4,154.82000000000008,0.0,0.0,0.0,0.0,0.0,0.0,0.0,0.0,3
00-0034348,Courtland Sutton,WR,DEN,2024,16,2,2,30,1,0,0,0,0,0,81,135,1081,8,1,0,0,0,0,0,0,159.3,240.3,16.0,15.5,0.0,0.0,0.0,0.0,0.0,0.0,0.0,2.5,0.0,0.0,59.0,61.5,90.0,99.5,772.0,800.5,10.0,6.0,131.2,113.29999999999995,190.2,174.80000000000007,0.0,0.0,0.0,0.0,0.0,0.0,0.0,0.0,4
00-0034348,Courtland Sutton,WR,DEN,2025,17,0,0,0,0,0,0,0,0,0,74,124,1017,7,0,0,0,0,0,0,0,145.7,219.7,16.0,16.0,30.0,15.0,1.0,0.5,0.0,0.0,0.0,0.0,0.0,0.0,81.0,70.0,135.0,112.5,1081.0,926.5,8.0,9.0,159.3,145.24999999999994,240.3,215.25000000000006,0.0,0.0,0.0,0.0,0.0,0.0,0.0,0.0,5
00-0034349,Kerryon Johnson,RB,DET,2020,14,0,0,0,0,0,52,181,2,1,19,26,187,1,0,0,0,0,0,0,0,52.8,71.8,,16.0,,30.0,,1.0,,0.0,,0.0,,0.0,,81.0,,135.0,,1081.0,,8.0,,159.3,,240.3,,0.0,,0.0,,0.0,,0.0,0
00-0034351,Dallas Goedert,TE,PHI,2020,11,0,0,0,0,0,0,0,0,0,46,65,524,3,0,0,0,0,0,0,0,70.4,116.4,,,,,,,,,,,,,,,,,,,,,,,,,,,,,,,,,0
00-0034351,Dallas Goedert,TE,PHI,2021,15,0,0,0,0,0,0,0,0,0,56,76,830,4,0,0,0,0,0,0,0,109.0,165.0,11.0,11.0,0.0,0.0,0.0,0.0,0.0,0.0,0.0,0.0,0.0,0.0,46.0,46.0,65.0,65.0,524.0,524.0,3.0,3.0,70.4,70.4,116.4,116.4,0.0,0.0,0.0,0.0,0.0,0.0,0.0,0.0,1
00-0034351,Dallas Goedert,TE,PHI,2022,12,0,0,0,0,0,0,0,0,0,55,69,702,3,1,0,0,0,0,0,0,86.2,141.2,15.0,13.0,0.0,0.0,0.0,0.0,0.0,0.0,0.0,0.0,0.0,0.0,56.0,51.0,76.0,70.5,830.0,677.0,4.0,3.5,109.0,89.69999999999996,165.0,140.70000000000007,0.0,0.0,0.0,0.0,0.0,0.0,0.0,0.0,2
00-0034351,Dallas Goedert,TE,PHI,2023,14,0,0,0,0,0,1,1,0,0,59,83,592,3,0,0,0,0,0,0,0,77.3,136.3,12.0,13.5,0.0,0.0,0.0,0.0,0.0,0.0,0.0,0.0,0.0,0.0,55.0,55.5,69.0,72.5,702.0,766.0,3.0,3.5,86.2,97.59999999999997,141.2,153.10000000000008,0.0,0.0,0.0,0.0,0.0,0.0,0.0,0.0,3
00-0034351,Dallas Goedert,TE,PHI,2024,10,0,0,0,0,0,0,0,0,0,42,52,496,2,0,0,0,0,0,0,0,61.6,103.6,14.0,13.0,0.0,0.0,0.0,0.0,0.0,0.0,1.0,0.5,0.0,0.0,59.0,57.0,83.0,76.0,592.0,647.0,3.0,3.0,77.3,81.74999999999996,136.3,138.75000000000006,0.0,0.0,0.0,0.0,0.0,0.0,0.0,0.0,4
00-0034351,Dallas Goedert,TE,PHI,2025,15,0,0,0,0,0,0,0,0,0,60,82,591,11,0,0,0,0,0,0,0,125.1,185.1,10.0,12.0,0.0,0.0,0.0,0.0,0.0,0.0,0.0,0.5,0.0,0.0,42.0,50.5,52.0,67.5,496.0,544.0,2.0,2.5,61.6,69.44999999999996,103.6,119.95000000000007,0.0,0.0,0.0,0.0,0.0,0.0,0.0,0.0,5
00-0034353,Anthony Miller,WR,CHI,2020,16,0,0,0,0,0,2,12,0,0,49,76,485,2,1,0,0,0,0,0,0,59.7,108.7,,10.0,,0.0,,0.0,,0.0,,0.0,,0.0,,42.0,,52.0,,496.0,,2.0,,61.6,,103.6,,0.0,,0.0,,0.0,,0.0,0
00-0034353,Anthony Miller,WR,PIT,2021,3,0,0,0,0,0,0,0,0,0,6,12,25,1,0,0,0,0,0,0,0,8.5,14.5,16.0,16.0,0.0,0.0,0.0,0.0,0.0,0.0,12.0,12.0,0.0,0.0,49.0,49.0,76.0,76.0,485.0,485.0,2.0,2.0,59.7,59.7,108.7,108.7,0.0,0.0,0.0,0.0,0.0,0.0,0.0,0.0,1
00-0034353,Anthony Miller,WR,BAL,2024,1,0,0,0,0,0,0,0,0,0,1,1,16,0,0,0,0,0,0,0,0,1.6,2.6,3.0,9.5,0.0,0.0,0.0,0.0,0.0,0.0,0.0,6.0,0.0,0.0,6.0,27.5,12.0,44.0,25.0,255.0,1.0,1.5,8.5,34.09999999999996,14.5,61.60000000000007,0.0,0.0,0.0,0.0,0.0,0.0,0.0,0.0,2
00-0034364,Jordan Akins,TE,HOU,2020,13,0,0,0,0,0,1,4,0,0,37,49,403,1,0,0,0,0,0,0,0,46.7,83.7,,3.0,,0.0,,0.0,,0.0,,0.0,,0.0,,6.0,,12.0,,25.0,,1.0,,8.5,,14.5,,0.0,,0.0,,0.0,,0.0,0
00-0034364,Jordan Akins,TE,HOU,2021,12,0,0,0,0,0,1,3,0,0,24,33,214,0,2,0,0,0,0,0,0,17.7,41.7,13.0,13.0,0.0,0.0,0.0,0.0,0.0,0.0,4.0,4.0,0.0,0.0,37.0,37.0,49.0,49.0,403.0,403.0,1.0,1.0,46.7,46.7,83.7,83.7,0.0,0.0,0.0,0.0,0.0,0.0,0.0,0.0,1
00-0034364,Jordan Akins,TE,HOU,2022,15,0,0,0,0,0,0,0,0,0,37,54,495,5,1,0,0,0,0,0,0,79.5,116.5,12.0,12.5,0.0,0.0,0.0,0.0,0.0,0.0,3.0,3.5,0.0,0.0,24.0,30.5,33.0,41.0,214.0,308.5,0.0,0.5,17.7,32.19999999999996,41.7,62.700000000000074,0.0,0.0,0.0,0.0,0.0,0.0,0.0,0.0,2
00-0034364,Jordan Akins,TE,CLE,2023,13,0,0,0,0,0,0,0,0,0,15,23,132,0,0,0,0,0,0,0,0,13.2,28.2,15.0,13.5,0.0,0.0,0.0,0.0,0.0,0.0,0.0,1.5,0.0,0.0,37.0,30.5,54.0,43.5,495.0,354.5,5.0,2.5,79.5,48.59999999999996,116.5,79.10000000000008,0.0,0.0,0.0,0.0,0.0,0.0,0.0,0.0,3
00-0034364,Jordan Akins,TE,CLE,2024,16,0,0,0,0,0,0,0,0,0,40,58,390,2,0,0,0,0,0,0,0,51.0,91.0,13.0,14.0,0.0,0.0,0.0,0.0,0.0,0.0,0.0,0.0,0.0,0.0,15.0,26.0,23.0,38.5,132.0,313.5,0.0,2.5,13.2,46.34999999999996,28.2,72.35000000000007,0.0,0.0,0.0,0.0,0.0,0.0,0.0,0.0,4
00-0034365,Ian Thomas,TE,CAR,2020,13,0,0,0,0,0,0,0,0,0,20,31,145,1,0,0,0,0,0,0,0,20.5,40.5,,13.0,,0.0,,0.0,,0.0,,0.0,,0.0,,15.0,,23.0,,132.0,,0.0,,13.2,,28.2,,0.0,,0.0,,0.0,,0.0,0
00-0034365,Ian Thomas,TE,CAR,2021,14,0,0,0,0,0,0,0,0,0,18,30,188,0,0,0,0,0,0,0,0,18.8,36.8,13.0,13.0,0.0,0.0,0.0,0.0,0.0,0.0,0.0,0.0,0.0,0.0,20.0,20.0,31.0,31.0,145.0,145.0,1.0,1.0,20.5,20.5,40.5,40.5,0.0,0.0,0.0,0.0,0.0,0.0,0.0,0.0,1
00-0034365,Ian Thomas,TE,CAR,2022,13,0,0,0,0,0,0,0,0,0,21,30,197,0,0,0,0,0,0,0,0,19.7,40.7,14.0,13.5,0.0,0.0,0.0,0.0,0.0,0.0,0.0,0.0,0.0,0.0,18.0,19.0,30.0,30.5,188.0,166.5,0.0,0.5,18.8,19.649999999999956,36.8,38.65000000000007,0.0,0.0,0.0,0.0,0.0,0.0,0.0,0.0,2
00-0034365,Ian Thomas,TE,CAR,2023,8,0,0,0,0,0,0,0,0,0,5,9,56,0,0,0,0,0,0,0,0,5.6,10.6,13.0,13.5,0.0,0.0,0.0,0.0,0.0,0.0,0.0,0.0,0.0,0.0,21.0,19.5,30.0,30.0,197.0,192.5,0.0,0.0,19.7,19.249999999999957,40.7,38.75000000000007,0.0,0.0,0.0,0.0,0.0,0.0,0.0,0.0,3
00-0034365,Ian Thomas,TE,CAR,2024,3,0,0,0,0,0,0,0,0,0,3,6,7,0,0,0,0,0,0,0,0,0.7,3.7,8.0,10.5,0.0,0.0,0.0,0.0,0.0,0.0,0.0,0.0,0.0,0.0,5.0,13.0,9.0,19.5,56.0,126.5,0.0,0.0,5.6,12.649999999999956,10.6,25.650000000000073,0.0,0.0,0.0,0.0,0.0,0.0,0.0,0.0,4
00-0034365,Ian Thomas,TE,LV,2025,9,0,0,0,0,0,0,0,0,0,13,13,114,0,0,0,0,0,0,0,0,11.4,24.4,3.0,5.5,0.0,0.0,0.0,0.0,0.0,0.0,0.0,0.0,0.0,0.0,3.0,4.0,6.0,7.5,7.0,31.5,0.0,0.0,0.7,3.1499999999999573,3.7,7.150000000000071,0.0,0.0,0.0,0.0,0.0,0.0,0.0,0.0,5
00-0034366,Keke Coutee,WR,HOU,2020,8,0,0,0,0,0,0,0,0,0,33,40,400,3,2,0,0,0,0,0,0,56.0,89.0,,3.0,,0.0,,0.0,,0.0,,0.0,,0.0,,3.0,,6.0,,7.0,,0.0,,0.7,,3.7,,0.0,,0.0,,0.0,,0.0,0
00-0034366,Keke Coutee,WR,IND,2021,1,0,0,0,0,0,0,0,0,0,1,1,5,0,0,0,0,0,0,0,0,0.5,1.5,8.0,8.0,0.0,0.0,0.0,0.0,0.0,0.0,0.0,0.0,0.0,0.0,33.0,33.0,40.0,40.0,400.0,400.0,3.0,3.0,56.0,56.0,89.0,89.0,0.0,0.0,0.0,0.0,0.0,0.0,0.0,0.0,1
00-0034366,Keke Coutee,WR,IND,2022,7,0,0,0,0,0,0,0,0,0,1,1,20,0,1,0,0,0,0,0,0,0.0,1.0,1.0,4.5,0.0,0.0,0.0,0.0,0.0,0.0,0.0,0.0,0.0,0.0,1.0,17.0,1.0,20.5,5.0,202.5,0.0,1.5,0.5,28.249999999999957,1.5,45.25000000000007,0.0,0.0,0.0,0.0,0.0,0.0,0.0,0.0,2
00-0034367,Nyheim Hines,RB,IND,2020,16,0,0,0,0,0,89,380,3,0,63,76,482,4,0,0,0,0,0,0,0,130.2,193.2,,1.0,,0.0,,0.0,,0.0,,0.0,,0.0,,1.0,,1.0,,5.0,,0.0,,0.5,,1.5,,0.0,,0.0,,0.0,,0.0,0
00-0034367,Nyheim Hines,RB,IND,2021,17,0,0,0,0,0,56,276,2,0,40,57,310,1,0,0,0,0,0,0,0,76.6,116.6,16.0,16.0,0.0,0.0,0.0,0.0,0.0,0.0,380.0,380.0,3.0,3.0,63.0,63.0,76.0,76.0,482.0,482.0,4.0,4.0,130.2,130.2,193.2,193.2,0.0,0.0,0.0,0.0,0.0,0.0,0.0,0.0,1
00-0034367,Nyheim Hines,RB,BUF,2022,16,0,0,0,0,0,24,33,1,0,30,37,241,1,0,0,0,0,0,0,0,51.4,81.4,17.0,16.5,0.0,0.0,0.0,0.0,0.0,0.0,276.0,328.0,2.0,2.5,40.0,51.5,57.0,66.5,310.0,396.0,1.0,2.5,76.6,103.39999999999995,116.6,154.90000000000006,0.0,0.0,0.0,0.0,0.0,0.0,0.0,0.0,2
00-0034367,Nyheim Hines,RB,NO,2025,4,0,0,0,0,0,2,-2,0,0,0,0,0,0,0,0,0,0,0,0,0,-0.2,-0.2,16.0,16.5,0.0,0.0,0.0,0.0,0.0,0.0,33.0,154.5,1.0,1.5,30.0,35.0,37.0,47.0,241.0,275.5,1.0,1.0,51.4,63.99999999999996,81.4,99.00000000000007,0.0,0.0,0.0,0.0,0.0,0.0,0.0,0.0,3
00-0034370,DaeSean Hamilton,WR,DEN,2020,12,0,0,0,0,0,0,0,0,0,23,44,293,2,1,0,0,0,0,0,0,39.3,62.3,,16.0,,0.0,,0.0,,0.0,,33.0,,1.0,,30.0,,37.0,,241.0,,1.0,,51.4,,81.4,,0.0,,0.0,,0.0,,0.0,0
00-0034378,Ito Smith,RB,ATL,2020,14,0,0,0,0,0,63,268,1,0,17,26,75,0,0,0,0,0,0,0,0,40.3,57.3,,,,,,,,,,,,,,,,,,,,,,,,,,,,,,,,,0
00-0034378,Ito Smith,RB,DAL,2021,1,0,0,0,0,0,1,4,1,0,0,0,0,0,0,0,0,0,0,0,0,6.4,6.4,14.0,14.0,0.0,0.0,0.0,0.0,0.0,0.0,268.0,268.0,1.0,1.0,17.0,17.0,26.0,26.0,75.0,75.0,0.0,0.0,40.3,40.3,57.3,57.3,0.0,0.0,0.0,0.0,0.0,0.0,0.0,0.0,1
00-0034383,Dalton Schultz,TE,DAL,2020,16,0,0,0,0,0,0,0,0,0,63,89,615,4,1,0,0,0,0,0,0,83.5,146.5,,14.0,,0.0,,0.0,,0.0,,268.0,,1.0,,17.0,,26.0,,75.0,,0.0,,40.3,,57.3,,0.0,,0.0,,0.0,,0.0,0
00-0034383,Dalton Schultz,TE,DAL,2021,17,0,0,0,0,0,0,0,0,0,78,104,808,8,0,0,0,0,0,0,0,130.8,208.8,16.0,16.0,0.0,0.0,0.0,0.0,0.0,0.0,0.0,0.0,0.0,0.0,63.0,63.0,89.0,89.0,615.0,615.0,4.0,4.0,83.5,83.5,146.5,146.5,0.0,0.0,0.0,0.0,0.0,0.0,0.0,0.0,1
00-0034383,Dalton Schultz,TE,DAL,2022,15,0,0,0,0,0,0,0,0,0,57,89,577,5,1,0,0,0,0,0,0,85.7,142.7,17.0,16.5,0.0,0.0,0.0,0.0,0.0,0.0,0.0,0.0,0.0,0.0,78.0,70.5,104.0,96.5,808.0,711.5,8.0,6.0,130.8,107.14999999999996,208.8,177.6500000000001,0.0,0.0,0.0,0.0,0.0,0.0,0.0,0.0,2
00-0034383,Dalton Schultz,TE,HOU,2023,15,0,0,0,0,0,0,0,0,0,59,88,635,5,1,0,0,0,0,0,0,91.5,150.5,15.0,16.0,0.0,0.0,0.0,0.0,0.0,0.0,0.0,0.0,0.0,0.0,57.0,67.5,89.0,96.5,577.0,692.5,5.0,6.5,85.7,108.24999999999997,142.7,175.75000000000006,0.0,0.0,0.0,0.0,0.0,0.0,0.0,0.0,3
00-0034383,Dalton Schultz,TE,HOU,2024,17,0,0,0,0,0,0,0,0,0,53,85,532,2,0,0,0,0,0,0,0,65.2,118.2,15.0,15.0,0.0,0.0,0.0,0.0,0.0,0.0,0.0,0.0,0.0,0.0,59.0,58.0,88.0,88.5,635.0,606.0,5.0,5.0,91.5,88.59999999999997,150.5,146.60000000000008,0.0,0.0,0.0,0.0,0.0,0.0,0.0,0.0,4
00-0034383,Dalton Schultz,TE,HOU,2025,17,0,0,0,0,0,0,0,0,0,82,106,777,3,0,0,0,0,0,0,0,95.7,177.7,17.0,16.0,0.0,0.0,0.0,0.0,0.0,0.0,0.0,0.0,0.0,0.0,53.0,56.0,85.0,86.5,532.0,583.5,2.0,3.5,65.2,78.34999999999997,118.2,134.35000000000008,0.0,0.0,0.0,0.0,0.0,0.0,0.0,0.0,5
00-0034386,Justin Watson,WR,TB,2020,7,0,0,0,0,0,0,0,0,0,7,11,94,0,0,0,0,0,0,0,0,9.4,16.4,,17.0,,0.0,,0.0,,0.0,,0.0,,0.0,,53.0,,85.0,,532.0,,2.0,,65.2,,118.2,,0.0,,0.0,,0.0,,0.0,0
00-0034386,Justin Watson,WR,KC,2022,17,0,0,0,0,0,0,0,0,0,15,34,315,2,0,0,0,0,0,0,0,43.5,58.5,7.0,7.0,0.0,0.0,0.0,0.0,0.0,0.0,0.0,0.0,0.0,0.0,7.0,7.0,11.0,11.0,94.0,94.0,0.0,0.0,9.4,9.4,16.4,16.4,0.0,0.0,0.0,0.0,0.0,0.0,0.0,0.0,1
00-0034386,Justin Watson,WR,KC,2023,15,0,0,0,0,0,0,0,0,0,27,53,460,3,1,0,0,0,0,0,0,62.0,89.0,17.0,12.0,0.0,0.0,0.0,0.0,0.0,0.0,0.0,0.0,0.0,0.0,15.0,11.0,34.0,22.5,315.0,204.5,2.0,1.0,43.5,26.449999999999957,58.5,37.450000000000074,0.0,0.0,0.0,0.0,0.0,0.0,0.0,0.0,2
00-0034386,Justin Watson,WR,KC,2024,15,0,0,0,0,0,0,0,0,0,22,32,289,2,0,0,0,0,0,0,0,40.9,62.9,15.0,16.0,0.0,0.0,0.0,0.0,0.0,0.0,0.0,0.0,0.0,0.0,27.0,21.0,53.0,43.5,460.0,387.5,3.0,2.5,62.0,52.74999999999996,89.0,73.75000000000007,0.0,0.0,0.0,0.0,0.0,0.0,0.0,0.0,3
00-0034386,Justin Watson,WR,HOU,2025,3,0,0,0,0,0,0,0,0,0,3,4,30,0,0,0,0,0,0,0,0,3.0,6.0,15.0,15.0,0.0,0.0,0.0,0.0,0.0,0.0,0.0,0.0,0.0,0.0,22.0,24.5,32.0,42.5,289.0,374.5,2.0,2.5,40.9,51.44999999999996,62.9,75.95000000000007,0.0,0.0,0.0,0.0,0.0,0.0,0.0,0.0,4
00-0034393,Troy Fumagalli,TE,DEN,2020,7,0,0,0,0,0,0,0,0,0,8,15,80,1,0,0,0,0,0,0,0,14.0,22.0,,15.0,,0.0,,0.0,,0.0,,0.0,,0.0,,22.0,,32.0,,289.0,,2.0,,40.9,,62.9,,0.0,,0.0,,0.0,,0.0,0
00-0034395,Daurice Fountain,WR,IND,2020,2,0,0,0,0,0,0,0,0,0,2,3,23,0,0,0,0,0,0,0,0,2.3,4.3,,,,,,,,,,,,,,,,,,,,,,,,,,,,,,,,,0
00-0034395,Daurice Fountain,WR,KC,2021,1,0,0,0,0,0,0,0,0,0,0,0,0,0,0,0,0,0,0,0,0,0.0,0.0,2.0,2.0,0.0,0.0,0.0,0.0,0.0,0.0,0.0,0.0,0.0,0.0,2.0,2.0,3.0,3.0,23.0,23.0,0.0,0.0,2.3,2.3,4.3,4.3,0.0,0.0,0.0,0.0,0.0,0.0,0.0,0.0,1
00-0034400,Jordan Wilkins,RB,IND,2020,13,0,0,0,0,0,84,308,1,0,12,16,105,0,0,0,0,0,0,0,0,49.3,61.3,,2.0,,0.0,,0.0,,0.0,,0.0,,0.0,,2.0,,3.0,,23.0,,0.0,,2.3,,4.3,,0.0,,0.0,,0.0,,0.0,0
00-0034400,Jordan Wilkins,RB,TEN,2021,2,0,0,0,0,0,0,0,0,0,0,0,0,0,0,0,0,0,0,0,0,0.0,0.0,13.0,13.0,0.0,0.0,0.0,0.0,0.0,0.0,308.0,308.0,1.0,1.0,12.0,12.0,16.0,16.0,105.0,105.0,0.0,0.0,49.3,49.3,61.3,61.3,0.0,0.0,0.0,0.0,0.0,0.0,0.0,0.0,1
00-0034400,Jordan Wilkins,RB,IND,2022,4,0,0,0,0,0,13,58,0,0,6,8,29,0,0,0,0,0,0,0,0,8.7,14.7,2.0,7.5,0.0,0.0,0.0,0.0,0.0,0.0,0.0,154.0,0.0,0.5,0.0,6.0,0.0,8.0,0.0,52.5,0.0,0.0,0.0,24.649999999999956,0.0,30.65000000000007,0.0,0.0,0.0,0.0,0.0,0.0,0.0,0.0,2
00-0034401,Mike White,QB,NYJ,2021,4,88,132,953,5,8,5,-1,0,0,0,0,0,0,0,0,0,0,0,0,0,44.02,44.02,,2.0,,0.0,,0.0,,0.0,,0.0,,0.0,,0.0,,0.0,,0.0,,0.0,,0.0,,0.0,,0.0,,0.0,,0.0,,0.0,0
00-0034401,Mike White,QB,NYJ,2022,4,103,175,1192,3,4,6,9,1,0,0,0,0,0,0,0,0,0,0,0,0,56.58,56.58,4.0,4.0,953.0,953.0,5.0,5.0,8.0,8.0,-1.0,-1.0,0.0,0.0,0.0,0.0,0.0,0.0,0.0,0.0,0.0,0.0,44.02,44.02,44.02,44.02,0.0,0.0,0.0,0.0,0.0,0.0,0.0,0.0,1
00-0034401,Mike White,QB,MIA,2023,6,5,6,74,1,1,8,-9,0,1,0,0,0,0,0,0,0,0,0,0,0,2.06,2.06,4.0,4.0,1192.0,1072.5,3.0,4.0,4.0,6.0,9.0,4.0,1.0,0.5,0.0,0.0,0.0,0.0,0.0,0.0,0.0,0.0,56.58,50.299999999999955,56.58,50.30000000000007,0.0,0.0,0.0,0.0,0.0,0.0,0.0,0.0,2
00-0034401,Mike White,QB,BUF,2024,1,3,11,28,0,0,0,0,0,0,0,0,0,0,0,0,0,0,0,0,0,1.12,1.12,6.0,5.0,74.0,633.0,1.0,2.0,1.0,2.5,-9.0,0.0,0.0,0.5,0.0,0.0,0.0,0.0,0.0,0.0,0.0,0.0,2.06,29.319999999999958,2.06,29.32000000000007,0.0,0.0,0.0,0.0,0.0,0.0,0.0,0.0,3
00-0034407,Ray-Ray McCloud,WR,PIT,2020,16,0,0,0,0,0,4,65,0,0,20,22,77,0,0,0,0,0,0,0,0,14.2,34.2,,6.0,,74.0,,1.0,,1.0,,-9.0,,0.0,,0.0,,0.0,,0.0,,0.0,,2.06,,2.06,,0.0,,0.0,,0.0,,0.0,0
00-0034407,Ray-Ray McCloud,WR,PIT,2021,16,0,0,0,0,0,2,15,0,0,39,66,277,0,0,0,0,0,0,0,0,29.2,68.2,16.0,16.0,0.0,0.0,0.0,0.0,0.0,0.0,65.0,65.0,0.0,0.0,20.0,20.0,22.0,22.0,77.0,77.0,0.0,0.0,14.2,14.2,34.2,34.2,0.0,0.0,0.0,0.0,0.0,0.0,0.0,0.0,1
00-0034407,Ray-Ray McCloud,WR,SF,2022,17,0,0,0,0,0,4,78,1,0,14,25,243,1,0,0,0,0,0,0,0,44.1,58.1,16.0,16.0,0.0,0.0,0.0,0.0,0.0,0.0,15.0,40.0,0.0,0.0,39.0,29.5,66.0,44.0,277.0,177.0,0.0,0.0,29.2,21.699999999999957,68.2,51.200000000000074,0.0,0.0,0.0,0.0,0.0,0.0,0.0,0.0,2
00-0034407,Ray-Ray McCloud,WR,SF,2023,12,0,0,0,0,0,3,30,0,0,12,15,135,0,0,0,0,0,0,0,0,16.5,28.5,17.0,16.5,0.0,0.0,0.0,0.0,0.0,0.0,78.0,46.5,1.0,0.5,14.0,26.5,25.0,45.5,243.0,260.0,1.0,0.5,44.1,36.649999999999956,58.1,63.15000000000008,0.0,0.0,0.0,0.0,0.0,0.0,0.0,0.0,3
00-0034407,Ray-Ray McCloud,WR,ATL,2024,17,0,0,0,0,0,10,79,0,0,62,87,686,1,1,0,0,0,0,0,0,80.5,142.5,12.0,14.5,0.0,0.0,0.0,0.0,0.0,0.0,30.0,54.0,0.0,0.5,12.0,13.0,15.0,20.0,135.0,189.0,0.0,0.5,16.5,30.299999999999958,28.5,43.30000000000007,0.0,0.0,0.0,0.0,0.0,0.0,0.0,0.0,4
00-0034407,Ray-Ray McCloud,WR,NYG,2025,6,0,0,0,0,0,0,0,0,0,7,15,69,0,0,0,0,0,0,0,0,6.9,13.9,17.0,14.5,0.0,0.0,0.0,0.0,0.0,0.0,79.0,54.5,0.0,0.0,62.0,37.0,87.0,51.0,686.0,410.5,1.0,0.5,80.5,48.49999999999996,142.5,85.50000000000007,0.0,0.0,0.0,0.0,0.0,0.0,0.0,0.0,5
00-0034411,Russell Gage,WR,ATL,2020,16,1,2,39,1,0,2,9,0,0,72,109,786,4,0,0,0,0,0,0,0,109.06,181.06,,17.0,,0.0,,0.0,,0.0,,79.0,,0.0,,62.0,,87.0,,686.0,,1.0,,80.5,,142.5,,0.0,,0.0,,0.0,,0.0,0
00-0034411,Russell Gage,WR,ATL,2021,13,0,0,0,0,0,0,0,0,0,66,94,770,4,2,0,0,0,0,0,0,97.0,163.0,16.0,16.0,39.0,39.0,1.0,1.0,0.0,0.0,9.0,9.0,0.0,0.0,72.0,72.0,109.0,109.0,786.0,786.0,4.0,4.0,109.06,109.06,181.06,181.06,0.0,0.0,0.0,0.0,0.0,0.0,0.0,0.0,1
00-0034411,Russell Gage,WR,TB,2022,13,0,0,0,0,0,0,0,0,0,51,70,426,5,1,0,0,0,0,0,0,72.6,123.6,13.0,14.5,0.0,19.5,0.0,0.5,0.0,0.0,0.0,4.5,0.0,0.0,66.0,69.0,94.0,101.5,770.0,778.0,4.0,4.0,97.0,103.02999999999996,163.0,172.0300000000001,0.0,0.0,0.0,0.0,0.0,0.0,0.0,0.0,2
00-0034414,Boston Scott,RB,PHI,2020,16,0,0,0,0,0,80,374,1,0,25,36,212,1,0,0,0,0,0,0,0,70.6,95.6,,13.0,,0.0,,0.0,,0.0,,0.0,,0.0,,66.0,,94.0,,770.0,,4.0,,97.0,,163.0,,0.0,,0.0,,0.0,,0.0,0
00-0034414,Boston Scott,RB,PHI,2021,11,0,0,0,0,0,87,373,7,1,13,16,83,0,0,0,0,0,0,0,0,85.6,98.6,16.0,16.0,0.0,0.0,0.0,0.0,0.0,0.0,374.0,374.0,1.0,1.0,25.0,25.0,36.0,36.0,212.0,212.0,1.0,1.0,70.6,70.6,95.6,95.6,0.0,0.0,0.0,0.0,0.0,0.0,0.0,0.0,1
00-0034414,Boston Scott,RB,PHI,2022,15,0,0,0,0,0,54,217,3,0,5,6,15,0,0,0,0,0,0,0,0,41.2,46.2,11.0,13.5,0.0,0.0,0.0,0.0,0.0,0.0,373.0,373.5,7.0,4.0,13.0,19.0,16.0,26.0,83.0,147.5,0.0,0.5,85.6,78.09999999999995,98.6,97.10000000000007,0.0,0.0,0.0,0.0,0.0,0.0,0.0,0.0,2
00-0034414,Boston Scott,RB,PHI,2023,12,0,0,0,0,0,20,86,0,0,4,6,52,0,0,0,0,0,0,0,0,13.8,17.8,15.0,13.0,0.0,0.0,0.0,0.0,0.0,0.0,217.0,295.0,3.0,5.0,5.0,9.0,6.0,11.0,15.0,49.0,0.0,0.0,41.2,63.399999999999956,46.2,72.40000000000006,0.0,0.0,0.0,0.0,0.0,0.0,0.0,0.0,3
00-0034418,Cedrick Wilson Jr.,WR,DAL,2020,13,2,2,23,1,0,3,-12,0,0,17,28,189,2,0,0,0,0,0,0,0,34.62,51.62,,15.0,,0.0,,0.0,,0.0,,217.0,,3.0,,5.0,,6.0,,15.0,,0.0,,41.2,,46.2,,0.0,,0.0,,0.0,,0.0,0
00-0034418,Cedrick Wilson Jr.,WR,DAL,2021,14,3,3,88,0,0,2,11,0,0,45,61,602,6,0,0,0,0,0,0,0,102.82,147.82,13.0,13.0,23.0,23.0,1.0,1.0,0.0,0.0,-12.0,-12.0,0.0,0.0,17.0,17.0,28.0,28.0,189.0,189.0,2.0,2.0,34.62,34.62,51.62,51.62,0.0,0.0,0.0,0.0,0.0,0.0,0.0,0.0,1
00-0034418,Cedrick Wilson Jr.,WR,MIA,2022,13,0,0,0,0,0,1,8,0,0,12,18,136,0,0,0,0,0,0,0,0,14.4,26.4,14.0,13.5,88.0,55.5,0.0,0.5,0.0,0.0,11.0,-0.5,0.0,0.0,45.0,31.0,61.0,44.5,602.0,395.5,6.0,4.0,102.82,68.71999999999996,147.82,99.72000000000007,0.0,0.0,0.0,0.0,0.0,0.0,0.0,0.0,2
00-0034418,Cedrick Wilson Jr.,WR,MIA,2023,11,0,0,0,0,0,0,0,0,0,22,38,296,3,0,0,0,0,0,0,0,47.6,69.6,13.0,13.5,0.0,44.0,0.0,0.0,0.0,0.0,8.0,9.5,0.0,0.0,12.0,28.5,18.0,39.5,136.0,369.0,0.0,3.0,14.4,58.60999999999996,26.4,87.11000000000007,0.0,0.0,0.0,0.0,0.0,0.0,0.0,0.0,3
00-0034418,Cedrick Wilson Jr.,WR,NO,2024,13,1,1,21,1,0,0,0,0,0,20,27,211,1,0,0,0,0,0,0,0,31.94,51.94,11.0,12.0,0.0,0.0,0.0,0.0,0.0,0.0,0.0,4.0,0.0,0.0,22.0,17.0,38.0,28.0,296.0,216.0,3.0,1.5,47.6,30.999999999999957,69.6,48.00000000000007,0.0,0.0,0.0,0.0,0.0,0.0,0.0,0.0,4
00-0034418,Cedrick Wilson Jr.,WR,MIA,2025,6,0,0,0,0,0,0,0,0,0,5,9,44,0,0,0,0,0,0,0,0,4.4,9.4,13.0,12.0,21.0,10.5,1.0,0.5,0.0,0.0,0.0,0.0,0.0,0.0,20.0,21.0,27.0,32.5,211.0,253.5,1.0,2.0,31.94,39.76999999999996,51.94,60.77000000000007,0.0,0.0,0.0,0.0,0.0,0.0,0.0,0.0,5
00-0034419,Braxton Berrios,WR,NYJ,2020,16,0,0,0,0,0,3,29,0,0,37,55,394,3,0,0,0,0,0,0,0,60.3,97.3,,13.0,,21.0,,1.0,,0.0,,0.0,,0.0,,20.0,,27.0,,211.0,,1.0,,31.94,,51.94,,0.0,,0.0,,0.0,,0.0,0
00-0034419,Braxton Berrios,WR,NYJ,2021,16,0,0,0,0,0,7,40,2,0,46,65,431,2,1,0,0,0,0,0,0,75.1,121.1,16.0,16.0,0.0,0.0,0.0,0.0,0.0,0.0,29.0,29.0,0.0,0.0,37.0,37.0,55.0,55.0,394.0,394.0,3.0,3.0,60.3,60.3,97.3,97.3,0.0,0.0,0.0,0.0,0.0,0.0,0.0,0.0,1
00-0034419,Braxton Berrios,WR,NYJ,2022,17,1,1,2,1,0,9,91,2,0,18,32,145,0,0,0,0,0,0,0,0,39.68,57.68,16.0,16.0,0.0,0.0,0.0,0.0,0.0,0.0,40.0,34.5,2.0,1.0,46.0,41.5,65.0,60.0,431.0,412.5,2.0,2.5,75.1,67.69999999999996,121.1,109.20000000000007,0.0,0.0,0.0,0.0,0.0,0.0,0.0,0.0,2
00-0034419,Braxton Berrios,WR,MIA,2023,16,0,0,0,0,0,1,11,0,0,27,33,238,1,0,0,0,0,0,0,0,30.9,57.9,17.0,16.5,2.0,1.0,1.0,0.5,0.0,0.0,91.0,65.5,2.0,2.0,18.0,32.0,32.0,48.5,145.0,288.0,0.0,1.0,39.68,57.38999999999996,57.68,89.39000000000007,0.0,0.0,0.0,0.0,0.0,0.0,0.0,0.0,3
00-0034419,Braxton Berrios,WR,MIA,2024,6,0,0,0,0,0,0,0,0,0,0,4,0,0,0,0,0,0,0,0,0,0.0,0.0,16.0,16.5,0.0,1.0,0.0,0.5,0.0,0.0,11.0,51.0,0.0,1.0,27.0,22.5,33.0,32.5,238.0,191.5,1.0,0.5,30.9,35.28999999999996,57.9,57.79000000000007,0.0,0.0,0.0,0.0,0.0,0.0,0.0,0.0,4
00-0034419,Braxton Berrios,WR,HOU,2025,4,0,0,0,0,0,0,0,0,0,6,8,37,0,0,0,0,0,0,0,0,3.7,9.7,6.0,11.0,0.0,0.0,0.0,0.0,0.0,0.0,0.0,5.5,0.0,0.0,0.0,13.5,4.0,18.5,0.0,119.0,0.0,0.5,0.0,15.449999999999957,0.0,28.95000000000007,0.0,0.0,0.0,0.0,0.0,0.0,0.0,0.0,5
00-0034426,Javon Wims,WR,CHI,2020,10,0,0,0,0,0,1,2,0,0,6,12,48,1,0,0,0,0,0,0,0,11.0,17.0,,6.0,,0.0,,0.0,,0.0,,0.0,,0.0,,0.0,,4.0,,0.0,,0.0,,0.0,,0.0,,0.0,,0.0,,0.0,,0.0,0
00-0034432,Bo Scarbrough,RB,SEA,2020,1,0,0,0,0,0,6,31,0,0,0,0,0,0,0,0,0,0,0,0,0,3.1,3.1,,,,,,,,,,,,,,,,,,,,,,,,,,,,,,,,,0
00-0034433,Nick Bawden,RB,NYJ,2021,1,0,0,0,0,0,0,0,0,0,1,1,20,0,0,0,0,0,0,0,0,2.0,3.0,,,,,,,,,,,,,,,,,,,,,,,,,,,,,,,,,0
00-0034433,Nick Bawden,RB,NYJ,2023,6,0,0,0,0,0,2,4,1,0,3,3,21,0,0,0,0,0,0,0,0,8.5,11.5,1.0,1.0,0.0,0.0,0.0,0.0,0.0,0.0,0.0,0.0,0.0,0.0,1.0,1.0,1.0,1.0,20.0,20.0,0.0,0.0,2.0,2.0,3.0,3.0,0.0,0.0,0.0,0.0,0.0,0.0,0.0,0.0,1
00-0034438,Logan Woodside,QB,TEN,2020,5,1,3,7,0,0,7,10,0,0,0,0,0,0,0,0,0,0,0,0,0,1.28,1.28,,1.0,,0.0,,0.0,,0.0,,0.0,,0.0,,1.0,,1.0,,20.0,,0.0,,2.0,,3.0,,0.0,,0.0,,0.0,,0.0,0
00-0034438,Logan Woodside,QB,TEN,2021,4,0,0,0,0,0,6,-6,0,0,0,0,0,0,0,0,0,0,0,0,0,-0.6,-0.6,5.0,5.0,7.0,7.0,0.0,0.0,0.0,0.0,10.0,10.0,0.0,0.0,0.0,0.0,0.0,0.0,0.0,0.0,0.0,0.0,1.28,1.28,1.28,1.28,0.0,0.0,0.0,0.0,0.0,0.0,0.0,0.0,1
00-0034438,Logan Woodside,QB,ATL,2023,1,3,4,27,0,1,1,6,0,0,0,0,0,0,0,0,0,0,0,0,0,-0.32,-0.32,4.0,4.5,0.0,3.5,0.0,0.0,0.0,0.0,-6.0,2.0,0.0,0.0,0.0,0.0,0.0,0.0,0.0,0.0,0.0,0.0,-0.6,0.3399999999999574,-0.6,0.3400000000000711,0.0,0.0,0.0,0.0,0.0,0.0,0.0,0.0,2
00-0034439,Ryan Izzo,TE,NE,2020,10,0,0,0,0,0,0,0,0,0,13,20,199,0,1,0,0,0,0,0,0,17.9,30.9,,4.0,,0.0,,0.0,,0.0,,-6.0,,0.0,,0.0,,0.0,,0.0,,0.0,,-0.6,,-0.6,,0.0,,0.0,,0.0,,0.0,0
00-0034440,Justin Jackson,RB,LAC,2020,8,0,0,0,0,0,59,270,0,0,19,24,173,0,0,0,0,0,0,0,0,46.3,65.3,,,,,,,,,,,,,,,,,,,,,,,,,,,,,,,,,0
00-0034440,Justin Jackson,RB,LAC,2021,14,0,0,0,0,0,68,364,2,1,22,25,178,0,0,0,0,0,0,0,0,64.2,86.2,8.0,8.0,0.0,0.0,0.0,0.0,0.0,0.0,270.0,270.0,0.0,0.0,19.0,19.0,24.0,24.0,173.0,173.0,0.0,0.0,46.3,46.3,65.3,65.3,0.0,0.0,0.0,0.0,0.0,0.0,0.0,0.0,1
00-0034440,Justin Jackson,RB,DET,2022,15,0,0,0,0,0,42,170,1,0,12,19,101,1,0,0,0,0,0,0,0,39.1,51.1,14.0,11.0,0.0,0.0,0.0,0.0,0.0,0.0,364.0,317.0,2.0,1.0,22.0,20.5,25.0,24.5,178.0,175.5,0.0,0.0,64.2,55.24999999999996,86.2,75.75000000000007,0.0,0.0,0.0,0.0,0.0,0.0,0.0,0.0,2
00-0034449,Buddy Howell,RB,HOU,2020,5,0,0,0,0,0,16,64,0,0,1,2,3,0,0,0,0,0,0,0,0,6.7,7.7,,14.0,,0.0,,0.0,,0.0,,364.0,,2.0,,22.0,,25.0,,178.0,,0.0,,64.2,,86.2,,0.0,,0.0,,0.0,,0.0,0
00-0034449,Buddy Howell,RB,LA,2021,5,0,0,0,0,0,5,11,0,0,0,0,0,0,0,0,0,0,0,0,0,1.1,1.1,5.0,5.0,0.0,0.0,0.0,0.0,0.0,0.0,64.0,64.0,0.0,0.0,1.0,1.0,2.0,2.0,3.0,3.0,0.0,0.0,6.7,6.7,7.7,7.7,0.0,0.0,0.0,0.0,0.0,0.0,0.0,0.0,1
00-0034450,Greg Joseph,K,MIN,2021,17,0,0,0,0,0,0,0,0,0,0,0,0,0,0,33,38,7,0,36,40,0.0,0.0,,5.0,,0.0,,0.0,,0.0,,64.0,,0.0,,1.0,,2.0,,3.0,,0.0,,6.7,,7.7,,0.0,,0.0,,0.0,,0.0,0
00-0034450,Greg Joseph,K,MIN,2022,17,0,0,0,0,0,0,0,0,0,0,0,0,0,0,26,33,3,1,40,46,0.0,0.0,17.0,17.0,0.0,0.0,0.0,0.0,0.0,0.0,0.0,0.0,0.0,0.0,0.0,0.0,0.0,0.0,0.0,0.0,0.0,0.0,0.0,0.0,0.0,0.0,33.0,33.0,38.0,38.0,36.0,36.0,40.0,40.0,1
00-0034450,Greg Joseph,K,MIN,2023,17,0,0,0,0,0,0,0,0,0,0,0,0,0,0,24,30,4,0,36,38,0.0,0.0,17.0,17.0,0.0,0.0,0.0,0.0,0.0,0.0,0.0,0.0,0.0,0.0,0.0,0.0,0.0,0.0,0.0,0.0,0.0,0.0,0.0,0.0,0.0,0.0,26.0,29.5,33.0,35.5,40.0,38.0,46.0,43.0,2
00-0034450,Greg Joseph,K,NYJ,2024,8,0,0,0,0,0,0,0,0,0,0,0,0,0,0,16,20,1,0,11,11,0.0,0.0,17.0,17.0,0.0,0.0,0.0,0.0,0.0,0.0,0.0,0.0,0.0,0.0,0.0,0.0,0.0,0.0,0.0,0.0,0.0,0.0,0.0,0.0,0.0,0.0,24.0,25.0,30.0,31.5,36.0,38.0,38.0,42.0,3
00-0034457,Josh Adams,RB,NYJ,2020,8,0,0,0,0,0,29,157,2,0,6,8,29,0,0,0,0,0,0,0,0,30.6,36.6,,17.0,,0.0,,0.0,,0.0,,0.0,,0.0,,0.0,,0.0,,0.0,,0.0,,0.0,,0.0,,24.0,,30.0,,36.0,,38.0,0
00-0034487,Trent Sherfield,WR,ARI,2020,9,0,0,0,0,0,0,0,0,0,5,7,50,0,0,0,0,0,0,0,0,5.0,10.0,,,,,,,,,,,,,,,,,,,,,,,,,,,,,,,,,0
00-0034487,Trent Sherfield,WR,SF,2021,12,0,0,0,0,0,0,0,0,0,9,20,87,1,0,0,0,0,0,0,0,14.7,23.7,9.0,9.0,0.0,0.0,0.0,0.0,0.0,0.0,0.0,0.0,0.0,0.0,5.0,5.0,7.0,7.0,50.0,50.0,0.0,0.0,5.0,5.0,10.0,10.0,0.0,0.0,0.0,0.0,0.0,0.0,0.0,0.0,1
00-0034487,Trent Sherfield,WR,MIA,2022,16,0,0,0,0,0,0,0,0,0,30,51,417,2,0,0,0,0,0,0,0,53.7,83.7,12.0,10.5,0.0,0.0,0.0,0.0,0.0,0.0,0.0,0.0,0.0,0.0,9.0,7.0,20.0,13.5,87.0,68.5,1.0,0.5,14.7,9.849999999999957,23.7,16.850000000000072,0.0,0.0,0.0,0.0,0.0,0.0,0.0,0.0,2
00-0034487,Trent Sherfield,WR,BUF,2023,11,0,0,0,0,0,0,0,0,0,11,22,86,1,0,0,0,0,0,0,0,14.6,25.6,16.0,14.0,0.0,0.0,0.0,0.0,0.0,0.0,0.0,0.0,0.0,0.0,30.0,19.5,51.0,35.5,417.0,252.0,2.0,1.5,53.7,34.19999999999996,83.7,53.700000000000074,0.0,0.0,0.0,0.0,0.0,0.0,0.0,0.0,3
00-0034487,Trent Sherfield,WR,MIN,2024,13,0,0,0,0,0,0,0,0,0,8,9,83,1,0,0,0,0,0,0,0,14.3,22.3,11.0,13.5,0.0,0.0,0.0,0.0,0.0,0.0,0.0,0.0,0.0,0.0,11.0,20.5,22.0,36.5,86.0,251.5,1.0,1.5,14.6,34.149999999999956,25.6,54.65000000000008,0.0,0.0,0.0,0.0,0.0,0.0,0.0,0.0,4
00-0034487,Trent Sherfield,WR,ARI,2025,4,0,0,0,0,0,0,0,0,0,3,5,21,0,0,0,0,0,0,0,0,2.1,5.1,13.0,12.0,0.0,0.0,0.0,0.0,0.0,0.0,0.0,0.0,0.0,0.0,8.0,9.5,9.0,15.5,83.0,84.5,1.0,1.0,14.3,14.449999999999957,22.3,23.950000000000074,0.0,0.0,0.0,0.0,0.0,0.0,0.0,0.0,5
00-0034510,Robert Foster,WR,WAS,2020,3,0,0,0,0,0,0,0,0,0,2,6,37,0,0,0,0,0,0,0,0,3.7,5.7,,13.0,,0.0,,0.0,,0.0,,0.0,,0.0,,8.0,,9.0,,83.0,,1.0,,14.3,,22.3,,0.0,,0.0,,0.0,,0.0,0
00-0034521,Allen Lazard,WR,GB,2020,10,0,0,0,0,0,2,17,0,0,33,46,451,3,0,0,0,0,0,0,0,64.8,97.8,,,,,,,,,,,,,,,,,,,,,,,,,,,,,,,,,0
00-0034521,Allen Lazard,WR,GB,2021,14,0,0,0,0,0,3,32,0,0,40,60,513,8,0,0,0,0,0,0,0,102.5,142.5,10.0,10.0,0.0,0.0,0.0,0.0,0.0,0.0,17.0,17.0,0.0,0.0,33.0,33.0,46.0,46.0,451.0,451.0,3.0,3.0,64.8,64.8,97.8,97.8,0.0,0.0,0.0,0.0,0.0,0.0,0.0,0.0,1
00-0034521,Allen Lazard,WR,GB,2022,15,0,0,0,0,0,2,0,0,0,60,100,788,6,0,0,0,0,0,0,0,114.8,174.8,14.0,12.0,0.0,0.0,0.0,0.0,0.0,0.0,32.0,24.5,0.0,0.0,40.0,36.5,60.0,53.0,513.0,482.0,8.0,5.5,102.5,83.64999999999995,142.5,120.15000000000006,0.0,0.0,0.0,0.0,0.0,0.0,0.0,0.0,2
00-0034521,Allen Lazard,WR,NYJ,2023,14,0,0,0,0,0,0,0,0,0,23,49,311,1,0,0,0,0,0,0,0,37.1,60.1,15.0,14.5,0.0,0.0,0.0,0.0,0.0,0.0,0.0,16.0,0.0,0.0,60.0,50.0,100.0,80.0,788.0,650.5,6.0,7.0,114.8,108.64999999999995,174.8,158.65000000000006,0.0,0.0,0.0,0.0,0.0,0.0,0.0,0.0,3
00-0034521,Allen Lazard,WR,NYJ,2024,12,0,1,0,0,0,0,0,0,0,37,60,530,6,0,0,0,0,0,0,0,89.0,126.0,14.0,14.5,0.0,0.0,0.0,0.0,0.0,0.0,0.0,0.0,0.0,0.0,23.0,41.5,49.0,74.5,311.0,549.5,1.0,3.5,37.1,75.94999999999996,60.1,117.45000000000006,0.0,0.0,0.0,0.0,0.0,0.0,0.0,0.0,4
00-0034521,Allen Lazard,WR,NYJ,2025,9,0,0,0,0,0,0,0,0,0,10,18,70,1,0,0,0,0,0,0,0,13.0,23.0,12.0,13.0,0.0,0.0,0.0,0.0,0.0,0.0,0.0,0.0,0.0,0.0,37.0,30.0,60.0,54.5,530.0,420.5,6.0,3.5,89.0,63.04999999999996,126.0,93.05000000000005,0.0,0.0,0.0,0.0,0.0,0.0,0.0,0.0,5
00-0034575,David Wells,TE,TB,2023,1,0,0,0,0,0,0,0,0,0,2,2,-10,0,0,0,0,0,0,0,0,-1.0,1.0,,12.0,,0.0,,0.0,,0.0,,0.0,,0.0,,37.0,,60.0,,530.0,,6.0,,89.0,,126.0,,0.0,,0.0,,0.0,,0.0,0
00-0034577,Kyle Allen,QB,WAS,2020,4,60,87,610,4,1,7,26,1,0,0,0,0,0,0,0,0,0,0,0,0,45.0,45.0,,,,,,,,,,,,,,,,,,,,,,,,,,,,,,,,,0
00-0034577,Kyle Allen,QB,WAS,2021,2,12,19,120,1,0,2,11,0,0,0,0,0,0,0,0,0,0,0,0,0,7.9,7.9,4.0,4.0,610.0,610.0,4.0,4.0,1.0,1.0,26.0,26.0,1.0,1.0,0.0,0.0,0.0,0.0,0.0,0.0,0.0,0.0,45.0,45.0,45.0,45.0,0.0,0.0,0.0,0.0,0.0,0.0,0.0,0.0,1
00-0034577,Kyle Allen,QB,HOU,2022,2,46,78,416,2,4,6,13,0,1,0,0,0,0,0,0,0,0,0,0,0,15.94,15.94,2.0,3.0,120.0,365.0,1.0,2.5,0.0,0.5,11.0,18.5,0.0,0.5,0.0,0.0,0.0,0.0,0.0,0.0,0.0,0.0,7.9,26.449999999999957,7.9,26.450000000000056,0.0,0.0,0.0,0.0,0.0,0.0,0.0,0.0,2
00-0034577,Kyle Allen,QB,BUF,2023,6,0,0,0,0,0,13,-13,0,0,0,0,0,0,0,0,0,0,0,0,0,-1.3,-1.3,2.0,2.0,416.0,268.0,2.0,1.5,4.0,2.0,13.0,12.0,0.0,0.0,0.0,0.0,0.0,0.0,0.0,0.0,0.0,0.0,15.94,11.919999999999957,15.94,11.920000000000057,0.0,0.0,0.0,0.0,0.0,0.0,0.0,0.0,3
00-0034577,Kyle Allen,QB,PIT,2024,1,1,1,19,0,0,0,0,0,0,0,0,0,0,0,0,0,0,0,0,0,0.76,0.76,6.0,4.0,0.0,208.0,0.0,1.0,0.0,2.0,-13.0,0.0,0.0,0.0,0.0,0.0,0.0,0.0,0.0,0.0,0.0,0.0,-1.3,7.319999999999957,-1.3,7.320000000000056,0.0,0.0,0.0,0.0,0.0,0.0,0.0,0.0,4
00-0034577,Kyle Allen,QB,DET,2025,2,0,2,0,0,0,3,-3,0,0,0,0,0,0,0,0,0,0,0,0,0,-0.3,-0.3,1.0,3.5,19.0,9.5,0.0,0.0,0.0,0.0,0.0,-6.5,0.0,0.0,0.0,0.0,0.0,0.0,0.0,0.0,0.0,0.0,0.76,-0.27000000000004265,0.76,-0.2699999999999432,0.0,0.0,0.0,0.0,0.0,0.0,0.0,0.0,5
00-0034578,Reggie Bonnafon,RB,CAR,2020,2,0,0,0,0,0,12,69,0,0,2,2,18,1,0,0,0,0,0,0,0,14.7,16.7,,1.0,,19.0,,0.0,,0.0,,0.0,,0.0,,0.0,,0.0,,0.0,,0.0,,0.76,,0.76,,0.0,,0.0,,0.0,,0.0,0
00-0034578,Reggie Bonnafon,RB,CAR,2021,1,0,0,0,0,0,1,4,0,0,2,2,12,0,0,0,0,0,0,0,0,1.6,3.6,2.0,2.0,0.0,0.0,0.0,0.0,0.0,0.0,69.0,69.0,0.0,0.0,2.0,2.0,2.0,2.0,18.0,18.0,1.0,1.0,14.7,14.7,16.7,16.7,0.0,0.0,0.0,0.0,0.0,0.0,0.0,0.0,1
00-0034578,Reggie Bonnafon,RB,WAS,2022,1,0,0,0,0,0,3,8,0,0,0,0,0,0,0,0,0,0,0,0,0,0.8,0.8,1.0,1.5,0.0,0.0,0.0,0.0,0.0,0.0,4.0,36.5,0.0,0.0,2.0,2.0,2.0,2.0,12.0,15.0,0.0,0.5,1.6,8.149999999999958,3.6,10.150000000000057,0.0,0.0,0.0,0.0,0.0,0.0,0.0,0.0,2
00-0034597,Ryan Nall,RB,CHI,2020,9,0,0,0,0,0,3,0,0,0,8,9,67,1,0,0,0,0,0,0,0,12.7,20.7,,1.0,,0.0,,0.0,,0.0,,4.0,,0.0,,2.0,,2.0,,12.0,,0.0,,1.6,,3.6,,0.0,,0.0,,0.0,,0.0,0
00-0034597,Ryan Nall,RB,CHI,2021,5,0,0,0,0,0,1,4,0,0,1,1,4,0,0,0,0,0,0,0,0,0.8,1.8,9.0,9.0,0.0,0.0,0.0,0.0,0.0,0.0,0.0,0.0,0.0,0.0,8.0,8.0,9.0,9.0,67.0,67.0,1.0,1.0,12.7,12.7,20.7,20.7,0.0,0.0,0.0,0.0,0.0,0.0,0.0,0.0,1
00-0034613,Tanner Hudson,TE,TB,2020,4,0,0,0,0,0,0,0,0,0,3,7,41,0,0,0,0,0,0,0,0,4.1,7.1,,9.0,,0.0,,0.0,,0.0,,0.0,,0.0,,8.0,,9.0,,67.0,,1.0,,12.7,,20.7,,0.0,,0.0,,0.0,,0.0,0
00-0034613,Tanner Hudson,TE,NYG,2022,6,0,0,0,0,0,0,0,0,0,10,15,132,0,0,0,0,0,0,0,0,13.2,23.2,4.0,4.0,0.0,0.0,0.0,0.0,0.0,0.0,0.0,0.0,0.0,0.0,3.0,3.0,7.0,7.0,41.0,41.0,0.0,0.0,4.1,4.1,7.1,7.1,0.0,0.0,0.0,0.0,0.0,0.0,0.0,0.0,1
00-0034613,Tanner Hudson,TE,CIN,2023,12,0,0,0,0,0,0,0,0,0,39,50,352,1,0,0,0,0,0,0,0,41.2,80.2,6.0,5.0,0.0,0.0,0.0,0.0,0.0,0.0,0.0,0.0,0.0,0.0,10.0,6.5,15.0,11.0,132.0,86.5,0.0,0.0,13.2,8.649999999999956,23.2,15.150000000000055,0.0,0.0,0.0,0.0,0.0,0.0,0.0,0.0,2
00-0034613,Tanner Hudson,TE,CIN,2024,9,0,0,0,0,0,1,1,0,0,19,23,154,1,1,0,0,0,0,0,0,19.5,38.5,12.0,9.0,0.0,0.0,0.0,0.0,0.0,0.0,0.0,0.0,0.0,0.0,39.0,24.5,50.0,32.5,352.0,242.0,1.0,0.5,41.2,27.199999999999957,80.2,51.70000000000006,0.0,0.0,0.0,0.0,0.0,0.0,0.0,0.0,3
00-0034613,Tanner Hudson,TE,CIN,2025,10,0,0,0,0,0,0,0,0,0,19,24,168,2,0,0,0,0,0,0,0,28.8,47.8,9.0,10.5,0.0,0.0,0.0,0.0,0.0,0.0,1.0,0.5,0.0,0.0,19.0,29.0,23.0,36.5,154.0,253.0,1.0,1.0,19.5,30.34999999999996,38.5,59.35000000000006,0.0,0.0,0.0,0.0,0.0,0.0,0.0,0.0,4
00-0034614,Godwin Igwebuike,RB,DET,2021,15,0,0,0,0,0,18,118,1,2,7,10,60,0,0,0,0,0,0,0,0,19.8,26.8,,9.0,,0.0,,0.0,,0.0,,1.0,,0.0,,19.0,,23.0,,154.0,,1.0,,19.5,,38.5,,0.0,,0.0,,0.0,,0.0,0
00-0034614,Godwin Igwebuike,RB,SEA,2022,5,0,0,0,0,0,3,4,0,0,1,1,3,0,0,0,0,0,0,0,0,0.7,1.7,15.0,15.0,0.0,0.0,0.0,0.0,0.0,0.0,118.0,118.0,1.0,1.0,7.0,7.0,10.0,10.0,60.0,60.0,0.0,0.0,19.8,19.8,26.8,26.8,0.0,0.0,0.0,0.0,0.0,0.0,0.0,0.0,1
00-0034614,Godwin Igwebuike,RB,PIT,2023,7,0,0,0,0,0,0,0,0,0,0,0,0,0,0,0,0,0,0,0,0,0.0,0.0,5.0,10.0,0.0,0.0,0.0,0.0,0.0,0.0,4.0,61.0,0.0,0.5,1.0,4.0,1.0,5.5,3.0,31.5,0.0,0.0,0.7,10.249999999999957,1.7,14.25000000000005,0.0,0.0,0.0,0.0,0.0,0.0,0.0,0.0,2
00-0034631,Vyncint Smith,WR,NYJ,2020,4,0,0,0,0,0,0,0,0,0,1,3,13,0,0,0,0,0,0,0,0,1.3,2.3,,5.0,,0.0,,0.0,,0.0,,4.0,,0.0,,1.0,,1.0,,3.0,,0.0,,0.7,,1.7,,0.0,,0.0,,0.0,,0.0,0
00-0034631,Vyncint Smith,WR,NYJ,2021,1,0,0,0,0,0,0,0,0,0,0,1,0,0,0,0,0,0,0,0,0,0.0,0.0,4.0,4.0,0.0,0.0,0.0,0.0,0.0,0.0,0.0,0.0,0.0,0.0,1.0,1.0,3.0,3.0,13.0,13.0,0.0,0.0,1.3,1.3,2.3,2.3,0.0,0.0,0.0,0.0,0.0,0.0,0.0,0.0,1
00-0034646,Brandon Powell,WR,ATL,2020,15,0,0,0,0,0,2,7,0,0,12,18,69,2,1,0,0,0,0,0,0,17.6,29.6,,4.0,,0.0,,0.0,,0.0,,0.0,,0.0,,1.0,,3.0,,13.0,,0.0,,1.3,,2.3,,0.0,,0.0,,0.0,,0.0,0
00-0034646,Brandon Powell,WR,LA,2021,6,0,0,0,0,0,0,0,0,0,0,0,0,0,0,0,0,0,0,0,0,6.0,6.0,15.0,15.0,0.0,0.0,0.0,0.0,0.0,0.0,7.0,7.0,0.0,0.0,12.0,12.0,18.0,18.0,69.0,69.0,2.0,2.0,17.6,17.6,29.6,29.6,0.0,0.0,0.0,0.0,0.0,0.0,0.0,0.0,1
00-0034646,Brandon Powell,WR,LA,2022,17,0,0,0,0,0,17,80,0,0,24,32,156,0,0,0,0,0,0,0,0,23.6,47.6,6.0,10.5,0.0,0.0,0.0,0.0,0.0,0.0,0.0,3.5,0.0,0.0,0.0,6.0,0.0,9.0,0.0,34.5,0.0,1.0,6.0,11.799999999999958,6.0,17.80000000000005,0.0,0.0,0.0,0.0,0.0,0.0,0.0,0.0,2
00-0034646,Brandon Powell,WR,MIN,2023,17,0,0,0,0,0,5,17,0,0,29,44,324,1,0,0,0,0,0,0,0,40.1,69.1,17.0,11.5,0.0,0.0,0.0,0.0,0.0,0.0,80.0,40.0,0.0,0.0,24.0,12.0,32.0,16.0,156.0,78.0,0.0,0.0,23.6,14.799999999999958,47.6,26.80000000000005,0.0,0.0,0.0,0.0,0.0,0.0,0.0,0.0,3
00-0034646,Brandon Powell,WR,MIN,2024,16,0,0,0,0,0,0,0,0,0,7,10,71,0,0,0,0,0,0,0,0,7.1,14.1,17.0,17.0,0.0,0.0,0.0,0.0,0.0,0.0,17.0,48.5,0.0,0.0,29.0,26.5,44.0,38.0,324.0,240.0,1.0,0.5,40.1,31.84999999999996,69.1,58.35000000000005,0.0,0.0,0.0,0.0,0.0,0.0,0.0,0.0,4
00-0034648,Ryan Santoso,K,DET,2021,4,0,0,0,0,0,0,0,0,0,0,0,0,0,0,4,5,0,0,6,8,0.0,0.0,,17.0,,0.0,,0.0,,0.0,,17.0,,0.0,,29.0,,44.0,,324.0,,1.0,,40.1,,69.1,,0.0,,0.0,,0.0,,0.0,0
00-0034652,Cameron Batson,WR,TEN,2020,10,0,0,0,0,0,4,20,0,0,12,13,100,1,0,0,0,0,0,0,0,18.0,30.0,,,,,,,,,,,,,,,,,,,,,,,,,,,,,,,,,0
00-0034652,Cameron Batson,WR,TEN,2021,4,0,0,0,0,0,2,15,0,0,2,5,15,1,0,0,0,0,0,0,0,9.0,11.0,10.0,10.0,0.0,0.0,0.0,0.0,0.0,0.0,20.0,20.0,0.0,0.0,12.0,12.0,13.0,13.0,100.0,100.0,1.0,1.0,18.0,18.0,30.0,30.0,0.0,0.0,0.0,0.0,0.0,0.0,0.0,0.0,1
00-0034653,Deontay Burnett,WR,PHI,2020,1,0,0,0,0,0,0,0,0,0,3,4,19,0,0,0,0,0,0,0,0,1.9,4.9,,10.0,,0.0,,0.0,,0.0,,20.0,,0.0,,12.0,,13.0,,100.0,,1.0,,18.0,,30.0,,0.0,,0.0,,0.0,,0.0,0
00-0034660,Rico Gafford,WR,LV,2020,3,0,0,0,0,0,0,0,0,0,0,2,0,0,0,0,0,0,0,0,0,0.0,0.0,,,,,,,,,,,,,,,,,,,,,,,,,,,,,,,,,0
00-0034669,Jordan Veasy,WR,HOU,2021,1,0,0,0,0,0,0,0,0,0,0,0,0,0,0,0,0,0,0,0,0,0.0,0.0,,,,,,,,,,,,,,,,,,,,,,,,,,,,,,,,,0
00-0034672,Ethan Wolf,TE,NO,2021,1,0,0,0,0,0,0,0,0,0,2,2,8,0,0,0,0,0,0,0,0,0.8,2.8,,,,,,,,,,,,,,,,,,,,,,,,,,,,,,,,,0
00-0034676,James Washington,WR,PIT,2020,16,0,0,0,0,0,0,0,0,0,30,56,392,5,0,0,0,0,0,0,0,69.2,99.2,,,,,,,,,,,,,,,,,,,,,,,,,,,,,,,,,0
00-0034676,James Washington,WR,PIT,2021,15,0,0,0,0,0,2,13,0,0,24,44,285,2,0,0,0,0,0,0,0,41.8,65.8,16.0,16.0,0.0,0.0,0.0,0.0,0.0,0.0,0.0,0.0,0.0,0.0,30.0,30.0,56.0,56.0,392.0,392.0,5.0,5.0,69.2,69.2,99.2,99.2,0.0,0.0,0.0,0.0,0.0,0.0,0.0,0.0,1
00-0034676,James Washington,WR,DAL,2022,1,0,0,0,0,0,0,0,0,0,0,1,0,0,0,0,0,0,0,0,0,0.0,0.0,15.0,15.5,0.0,0.0,0.0,0.0,0.0,0.0,13.0,6.5,0.0,0.0,24.0,27.0,44.0,50.0,285.0,338.5,2.0,3.5,41.8,55.49999999999996,65.8,82.50000000000006,0.0,0.0,0.0,0.0,0.0,0.0,0.0,0.0,2
00-0034681,Chase Edmonds,RB,ARI,2020,16,0,0,0,0,0,97,448,1,0,53,67,402,4,0,0,0,0,0,0,0,115.0,168.0,,15.0,,0.0,,0.0,,0.0,,13.0,,0.0,,24.0,,44.0,,285.0,,2.0,,41.8,,65.8,,0.0,,0.0,,0.0,,0.0,0
00-0034681,Chase Edmonds,RB,ARI,2021,12,0,0,0,0,0,116,592,2,0,43,53,311,0,1,0,0,0,0,0,0,100.3,143.3,16.0,16.0,0.0,0.0,0.0,0.0,0.0,0.0,448.0,448.0,1.0,1.0,53.0,53.0,67.0,67.0,402.0,402.0,4.0,4.0,115.0,115.0,168.0,168.0,0.0,0.0,0.0,0.0,0.0,0.0,0.0,0.0,1
00-0034681,Chase Edmonds,RB,DEN,2022,13,0,0,0,0,0,68,245,2,0,16,24,157,1,0,0,0,0,0,0,0,58.2,74.2,12.0,14.0,0.0,0.0,0.0,0.0,0.0,0.0,592.0,520.0,2.0,1.5,43.0,48.0,53.0,60.0,311.0,356.5,0.0,2.0,100.3,107.64999999999995,143.3,155.65000000000006,0.0,0.0,0.0,0.0,0.0,0.0,0.0,0.0,2
00-0034681,Chase Edmonds,RB,TB,2023,13,0,0,0,0,0,49,176,0,0,14,17,81,0,0,0,0,0,0,0,0,25.7,39.7,13.0,12.5,0.0,0.0,0.0,0.0,0.0,0.0,245.0,418.5,2.0,2.0,16.0,29.5,24.0,38.5,157.0,234.0,1.0,0.5,58.2,79.24999999999996,74.2,108.75000000000006,0.0,0.0,0.0,0.0,0.0,0.0,0.0,0.0,3
00-0034681,Chase Edmonds,RB,WAS,2025,3,0,0,0,0,0,0,0,0,0,0,0,0,0,0,0,0,0,0,0,0,0.0,0.0,13.0,13.0,0.0,0.0,0.0,0.0,0.0,0.0,176.0,210.5,0.0,1.0,14.0,15.0,17.0,20.5,81.0,119.0,0.0,0.5,25.7,41.94999999999996,39.7,56.95000000000006,0.0,0.0,0.0,0.0,0.0,0.0,0.0,0.0,4
00-0034686,Auden Tate,WR,CIN,2020,8,0,0,0,0,0,0,0,0,0,14,22,150,0,0,0,0,0,0,0,0,15.0,29.0,,13.0,,0.0,,0.0,,0.0,,176.0,,0.0,,14.0,,17.0,,81.0,,0.0,,25.7,,39.7,,0.0,,0.0,,0.0,,0.0,0
00-0034686,Auden Tate,WR,CIN,2021,4,0,0,0,0,0,0,0,0,0,3,4,39,1,0,0,0,0,0,0,0,9.9,12.9,8.0,8.0,0.0,0.0,0.0,0.0,0.0,0.0,0.0,0.0,0.0,0.0,14.0,14.0,22.0,22.0,150.0,150.0,0.0,0.0,15.0,15.0,29.0,29.0,0.0,0.0,0.0,0.0,0.0,0.0,0.0,0.0,1
00-0034735,Codey McElroy,TE,TB,2021,1,0,0,0,0,0,0,0,0,0,0,1,0,0,0,0,0,0,0,0,0,0.0,0.0,,8.0,,0.0,,0.0,,0.0,,0.0,,0.0,,14.0,,22.0,,150.0,,0.0,,15.0,,29.0,,0.0,,0.0,,0.0,,0.0,0
00-0034750,Rashaad Penny,RB,SEA,2020,3,0,0,0,0,0,11,34,0,0,0,0,0,0,0,0,0,0,0,0,0,3.4,3.4,,,,,,,,,,,,,,,,,,,,,,,,,,,,,,,,,0
00-0034750,Rashaad Penny,RB,SEA,2021,10,0,0,0,0,0,119,749,6,0,6,8,48,0,0,0,0,0,0,0,0,115.7,121.7,3.0,3.0,0.0,0.0,0.0,0.0,0.0,0.0,34.0,34.0,0.0,0.0,0.0,0.0,0.0,0.0,0.0,0.0,0.0,0.0,3.4,3.4,3.4,3.4,0.0,0.0,0.0,0.0,0.0,0.0,0.0,0.0,1
00-0034750,Rashaad Penny,RB,SEA,2022,5,0,0,0,0,0,57,346,2,0,4,5,16,0,0,0,0,0,0,0,0,48.2,52.2,10.0,6.5,0.0,0.0,0.0,0.0,0.0,0.0,749.0,391.5,6.0,3.0,6.0,3.0,8.0,4.0,48.0,24.0,0.0,0.0,115.7,59.54999999999996,121.7,62.55000000000006,0.0,0.0,0.0,0.0,0.0,0.0,0.0,0.0,2
00-0034750,Rashaad Penny,RB,PHI,2023,3,0,0,0,0,0,11,33,0,0,1,1,5,0,0,0,0,0,0,0,0,3.8,4.8,5.0,7.5,0.0,0.0,0.0,0.0,0.0,0.0,346.0,547.5,2.0,4.0,4.0,5.0,5.0,6.5,16.0,32.0,0.0,0.0,48.2,81.94999999999996,52.2,86.95000000000006,0.0,0.0,0.0,0.0,0.0,0.0,0.0,0.0,3
00-0034753,Mark Andrews,TE,BAL,2020,14,0,0,0,0,0,0,0,0,0,58,88,701,7,0,0,0,0,0,0,0,112.1,170.1,,5.0,,0.0,,0.0,,0.0,,346.0,,2.0,,4.0,,5.0,,16.0,,0.0,,48.2,,52.2,,0.0,,0.0,,0.0,,0.0,0
00-0034753,Mark Andrews,TE,BAL,2021,17,0,0,0,0,0,1,0,0,0,107,153,1361,9,0,0,0,0,0,0,0,194.1,301.1,14.0,14.0,0.0,0.0,0.0,0.0,0.0,0.0,0.0,0.0,0.0,0.0,58.0,58.0,88.0,88.0,701.0,701.0,7.0,7.0,112.1,112.1,170.1,170.1,0.0,0.0,0.0,0.0,0.0,0.0,0.0,0.0,1
00-0034753,Mark Andrews,TE,BAL,2022,15,0,0,0,0,0,3,8,0,0,73,113,847,5,0,0,0,0,0,0,0,117.5,190.5,17.0,15.5,0.0,0.0,0.0,0.0,0.0,0.0,0.0,0.0,0.0,0.0,107.0,82.5,153.0,120.5,1361.0,1031.0,9.0,8.0,194.1,153.09999999999997,301.1,235.60000000000008,0.0,0.0,0.0,0.0,0.0,0.0,0.0,0.0,2
00-0034753,Mark Andrews,TE,BAL,2023,10,0,0,0,0,0,1,0,0,0,45,61,544,6,0,0,0,0,0,0,0,90.4,135.4,15.0,16.0,0.0,0.0,0.0,0.0,0.0,0.0,8.0,4.0,0.0,0.0,73.0,90.0,113.0,133.0,847.0,1104.0,5.0,7.0,117.5,155.79999999999995,190.5,245.80000000000007,0.0,0.0,0.0,0.0,0.0,0.0,0.0,0.0,3
00-0034753,Mark Andrews,TE,BAL,2024,17,0,0,0,0,0,4,5,0,0,55,69,673,11,0,0,0,0,0,0,0,133.8,188.8,10.0,12.5,0.0,0.0,0.0,0.0,0.0,0.0,0.0,4.0,0.0,0.0,45.0,59.0,61.0,87.0,544.0,695.5,6.0,5.5,90.4,103.94999999999996,135.4,162.95000000000005,0.0,0.0,0.0,0.0,0.0,0.0,0.0,0.0,4
00-0034753,Mark Andrews,TE,BAL,2025,17,0,0,0,0,0,10,48,1,0,48,70,422,5,0,0,0,0,0,0,0,83.0,131.0,17.0,13.5,0.0,0.0,0.0,0.0,0.0,0.0,5.0,2.5,0.0,0.0,55.0,50.0,69.0,65.0,673.0,608.5,11.0,8.5,133.8,112.09999999999997,188.8,162.10000000000008,0.0,0.0,0.0,0.0,0.0,0.0,0.0,0.0,5
00-0034764,Michael Gallup,WR,DAL,2020,16,0,0,0,0,0,0,0,0,0,59,105,843,5,0,0,0,0,0,0,0,114.3,173.3,,17.0,,0.0,,0.0,,0.0,,5.0,,0.0,,55.0,,69.0,,673.0,,11.0,,133.8,,188.8,,0.0,,0.0,,0.0,,0.0,0
00-0034764,Michael Gallup,WR,DAL,2021,9,0,0,0,0,0,0,0,0,0,35,62,445,2,0,0,0,0,0,0,0,56.5,91.5,16.0,16.0,0.0,0.0,0.0,0.0,0.0,0.0,0.0,0.0,0.0,0.0,59.0,59.0,105.0,105.0,843.0,843.0,5.0,5.0,114.3,114.3,173.3,173.3,0.0,0.0,0.0,0.0,0.0,0.0,0.0,0.0,1
00-0034764,Michael Gallup,WR,DAL,2022,14,0,0,0,0,0,0,0,0,0,39,74,424,4,0,0,0,0,0,0,0,66.4,105.4,9.0,12.5,0.0,0.0,0.0,0.0,0.0,0.0,0.0,0.0,0.0,0.0,35.0,47.0,62.0,83.5,445.0,644.0,2.0,3.5,56.5,85.39999999999995,91.5,132.40000000000006,0.0,0.0,0.0,0.0,0.0,0.0,0.0,0.0,2
00-0034764,Michael Gallup,WR,DAL,2023,16,0,0,0,0,0,0,0,0,0,34,57,418,2,0,0,0,0,0,0,0,53.8,87.8,14.0,11.5,0.0,0.0,0.0,0.0,0.0,0.0,0.0,0.0,0.0,0.0,39.0,37.0,74.0,68.0,424.0,434.5,4.0,3.0,66.4,61.44999999999996,105.4,98.45000000000006,0.0,0.0,0.0,0.0,0.0,0.0,0.0,0.0,3
00-0034765,Tre'Quan Smith,WR,NO,2020,13,0,0,0,0,0,1,3,0,0,34,50,448,4,0,0,0,0,0,0,0,69.1,103.1,,14.0,,0.0,,0.0,,0.0,,0.0,,0.0,,39.0,,74.0,,424.0,,4.0,,66.4,,105.4,,0.0,,0.0,,0.0,,0.0,0
00-0034765,Tre'Quan Smith,WR,NO,2021,10,0,0,0,0,0,0,0,0,0,32,50,377,3,0,0,0,0,0,0,0,55.7,87.7,13.0,13.0,0.0,0.0,0.0,0.0,0.0,0.0,3.0,3.0,0.0,0.0,34.0,34.0,50.0,50.0,448.0,448.0,4.0,4.0,69.1,69.1,103.1,103.1,0.0,0.0,0.0,0.0,0.0,0.0,0.0,0.0,1
00-0034765,Tre'Quan Smith,WR,NO,2022,10,0,0,0,0,0,0,0,0,0,19,27,278,1,0,0,0,0,0,0,0,33.8,52.8,10.0,11.5,0.0,0.0,0.0,0.0,0.0,0.0,0.0,1.5,0.0,0.0,32.0,33.0,50.0,50.0,377.0,412.5,3.0,3.5,55.7,62.399999999999956,87.7,95.40000000000006,0.0,0.0,0.0,0.0,0.0,0.0,0.0,0.0,2
00-0034766,Chris Herndon,TE,NYJ,2020,12,0,0,0,0,0,0,0,0,0,31,45,287,3,2,0,0,0,0,0,0,42.7,73.7,,10.0,,0.0,,0.0,,0.0,,0.0,,0.0,,32.0,,50.0,,377.0,,3.0,,55.7,,87.7,,0.0,,0.0,,0.0,,0.0,0
00-0034766,Chris Herndon,TE,MIN,2021,6,0,0,0,0,0,0,0,0,0,4,7,40,1,0,0,0,0,0,0,0,10.0,14.0,12.0,12.0,0.0,0.0,0.0,0.0,0.0,0.0,0.0,0.0,0.0,0.0,31.0,31.0,45.0,45.0,287.0,287.0,3.0,3.0,42.7,42.7,73.7,73.7,0.0,0.0,0.0,0.0,0.0,0.0,0.0,0.0,1
00-0034771,Mason Rudolph,QB,PIT,2020,4,25,43,324,2,1,7,-6,0,0,0,0,0,0,0,0,0,0,0,0,0,18.36,18.36,,12.0,,0.0,,0.0,,0.0,,0.0,,0.0,,31.0,,45.0,,287.0,,3.0,,42.7,,73.7,,0.0,,0.0,,0.0,,0.0,0
00-0034771,Mason Rudolph,QB,PIT,2021,2,35,58,277,1,1,5,53,0,0,0,0,0,0,0,0,0,0,0,0,0,18.38,18.38,4.0,4.0,324.0,324.0,2.0,2.0,1.0,1.0,-6.0,-6.0,0.0,0.0,0.0,0.0,0.0,0.0,0.0,0.0,0.0,0.0,18.36,18.36,18.36,18.36,0.0,0.0,0.0,0.0,0.0,0.0,0.0,0.0,1
00-0034771,Mason Rudolph,QB,PIT,2023,4,55,74,719,3,0,10,8,0,0,0,0,0,0,0,0,0,0,0,0,0,39.56,39.56,2.0,3.0,277.0,300.5,1.0,1.5,1.0,1.0,53.0,23.5,0.0,0.0,0.0,0.0,0.0,0.0,0.0,0.0,0.0,0.0,18.38,18.369999999999955,18.38,18.370000000000054,0.0,0.0,0.0,0.0,0.0,0.0,0.0,0.0,2
00-0034771,Mason Rudolph,QB,TEN,2024,8,146,228,1530,9,9,25,106,1,1,0,0,0,0,0,0,0,0,0,0,0,95.8,95.8,4.0,3.0,719.0,498.0,3.0,2.0,0.0,0.5,8.0,30.5,0.0,0.0,0.0,0.0,0.0,0.0,0.0,0.0,0.0,0.0,39.56,28.969999999999956,39.56,28.970000000000056,0.0,0.0,0.0,0.0,0.0,0.0,0.0,0.0,3
00-0034771,Mason Rudolph,QB,PIT,2025,5,38,52,310,2,2,7,6,0,0,0,0,0,0,0,0,0,0,0,0,0,15.0,15.0,8.0,6.0,1530.0,1124.5,9.0,6.0,9.0,4.5,106.0,57.0,1.0,0.5,0.0,0.0,0.0,0.0,0.0,0.0,0.0,0.0,95.8,67.67999999999995,95.8,67.68000000000006,0.0,0.0,0.0,0.0,0.0,0.0,0.0,0.0,4
00-0034772,Antonio Callaway,WR,MIA,2020,4,0,0,0,0,0,0,0,0,0,2,4,20,0,0,0,0,0,0,0,0,2.0,4.0,,8.0,,1530.0,,9.0,,9.0,,106.0,,1.0,,0.0,,0.0,,0.0,,0.0,,95.8,,95.8,,0.0,,0.0,,0.0,,0.0,0
00-0034775,Christian Kirk,WR,ARI,2020,14,0,0,0,0,0,2,3,0,0,48,79,621,6,0,0,0,0,0,0,0,98.4,146.4,,,,,,,,,,,,,,,,,,,,,,,,,,,,,,,,,0
00-0034775,Christian Kirk,WR,ARI,2021,17,1,1,33,0,0,1,11,0,0,77,103,982,5,0,0,0,0,0,0,0,130.62,207.62,14.0,14.0,0.0,0.0,0.0,0.0,0.0,0.0,3.0,3.0,0.0,0.0,48.0,48.0,79.0,79.0,621.0,621.0,6.0,6.0,98.4,98.4,146.4,146.4,0.0,0.0,0.0,0.0,0.0,0.0,0.0,0.0,1
00-0034775,Christian Kirk,WR,JAX,2022,17,0,1,0,0,0,5,11,0,0,84,133,1108,8,1,0,0,0,0,0,0,157.9,241.9,17.0,15.5,33.0,16.5,0.0,0.0,0.0,0.0,11.0,7.0,0.0,0.0,77.0,62.5,103.0,91.0,982.0,801.5,5.0,5.5,130.62,114.50999999999996,207.62,177.01000000000005,0.0,0.0,0.0,0.0,0.0,0.0,0.0,0.0,2
00-0034775,Christian Kirk,WR,JAX,2023,12,1,2,-1,0,0,1,6,0,0,57,85,787,3,2,0,0,0,0,0,0,93.26,150.26,17.0,17.0,0.0,16.5,0.0,0.0,0.0,0.0,11.0,11.0,0.0,0.0,84.0,80.5,133.0,118.0,1108.0,1045.0,8.0,6.5,157.9,144.25999999999996,241.9,224.76000000000005,0.0,0.0,0.0,0.0,0.0,0.0,0.0,0.0,3
00-0034775,Christian Kirk,WR,JAX,2024,8,0,0,0,0,0,0,0,0,0,27,47,379,1,0,0,0,0,0,0,0,43.9,70.9,12.0,14.5,-1.0,-0.5,0.0,0.0,0.0,0.0,6.0,8.5,0.0,0.0,57.0,70.5,85.0,109.0,787.0,947.5,3.0,5.5,93.26,125.57999999999996,150.26,196.08000000000004,0.0,0.0,0.0,0.0,0.0,0.0,0.0,0.0,4
00-0034775,Christian Kirk,WR,HOU,2025,11,0,0,0,0,0,0,0,0,0,28,52,239,1,0,0,0,0,0,0,0,29.9,57.9,8.0,10.0,0.0,-0.5,0.0,0.0,0.0,0.0,0.0,3.0,0.0,0.0,27.0,42.0,47.0,66.0,379.0,583.0,1.0,2.0,43.9,68.57999999999996,70.9,110.58000000000004,0.0,0.0,0.0,0.0,0.0,0.0,0.0,0.0,5
00-0034777,DJ Chark,WR,JAX,2020,13,0,0,0,0,0,0,0,0,0,53,93,706,5,0,0,0,0,0,0,0,100.6,153.6,,8.0,,0.0,,0.0,,0.0,,0.0,,0.0,,27.0,,47.0,,379.0,,1.0,,43.9,,70.9,,0.0,,0.0,,0.0,,0.0,0
00-0034777,DJ Chark,WR,JAX,2021,3,0,0,0,0,0,0,0,0,0,7,22,154,2,0,0,0,0,0,0,0,27.4,34.4,13.0,13.0,0.0,0.0,0.0,0.0,0.0,0.0,0.0,0.0,0.0,0.0,53.0,53.0,93.0,93.0,706.0,706.0,5.0,5.0,100.6,100.6,153.6,153.6,0.0,0.0,0.0,0.0,0.0,0.0,0.0,0.0,1
00-0034777,DJ Chark,WR,DET,2022,11,0,0,0,0,0,0,0,0,0,30,52,502,3,0,0,0,0,0,0,0,68.2,98.2,3.0,8.0,0.0,0.0,0.0,0.0,0.0,0.0,0.0,0.0,0.0,0.0,7.0,30.0,22.0,57.5,154.0,430.0,2.0,3.5,27.4,63.99999999999996,34.4,94.00000000000004,0.0,0.0,0.0,0.0,0.0,0.0,0.0,0.0,2
00-0034777,DJ Chark,WR,CAR,2023,14,0,0,0,0,0,0,0,0,0,35,66,525,5,1,0,0,0,0,0,0,80.5,115.5,11.0,7.0,0.0,0.0,0.0,0.0,0.0,0.0,0.0,0.0,0.0,0.0,30.0,18.5,52.0,37.0,502.0,328.0,3.0,2.5,68.2,47.799999999999955,98.2,66.30000000000004,0.0,0.0,0.0,0.0,0.0,0.0,0.0,0.0,3
00-0034777,DJ Chark,WR,LAC,2024,4,0,0,0,0,0,0,0,0,0,4,10,31,1,0,0,0,0,0,0,0,9.1,13.1,14.0,12.5,0.0,0.0,0.0,0.0,0.0,0.0,0.0,0.0,0.0,0.0,35.0,32.5,66.0,59.0,525.0,513.5,5.0,4.0,80.5,74.34999999999995,115.5,106.85000000000004,0.0,0.0,0.0,0.0,0.0,0.0,0.0,0.0,4
00-0034788,Jaeden Graham,TE,ATL,2020,8,0,0,0,0,0,0,0,0,0,3,5,25,0,0,0,0,0,0,0,0,2.5,5.5,,14.0,,0.0,,0.0,,0.0,,0.0,,0.0,,35.0,,66.0,,525.0,,5.0,,80.5,,115.5,,0.0,,0.0,,0.0,,0.0,0
00-0034791,Nick Chubb,RB,CLE,2020,12,0,0,0,0,0,190,1067,12,1,16,18,150,0,0,0,0,0,0,0,0,191.7,207.7,,,,,,,,,,,,,,,,,,,,,,,,,,,,,,,,,0
00-0034791,Nick Chubb,RB,CLE,2021,14,0,0,0,0,0,228,1259,8,1,20,25,174,1,0,0,0,0,0,0,0,195.3,215.3,12.0,12.0,0.0,0.0,0.0,0.0,0.0,0.0,1067.0,1067.0,12.0,12.0,16.0,16.0,18.0,18.0,150.0,150.0,0.0,0.0,191.7,191.7,207.7,207.7,0.0,0.0,0.0,0.0,0.0,0.0,0.0,0.0,1
00-0034791,Nick Chubb,RB,CLE,2022,17,0,0,0,0,0,302,1525,12,1,27,37,239,1,0,0,0,0,0,0,0,254.4,281.4,14.0,13.0,0.0,0.0,0.0,0.0,0.0,0.0,1259.0,1163.0,8.0,10.0,20.0,18.0,25.0,21.5,174.0,162.0,1.0,0.5,195.3,193.49999999999994,215.3,211.50000000000006,0.0,0.0,0.0,0.0,0.0,0.0,0.0,0.0,2
00-0034791,Nick Chubb,RB,CLE,2023,2,0,0,0,0,0,28,170,0,0,4,4,21,0,0,0,0,0,0,0,0,19.1,23.1,17.0,15.5,0.0,0.0,0.0,0.0,0.0,0.0,1525.0,1392.0,12.0,10.0,27.0,23.5,37.0,31.0,239.0,206.5,1.0,1.0,254.4,224.84999999999997,281.4,248.35000000000005,0.0,0.0,0.0,0.0,0.0,0.0,0.0,0.0,3
00-0034791,Nick Chubb,RB,CLE,2024,8,0,0,0,0,0,102,332,3,1,5,11,31,1,0,0,0,0,0,0,0,58.3,63.3,2.0,9.5,0.0,0.0,0.0,0.0,0.0,0.0,170.0,847.5,0.0,6.0,4.0,15.5,4.0,20.5,21.0,130.0,0.0,0.5,19.1,136.74999999999997,23.1,152.25000000000006,0.0,0.0,0.0,0.0,0.0,0.0,0.0,0.0,4
00-0034791,Nick Chubb,RB,HOU,2025,15,0,0,0,0,0,122,506,3,0,13,20,67,0,0,0,0,0,0,0,0,75.3,88.3,8.0,5.0,0.0,0.0,0.0,0.0,0.0,0.0,332.0,251.0,3.0,1.5,5.0,4.5,11.0,7.5,31.0,26.0,1.0,0.5,58.3,38.69999999999996,63.3,43.20000000000006,0.0,0.0,0.0,0.0,0.0,0.0,0.0,0.0,5
00-0034794,Jason Sanders,K,MIA,2020,16,0,0,0,0,0,0,0,0,0,0,0,0,0,0,36,39,8,0,36,36,0.0,0.0,,8.0,,0.0,,0.0,,0.0,,332.0,,3.0,,5.0,,11.0,,31.0,,1.0,,58.3,,63.3,,0.0,,0.0,,0.0,,0.0,0
00-0034794,Jason Sanders,K,MIA,2021,17,0,0,0,0,0,0,0,0,0,0,0,0,0,0,23,31,2,0,34,35,0.0,0.0,16.0,16.0,0.0,0.0,0.0,0.0,0.0,0.0,0.0,0.0,0.0,0.0,0.0,0.0,0.0,0.0,0.0,0.0,0.0,0.0,0.0,0.0,0.0,0.0,36.0,36.0,39.0,39.0,36.0,36.0,36.0,36.0,1
00-0034794,Jason Sanders,K,MIA,2022,17,0,0,0,0,0,0,0,0,0,0,0,0,0,0,26,32,2,0,41,44,0.0,0.0,17.0,16.5,0.0,0.0,0.0,0.0,0.0,0.0,0.0,0.0,0.0,0.0,0.0,0.0,0.0,0.0,0.0,0.0,0.0,0.0,0.0,0.0,0.0,0.0,23.0,29.5,31.0,35.0,34.0,35.0,35.0,35.5,2
00-0034794,Jason Sanders,K,MIA,2023,17,0,0,0,0,0,0,0,0,0,0,0,0,0,0,24,28,5,0,58,59,0.0,0.0,17.0,17.0,0.0,0.0,0.0,0.0,0.0,0.0,0.0,0.0,0.0,0.0,0.0,0.0,0.0,0.0,0.0,0.0,0.0,0.0,0.0,0.0,0.0,0.0,26.0,24.5,32.0,31.5,41.0,37.5,44.0,39.5,3
00-0034794,Jason Sanders,K,MIA,2024,17,0,0,0,0,0,0,0,0,0,0,0,0,0,0,37,41,12,0,26,28,0.0,0.0,17.0,17.0,0.0,0.0,0.0,0.0,0.0,0.0,0.0,0.0,0.0,0.0,0.0,0.0,0.0,0.0,0.0,0.0,0.0,0.0,0.0,0.0,0.0,0.0,24.0,25.0,28.0,30.0,58.0,49.5,59.0,51.5,4
00-0034796,Lamar Jackson,QB,BAL,2020,15,242,376,2757,26,9,159,1005,7,2,0,0,0,0,0,0,0,0,0,0,0,332.78,332.78,,17.0,,0.0,,0.0,,0.0,,0.0,,0.0,,0.0,,0.0,,0.0,,0.0,,0.0,,0.0,,24.0,,28.0,,58.0,,59.0,0
00-0034796,Lamar Jackson,QB,BAL,2021,12,246,382,2882,16,13,133,767,2,2,0,0,0,0,0,0,0,0,0,0,0,239.98,239.98,15.0,15.0,2757.0,2757.0,26.0,26.0,9.0,9.0,1005.0,1005.0,7.0,7.0,0.0,0.0,0.0,0.0,0.0,0.0,0.0,0.0,332.78,332.78,332.78,332.78,0.0,0.0,0.0,0.0,0.0,0.0,0.0,0.0,1
00-0034796,Lamar Jackson,QB,BAL,2022,12,203,326,2242,17,7,112,764,3,1,0,0,0,0,0,0,0,0,0,0,0,236.08,236.08,12.0,13.5,2882.0,2819.5,16.0,21.0,13.0,11.0,767.0,886.0,2.0,4.5,0.0,0.0,0.0,0.0,0.0,0.0,0.0,0.0,239.98,286.37999999999994,239.98,286.38000000000005,0.0,0.0,0.0,0.0,0.0,0.0,0.0,0.0,2
00-0034796,Lamar Jackson,QB,BAL,2023,16,307,457,3678,24,7,148,821,5,2,0,0,0,0,0,0,0,0,0,0,0,331.22,331.22,12.0,12.0,2242.0,2562.0,17.0,16.5,7.0,10.0,764.0,765.5,3.0,2.5,0.0,0.0,0.0,0.0,0.0,0.0,0.0,0.0,236.08,238.02999999999994,236.08,238.03000000000006,0.0,0.0,0.0,0.0,0.0,0.0,0.0,0.0,3
00-0034796,Lamar Jackson,QB,BAL,2024,17,316,474,4172,41,4,139,915,4,4,0,0,0,0,0,0,0,0,0,0,0,430.38,430.38,16.0,14.0,3678.0,2960.0,24.0,20.5,7.0,7.0,821.0,792.5,5.0,4.0,0.0,0.0,0.0,0.0,0.0,0.0,0.0,0.0,331.22,283.65,331.22,283.6500000000001,0.0,0.0,0.0,0.0,0.0,0.0,0.0,0.0,4
00-0034796,Lamar Jackson,QB,BAL,2025,13,192,302,2549,21,7,67,349,2,0,0,0,0,0,0,0,0,0,0,0,0,214.86,214.86,17.0,16.5,4172.0,3925.0,41.0,32.5,4.0,5.5,915.0,868.0,4.0,4.5,0.0,0.0,0.0,0.0,0.0,0.0,0.0,0.0,430.38,380.79999999999995,430.38,380.80000000000007,0.0,0.0,0.0,0.0,0.0,0.0,0.0,0.0,5
00-0034798,Durham Smythe,TE,MIA,2020,13,0,0,0,0,0,0,0,0,0,26,29,208,2,0,0,0,0,0,0,0,32.8,58.8,,17.0,,4172.0,,41.0,,4.0,,915.0,,4.0,,0.0,,0.0,,0.0,,0.0,,430.38,,430.38,,0.0,,0.0,,0.0,,0.0,0
00-0034798,Durham Smythe,TE,MIA,2021,16,0,0,0,0,0,2,3,0,0,34,41,357,0,0,0,0,0,0,0,0,36.0,70.0,13.0,13.0,0.0,0.0,0.0,0.0,0.0,0.0,0.0,0.0,0.0,0.0,26.0,26.0,29.0,29.0,208.0,208.0,2.0,2.0,32.8,32.8,58.8,58.8,0.0,0.0,0.0,0.0,0.0,0.0,0.0,0.0,1
00-0034798,Durham Smythe,TE,MIA,2022,13,0,0,0,0,0,2,1,1,0,15,20,129,1,0,0,0,0,0,0,0,25.0,40.0,16.0,14.5,0.0,0.0,0.0,0.0,0.0,0.0,3.0,1.5,0.0,0.0,34.0,30.0,41.0,35.0,357.0,282.5,0.0,1.0,36.0,34.39999999999994,70.0,64.40000000000006,0.0,0.0,0.0,0.0,0.0,0.0,0.0,0.0,2
00-0034798,Durham Smythe,TE,MIA,2023,13,0,0,0,0,0,0,0,0,0,35,43,366,0,0,0,0,0,0,0,0,36.6,71.6,13.0,14.5,0.0,0.0,0.0,0.0,0.0,0.0,1.0,2.0,1.0,0.5,15.0,24.5,20.0,30.5,129.0,243.0,1.0,0.5,25.0,30.499999999999943,40.0,55.00000000000006,0.0,0.0,0.0,0.0,0.0,0.0,0.0,0.0,3
00-0034798,Durham Smythe,TE,MIA,2024,14,0,0,0,0,0,0,0,0,0,9,17,53,0,0,0,0,0,0,0,0,5.3,14.3,13.0,13.0,0.0,0.0,0.0,0.0,0.0,0.0,0.0,0.5,0.0,0.5,35.0,25.0,43.0,31.5,366.0,247.5,0.0,0.5,36.6,30.799999999999944,71.6,55.800000000000054,0.0,0.0,0.0,0.0,0.0,0.0,0.0,0.0,4
00-0034798,Durham Smythe,TE,CHI,2025,7,0,0,0,0,0,0,0,0,0,4,6,25,0,0,0,0,0,0,0,0,2.5,6.5,14.0,13.5,0.0,0.0,0.0,0.0,0.0,0.0,0.0,0.0,0.0,0.0,9.0,22.0,17.0,30.0,53.0,209.5,0.0,0.0,5.3,20.949999999999942,14.3,42.95000000000005,0.0,0.0,0.0,0.0,0.0,0.0,0.0,0.0,5
00-0034799,Kalen Ballage,RB,LAC,2020,11,0,0,0,0,0,91,303,3,0,29,37,166,0,0,0,0,0,0,0,0,64.9,93.9,,14.0,,0.0,,0.0,,0.0,,0.0,,0.0,,9.0,,17.0,,53.0,,0.0,,5.3,,14.3,,0.0,,0.0,,0.0,,0.0,0
00-0034799,Kalen Ballage,RB,PIT,2021,8,0,0,0,0,0,12,36,0,0,2,7,8,0,0,0,0,0,0,0,0,4.4,6.4,11.0,11.0,0.0,0.0,0.0,0.0,0.0,0.0,303.0,303.0,3.0,3.0,29.0,29.0,37.0,37.0,166.0,166.0,0.0,0.0,64.9,64.9,93.9,93.9,0.0,0.0,0.0,0.0,0.0,0.0,0.0,0.0,1
00-0034808,John Kelly,RB,CLE,2021,1,0,0,0,0,0,2,13,0,0,0,0,0,0,0,0,0,0,0,0,0,1.3,1.3,,11.0,,0.0,,0.0,,0.0,,303.0,,3.0,,29.0,,37.0,,166.0,,0.0,,64.9,,93.9,,0.0,,0.0,,0.0,,0.0,0
00-0034808,John Kelly,RB,BAL,2024,1,0,0,0,0,0,0,0,0,0,0,0,0,0,0,0,0,0,0,0,0,0.0,0.0,1.0,1.0,0.0,0.0,0.0,0.0,0.0,0.0,13.0,13.0,0.0,0.0,0.0,0.0,0.0,0.0,0.0,0.0,0.0,0.0,1.3,1.3,1.3,1.3,0.0,0.0,0.0,0.0,0.0,0.0,0.0,0.0,1
00-0034816,Ronald Jones,RB,TB,2020,14,0,0,0,0,0,192,978,7,0,28,42,165,1,2,0,0,0,0,0,0,158.3,186.3,,1.0,,0.0,,0.0,,0.0,,13.0,,0.0,,0.0,,0.0,,0.0,,0.0,,1.3,,1.3,,0.0,,0.0,,0.0,,0.0,0
00-0034816,Ronald Jones,RB,TB,2021,15,0,0,0,0,0,101,428,4,2,10,13,64,0,0,0,0,0,0,0,0,69.2,79.2,14.0,14.0,0.0,0.0,0.0,0.0,0.0,0.0,978.0,978.0,7.0,7.0,28.0,28.0,42.0,42.0,165.0,165.0,1.0,1.0,158.3,158.3,186.3,186.3,0.0,0.0,0.0,0.0,0.0,0.0,0.0,0.0,1
00-0034816,Ronald Jones,RB,KC,2022,5,0,0,0,0,0,17,70,1,0,1,1,22,0,0,0,0,0,0,0,0,15.2,16.2,15.0,14.5,0.0,0.0,0.0,0.0,0.0,0.0,428.0,703.0,4.0,5.5,10.0,19.0,13.0,27.5,64.0,114.5,0.0,0.5,69.2,113.74999999999994,79.2,132.75000000000006,0.0,0.0,0.0,0.0,0.0,0.0,0.0,0.0,2
00-0034827,DJ Moore,WR,CAR,2020,15,0,1,0,0,0,2,22,0,0,66,118,1193,4,0,0,0,0,0,0,0,145.5,211.5,,15.0,,0.0,,0.0,,0.0,,428.0,,4.0,,10.0,,13.0,,64.0,,0.0,,69.2,,79.2,,0.0,,0.0,,0.0,,0.0,0
00-0034827,DJ Moore,WR,CAR,2021,17,0,0,0,0,0,8,48,0,0,93,163,1157,4,1,0,0,0,0,0,0,144.5,237.5,15.0,15.0,0.0,0.0,0.0,0.0,0.0,0.0,22.0,22.0,0.0,0.0,66.0,66.0,118.0,118.0,1193.0,1193.0,4.0,4.0,145.5,145.5,211.5,211.5,0.0,0.0,0.0,0.0,0.0,0.0,0.0,0.0,1
00-0034827,DJ Moore,WR,CAR,2022,17,0,0,0,0,0,10,53,0,0,63,118,888,7,0,0,0,0,0,0,0,136.1,199.1,17.0,16.0,0.0,0.0,0.0,0.0,0.0,0.0,48.0,35.0,0.0,0.0,93.0,79.5,163.0,140.5,1157.0,1175.0,4.0,4.0,144.5,144.99999999999994,237.5,224.50000000000006,0.0,0.0,0.0,0.0,0.0,0.0,0.0,0.0,2
00-0034827,DJ Moore,WR,CHI,2023,17,0,0,0,0,0,4,21,1,0,96,136,1364,8,1,0,0,0,0,0,0,190.5,286.5,17.0,17.0,0.0,0.0,0.0,0.0,0.0,0.0,53.0,50.5,0.0,0.0,63.0,78.0,118.0,140.5,888.0,1022.5,7.0,5.5,136.1,140.29999999999995,199.1,218.30000000000007,0.0,0.0,0.0,0.0,0.0,0.0,0.0,0.0,3
00-0034827,DJ Moore,WR,CHI,2024,17,0,1,0,0,0,14,75,0,0,98,140,966,6,1,0,0,0,0,0,0,140.1,238.1,17.0,17.0,0.0,0.0,0.0,0.0,0.0,0.0,21.0,37.0,1.0,0.5,96.0,79.5,136.0,127.0,1364.0,1126.0,8.0,7.5,190.5,163.29999999999995,286.5,242.80000000000007,0.0,0.0,0.0,0.0,0.0,0.0,0.0,0.0,4
00-0034827,DJ Moore,WR,CHI,2025,17,1,1,2,1,0,15,79,1,0,50,85,682,6,0,0,0,0,0,0,0,122.18,172.18,17.0,17.0,0.0,0.0,0.0,0.0,0.0,0.0,75.0,48.0,0.0,0.5,98.0,97.0,140.0,138.0,966.0,1165.0,6.0,7.0,140.1,165.29999999999995,238.1,262.30000000000007,0.0,0.0,0.0,0.0,0.0,0.0,0.0,0.0,5
00-0034829,Mike Gesicki,TE,MIA,2020,15,0,0,0,0,0,0,0,0,0,53,85,703,6,0,0,0,0,0,0,0,106.3,159.3,,17.0,,0.0,,0.0,,0.0,,75.0,,0.0,,98.0,,140.0,,966.0,,6.0,,140.1,,238.1,,0.0,,0.0,,0.0,,0.0,0
00-0034829,Mike Gesicki,TE,MIA,2021,17,0,1,0,0,0,0,0,0,0,73,112,780,2,0,0,0,0,0,0,0,92.0,165.0,15.0,15.0,0.0,0.0,0.0,0.0,0.0,0.0,0.0,0.0,0.0,0.0,53.0,53.0,85.0,85.0,703.0,703.0,6.0,6.0,106.3,106.3,159.3,159.3,0.0,0.0,0.0,0.0,0.0,0.0,0.0,0.0,1
00-0034829,Mike Gesicki,TE,MIA,2022,17,0,0,0,0,0,0,0,0,0,32,52,362,5,0,0,0,0,0,0,0,66.2,98.2,17.0,16.0,0.0,0.0,0.0,0.0,0.0,0.0,0.0,0.0,0.0,0.0,73.0,63.0,112.0,98.5,780.0,741.5,2.0,4.0,92.0,99.14999999999995,165.0,162.15000000000006,0.0,0.0,0.0,0.0,0.0,0.0,0.0,0.0,2
00-0034829,Mike Gesicki,TE,NE,2023,15,0,0,0,0,0,0,0,0,0,29,45,244,2,0,0,0,0,0,0,0,36.4,65.4,17.0,17.0,0.0,0.0,0.0,0.0,0.0,0.0,0.0,0.0,0.0,0.0,32.0,52.5,52.0,82.0,362.0,571.0,5.0,3.5,66.2,79.09999999999994,98.2,131.60000000000005,0.0,0.0,0.0,0.0,0.0,0.0,0.0,0.0,3
00-0034829,Mike Gesicki,TE,CIN,2024,16,0,0,0,0,0,0,0,0,0,65,83,665,2,1,0,0,0,0,0,0,76.5,141.5,15.0,16.0,0.0,0.0,0.0,0.0,0.0,0.0,0.0,0.0,0.0,0.0,29.0,30.5,45.0,48.5,244.0,303.0,2.0,3.5,36.4,51.29999999999994,65.4,81.80000000000007,0.0,0.0,0.0,0.0,0.0,0.0,0.0,0.0,4
00-0034829,Mike Gesicki,TE,CIN,2025,12,0,0,0,0,0,0,0,0,0,28,42,307,2,0,0,0,0,0,0,0,42.7,70.7,16.0,15.5,0.0,0.0,0.0,0.0,0.0,0.0,0.0,0.0,0.0,0.0,65.0,47.0,83.0,64.0,665.0,454.5,2.0,2.0,76.5,56.44999999999994,141.5,103.45000000000007,0.0,0.0,0.0,0.0,0.0,0.0,0.0,0.0,5
00-0034830,Hayden Hurst,TE,ATL,2020,16,0,0,0,0,0,0,0,0,0,56,88,571,6,0,0,0,0,0,0,0,93.1,149.1,,16.0,,0.0,,0.0,,0.0,,0.0,,0.0,,65.0,,83.0,,665.0,,2.0,,76.5,,141.5,,0.0,,0.0,,0.0,,0.0,0
00-0034830,Hayden Hurst,TE,ATL,2021,12,0,0,0,0,0,0,0,0,0,26,31,221,3,1,0,0,0,0,0,0,38.1,64.1,16.0,16.0,0.0,0.0,0.0,0.0,0.0,0.0,0.0,0.0,0.0,0.0,56.0,56.0,88.0,88.0,571.0,571.0,6.0,6.0,93.1,93.1,149.1,149.1,0.0,0.0,0.0,0.0,0.0,0.0,0.0,0.0,1
00-0034830,Hayden Hurst,TE,CIN,2022,13,0,0,0,0,0,0,0,0,0,52,68,414,2,0,0,0,0,0,0,0,53.4,105.4,12.0,14.0,0.0,0.0,0.0,0.0,0.0,0.0,0.0,0.0,0.0,0.0,26.0,41.0,31.0,59.5,221.0,396.0,3.0,4.5,38.1,65.59999999999994,64.1,106.60000000000007,0.0,0.0,0.0,0.0,0.0,0.0,0.0,0.0,2
00-0034830,Hayden Hurst,TE,CAR,2023,9,0,0,0,0,0,0,0,0,0,18,32,184,1,0,0,0,0,0,0,0,24.4,42.4,13.0,12.5,0.0,0.0,0.0,0.0,0.0,0.0,0.0,0.0,0.0,0.0,52.0,39.0,68.0,49.5,414.0,317.5,2.0,2.5,53.4,45.74999999999994,105.4,84.75000000000007,0.0,0.0,0.0,0.0,0.0,0.0,0.0,0.0,3
00-0034830,Hayden Hurst,TE,LAC,2024,7,0,0,0,0,0,0,0,0,0,8,13,73,0,0,0,0,0,0,0,0,7.3,15.3,9.0,11.0,0.0,0.0,0.0,0.0,0.0,0.0,0.0,0.0,0.0,0.0,18.0,35.0,32.0,50.0,184.0,299.0,1.0,1.5,24.4,38.89999999999994,42.4,73.90000000000008,0.0,0.0,0.0,0.0,0.0,0.0,0.0,0.0,4
00-0034837,Calvin Ridley,WR,ATL,2020,15,0,0,0,0,0,5,1,0,0,90,143,1374,9,1,0,0,0,0,0,0,191.5,281.5,,9.0,,0.0,,0.0,,0.0,,0.0,,0.0,,18.0,,32.0,,184.0,,1.0,,24.4,,42.4,,0.0,,0.0,,0.0,,0.0,0
00-0034837,Calvin Ridley,WR,ATL,2021,5,0,0,0,0,0,0,0,0,0,31,52,281,2,0,0,0,0,0,0,0,40.1,71.1,15.0,15.0,0.0,0.0,0.0,0.0,0.0,0.0,1.0,1.0,0.0,0.0,90.0,90.0,143.0,143.0,1374.0,1374.0,9.0,9.0,191.5,191.5,281.5,281.5,0.0,0.0,0.0,0.0,0.0,0.0,0.0,0.0,1
00-0034837,Calvin Ridley,WR,JAX,2023,17,0,0,0,0,0,9,23,0,0,76,136,1016,8,0,0,0,0,0,0,0,153.9,229.9,5.0,10.0,0.0,0.0,0.0,0.0,0.0,0.0,0.0,0.5,0.0,0.0,31.0,60.5,52.0,97.5,281.0,827.5,2.0,5.5,40.1,115.79999999999994,71.1,176.30000000000007,0.0,0.0,0.0,0.0,0.0,0.0,0.0,0.0,2
00-0034837,Calvin Ridley,WR,TEN,2024,17,0,0,0,0,0,8,55,1,1,64,120,1017,4,0,0,0,0,0,0,0,135.2,199.2,17.0,11.0,0.0,0.0,0.0,0.0,0.0,0.0,23.0,11.5,0.0,0.0,76.0,53.5,136.0,94.0,1016.0,648.5,8.0,5.0,153.9,96.99999999999994,229.9,150.50000000000009,0.0,0.0,0.0,0.0,0.0,0.0,0.0,0.0,3
00-0034837,Calvin Ridley,WR,TEN,2025,7,0,0,0,0,0,0,0,0,0,17,36,303,0,0,0,0,0,0,0,0,30.3,47.3,17.0,17.0,0.0,0.0,0.0,0.0,0.0,0.0,55.0,39.0,1.0,0.5,64.0,70.0,120.0,128.0,1017.0,1016.5,4.0,6.0,135.2,144.54999999999995,199.2,214.55000000000007,0.0,0.0,0.0,0.0,0.0,0.0,0.0,0.0,4
00-0034838,Royce Freeman,RB,DEN,2020,11,0,0,0,0,0,35,170,0,0,12,13,81,0,0,0,0,0,0,0,0,25.1,37.1,,17.0,,0.0,,0.0,,0.0,,55.0,,1.0,,64.0,,120.0,,1017.0,,4.0,,135.2,,199.2,,0.0,,0.0,,0.0,,0.0,0
00-0034838,Royce Freeman,RB,HOU,2021,12,0,0,0,0,0,56,169,0,0,10,16,77,0,0,0,0,0,0,0,0,24.6,34.6,11.0,11.0,0.0,0.0,0.0,0.0,0.0,0.0,170.0,170.0,0.0,0.0,12.0,12.0,13.0,13.0,81.0,81.0,0.0,0.0,25.1,25.1,37.1,37.1,0.0,0.0,0.0,0.0,0.0,0.0,0.0,0.0,1
00-0034838,Royce Freeman,RB,HOU,2022,4,0,0,0,0,0,41,117,0,1,6,8,33,0,0,0,0,0,0,0,0,13.0,19.0,12.0,11.5,0.0,0.0,0.0,0.0,0.0,0.0,169.0,169.5,0.0,0.0,10.0,11.0,16.0,14.5,77.0,79.0,0.0,0.0,24.6,24.849999999999945,34.6,35.85000000000009,0.0,0.0,0.0,0.0,0.0,0.0,0.0,0.0,2
00-0034838,Royce Freeman,RB,LA,2023,11,0,0,0,0,0,77,319,2,0,1,2,13,0,0,0,0,0,0,0,0,45.2,46.2,4.0,8.0,0.0,0.0,0.0,0.0,0.0,0.0,117.0,143.0,0.0,0.0,6.0,8.0,8.0,12.0,33.0,55.0,0.0,0.0,13.0,18.799999999999944,19.0,26.800000000000086,0.0,0.0,0.0,0.0,0.0,0.0,0.0,0.0,3
00-0034844,Saquon Barkley,RB,NYG,2020,2,0,0,0,0,0,19,34,0,0,6,9,60,0,0,0,0,0,0,0,0,9.4,15.4,,4.0,,0.0,,0.0,,0.0,,117.0,,0.0,,6.0,,8.0,,33.0,,0.0,,13.0,,19.0,,0.0,,0.0,,0.0,,0.0,0
00-0034844,Saquon Barkley,RB,NYG,2021,13,0,0,0,0,0,162,593,2,1,41,57,263,2,0,0,0,0,0,0,0,107.6,148.6,2.0,2.0,0.0,0.0,0.0,0.0,0.0,0.0,34.0,34.0,0.0,0.0,6.0,6.0,9.0,9.0,60.0,60.0,0.0,0.0,9.4,9.4,15.4,15.4,0.0,0.0,0.0,0.0,0.0,0.0,0.0,0.0,1
00-0034844,Saquon Barkley,RB,NYG,2022,16,0,0,0,0,0,295,1312,10,0,57,76,338,0,0,0,0,0,0,0,0,227.0,284.0,13.0,7.5,0.0,0.0,0.0,0.0,0.0,0.0,593.0,313.5,2.0,1.0,41.0,23.5,57.0,33.0,263.0,161.5,2.0,1.0,107.6,58.49999999999994,148.6,82.00000000000009,0.0,0.0,0.0,0.0,0.0,0.0,0.0,0.0,2
00-0034844,Saquon Barkley,RB,NYG,2023,14,0,0,0,0,0,247,962,6,2,41,60,280,4,0,0,0,0,0,0,0,182.2,223.2,16.0,14.5,0.0,0.0,0.0,0.0,0.0,0.0,1312.0,952.5,10.0,6.0,57.0,49.0,76.0,66.5,338.0,300.5,0.0,1.0,227.0,167.29999999999995,284.0,216.30000000000007,0.0,0.0,0.0,0.0,0.0,0.0,0.0,0.0,3
00-0034844,Saquon Barkley,RB,PHI,2024,16,0,0,0,0,0,345,2005,13,1,33,43,278,2,0,0,0,0,0,0,0,322.3,355.3,14.0,15.0,0.0,0.0,0.0,0.0,0.0,0.0,962.0,1137.0,6.0,8.0,41.0,49.0,60.0,68.0,280.0,309.0,4.0,2.0,182.2,204.59999999999994,223.2,253.60000000000005,0.0,0.0,0.0,0.0,0.0,0.0,0.0,0.0,4
00-0034844,Saquon Barkley,RB,PHI,2025,16,0,0,0,0,0,280,1140,7,0,37,50,273,2,1,0,0,0,0,0,0,195.3,232.3,16.0,15.0,0.0,0.0,0.0,0.0,0.0,0.0,2005.0,1483.5,13.0,9.5,33.0,37.0,43.0,51.5,278.0,279.0,2.0,3.0,322.3,252.24999999999994,355.3,289.25000000000006,0.0,0.0,0.0,0.0,0.0,0.0,0.0,0.0,5
00-0034845,Sony Michel,RB,NE,2020,8,0,0,0,0,0,79,449,1,0,7,9,114,1,0,0,0,0,0,0,0,68.3,75.3,,16.0,,0.0,,0.0,,0.0,,2005.0,,13.0,,33.0,,43.0,,278.0,,2.0,,322.3,,355.3,,0.0,,0.0,,0.0,,0.0,0
00-0034845,Sony Michel,RB,LA,2021,17,0,0,0,0,0,208,845,4,1,21,33,128,1,0,0,0,0,0,0,0,125.3,146.3,8.0,8.0,0.0,0.0,0.0,0.0,0.0,0.0,449.0,449.0,1.0,1.0,7.0,7.0,9.0,9.0,114.0,114.0,1.0,1.0,68.3,68.3,75.3,75.3,0.0,0.0,0.0,0.0,0.0,0.0,0.0,0.0,1
00-0034845,Sony Michel,RB,LAC,2022,10,0,0,0,0,0,36,106,0,0,9,13,53,0,0,0,0,0,0,0,0,15.9,24.9,17.0,12.5,0.0,0.0,0.0,0.0,0.0,0.0,845.0,647.0,4.0,2.5,21.0,14.0,33.0,21.0,128.0,121.0,1.0,1.0,125.3,96.79999999999994,146.3,110.80000000000007,0.0,0.0,0.0,0.0,0.0,0.0,0.0,0.0,2
00-0034854,KhaDarel Hodge,WR,CLE,2020,7,0,0,0,0,0,0,0,0,0,11,17,180,0,0,0,0,0,0,0,0,18.0,29.0,,17.0,,0.0,,0.0,,0.0,,845.0,,4.0,,21.0,,33.0,,128.0,,1.0,,125.3,,146.3,,0.0,,0.0,,0.0,,0.0,0
00-0034854,KhaDarel Hodge,WR,DET,2021,12,0,0,0,0,0,0,0,0,0,13,27,157,0,0,0,0,0,0,0,0,17.7,30.7,7.0,7.0,0.0,0.0,0.0,0.0,0.0,0.0,0.0,0.0,0.0,0.0,11.0,11.0,17.0,17.0,180.0,180.0,0.0,0.0,18.0,18.0,29.0,29.0,0.0,0.0,0.0,0.0,0.0,0.0,0.0,0.0,1
00-0034854,KhaDarel Hodge,WR,ATL,2022,13,0,0,0,0,0,0,0,0,0,13,20,202,1,0,0,0,0,0,0,0,28.2,41.2,12.0,9.5,0.0,0.0,0.0,0.0,0.0,0.0,0.0,0.0,0.0,0.0,13.0,12.0,27.0,22.0,157.0,168.5,0.0,0.0,17.7,17.849999999999945,30.7,29.85000000000006,0.0,0.0,0.0,0.0,0.0,0.0,0.0,0.0,2
00-0034854,KhaDarel Hodge,WR,ATL,2023,14,0,0,0,0,0,1,0,0,0,14,23,232,0,0,0,0,0,0,0,0,23.2,37.2,13.0,12.5,0.0,0.0,0.0,0.0,0.0,0.0,0.0,0.0,0.0,0.0,13.0,13.0,20.0,23.5,202.0,179.5,1.0,0.5,28.2,22.949999999999942,41.2,35.95000000000006,0.0,0.0,0.0,0.0,0.0,0.0,0.0,0.0,3
00-0034854,KhaDarel Hodge,WR,ATL,2024,11,0,0,0,0,0,0,0,0,0,7,12,131,1,0,0,0,0,0,0,0,19.1,26.1,14.0,13.5,0.0,0.0,0.0,0.0,0.0,0.0,0.0,0.0,0.0,0.0,14.0,13.5,23.0,21.5,232.0,217.0,0.0,0.5,23.2,25.699999999999942,37.2,39.20000000000006,0.0,0.0,0.0,0.0,0.0,0.0,0.0,0.0,4
00-0034854,KhaDarel Hodge,WR,ATL,2025,8,0,0,0,0,0,0,0,0,0,3,10,31,0,0,0,0,0,0,0,0,3.1,6.1,11.0,12.5,0.0,0.0,0.0,0.0,0.0,0.0,0.0,0.0,0.0,0.0,7.0,10.5,12.0,17.5,131.0,181.5,1.0,0.5,19.1,21.14999999999994,26.1,31.65000000000006,0.0,0.0,0.0,0.0,0.0,0.0,0.0,0.0,5
00-0034855,Baker Mayfield,QB,CLE,2020,16,305,486,3563,26,8,54,165,1,1,1,1,6,0,0,0,0,0,0,0,0,247.62,248.62,,11.0,,0.0,,0.0,,0.0,,0.0,,0.0,,7.0,,12.0,,131.0,,1.0,,19.1,,26.1,,0.0,,0.0,,0.0,,0.0,0
00-0034855,Baker Mayfield,QB,CLE,2021,14,253,418,3010,17,13,37,134,1,0,0,0,11,0,0,0,0,0,0,0,0,180.9,180.9,16.0,16.0,3563.0,3563.0,26.0,26.0,8.0,8.0,165.0,165.0,1.0,1.0,1.0,1.0,1.0,1.0,6.0,6.0,0.0,0.0,247.62,247.62,248.62,248.62,0.0,0.0,0.0,0.0,0.0,0.0,0.0,0.0,1
00-0034855,Baker Mayfield,QB,LA,2022,12,201,335,2163,10,8,31,89,1,1,0,0,0,0,0,0,0,0,0,0,0,121.42,121.42,14.0,15.0,3010.0,3286.5,17.0,21.5,13.0,10.5,134.0,149.5,1.0,1.0,0.0,0.5,0.0,0.5,11.0,8.5,0.0,0.0,180.9,214.25999999999993,180.9,214.76000000000005,0.0,0.0,0.0,0.0,0.0,0.0,0.0,0.0,2
00-0034855,Baker Mayfield,QB,TB,2023,17,364,566,4044,28,10,62,163,1,0,0,0,0,0,0,0,0,0,0,0,0,274.06,274.06,12.0,13.0,2163.0,2586.5,10.0,13.5,8.0,10.5,89.0,111.5,1.0,1.0,0.0,0.0,0.0,0.0,0.0,5.5,0.0,0.0,121.42,151.15999999999994,121.42,151.16000000000005,0.0,0.0,0.0,0.0,0.0,0.0,0.0,0.0,3
00-0034855,Baker Mayfield,QB,TB,2024,17,407,570,4500,41,16,60,378,3,1,0,0,0,0,0,0,0,0,0,0,0,365.8,365.8,17.0,14.5,4044.0,3103.5,28.0,19.0,10.0,9.0,163.0,126.0,1.0,1.0,0.0,0.0,0.0,0.0,0.0,0.0,0.0,0.0,274.06,197.73999999999995,274.06,197.74000000000007,0.0,0.0,0.0,0.0,0.0,0.0,0.0,0.0,4
00-0034855,Baker Mayfield,QB,TB,2025,17,343,543,3693,26,11,55,382,1,0,0,0,0,0,0,0,0,0,0,0,0,271.92,271.92,17.0,17.0,4500.0,4272.0,41.0,34.5,16.0,13.0,378.0,270.5,3.0,2.0,0.0,0.0,0.0,0.0,0.0,0.0,0.0,0.0,365.8,319.92999999999995,365.8,319.93000000000006,0.0,0.0,0.0,0.0,0.0,0.0,0.0,0.0,5
00-0034857,Josh Allen,QB,BUF,2020,16,396,572,4544,37,10,102,421,8,4,1,1,12,1,0,0,0,0,0,0,0,395.06,396.06,,17.0,,4500.0,,41.0,,16.0,,378.0,,3.0,,0.0,,0.0,,0.0,,0.0,,365.8,,365.8,,0.0,,0.0,,0.0,,0.0,0
00-0034857,Josh Allen,QB,BUF,2021,17,409,646,4407,36,15,122,763,6,2,0,0,0,0,0,0,0,0,0,0,0,402.58,402.58,16.0,16.0,4544.0,4544.0,37.0,37.0,10.0,10.0,421.0,421.0,8.0,8.0,1.0,1.0,1.0,1.0,12.0,12.0,1.0,1.0,395.06,395.06,396.06,396.06,0.0,0.0,0.0,0.0,0.0,0.0,0.0,0.0,1
00-0034857,Josh Allen,QB,BUF,2022,16,359,567,4283,35,14,124,762,7,2,0,0,0,0,0,0,0,0,0,0,0,395.52,395.52,17.0,16.5,4407.0,4475.5,36.0,36.5,15.0,12.5,763.0,592.0,6.0,7.0,0.0,0.5,0.0,0.5,0.0,6.0,0.0,0.5,402.58,398.81999999999994,402.58,399.32000000000005,0.0,0.0,0.0,0.0,0.0,0.0,0.0,0.0,2
00-0034857,Josh Allen,QB,BUF,2023,17,385,579,4306,29,18,111,524,15,3,0,0,0,0,0,0,0,0,0,0,0,392.64,392.64,16.0,16.5,4283.0,4345.0,35.0,35.5,14.0,14.5,762.0,762.5,7.0,6.5,0.0,0.0,0.0,0.0,0.0,0.0,0.0,0.0,395.52,399.0499999999999,395.52,399.05,0.0,0.0,0.0,0.0,0.0,0.0,0.0,0.0,3
00-0034857,Josh Allen,QB,BUF,2024,16,307,483,3731,28,6,102,531,12,0,0,0,7,1,0,0,0,0,0,0,0,379.04,379.04,17.0,16.5,4306.0,4294.5,29.0,32.0,18.0,16.0,524.0,643.0,15.0,11.0,0.0,0.0,0.0,0.0,0.0,0.0,0.0,0.0,392.64,394.0799999999999,392.64,394.08000000000004,0.0,0.0,0.0,0.0,0.0,0.0,0.0,0.0,4
00-0034857,Josh Allen,QB,BUF,2025,16,319,460,3668,25,10,112,579,14,2,0,0,0,0,0,0,0,0,0,0,0,364.62,364.62,16.0,16.5,3731.0,4018.5,28.0,28.5,6.0,12.0,531.0,527.5,12.0,13.5,0.0,0.0,0.0,0.0,7.0,3.5,1.0,0.5,379.04,385.8399999999999,379.04,385.84000000000003,0.0,0.0,0.0,0.0,0.0,0.0,0.0,0.0,5
00-0034860,Dante Pettis,WR,NYG,2020,6,0,0,0,0,0,0,0,0,0,4,6,76,1,0,0,0,0,0,0,0,13.6,17.6,,16.0,,3731.0,,28.0,,6.0,,531.0,,12.0,,0.0,,0.0,,7.0,,1.0,,379.04,,379.04,,0.0,,0.0,,0.0,,0.0,0
00-0034860,Dante Pettis,WR,NYG,2021,3,1,1,16,0,0,0,0,0,0,10,16,87,1,0,0,0,0,0,0,0,15.34,25.34,6.0,6.0,0.0,0.0,0.0,0.0,0.0,0.0,0.0,0.0,0.0,0.0,4.0,4.0,6.0,6.0,76.0,76.0,1.0,1.0,13.6,13.6,17.6,17.6,0.0,0.0,0.0,0.0,0.0,0.0,0.0,0.0,1
00-0034860,Dante Pettis,WR,CHI,2022,17,0,0,0,0,0,2,37,0,0,19,41,245,3,0,0,0,0,0,0,0,46.2,65.2,3.0,4.5,16.0,8.0,0.0,0.0,0.0,0.0,0.0,0.0,0.0,0.0,10.0,7.0,16.0,11.0,87.0,81.5,1.0,1.0,15.34,14.469999999999914,25.34,21.470000000000027,0.0,0.0,0.0,0.0,0.0,0.0,0.0,0.0,2
00-0034860,Dante Pettis,WR,NO,2024,8,0,0,0,0,0,0,0,0,0,12,28,120,1,0,0,0,0,0,0,0,20.0,32.0,17.0,10.0,0.0,8.0,0.0,0.0,0.0,0.0,37.0,18.5,0.0,0.0,19.0,14.5,41.0,28.5,245.0,166.0,3.0,2.0,46.2,30.769999999999914,65.2,45.270000000000024,0.0,0.0,0.0,0.0,0.0,0.0,0.0,0.0,3
00-0034860,Dante Pettis,WR,NO,2025,8,0,0,0,0,0,0,0,0,0,9,11,127,0,1,0,0,0,0,0,0,10.7,19.7,8.0,12.5,0.0,0.0,0.0,0.0,0.0,0.0,0.0,18.5,0.0,0.0,12.0,15.5,28.0,34.5,120.0,182.5,1.0,2.0,20.0,33.099999999999916,32.0,48.60000000000003,0.0,0.0,0.0,0.0,0.0,0.0,0.0,0.0,4
00-0034867,Malik Turner,WR,DAL,2020,1,0,0,0,0,0,0,0,0,0,0,0,0,0,0,0,0,0,0,0,0,0.0,0.0,,8.0,,0.0,,0.0,,0.0,,0.0,,0.0,,12.0,,28.0,,120.0,,1.0,,20.0,,32.0,,0.0,,0.0,,0.0,,0.0,0
00-0034867,Malik Turner,WR,DAL,2021,7,0,0,0,0,0,0,0,0,0,12,16,149,3,0,0,0,0,0,0,0,32.9,44.9,1.0,1.0,0.0,0.0,0.0,0.0,0.0,0.0,0.0,0.0,0.0,0.0,0.0,0.0,0.0,0.0,0.0,0.0,0.0,0.0,0.0,0.0,0.0,0.0,0.0,0.0,0.0,0.0,0.0,0.0,0.0,0.0,1
00-0034867,Malik Turner,WR,SF,2022,2,0,0,0,0,0,0,0,0,0,0,0,0,0,0,0,0,0,0,0,0,0.0,0.0,7.0,4.0,0.0,0.0,0.0,0.0,0.0,0.0,0.0,0.0,0.0,0.0,12.0,6.0,16.0,8.0,149.0,74.5,3.0,1.5,32.9,16.449999999999914,44.9,22.450000000000028,0.0,0.0,0.0,0.0,0.0,0.0,0.0,0.0,2
00-0034867,Malik Turner,WR,SF,2025,2,0,0,0,0,0,0,0,0,0,0,1,0,0,0,0,0,0,0,0,0,0.0,0.0,2.0,4.5,0.0,0.0,0.0,0.0,0.0,0.0,0.0,0.0,0.0,0.0,0.0,6.0,0.0,8.0,0.0,74.5,0.0,1.5,0.0,16.449999999999914,0.0,22.450000000000028,0.0,0.0,0.0,0.0,0.0,0.0,0.0,0.0,3
00-0034869,Sam Darnold,QB,NYJ,2020,12,217,364,2208,9,11,37,217,2,0,0,0,0,0,0,0,0,0,0,0,0,134.02,134.02,,2.0,,0.0,,0.0,,0.0,,0.0,,0.0,,0.0,,0.0,,0.0,,0.0,,0.0,,0.0,,0.0,,0.0,,0.0,,0.0,0
00-0034869,Sam Darnold,QB,CAR,2021,12,243,406,2527,9,13,48,222,5,2,0,0,0,0,0,0,0,0,0,0,0,157.28,157.28,12.0,12.0,2208.0,2208.0,9.0,9.0,11.0,11.0,217.0,217.0,2.0,2.0,0.0,0.0,0.0,0.0,0.0,0.0,0.0,0.0,134.02,134.02,134.02,134.02,0.0,0.0,0.0,0.0,0.0,0.0,0.0,0.0,1
00-0034869,Sam Darnold,QB,CAR,2022,6,82,140,1143,7,3,26,106,2,1,0,0,0,0,0,0,0,0,0,0,0,86.32,86.32,12.0,12.0,2527.0,2367.5,9.0,9.0,13.0,12.0,222.0,219.5,5.0,3.5,0.0,0.0,0.0,0.0,0.0,0.0,0.0,0.0,157.28,145.64999999999992,157.28,145.65000000000003,0.0,0.0,0.0,0.0,0.0,0.0,0.0,0.0,2
00-0034869,Sam Darnold,QB,SF,2023,10,28,46,297,2,1,21,15,1,0,0,0,0,0,0,0,0,0,0,0,0,23.38,23.38,6.0,9.0,1143.0,1835.0,7.0,8.0,3.0,8.0,106.0,164.0,2.0,3.5,0.0,0.0,0.0,0.0,0.0,0.0,0.0,0.0,86.32,121.79999999999991,86.32,121.80000000000003,0.0,0.0,0.0,0.0,0.0,0.0,0.0,0.0,3
00-0034869,Sam Darnold,QB,MIN,2024,17,361,545,4319,35,12,67,212,1,2,0,0,0,0,0,0,0,0,0,0,0,307.96,307.96,10.0,8.0,297.0,720.0,2.0,4.5,1.0,2.0,15.0,60.5,1.0,1.5,0.0,0.0,0.0,0.0,0.0,0.0,0.0,0.0,23.38,54.84999999999991,23.38,54.85000000000002,0.0,0.0,0.0,0.0,0.0,0.0,0.0,0.0,4
00-0034869,Sam Darnold,QB,SEA,2025,17,323,477,4048,25,14,35,95,0,1,0,0,0,0,0,0,0,0,0,0,0,235.42,235.42,17.0,13.5,4319.0,2308.0,35.0,18.5,12.0,6.5,212.0,113.5,1.0,1.0,0.0,0.0,0.0,0.0,0.0,0.0,0.0,0.0,307.96,165.6699999999999,307.96,165.67000000000002,0.0,0.0,0.0,0.0,0.0,0.0,0.0,0.0,5
00-0034899,John Wolford,QB,LA,2020,1,22,38,231,0,1,6,56,0,0,0,0,0,0,0,0,0,0,0,0,0,12.84,12.84,,17.0,,4319.0,,35.0,,12.0,,212.0,,1.0,,0.0,,0.0,,0.0,,0.0,,307.96,,307.96,,0.0,,0.0,,0.0,,0.0,0
00-0034899,John Wolford,QB,LA,2021,2,1,4,5,0,1,2,-1,0,0,0,0,0,0,0,0,0,0,0,0,0,-1.9,-1.9,1.0,1.0,231.0,231.0,0.0,0.0,1.0,1.0,56.0,56.0,0.0,0.0,0.0,0.0,0.0,0.0,0.0,0.0,0.0,0.0,12.84,12.84,12.84,12.84,0.0,0.0,0.0,0.0,0.0,0.0,0.0,0.0,1
00-0034899,John Wolford,QB,LA,2022,2,38,62,390,1,3,8,32,0,0,0,0,0,0,0,0,0,0,0,0,0,14.8,14.8,2.0,1.5,5.0,118.0,0.0,0.0,1.0,1.0,-1.0,27.5,0.0,0.0,0.0,0.0,0.0,0.0,0.0,0.0,0.0,0.0,-1.9,5.4699999999999145,-1.9,5.470000000000028,0.0,0.0,0.0,0.0,0.0,0.0,0.0,0.0,2
00-0034909,Tristan Vizcaino,K,SF,2020,1,0,0,0,0,0,0,0,0,0,0,0,0,0,0,3,3,0,0,2,2,0.0,0.0,,2.0,,5.0,,0.0,,1.0,,-1.0,,0.0,,0.0,,0.0,,0.0,,0.0,,-1.9,,-1.9,,0.0,,0.0,,0.0,,0.0,0
00-0034909,Tristan Vizcaino,K,LAC,2021,6,0,0,0,0,0,0,0,0,0,0,0,0,0,0,6,7,0,0,10,15,0.0,0.0,1.0,1.0,0.0,0.0,0.0,0.0,0.0,0.0,0.0,0.0,0.0,0.0,0.0,0.0,0.0,0.0,0.0,0.0,0.0,0.0,0.0,0.0,0.0,0.0,3.0,3.0,3.0,3.0,2.0,2.0,2.0,2.0,1
00-0034909,Tristan Vizcaino,K,NE,2022,3,0,0,0,0,0,0,0,0,0,0,0,0,0,0,2,2,0,0,3,3,0.0,0.0,6.0,3.5,0.0,0.0,0.0,0.0,0.0,0.0,0.0,0.0,0.0,0.0,0.0,0.0,0.0,0.0,0.0,0.0,0.0,0.0,0.0,0.0,0.0,0.0,6.0,4.5,7.0,5.0,10.0,6.0,15.0,8.5,2
00-0034913,Chris Blewitt,K,WAS,2021,2,0,0,0,0,0,0,0,0,0,0,0,0,0,0,2,5,1,0,2,2,0.0,0.0,,6.0,,0.0,,0.0,,0.0,,0.0,,0.0,,0.0,,0.0,,0.0,,0.0,,0.0,,0.0,,6.0,,7.0,,10.0,,15.0,0
00-0034921,Elliott Fry,K,ATL,2020,1,0,0,0,0,0,0,0,0,0,0,0,0,0,0,1,1,0,0,1,2,0.0,0.0,,,,,,,,,,,,,,,,,,,,,,,,,,,,,,,,,0
00-0034921,Elliott Fry,K,CIN,2021,2,0,0,0,0,0,0,0,0,0,0,0,0,0,0,4,5,0,0,4,5,0.0,0.0,1.0,1.0,0.0,0.0,0.0,0.0,0.0,0.0,0.0,0.0,0.0,0.0,0.0,0.0,0.0,0.0,0.0,0.0,0.0,0.0,0.0,0.0,0.0,0.0,1.0,1.0,1.0,1.0,1.0,1.0,2.0,2.0,1
00-0034928,Steven Sims,WR,WAS,2020,12,0,0,0,0,0,1,18,0,0,27,37,265,1,0,0,0,0,0,0,0,34.3,61.3,,1.0,,0.0,,0.0,,0.0,,0.0,,0.0,,0.0,,0.0,,0.0,,0.0,,0.0,,0.0,,1.0,,1.0,,1.0,,2.0,0
00-0034928,Steven Sims,WR,PIT,2022,12,0,0,0,0,0,13,70,0,0,14,23,104,0,0,0,0,0,0,0,0,17.4,31.4,12.0,12.0,0.0,0.0,0.0,0.0,0.0,0.0,18.0,18.0,0.0,0.0,27.0,27.0,37.0,37.0,265.0,265.0,1.0,1.0,34.3,34.3,61.3,61.3,0.0,0.0,0.0,0.0,0.0,0.0,0.0,0.0,1
00-0034928,Steven Sims,WR,HOU,2023,3,0,0,0,0,0,1,1,0,0,3,3,25,0,0,0,0,0,0,0,0,2.6,5.6,12.0,12.0,0.0,0.0,0.0,0.0,0.0,0.0,70.0,44.0,0.0,0.0,14.0,20.5,23.0,30.0,104.0,184.5,0.0,0.5,17.4,25.849999999999913,31.4,46.35000000000002,0.0,0.0,0.0,0.0,0.0,0.0,0.0,0.0,2
00-0034928,Steven Sims,WR,BAL,2024,9,0,0,0,0,0,1,0,0,0,0,0,0,0,0,0,0,0,0,0,0,0.0,0.0,3.0,7.5,0.0,0.0,0.0,0.0,0.0,0.0,1.0,35.5,0.0,0.0,3.0,8.5,3.0,13.0,25.0,64.5,0.0,0.0,2.6,9.999999999999915,5.6,18.50000000000003,0.0,0.0,0.0,0.0,0.0,0.0,0.0,0.0,3
00-0034928,Steven Sims,WR,ARI,2025,3,0,0,0,0,0,0,0,0,0,0,1,0,0,0,0,0,0,0,0,0,0.0,0.0,9.0,6.0,0.0,0.0,0.0,0.0,0.0,0.0,0.0,0.5,0.0,0.0,0.0,1.5,0.0,1.5,0.0,12.5,0.0,0.0,0.0,1.2999999999999148,0.0,2.8000000000000282,0.0,0.0,0.0,0.0,0.0,0.0,0.0,0.0,4
00-0034930,Trinity Benson,WR,DET,2021,7,0,0,0,0,0,0,0,0,0,10,22,103,0,0,0,0,0,0,0,0,10.3,20.3,,9.0,,0.0,,0.0,,0.0,,0.0,,0.0,,0.0,,0.0,,0.0,,0.0,,0.0,,0.0,,0.0,,0.0,,0.0,,0.0,0
00-0034930,Trinity Benson,WR,DET,2022,1,0,0,0,0,0,0,0,0,0,0,0,0,0,0,0,0,0,0,0,0,0.0,0.0,7.0,7.0,0.0,0.0,0.0,0.0,0.0,0.0,0.0,0.0,0.0,0.0,10.0,10.0,22.0,22.0,103.0,103.0,0.0,0.0,10.3,10.3,20.3,20.3,0.0,0.0,0.0,0.0,0.0,0.0,0.0,0.0,1
00-0034955,Brett Rypien,QB,DEN,2020,2,27,40,295,2,4,5,-5,0,0,0,0,0,0,0,0,0,0,0,0,0,11.3,11.3,,7.0,,0.0,,0.0,,0.0,,0.0,,0.0,,10.0,,22.0,,103.0,,0.0,,10.3,,20.3,,0.0,,0.0,,0.0,,0.0,0
00-0034955,Brett Rypien,QB,DEN,2021,1,0,2,0,0,0,0,0,0,0,0,0,0,0,0,0,0,0,0,0,0,0.0,0.0,2.0,2.0,295.0,295.0,2.0,2.0,4.0,4.0,-5.0,-5.0,0.0,0.0,0.0,0.0,0.0,0.0,0.0,0.0,0.0,0.0,11.3,11.3,11.3,11.3,0.0,0.0,0.0,0.0,0.0,0.0,0.0,0.0,1
00-0034955,Brett Rypien,QB,DEN,2022,4,53,88,483,2,4,6,7,0,0,0,0,0,0,0,0,0,0,0,0,0,18.02,18.02,1.0,1.5,0.0,147.5,0.0,1.0,0.0,2.0,0.0,-2.5,0.0,0.0,0.0,0.0,0.0,0.0,0.0,0.0,0.0,0.0,0.0,5.649999999999915,0.0,5.650000000000029,0.0,0.0,0.0,0.0,0.0,0.0,0.0,0.0,2
00-0034955,Brett Rypien,QB,LA,2023,2,18,38,172,0,1,3,19,0,0,0,0,0,0,0,0,0,0,0,0,0,4.78,4.78,4.0,2.5,483.0,241.5,2.0,1.0,4.0,2.0,7.0,3.5,0.0,0.0,0.0,0.0,0.0,0.0,0.0,0.0,0.0,0.0,18.02,9.009999999999915,18.02,9.010000000000028,0.0,0.0,0.0,0.0,0.0,0.0,0.0,0.0,3
00-0034955,Brett Rypien,QB,CIN,2025,1,0,0,0,0,0,0,0,0,0,0,0,0,0,0,0,0,0,0,0,0,0.0,0.0,2.0,3.0,172.0,327.5,0.0,1.0,1.0,2.5,19.0,13.0,0.0,0.0,0.0,0.0,0.0,0.0,0.0,0.0,0.0,0.0,4.78,11.399999999999915,4.78,11.400000000000029,0.0,0.0,0.0,0.0,0.0,0.0,0.0,0.0,4
00-0034960,Jakobi Meyers,WR,NE,2020,12,2,2,43,2,0,2,9,0,0,59,81,729,0,1,0,0,0,0,0,0,83.52,142.52,,2.0,,172.0,,0.0,,1.0,,19.0,,0.0,,0.0,,0.0,,0.0,,0.0,,4.78,,4.78,,0.0,,0.0,,0.0,,0.0,0
00-0034960,Jakobi Meyers,WR,NE,2021,16,2,2,45,0,0,1,9,0,0,83,126,866,2,1,0,0,0,0,0,0,103.3,186.3,12.0,12.0,43.0,43.0,2.0,2.0,0.0,0.0,9.0,9.0,0.0,0.0,59.0,59.0,81.0,81.0,729.0,729.0,0.0,0.0,83.52,83.52,142.52,142.52,0.0,0.0,0.0,0.0,0.0,0.0,0.0,0.0,1
00-0034960,Jakobi Meyers,WR,NE,2022,14,0,0,0,0,0,2,-11,0,0,67,96,804,6,1,0,0,0,0,0,0,115.3,182.3,16.0,14.0,45.0,44.0,0.0,1.0,0.0,0.0,9.0,9.0,0.0,0.0,83.0,71.0,126.0,103.5,866.0,797.5,2.0,1.0,103.3,93.40999999999991,186.3,164.41000000000003,0.0,0.0,0.0,0.0,0.0,0.0,0.0,0.0,2
00-0034960,Jakobi Meyers,WR,LV,2023,16,2,3,12,1,0,4,24,2,0,71,106,807,8,0,0,0,0,0,0,0,147.58,218.58,14.0,15.0,0.0,22.5,0.0,0.0,0.0,0.0,-11.0,-1.0,0.0,0.0,67.0,75.0,96.0,111.0,804.0,835.0,6.0,4.0,115.3,109.29999999999991,182.3,184.30000000000004,0.0,0.0,0.0,0.0,0.0,0.0,0.0,0.0,3
00-0034960,Jakobi Meyers,WR,LV,2024,15,0,0,0,0,0,2,23,0,0,87,129,1027,4,0,0,0,0,0,0,0,131.0,218.0,16.0,15.0,12.0,6.0,1.0,0.5,0.0,0.0,24.0,6.5,2.0,1.0,71.0,69.0,106.0,101.0,807.0,805.5,8.0,7.0,147.58,131.4399999999999,218.58,200.44000000000005,0.0,0.0,0.0,0.0,0.0,0.0,0.0,0.0,4
00-0034960,Jakobi Meyers,WR,JAX,2025,16,0,0,0,0,0,5,13,0,0,75,110,835,3,1,0,0,0,0,0,0,100.8,175.8,15.0,15.5,0.0,6.0,0.0,0.5,0.0,0.0,23.0,23.5,0.0,1.0,87.0,79.0,129.0,117.5,1027.0,917.0,4.0,6.0,131.0,139.2899999999999,218.0,218.29000000000002,0.0,0.0,0.0,0.0,0.0,0.0,0.0,0.0,5
00-0034970,Irv Smith,TE,MIN,2020,13,0,0,0,0,0,0,0,0,0,30,43,365,5,0,0,0,0,0,0,0,68.5,98.5,,15.0,,0.0,,0.0,,0.0,,23.0,,0.0,,87.0,,129.0,,1027.0,,4.0,,131.0,,218.0,,0.0,,0.0,,0.0,,0.0,0
00-0034970,Irv Smith,TE,MIN,2022,8,0,0,0,0,0,0,0,0,0,25,36,182,2,0,0,0,0,0,0,0,30.2,55.2,13.0,13.0,0.0,0.0,0.0,0.0,0.0,0.0,0.0,0.0,0.0,0.0,30.0,30.0,43.0,43.0,365.0,365.0,5.0,5.0,68.5,68.5,98.5,98.5,0.0,0.0,0.0,0.0,0.0,0.0,0.0,0.0,1
00-0034970,Irv Smith,TE,CIN,2023,10,0,0,0,0,0,0,0,0,0,18,26,115,1,1,0,0,0,0,0,0,15.5,33.5,8.0,10.5,0.0,0.0,0.0,0.0,0.0,0.0,0.0,0.0,0.0,0.0,25.0,27.5,36.0,39.5,182.0,273.5,2.0,3.5,30.2,49.34999999999993,55.2,76.85000000000002,0.0,0.0,0.0,0.0,0.0,0.0,0.0,0.0,2
00-0034972,Alexander Mattison,RB,MIN,2020,13,0,0,0,0,0,96,434,2,0,13,15,125,1,0,0,0,0,0,0,0,73.9,86.9,,8.0,,0.0,,0.0,,0.0,,0.0,,0.0,,25.0,,36.0,,182.0,,2.0,,30.2,,55.2,,0.0,,0.0,,0.0,,0.0,0
00-0034972,Alexander Mattison,RB,MIN,2021,16,0,0,0,0,0,134,491,3,1,32,39,228,1,0,0,0,0,0,0,0,93.9,125.9,13.0,13.0,0.0,0.0,0.0,0.0,0.0,0.0,434.0,434.0,2.0,2.0,13.0,13.0,15.0,15.0,125.0,125.0,1.0,1.0,73.9,73.9,86.9,86.9,0.0,0.0,0.0,0.0,0.0,0.0,0.0,0.0,1
00-0034972,Alexander Mattison,RB,MIN,2022,17,0,0,0,0,0,74,283,5,0,15,18,91,1,0,0,0,0,0,0,0,73.4,88.4,16.0,14.5,0.0,0.0,0.0,0.0,0.0,0.0,491.0,462.5,3.0,2.5,32.0,22.5,39.0,27.0,228.0,176.5,1.0,1.0,93.9,83.89999999999993,125.9,106.40000000000003,0.0,0.0,0.0,0.0,0.0,0.0,0.0,0.0,2
00-0034972,Alexander Mattison,RB,MIN,2023,16,0,0,0,0,0,180,700,0,2,30,44,192,3,0,0,0,0,0,0,0,103.2,133.2,17.0,16.5,0.0,0.0,0.0,0.0,0.0,0.0,283.0,387.0,5.0,4.0,15.0,23.5,18.0,28.5,91.0,159.5,1.0,1.0,73.4,83.64999999999993,88.4,107.15000000000003,0.0,0.0,0.0,0.0,0.0,0.0,0.0,0.0,3
00-0034972,Alexander Mattison,RB,LV,2024,14,0,0,0,0,0,132,420,4,1,36,48,294,1,0,0,0,0,0,0,0,101.4,137.4,16.0,16.5,0.0,0.0,0.0,0.0,0.0,0.0,700.0,491.5,0.0,2.5,30.0,22.5,44.0,31.0,192.0,141.5,3.0,2.0,103.2,88.29999999999993,133.2,110.80000000000003,0.0,0.0,0.0,0.0,0.0,0.0,0.0,0.0,4
00-0034975,Justice Hill,RB,BAL,2020,11,0,0,0,0,0,12,60,0,0,5,5,20,0,0,0,0,0,0,0,0,8.0,13.0,,16.0,,0.0,,0.0,,0.0,,700.0,,0.0,,30.0,,44.0,,192.0,,3.0,,103.2,,133.2,,0.0,,0.0,,0.0,,0.0,0
00-0034975,Justice Hill,RB,BAL,2022,15,0,0,0,0,0,49,262,0,1,12,12,58,0,0,0,0,0,0,0,0,30.0,42.0,11.0,11.0,0.0,0.0,0.0,0.0,0.0,0.0,60.0,60.0,0.0,0.0,5.0,5.0,5.0,5.0,20.0,20.0,0.0,0.0,8.0,8.0,13.0,13.0,0.0,0.0,0.0,0.0,0.0,0.0,0.0,0.0,1
00-0034975,Justice Hill,RB,BAL,2023,16,0,0,0,0,0,84,387,3,0,28,39,206,1,1,0,0,0,0,0,0,81.3,109.3,15.0,13.0,0.0,0.0,0.0,0.0,0.0,0.0,262.0,161.0,0.0,0.0,12.0,8.5,12.0,8.5,58.0,39.0,0.0,0.0,30.0,18.99999999999993,42.0,27.50000000000003,0.0,0.0,0.0,0.0,0.0,0.0,0.0,0.0,2
00-0034975,Justice Hill,RB,BAL,2024,15,0,0,0,0,0,47,228,1,0,42,51,383,3,0,0,0,0,0,0,0,85.1,127.1,16.0,15.5,0.0,0.0,0.0,0.0,0.0,0.0,387.0,324.5,3.0,1.5,28.0,20.0,39.0,25.5,206.0,132.0,1.0,0.5,81.3,55.64999999999993,109.3,75.65000000000003,0.0,0.0,0.0,0.0,0.0,0.0,0.0,0.0,3
00-0034975,Justice Hill,RB,BAL,2025,10,0,0,0,0,0,18,93,2,0,21,27,169,1,0,0,0,0,0,0,0,44.2,65.2,15.0,15.5,0.0,0.0,0.0,0.0,0.0,0.0,228.0,307.5,1.0,2.0,42.0,35.0,51.0,45.0,383.0,294.5,3.0,2.0,85.1,83.19999999999993,127.1,118.20000000000002,0.0,0.0,0.0,0.0,0.0,0.0,0.0,0.0,4
00-0034981,Foster Moreau,TE,LV,2020,8,0,0,0,0,0,0,0,0,0,7,9,140,2,0,0,0,0,0,0,0,26.0,33.0,,15.0,,0.0,,0.0,,0.0,,228.0,,1.0,,42.0,,51.0,,383.0,,3.0,,85.1,,127.1,,0.0,,0.0,,0.0,,0.0,0
00-0034981,Foster Moreau,TE,LV,2021,15,0,0,0,0,0,0,0,0,0,30,44,373,3,0,0,0,0,0,0,0,55.3,85.3,8.0,8.0,0.0,0.0,0.0,0.0,0.0,0.0,0.0,0.0,0.0,0.0,7.0,7.0,9.0,9.0,140.0,140.0,2.0,2.0,26.0,26.0,33.0,33.0,0.0,0.0,0.0,0.0,0.0,0.0,0.0,0.0,1
00-0034981,Foster Moreau,TE,LV,2022,14,0,0,0,0,0,0,2,0,0,33,54,420,2,0,0,0,0,0,0,0,54.2,87.2,15.0,11.5,0.0,0.0,0.0,0.0,0.0,0.0,0.0,0.0,0.0,0.0,30.0,18.5,44.0,26.5,373.0,256.5,3.0,2.5,55.3,40.64999999999993,85.3,59.15000000000003,0.0,0.0,0.0,0.0,0.0,0.0,0.0,0.0,2
00-0034981,Foster Moreau,TE,NO,2023,13,0,0,0,0,0,0,0,0,0,21,25,193,1,0,0,0,0,0,0,0,25.3,46.3,14.0,14.5,0.0,0.0,0.0,0.0,0.0,0.0,2.0,1.0,0.0,0.0,33.0,31.5,54.0,49.0,420.0,396.5,2.0,2.5,54.2,54.74999999999993,87.2,86.25000000000003,0.0,0.0,0.0,0.0,0.0,0.0,0.0,0.0,3
00-0034981,Foster Moreau,TE,NO,2024,16,0,0,0,0,0,0,0,0,0,32,43,413,5,0,0,0,0,0,0,0,71.3,103.3,13.0,13.5,0.0,0.0,0.0,0.0,0.0,0.0,0.0,1.0,0.0,0.0,21.0,27.0,25.0,39.5,193.0,306.5,1.0,1.5,25.3,39.74999999999993,46.3,66.75000000000003,0.0,0.0,0.0,0.0,0.0,0.0,0.0,0.0,4
00-0034981,Foster Moreau,TE,NO,2025,7,0,0,0,0,0,0,0,0,0,7,10,59,0,0,0,0,0,0,0,0,5.9,12.9,16.0,14.5,0.0,0.0,0.0,0.0,0.0,0.0,0.0,0.0,0.0,0.0,32.0,26.5,43.0,34.0,413.0,303.0,5.0,3.0,71.3,48.299999999999926,103.3,74.80000000000003,0.0,0.0,0.0,0.0,0.0,0.0,0.0,0.0,5
00-0034983,Hunter Renfrow,WR,LV,2020,16,0,0,0,0,0,0,0,0,0,56,77,656,2,1,0,0,0,0,0,0,75.6,131.6,,16.0,,0.0,,0.0,,0.0,,0.0,,0.0,,32.0,,43.0,,413.0,,5.0,,71.3,,103.3,,0.0,,0.0,,0.0,,0.0,0
00-0034983,Hunter Renfrow,WR,LV,2021,17,0,0,0,0,0,3,3,0,0,103,128,1038,9,1,0,0,0,0,0,0,156.1,259.1,16.0,16.0,0.0,0.0,0.0,0.0,0.0,0.0,0.0,0.0,0.0,0.0,56.0,56.0,77.0,77.0,656.0,656.0,2.0,2.0,75.6,75.6,131.6,131.6,0.0,0.0,0.0,0.0,0.0,0.0,0.0,0.0,1
00-0034983,Hunter Renfrow,WR,LV,2022,10,0,0,0,0,0,0,0,0,0,36,50,330,2,1,0,0,0,0,0,0,43.0,79.0,17.0,16.5,0.0,0.0,0.0,0.0,0.0,0.0,3.0,1.5,0.0,0.0,103.0,79.5,128.0,102.5,1038.0,847.0,9.0,5.5,156.1,115.84999999999992,259.1,195.35000000000002,0.0,0.0,0.0,0.0,0.0,0.0,0.0,0.0,2
00-0034983,Hunter Renfrow,WR,LV,2023,14,0,0,0,0,0,0,0,0,0,25,37,255,0,1,0,0,0,0,0,0,23.5,48.5,10.0,13.5,0.0,0.0,0.0,0.0,0.0,0.0,0.0,1.5,0.0,0.0,36.0,69.5,50.0,89.0,330.0,684.0,2.0,5.5,43.0,99.54999999999993,79.0,169.05,0.0,0.0,0.0,0.0,0.0,0.0,0.0,0.0,3
00-0034983,Hunter Renfrow,WR,CAR,2025,6,0,0,0,0,0,0,0,0,0,15,26,89,2,0,0,0,0,0,0,0,20.9,35.9,14.0,12.0,0.0,0.0,0.0,0.0,0.0,0.0,0.0,0.0,0.0,0.0,25.0,30.5,37.0,43.5,255.0,292.5,0.0,1.0,23.5,33.24999999999993,48.5,63.75,0.0,0.0,0.0,0.0,0.0,0.0,0.0,0.0,4
00-0034988,Kaden Smith,TE,NYG,2020,15,0,0,0,0,0,0,0,0,0,18,21,112,0,0,0,0,0,0,0,0,11.2,29.2,,14.0,,0.0,,0.0,,0.0,,0.0,,0.0,,25.0,,37.0,,255.0,,0.0,,23.5,,48.5,,0.0,,0.0,,0.0,,0.0,0
00-0034988,Kaden Smith,TE,NYG,2021,4,0,0,0,0,0,0,0,0,0,3,3,33,0,0,0,0,0,0,0,0,3.3,6.3,15.0,15.0,0.0,0.0,0.0,0.0,0.0,0.0,0.0,0.0,0.0,0.0,18.0,18.0,21.0,21.0,112.0,112.0,0.0,0.0,11.2,11.2,29.2,29.2,0.0,0.0,0.0,0.0,0.0,0.0,0.0,0.0,1
00-0034995,Dexter Williams,RB,GB,2020,1,0,0,0,0,0,2,8,0,0,0,0,0,0,0,0,0,0,0,0,0,0.8,0.8,,15.0,,0.0,,0.0,,0.0,,0.0,,0.0,,18.0,,21.0,,112.0,,0.0,,11.2,,29.2,,0.0,,0.0,,0.0,,0.0,0
00-0035006,Bisi Johnson,WR,MIN,2020,9,0,0,0,0,0,0,0,0,0,14,19,189,0,0,0,0,0,0,0,0,20.9,34.9,,,,,,,,,,,,,,,,,,,,,,,,,,,,,,,,,0
00-0035021,Ashton Dulin,WR,IND,2020,10,0,0,0,0,0,2,11,0,0,3,6,53,0,0,0,0,0,0,0,0,6.4,9.4,,,,,,,,,,,,,,,,,,,,,,,,,,,,,,,,,0
00-0035021,Ashton Dulin,WR,IND,2021,16,0,0,0,0,0,3,32,0,0,13,22,173,2,0,0,0,0,0,0,0,32.5,45.5,10.0,10.0,0.0,0.0,0.0,0.0,0.0,0.0,11.0,11.0,0.0,0.0,3.0,3.0,6.0,6.0,53.0,53.0,0.0,0.0,6.4,6.4,9.4,9.4,0.0,0.0,0.0,0.0,0.0,0.0,0.0,0.0,1
00-0035021,Ashton Dulin,WR,IND,2022,10,0,0,0,0,0,2,8,0,0,15,22,207,1,0,0,0,0,0,0,0,27.5,42.5,16.0,13.0,0.0,0.0,0.0,0.0,0.0,0.0,32.0,21.5,0.0,0.0,13.0,8.0,22.0,14.0,173.0,113.0,2.0,1.0,32.5,19.44999999999993,45.5,27.45,0.0,0.0,0.0,0.0,0.0,0.0,0.0,0.0,2
00-0035021,Ashton Dulin,WR,IND,2024,13,0,0,0,0,0,5,45,0,0,2,8,67,1,0,0,0,0,0,0,0,17.2,19.2,10.0,13.0,0.0,0.0,0.0,0.0,0.0,0.0,8.0,20.0,0.0,0.0,15.0,14.0,22.0,22.0,207.0,190.0,1.0,1.5,27.5,29.99999999999993,42.5,44.0,0.0,0.0,0.0,0.0,0.0,0.0,0.0,0.0,3
00-0035021,Ashton Dulin,WR,IND,2025,12,0,0,0,0,0,3,44,0,0,5,10,106,0,0,0,0,0,0,0,0,15.0,20.0,13.0,11.5,0.0,0.0,0.0,0.0,0.0,0.0,45.0,26.5,0.0,0.0,2.0,8.5,8.0,15.0,67.0,137.0,1.0,1.0,17.2,22.34999999999993,19.2,30.85,0.0,0.0,0.0,0.0,0.0,0.0,0.0,0.0,4
00-0035022,Penny Hart,WR,SEA,2020,5,0,0,0,0,0,1,19,0,0,1,1,3,0,0,0,0,0,0,0,0,2.2,3.2,,13.0,,0.0,,0.0,,0.0,,45.0,,0.0,,2.0,,8.0,,67.0,,1.0,,17.2,,19.2,,0.0,,0.0,,0.0,,0.0,0
00-0035022,Penny Hart,WR,SEA,2021,11,0,0,0,0,0,0,0,0,0,7,12,59,0,0,0,0,0,0,0,0,5.9,12.9,5.0,5.0,0.0,0.0,0.0,0.0,0.0,0.0,19.0,19.0,0.0,0.0,1.0,1.0,1.0,1.0,3.0,3.0,0.0,0.0,2.2,2.2,3.2,3.2,0.0,0.0,0.0,0.0,0.0,0.0,0.0,0.0,1
00-0035022,Penny Hart,WR,SEA,2022,4,0,0,0,0,0,0,0,0,0,3,4,20,0,0,0,0,0,0,0,0,2.0,5.0,11.0,8.0,0.0,0.0,0.0,0.0,0.0,0.0,0.0,9.5,0.0,0.0,7.0,4.0,12.0,6.5,59.0,31.0,0.0,0.0,5.9,4.04999999999993,12.9,8.05,0.0,0.0,0.0,0.0,0.0,0.0,0.0,0.0,2
00-0035039,Stephen Carlson,TE,CLE,2020,7,0,0,0,0,0,0,0,0,0,1,2,11,0,0,0,0,0,0,0,0,3.1,4.1,,11.0,,0.0,,0.0,,0.0,,0.0,,0.0,,7.0,,12.0,,59.0,,0.0,,5.9,,12.9,,0.0,,0.0,,0.0,,0.0,0
00-0035040,David Blough,QB,DET,2020,1,6,10,49,0,1,1,18,0,0,0,0,0,0,0,0,0,0,0,0,0,1.76,1.76,,,,,,,,,,,,,,,,,,,,,,,,,,,,,,,,,0
00-0035040,David Blough,QB,DET,2021,1,0,0,0,0,0,1,6,0,0,0,0,0,0,0,0,0,0,0,0,0,0.6,0.6,1.0,1.0,49.0,49.0,0.0,0.0,1.0,1.0,18.0,18.0,0.0,0.0,0.0,0.0,0.0,0.0,0.0,0.0,0.0,0.0,1.76,1.76,1.76,1.76,0.0,0.0,0.0,0.0,0.0,0.0,0.0,0.0,1
00-0035040,David Blough,QB,ARI,2022,2,38,58,402,2,2,4,5,0,0,0,0,0,0,0,0,0,0,0,0,0,18.58,18.58,1.0,1.0,0.0,24.5,0.0,0.0,0.0,0.5,6.0,12.0,0.0,0.0,0.0,0.0,0.0,0.0,0.0,0.0,0.0,0.0,0.6,1.1799999999999289,0.6,1.179999999999999,0.0,0.0,0.0,0.0,0.0,0.0,0.0,0.0,2
00-0035045,D.J. Montgomery,WR,NYJ,2021,2,0,0,0,0,0,0,0,0,0,3,6,36,0,0,0,0,0,0,0,0,3.6,6.6,,1.0,,0.0,,0.0,,0.0,,6.0,,0.0,,0.0,,0.0,,0.0,,0.0,,0.6,,0.6,,0.0,,0.0,,0.0,,0.0,0
00-0035045,D.J. Montgomery,WR,IND,2023,2,0,0,0,0,0,0,0,0,0,3,8,56,1,0,0,0,0,0,0,0,11.6,14.6,2.0,2.0,0.0,0.0,0.0,0.0,0.0,0.0,0.0,0.0,0.0,0.0,3.0,3.0,6.0,6.0,36.0,36.0,0.0,0.0,3.6,3.6,6.6,6.6,0.0,0.0,0.0,0.0,0.0,0.0,0.0,0.0,1
00-0035100,Jake Browning,QB,CIN,2023,9,171,243,1936,12,7,27,127,3,0,1,1,-7,0,0,0,0,0,0,0,0,143.44,144.44,,2.0,,0.0,,0.0,,0.0,,0.0,,0.0,,3.0,,6.0,,36.0,,0.0,,3.6,,6.6,,0.0,,0.0,,0.0,,0.0,0
00-0035100,Jake Browning,QB,CIN,2024,2,0,0,0,0,0,2,-2,0,0,0,0,0,0,0,0,0,0,0,0,0,-0.2,-0.2,9.0,9.0,1936.0,1936.0,12.0,12.0,7.0,7.0,127.0,127.0,3.0,3.0,1.0,1.0,1.0,1.0,-7.0,-7.0,0.0,0.0,143.44,143.44,144.44,144.44,0.0,0.0,0.0,0.0,0.0,0.0,0.0,0.0,1
00-0035100,Jake Browning,QB,CIN,2025,5,81,125,771,6,8,9,39,1,0,0,0,0,0,0,0,0,0,0,0,0,48.74,48.74,2.0,5.5,0.0,968.0,0.0,6.0,0.0,3.5,-2.0,62.5,0.0,1.5,0.0,0.5,0.0,0.5,0.0,-3.5,0.0,0.0,-0.2,71.61999999999993,-0.2,72.12,0.0,0.0,0.0,0.0,0.0,0.0,0.0,0.0,2
00-0035101,Davion Davis,WR,HOU,2021,2,0,0,0,0,0,0,0,0,0,1,3,17,0,0,0,0,0,0,0,0,1.7,2.7,,2.0,,0.0,,0.0,,0.0,,-2.0,,0.0,,0.0,,0.0,,0.0,,0.0,,-0.2,,-0.2,,0.0,,0.0,,0.0,,0.0,0
00-0035102,Brandon Dillon,TE,MIN,2020,1,0,0,0,0,0,0,0,0,0,1,1,6,0,0,0,0,0,0,0,0,0.6,1.6,,,,,,,,,,,,,,,,,,,,,,,,,,,,,,,,,0
00-0035120,Keelan Doss,WR,LAC,2023,2,0,0,0,0,0,0,0,0,0,6,13,33,0,0,0,0,0,0,0,0,3.3,9.3,,,,,,,,,,,,,,,,,,,,,,,,,,,,,,,,,0
00-0035126,Antoine Wesley,WR,ARI,2021,8,0,0,0,0,0,0,0,0,0,19,32,208,3,0,0,0,0,0,0,0,38.8,57.8,,,,,,,,,,,,,,,,,,,,,,,,,,,,,,,,,0
00-0035140,Mecole Hardman,WR,KC,2020,16,0,0,0,0,0,4,31,0,0,41,62,560,4,1,0,0,0,0,0,0,89.1,130.1,,,,,,,,,,,,,,,,,,,,,,,,,,,,,,,,,0
00-0035140,Mecole Hardman,WR,KC,2021,17,0,0,0,0,0,8,46,0,1,59,83,693,2,1,0,0,0,0,0,0,81.9,140.9,16.0,16.0,0.0,0.0,0.0,0.0,0.0,0.0,31.0,31.0,0.0,0.0,41.0,41.0,62.0,62.0,560.0,560.0,4.0,4.0,89.1,89.1,130.1,130.1,0.0,0.0,0.0,0.0,0.0,0.0,0.0,0.0,1
00-0035140,Mecole Hardman,WR,KC,2022,8,0,0,0,0,0,4,31,2,0,25,34,297,4,0,0,0,0,0,0,0,68.8,93.8,17.0,16.5,0.0,0.0,0.0,0.0,0.0,0.0,46.0,38.5,0.0,0.0,59.0,50.0,83.0,72.5,693.0,626.5,2.0,3.0,81.9,85.49999999999993,140.9,135.5,0.0,0.0,0.0,0.0,0.0,0.0,0.0,0.0,2
00-0035140,Mecole Hardman,WR,KC,2023,7,0,0,0,0,0,1,3,0,0,15,24,124,0,0,0,0,0,0,0,0,12.7,27.7,8.0,12.5,0.0,0.0,0.0,0.0,0.0,0.0,31.0,38.5,2.0,1.0,25.0,42.0,34.0,58.5,297.0,495.0,4.0,3.0,68.8,75.34999999999994,93.8,117.35,0.0,0.0,0.0,0.0,0.0,0.0,0.0,0.0,3
00-0035140,Mecole Hardman,WR,KC,2024,12,0,0,0,0,0,5,62,1,0,12,14,90,0,0,0,0,0,0,0,0,21.2,33.2,7.0,7.5,0.0,0.0,0.0,0.0,0.0,0.0,3.0,17.0,0.0,1.0,15.0,20.0,24.0,29.0,124.0,210.5,0.0,2.0,12.7,40.74999999999993,27.7,60.75,0.0,0.0,0.0,0.0,0.0,0.0,0.0,0.0,4
00-0035140,Mecole Hardman,WR,BUF,2025,2,0,0,0,0,0,0,0,0,0,0,1,0,0,0,0,0,0,0,0,0,0.0,0.0,12.0,9.5,0.0,0.0,0.0,0.0,0.0,0.0,62.0,32.5,1.0,0.5,12.0,13.5,14.0,19.0,90.0,107.0,0.0,0.0,21.2,16.94999999999993,33.2,30.450000000000003,0.0,0.0,0.0,0.0,0.0,0.0,0.0,0.0,5
00-0035145,Austin Seibert,K,CIN,2020,5,0,0,0,0,0,0,0,0,0,0,0,0,0,0,6,9,0,0,8,9,0.0,0.0,,12.0,,0.0,,0.0,,0.0,,62.0,,1.0,,12.0,,14.0,,90.0,,0.0,,21.2,,33.2,,0.0,,0.0,,0.0,,0.0,0
00-0035145,Austin Seibert,K,DET,2021,6,0,0,0,0,0,0,0,0,0,0,0,0,0,0,10,12,1,0,5,5,0.0,0.0,5.0,5.0,0.0,0.0,0.0,0.0,0.0,0.0,0.0,0.0,0.0,0.0,0.0,0.0,0.0,0.0,0.0,0.0,0.0,0.0,0.0,0.0,0.0,0.0,6.0,6.0,9.0,9.0,8.0,8.0,9.0,9.0,1
00-0035145,Austin Seibert,K,DET,2022,3,0,0,0,0,0,0,0,0,0,0,0,0,0,0,3,5,0,0,12,12,0.0,0.0,6.0,5.5,0.0,0.0,0.0,0.0,0.0,0.0,0.0,0.0,0.0,0.0,0.0,0.0,0.0,0.0,0.0,0.0,0.0,0.0,0.0,0.0,0.0,0.0,10.0,8.0,12.0,10.5,5.0,6.5,5.0,7.0,2
00-0035145,Austin Seibert,K,NYJ,2023,1,0,0,0,0,0,0,0,0,0,0,0,0,0,0,1,1,0,0,1,1,0.0,0.0,3.0,4.5,0.0,0.0,0.0,0.0,0.0,0.0,0.0,0.0,0.0,0.0,0.0,0.0,0.0,0.0,0.0,0.0,0.0,0.0,0.0,0.0,0.0,0.0,3.0,6.5,5.0,8.5,12.0,8.5,12.0,8.5,3
00-0035145,Austin Seibert,K,WAS,2024,9,0,0,0,0,0,0,0,0,0,0,0,0,0,0,27,30,2,0,22,24,0.0,0.0,1.0,2.0,0.0,0.0,0.0,0.0,0.0,0.0,0.0,0.0,0.0,0.0,0.0,0.0,0.0,0.0,0.0,0.0,0.0,0.0,0.0,0.0,0.0,0.0,1.0,2.0,1.0,3.0,1.0,6.5,1.0,6.5,4
00-0035146,Trace McSorley,QB,BAL,2020,2,3,10,90,1,0,5,17,0,0,0,0,0,0,0,0,0,0,0,0,0,9.3,9.3,,1.0,,0.0,,0.0,,0.0,,0.0,,0.0,,0.0,,0.0,,0.0,,0.0,,0.0,,0.0,,1.0,,1.0,,1.0,,1.0,0
00-0035146,Trace McSorley,QB,ARI,2022,5,45,83,412,0,5,15,61,0,1,0,0,0,0,0,0,0,0,0,0,0,8.58,8.58,2.0,2.0,90.0,90.0,1.0,1.0,0.0,0.0,17.0,17.0,0.0,0.0,0.0,0.0,0.0,0.0,0.0,0.0,0.0,0.0,9.3,9.3,9.3,9.3,0.0,0.0,0.0,0.0,0.0,0.0,0.0,0.0,1
00-0035148,Darwin Thompson,RB,KC,2020,5,0,0,0,0,0,27,97,1,1,7,11,65,1,0,0,0,0,0,0,0,26.2,33.2,,2.0,,90.0,,1.0,,0.0,,17.0,,0.0,,0.0,,0.0,,0.0,,0.0,,9.3,,9.3,,0.0,,0.0,,0.0,,0.0,0
00-0035164,Cody Thompson,WR,SEA,2021,2,0,0,0,0,0,0,0,0,0,0,0,0,0,0,0,0,0,0,0,0,0.0,0.0,,,,,,,,,,,,,,,,,,,,,,,,,,,,,,,,,0
00-0035164,Cody Thompson,WR,SEA,2023,2,0,0,0,0,0,0,0,0,0,1,1,10,0,0,0,0,0,0,0,0,1.0,2.0,2.0,2.0,0.0,0.0,0.0,0.0,0.0,0.0,0.0,0.0,0.0,0.0,0.0,0.0,0.0,0.0,0.0,0.0,0.0,0.0,0.0,0.0,0.0,0.0,0.0,0.0,0.0,0.0,0.0,0.0,0.0,0.0,1
00-0035164,Cody Thompson,WR,TB,2024,1,0,0,0,0,0,0,0,0,0,0,0,0,0,0,0,0,0,0,0,0,0.0,0.0,2.0,2.0,0.0,0.0,0.0,0.0,0.0,0.0,0.0,0.0,0.0,0.0,1.0,0.5,1.0,0.5,10.0,5.0,0.0,0.0,1.0,0.49999999999992895,2.0,1.0,0.0,0.0,0.0,0.0,0.0,0.0,0.0,0.0,2
00-0035181,Darrius Shepherd,WR,GB,2020,8,0,0,0,0,0,0,0,0,0,5,8,46,0,0,0,0,0,0,0,0,4.6,9.6,,2.0,,0.0,,0.0,,0.0,,0.0,,0.0,,1.0,,1.0,,10.0,,0.0,,1.0,,2.0,,0.0,,0.0,,0.0,,0.0,0
00-0035184,Devine Ozigbo,RB,JAX,2020,6,0,0,0,0,0,1,1,0,0,9,9,42,0,0,0,0,0,0,0,0,4.3,13.3,,,,,,,,,,,,,,,,,,,,,,,,,,,,,,,,,0
00-0035184,Devine Ozigbo,RB,NO,2021,1,0,0,0,0,0,1,-3,0,0,1,1,7,0,0,0,0,0,0,0,0,0.4,1.4,6.0,6.0,0.0,0.0,0.0,0.0,0.0,0.0,1.0,1.0,0.0,0.0,9.0,9.0,9.0,9.0,42.0,42.0,0.0,0.0,4.3,4.3,13.3,13.3,0.0,0.0,0.0,0.0,0.0,0.0,0.0,0.0,1
00-0035184,Devine Ozigbo,RB,DEN,2022,3,0,0,0,0,0,3,4,0,0,1,1,3,0,0,0,0,0,0,0,0,0.7,1.7,1.0,3.5,0.0,0.0,0.0,0.0,0.0,0.0,-3.0,-1.0,0.0,0.0,1.0,5.0,1.0,5.0,7.0,24.5,0.0,0.0,0.4,2.349999999999929,1.4,7.3500000000000005,0.0,0.0,0.0,0.0,0.0,0.0,0.0,0.0,2
00-0035184,Devine Ozigbo,RB,DET,2023,1,0,0,0,0,0,3,5,0,0,1,1,8,0,0,0,0,0,0,0,0,1.3,2.3,3.0,2.0,0.0,0.0,0.0,0.0,0.0,0.0,4.0,0.5,0.0,0.0,1.0,1.0,1.0,1.0,3.0,5.0,0.0,0.0,0.7,0.549999999999929,1.7,1.5499999999999998,0.0,0.0,0.0,0.0,0.0,0.0,0.0,0.0,3
00-0035187,Austin Walter,RB,SF,2020,3,0,0,0,0,0,1,3,0,0,1,1,27,0,0,0,0,0,0,0,0,3.0,4.0,,3.0,,0.0,,0.0,,0.0,,4.0,,0.0,,1.0,,1.0,,3.0,,0.0,,0.7,,1.7,,0.0,,0.0,,0.0,,0.0,0
00-0035187,Austin Walter,RB,NYJ,2021,4,0,0,0,0,0,26,101,1,0,2,3,9,0,0,0,0,0,0,0,0,17.0,19.0,3.0,3.0,0.0,0.0,0.0,0.0,0.0,0.0,3.0,3.0,0.0,0.0,1.0,1.0,1.0,1.0,27.0,27.0,0.0,0.0,3.0,3.0,4.0,4.0,0.0,0.0,0.0,0.0,0.0,0.0,0.0,0.0,1
00-0035189,Matthew Wright,K,PIT,2020,3,0,0,0,0,0,0,0,0,0,0,0,0,0,0,4,4,0,0,7,7,0.0,0.0,,3.0,,0.0,,0.0,,0.0,,3.0,,0.0,,1.0,,1.0,,27.0,,0.0,,3.0,,4.0,,0.0,,0.0,,0.0,,0.0,0
00-0035189,Matthew Wright,K,JAX,2021,14,0,0,0,0,0,0,0,0,0,0,0,0,0,0,21,24,4,0,13,15,0.0,0.0,3.0,3.0,0.0,0.0,0.0,0.0,0.0,0.0,0.0,0.0,0.0,0.0,0.0,0.0,0.0,0.0,0.0,0.0,0.0,0.0,0.0,0.0,0.0,0.0,4.0,4.0,4.0,4.0,7.0,7.0,7.0,7.0,1
00-0035189,Matthew Wright,K,PIT,2022,6,0,0,0,0,0,0,0,0,0,0,0,0,0,0,15,18,2,0,15,15,0.0,0.0,14.0,8.5,0.0,0.0,0.0,0.0,0.0,0.0,0.0,0.0,0.0,0.0,0.0,0.0,0.0,0.0,0.0,0.0,0.0,0.0,0.0,0.0,0.0,0.0,21.0,12.5,24.0,14.0,13.0,10.0,15.0,11.0,2
00-0035189,Matthew Wright,K,CAR,2023,1,0,0,0,0,0,0,0,0,0,0,0,0,0,0,0,1,0,0,0,0,0.0,0.0,6.0,10.0,0.0,0.0,0.0,0.0,0.0,0.0,0.0,0.0,0.0,0.0,0.0,0.0,0.0,0.0,0.0,0.0,0.0,0.0,0.0,0.0,0.0,0.0,15.0,18.0,18.0,21.0,15.0,14.0,15.0,15.0,3
00-0035189,Matthew Wright,K,TEN,2024,5,0,0,0,0,0,0,0,0,0,0,0,0,0,0,15,16,1,0,6,6,0.0,0.0,1.0,3.5,0.0,0.0,0.0,0.0,0.0,0.0,0.0,0.0,0.0,0.0,0.0,0.0,0.0,0.0,0.0,0.0,0.0,0.0,0.0,0.0,0.0,0.0,0.0,7.5,1.0,9.5,0.0,7.5,0.0,7.5,4
00-0035189,Matthew Wright,K,HOU,2025,4,0,0,0,0,0,0,0,0,0,0,0,0,0,0,5,5,0,0,4,4,0.0,0.0,5.0,3.0,0.0,0.0,0.0,0.0,0.0,0.0,0.0,0.0,0.0,0.0,0.0,0.0,0.0,0.0,0.0,0.0,0.0,0.0,0.0,0.0,0.0,0.0,15.0,7.5,16.0,8.5,6.0,3.0,6.0,3.0,5
00-0035192,Joey Slye,K,CAR,2020,16,0,0,0,0,0,0,0,0,0,0,0,0,0,0,29,36,1,0,33,36,0.0,0.0,,5.0,,0.0,,0.0,,0.0,,0.0,,0.0,,0.0,,0.0,,0.0,,0.0,,0.0,,0.0,,15.0,,16.0,,6.0,,6.0,0
00-0035192,Joey Slye,K,WAS,2021,12,0,0,0,0,0,0,0,0,0,0,0,0,0,0,23,25,4,0,18,22,0.0,0.0,16.0,16.0,0.0,0.0,0.0,0.0,0.0,0.0,0.0,0.0,0.0,0.0,0.0,0.0,0.0,0.0,0.0,0.0,0.0,0.0,0.0,0.0,0.0,0.0,29.0,29.0,36.0,36.0,33.0,33.0,36.0,36.0,1
00-0035192,Joey Slye,K,WAS,2022,17,0,0,0,0,0,0,0,0,0,0,0,0,0,0,25,30,4,0,24,28,0.0,0.0,12.0,14.0,0.0,0.0,0.0,0.0,0.0,0.0,0.0,0.0,0.0,0.0,0.0,0.0,0.0,0.0,0.0,0.0,0.0,0.0,0.0,0.0,0.0,0.0,23.0,26.0,25.0,30.5,18.0,25.5,22.0,29.0,2
00-0035192,Joey Slye,K,WAS,2023,17,0,0,0,0,0,0,0,0,0,0,0,0,0,0,19,24,2,1,32,35,0.0,0.0,17.0,14.5,0.0,0.0,0.0,0.0,0.0,0.0,0.0,0.0,0.0,0.0,0.0,0.0,0.0,0.0,0.0,0.0,0.0,0.0,0.0,0.0,0.0,0.0,25.0,24.0,30.0,27.5,24.0,21.0,28.0,25.0,3
00-0035192,Joey Slye,K,NE,2024,17,0,0,0,0,0,0,0,0,0,0,0,0,0,0,26,33,5,1,25,26,0.0,0.0,17.0,17.0,0.0,0.0,0.0,0.0,0.0,0.0,0.0,0.0,0.0,0.0,0.0,0.0,0.0,0.0,0.0,0.0,0.0,0.0,0.0,0.0,0.0,0.0,19.0,22.0,24.0,27.0,32.0,28.0,35.0,31.5,4
00-0035192,Joey Slye,K,TEN,2025,16,0,0,0,0,0,0,0,0,0,0,0,0,0,0,28,35,9,0,26,27,0.0,0.0,17.0,17.0,0.0,0.0,0.0,0.0,0.0,0.0,0.0,0.0,0.0,0.0,0.0,0.0,0.0,0.0,0.0,0.0,0.0,0.0,0.0,0.0,0.0,0.0,26.0,22.5,33.0,28.5,25.0,28.5,26.0,30.5,5
00-0035208,Olamide Zaccheaus,WR,ATL,2020,10,0,0,0,0,0,1,0,0,0,20,32,274,1,0,0,0,0,0,0,0,33.4,53.4,,17.0,,0.0,,0.0,,0.0,,0.0,,0.0,,0.0,,0.0,,0.0,,0.0,,0.0,,0.0,,26.0,,33.0,,25.0,,26.0,0
00-0035208,Olamide Zaccheaus,WR,ATL,2021,15,0,0,0,0,0,1,2,0,0,31,53,406,3,0,0,0,0,0,0,0,58.8,89.8,10.0,10.0,0.0,0.0,0.0,0.0,0.0,0.0,0.0,0.0,0.0,0.0,20.0,20.0,32.0,32.0,274.0,274.0,1.0,1.0,33.4,33.4,53.4,53.4,0.0,0.0,0.0,0.0,0.0,0.0,0.0,0.0,1
00-0035208,Olamide Zaccheaus,WR,ATL,2022,16,0,0,0,0,0,2,7,0,0,40,61,533,3,1,0,0,0,0,0,0,70.0,110.0,15.0,12.5,0.0,0.0,0.0,0.0,0.0,0.0,2.0,1.0,0.0,0.0,31.0,25.5,53.0,42.5,406.0,340.0,3.0,2.0,58.8,46.09999999999992,89.8,71.6,0.0,0.0,0.0,0.0,0.0,0.0,0.0,0.0,2
00-0035208,Olamide Zaccheaus,WR,PHI,2023,11,0,0,0,0,0,0,0,0,0,10,20,164,2,0,0,0,0,0,0,0,28.4,38.4,16.0,15.5,0.0,0.0,0.0,0.0,0.0,0.0,7.0,4.5,0.0,0.0,40.0,35.5,61.0,57.0,533.0,469.5,3.0,3.0,70.0,64.39999999999992,110.0,99.9,0.0,0.0,0.0,0.0,0.0,0.0,0.0,0.0,3
00-0035208,Olamide Zaccheaus,WR,WAS,2024,16,0,0,0,0,0,1,8,0,0,45,64,506,3,0,0,0,0,0,0,0,69.4,114.4,11.0,13.5,0.0,0.0,0.0,0.0,0.0,0.0,0.0,3.5,0.0,0.0,10.0,25.0,20.0,40.5,164.0,348.5,2.0,2.5,28.4,49.19999999999992,38.4,74.2,0.0,0.0,0.0,0.0,0.0,0.0,0.0,0.0,4
00-0035208,Olamide Zaccheaus,WR,CHI,2025,14,0,0,0,0,0,4,25,0,0,39,65,313,2,0,0,0,0,0,0,0,45.8,84.8,16.0,13.5,0.0,0.0,0.0,0.0,0.0,0.0,8.0,4.0,0.0,0.0,45.0,27.5,64.0,42.0,506.0,335.0,3.0,2.5,69.4,48.89999999999992,114.4,76.4,0.0,0.0,0.0,0.0,0.0,0.0,0.0,0.0,5
00-0035215,Deonte Harty,WR,NO,2020,9,0,0,0,0,0,6,51,0,0,20,25,186,1,0,0,0,0,0,0,0,29.7,49.7,,16.0,,0.0,,0.0,,0.0,,8.0,,0.0,,45.0,,64.0,,506.0,,3.0,,69.4,,114.4,,0.0,,0.0,,0.0,,0.0,0
00-0035215,Deonte Harty,WR,NO,2021,13,0,0,0,0,0,5,41,0,0,36,59,570,3,0,0,0,0,0,0,0,79.1,115.1,9.0,9.0,0.0,0.0,0.0,0.0,0.0,0.0,51.0,51.0,0.0,0.0,20.0,20.0,25.0,25.0,186.0,186.0,1.0,1.0,29.7,29.7,49.7,49.7,0.0,0.0,0.0,0.0,0.0,0.0,0.0,0.0,1
00-0035215,Deonte Harty,WR,NO,2022,4,0,0,0,0,0,0,0,0,0,2,2,13,0,0,0,0,0,0,0,0,1.3,3.3,13.0,11.0,0.0,0.0,0.0,0.0,0.0,0.0,41.0,46.0,0.0,0.0,36.0,28.0,59.0,42.0,570.0,378.0,3.0,2.0,79.1,54.39999999999991,115.1,82.4,0.0,0.0,0.0,0.0,0.0,0.0,0.0,0.0,2
00-0035215,Deonte Harty,WR,BUF,2023,16,0,0,0,0,0,4,0,0,0,15,21,150,1,0,0,0,0,0,0,0,27.0,42.0,4.0,8.5,0.0,0.0,0.0,0.0,0.0,0.0,0.0,20.5,0.0,0.0,2.0,19.0,2.0,30.5,13.0,291.5,0.0,1.5,1.3,40.19999999999991,3.3,59.199999999999996,0.0,0.0,0.0,0.0,0.0,0.0,0.0,0.0,3
00-0035215,Deonte Harty,WR,BAL,2024,5,0,0,0,0,0,0,0,0,0,0,0,0,0,0,0,0,0,0,0,0,0.0,0.0,16.0,10.0,0.0,0.0,0.0,0.0,0.0,0.0,0.0,0.0,0.0,0.0,15.0,8.5,21.0,11.5,150.0,81.5,1.0,0.5,27.0,14.149999999999915,42.0,22.65,0.0,0.0,0.0,0.0,0.0,0.0,0.0,0.0,4
00-0035216,Diontae Johnson,WR,PIT,2020,15,0,0,0,0,0,3,15,0,0,88,144,923,7,0,0,0,0,0,0,0,135.8,223.8,,16.0,,0.0,,0.0,,0.0,,0.0,,0.0,,15.0,,21.0,,150.0,,1.0,,27.0,,42.0,,0.0,,0.0,,0.0,,0.0,0
00-0035216,Diontae Johnson,WR,PIT,2021,16,0,0,0,0,0,5,53,0,0,107,169,1161,8,2,0,0,0,0,0,0,167.4,274.4,15.0,15.0,0.0,0.0,0.0,0.0,0.0,0.0,15.0,15.0,0.0,0.0,88.0,88.0,144.0,144.0,923.0,923.0,7.0,7.0,135.8,135.8,223.8,223.8,0.0,0.0,0.0,0.0,0.0,0.0,0.0,0.0,1
00-0035216,Diontae Johnson,WR,PIT,2022,17,0,0,0,0,0,7,25,0,0,86,147,882,0,0,0,0,0,0,0,0,94.7,180.7,16.0,15.5,0.0,0.0,0.0,0.0,0.0,0.0,53.0,34.0,0.0,0.0,107.0,97.5,169.0,156.5,1161.0,1042.0,8.0,7.5,167.4,151.5999999999999,274.4,249.1,0.0,0.0,0.0,0.0,0.0,0.0,0.0,0.0,2
00-0035216,Diontae Johnson,WR,PIT,2023,13,0,0,0,0,0,0,0,0,0,51,87,717,5,0,0,0,0,0,0,0,101.7,152.7,17.0,16.5,0.0,0.0,0.0,0.0,0.0,0.0,25.0,39.0,0.0,0.0,86.0,96.5,147.0,158.0,882.0,1021.5,0.0,4.0,94.7,131.04999999999993,180.7,227.54999999999998,0.0,0.0,0.0,0.0,0.0,0.0,0.0,0.0,3
00-0035216,Diontae Johnson,WR,HOU,2024,11,0,0,0,0,0,2,6,0,0,33,67,375,3,0,0,0,0,0,0,0,56.1,89.1,13.0,15.0,0.0,0.0,0.0,0.0,0.0,0.0,0.0,12.5,0.0,0.0,51.0,68.5,87.0,117.0,717.0,799.5,5.0,2.5,101.7,98.19999999999992,152.7,166.7,0.0,0.0,0.0,0.0,0.0,0.0,0.0,0.0,4
00-0035217,Benny Snell,RB,PIT,2020,15,0,0,0,0,0,111,368,4,1,10,14,61,0,0,0,0,0,0,0,0,64.9,74.9,,13.0,,0.0,,0.0,,0.0,,0.0,,0.0,,51.0,,87.0,,717.0,,5.0,,101.7,,152.7,,0.0,,0.0,,0.0,,0.0,0
00-0035217,Benny Snell,RB,PIT,2021,16,0,0,0,0,0,36,98,0,0,2,4,13,0,0,0,0,0,0,0,0,11.1,13.1,15.0,15.0,0.0,0.0,0.0,0.0,0.0,0.0,368.0,368.0,4.0,4.0,10.0,10.0,14.0,14.0,61.0,61.0,0.0,0.0,64.9,64.9,74.9,74.9,0.0,0.0,0.0,0.0,0.0,0.0,0.0,0.0,1
00-0035217,Benny Snell,RB,PIT,2022,9,0,0,0,0,0,20,90,1,0,2,2,17,0,0,0,0,0,0,0,0,16.7,18.7,16.0,15.5,0.0,0.0,0.0,0.0,0.0,0.0,98.0,233.0,0.0,2.0,2.0,6.0,4.0,9.0,13.0,37.0,0.0,0.0,11.1,37.999999999999915,13.1,44.0,0.0,0.0,0.0,0.0,0.0,0.0,0.0,0.0,2
00-0035218,Sutton Smith,RB,LV,2021,1,0,0,0,0,0,0,0,0,0,0,0,0,0,0,0,0,0,0,0,0,0.0,0.0,,16.0,,0.0,,0.0,,0.0,,98.0,,0.0,,2.0,,4.0,,13.0,,0.0,,11.1,,13.1,,0.0,,0.0,,0.0,,0.0,0
00-0035222,Zach Gentry,TE,PIT,2021,10,0,0,0,0,0,0,0,0,0,19,25,167,0,0,0,0,0,0,0,0,16.7,35.7,,,,,,,,,,,,,,,,,,,,,,,,,,,,,,,,,0
00-0035222,Zach Gentry,TE,PIT,2022,14,0,0,0,0,0,0,0,0,0,19,23,132,0,0,0,0,0,0,0,0,13.2,32.2,10.0,10.0,0.0,0.0,0.0,0.0,0.0,0.0,0.0,0.0,0.0,0.0,19.0,19.0,25.0,25.0,167.0,167.0,0.0,0.0,16.7,16.7,35.7,35.7,0.0,0.0,0.0,0.0,0.0,0.0,0.0,0.0,1
00-0035228,Kyler Murray,QB,ARI,2020,16,375,558,3971,26,12,133,819,11,0,0,0,0,0,0,0,0,0,0,0,0,378.74,378.74,,10.0,,0.0,,0.0,,0.0,,0.0,,0.0,,19.0,,25.0,,167.0,,0.0,,16.7,,35.7,,0.0,,0.0,,0.0,,0.0,0
00-0035228,Kyler Murray,QB,ARI,2021,14,333,481,3787,24,10,88,423,5,0,0,0,7,0,0,0,0,0,0,0,0,300.48,300.48,16.0,16.0,3971.0,3971.0,26.0,26.0,12.0,12.0,819.0,819.0,11.0,11.0,0.0,0.0,0.0,0.0,0.0,0.0,0.0,0.0,378.74,378.74,378.74,378.74,0.0,0.0,0.0,0.0,0.0,0.0,0.0,0.0,1
00-0035228,Kyler Murray,QB,ARI,2022,11,259,390,2368,14,7,67,418,3,2,0,0,0,0,0,0,0,0,0,0,0,200.52,200.52,14.0,15.0,3787.0,3879.0,24.0,25.0,10.0,11.0,423.0,621.0,5.0,8.0,0.0,0.0,0.0,0.0,7.0,3.5,0.0,0.0,300.48,339.6099999999999,300.48,339.61,0.0,0.0,0.0,0.0,0.0,0.0,0.0,0.0,2
00-0035228,Kyler Murray,QB,ARI,2023,8,176,268,1799,10,5,44,244,3,0,0,0,0,0,0,0,0,0,0,0,0,146.36,146.36,11.0,12.5,2368.0,3077.5,14.0,19.0,7.0,8.5,418.0,420.5,3.0,4.0,0.0,0.0,0.0,0.0,0.0,3.5,0.0,0.0,200.52,250.49999999999994,200.52,250.5,0.0,0.0,0.0,0.0,0.0,0.0,0.0,0.0,3
00-0035228,Kyler Murray,QB,ARI,2024,17,372,541,3851,21,11,78,572,5,3,0,0,0,0,0,0,0,0,0,0,0,297.24,297.24,8.0,9.5,1799.0,2083.5,10.0,12.0,5.0,6.0,244.0,331.0,3.0,3.0,0.0,0.0,0.0,0.0,0.0,0.0,0.0,0.0,146.36,173.43999999999994,146.36,173.44,0.0,0.0,0.0,0.0,0.0,0.0,0.0,0.0,4
00-0035228,Kyler Murray,QB,ARI,2025,5,110,161,962,6,3,29,173,1,1,0,0,0,0,0,0,0,0,0,0,0,77.78,77.78,17.0,12.5,3851.0,2825.0,21.0,15.5,11.0,8.0,572.0,408.0,5.0,4.0,0.0,0.0,0.0,0.0,0.0,0.0,0.0,0.0,297.24,221.79999999999995,297.24,221.8,0.0,0.0,0.0,0.0,0.0,0.0,0.0,0.0,5
00-0035229,T.J. Hockenson,TE,DET,2020,16,0,0,0,0,0,1,0,0,1,67,101,723,6,0,0,0,0,0,0,0,108.3,175.3,,17.0,,3851.0,,21.0,,11.0,,572.0,,5.0,,0.0,,0.0,,0.0,,0.0,,297.24,,297.24,,0.0,,0.0,,0.0,,0.0,0
00-0035229,T.J. Hockenson,TE,DET,2021,12,0,0,0,0,0,0,0,0,0,61,84,583,4,0,0,0,0,0,0,0,84.3,145.3,16.0,16.0,0.0,0.0,0.0,0.0,0.0,0.0,0.0,0.0,0.0,0.0,67.0,67.0,101.0,101.0,723.0,723.0,6.0,6.0,108.3,108.3,175.3,175.3,0.0,0.0,0.0,0.0,0.0,0.0,0.0,0.0,1
00-0035229,T.J. Hockenson,TE,MIN,2022,17,0,0,0,0,0,0,0,0,0,86,129,914,6,0,0,0,0,0,0,0,131.4,217.4,12.0,14.0,0.0,0.0,0.0,0.0,0.0,0.0,0.0,0.0,0.0,0.0,61.0,64.0,84.0,92.5,583.0,653.0,4.0,5.0,84.3,96.29999999999994,145.3,160.3,0.0,0.0,0.0,0.0,0.0,0.0,0.0,0.0,2
00-0035229,T.J. Hockenson,TE,MIN,2023,15,0,0,0,0,0,0,0,0,0,95,127,960,5,1,0,0,0,0,0,0,124.0,219.0,17.0,14.5,0.0,0.0,0.0,0.0,0.0,0.0,0.0,0.0,0.0,0.0,86.0,73.5,129.0,106.5,914.0,748.5,6.0,5.0,131.4,107.84999999999994,217.4,181.35000000000002,0.0,0.0,0.0,0.0,0.0,0.0,0.0,0.0,3
00-0035229,T.J. Hockenson,TE,MIN,2024,10,0,0,0,0,0,0,0,0,0,41,62,455,0,0,0,0,0,0,0,0,45.5,86.5,15.0,16.0,0.0,0.0,0.0,0.0,0.0,0.0,0.0,0.0,0.0,0.0,95.0,90.5,127.0,128.0,960.0,937.0,5.0,5.5,124.0,127.69999999999995,219.0,218.2,0.0,0.0,0.0,0.0,0.0,0.0,0.0,0.0,4
00-0035229,T.J. Hockenson,TE,MIN,2025,15,0,0,0,0,0,1,0,0,0,51,66,438,3,0,0,0,0,0,0,0,61.8,112.8,10.0,12.5,0.0,0.0,0.0,0.0,0.0,0.0,0.0,0.0,0.0,0.0,41.0,68.0,62.0,94.5,455.0,707.5,0.0,2.5,45.5,84.74999999999996,86.5,152.75,0.0,0.0,0.0,0.0,0.0,0.0,0.0,0.0,5
00-0035232,Dwayne Haskins,QB,WAS,2020,7,148,241,1439,5,7,20,46,1,0,0,0,0,0,0,0,0,0,0,0,0,68.16,68.16,,10.0,,0.0,,0.0,,0.0,,0.0,,0.0,,41.0,,62.0,,455.0,,0.0,,45.5,,86.5,,0.0,,0.0,,0.0,,0.0,0
00-0035243,Miles Sanders,RB,PHI,2020,12,0,0,0,0,0,164,867,6,2,28,52,197,0,0,0,0,0,0,0,0,142.4,170.4,,,,,,,,,,,,,,,,,,,,,,,,,,,,,,,,,0
00-0035243,Miles Sanders,RB,PHI,2021,12,0,0,0,0,0,137,754,0,1,26,34,158,0,0,0,0,0,0,0,0,91.2,117.2,12.0,12.0,0.0,0.0,0.0,0.0,0.0,0.0,867.0,867.0,6.0,6.0,28.0,28.0,52.0,52.0,197.0,197.0,0.0,0.0,142.4,142.4,170.4,170.4,0.0,0.0,0.0,0.0,0.0,0.0,0.0,0.0,1
00-0035243,Miles Sanders,RB,PHI,2022,17,0,0,0,0,0,259,1269,11,1,20,26,78,0,1,0,0,0,0,0,0,196.7,216.7,12.0,12.0,0.0,0.0,0.0,0.0,0.0,0.0,754.0,810.5,0.0,3.0,26.0,27.0,34.0,43.0,158.0,177.5,0.0,0.0,91.2,116.79999999999995,117.2,143.8,0.0,0.0,0.0,0.0,0.0,0.0,0.0,0.0,2
00-0035243,Miles Sanders,RB,CAR,2023,16,0,0,0,0,0,129,432,1,2,27,41,154,0,0,0,0,0,0,0,0,60.6,87.6,17.0,14.5,0.0,0.0,0.0,0.0,0.0,0.0,1269.0,1011.5,11.0,5.5,20.0,23.0,26.0,30.0,78.0,118.0,0.0,0.0,196.7,143.94999999999993,216.7,166.95,0.0,0.0,0.0,0.0,0.0,0.0,0.0,0.0,3
00-0035243,Miles Sanders,RB,CAR,2024,11,0,0,0,0,0,55,205,2,0,24,30,148,1,0,0,0,0,0,0,0,53.3,77.3,16.0,16.5,0.0,0.0,0.0,0.0,0.0,0.0,432.0,850.5,1.0,6.0,27.0,23.5,41.0,33.5,154.0,116.0,0.0,0.0,60.6,128.64999999999995,87.6,152.15,0.0,0.0,0.0,0.0,0.0,0.0,0.0,0.0,4
00-0035243,Miles Sanders,RB,DAL,2025,4,0,0,0,0,0,20,117,1,1,8,8,30,0,0,0,0,0,0,0,0,18.7,26.7,11.0,13.5,0.0,0.0,0.0,0.0,0.0,0.0,205.0,318.5,2.0,1.5,24.0,25.5,30.0,35.5,148.0,151.0,1.0,0.5,53.3,56.94999999999996,77.3,82.45000000000002,0.0,0.0,0.0,0.0,0.0,0.0,0.0,0.0,5
00-0035246,J.J. Arcega-Whiteside,WR,PHI,2020,5,0,0,0,0,0,0,0,0,0,4,8,85,0,0,0,0,0,0,0,0,10.5,14.5,,11.0,,0.0,,0.0,,0.0,,205.0,,2.0,,24.0,,30.0,,148.0,,1.0,,53.3,,77.3,,0.0,,0.0,,0.0,,0.0,0
00-0035246,J.J. Arcega-Whiteside,WR,PHI,2021,7,0,0,0,0,0,0,0,0,0,2,5,36,0,0,0,0,0,0,0,0,3.6,5.6,5.0,5.0,0.0,0.0,0.0,0.0,0.0,0.0,0.0,0.0,0.0,0.0,4.0,4.0,8.0,8.0,85.0,85.0,0.0,0.0,10.5,10.5,14.5,14.5,0.0,0.0,0.0,0.0,0.0,0.0,0.0,0.0,1
00-0035249,Josh Oliver,TE,BAL,2021,11,0,0,0,0,0,0,0,0,0,9,15,66,0,0,0,0,0,0,0,0,6.6,15.6,,5.0,,0.0,,0.0,,0.0,,0.0,,0.0,,4.0,,8.0,,85.0,,0.0,,10.5,,14.5,,0.0,,0.0,,0.0,,0.0,0
00-0035249,Josh Oliver,TE,BAL,2022,12,0,0,0,0,0,0,0,0,0,14,25,149,2,0,0,0,0,0,0,0,26.9,40.9,11.0,11.0,0.0,0.0,0.0,0.0,0.0,0.0,0.0,0.0,0.0,0.0,9.0,9.0,15.0,15.0,66.0,66.0,0.0,0.0,6.6,6.6,15.6,15.6,0.0,0.0,0.0,0.0,0.0,0.0,0.0,0.0,1
00-0035249,Josh Oliver,TE,MIN,2023,13,0,0,0,0,0,0,0,0,0,22,28,213,2,1,0,0,0,0,0,0,31.3,53.3,12.0,11.5,0.0,0.0,0.0,0.0,0.0,0.0,0.0,0.0,0.0,0.0,14.0,11.5,25.0,20.0,149.0,107.5,2.0,1.0,26.9,16.749999999999957,40.9,28.250000000000014,0.0,0.0,0.0,0.0,0.0,0.0,0.0,0.0,2
00-0035249,Josh Oliver,TE,MIN,2024,12,0,0,0,0,0,0,0,0,0,22,28,258,3,0,0,0,0,0,0,0,43.8,65.8,13.0,12.5,0.0,0.0,0.0,0.0,0.0,0.0,0.0,0.0,0.0,0.0,22.0,18.0,28.0,26.5,213.0,181.0,2.0,2.0,31.3,29.09999999999996,53.3,47.10000000000001,0.0,0.0,0.0,0.0,0.0,0.0,0.0,0.0,3
00-0035249,Josh Oliver,TE,MIN,2025,12,0,0,0,0,0,0,0,0,0,15,19,160,4,0,0,0,0,0,0,0,40.0,55.0,12.0,12.5,0.0,0.0,0.0,0.0,0.0,0.0,0.0,0.0,0.0,0.0,22.0,22.0,28.0,28.0,258.0,235.5,3.0,2.5,43.8,37.549999999999955,65.8,59.55000000000001,0.0,0.0,0.0,0.0,0.0,0.0,0.0,0.0,4
00-0035250,Devin Singletary,RB,BUF,2020,16,0,0,0,0,0,156,687,2,1,38,50,269,0,0,0,0,0,0,0,0,105.6,143.6,,12.0,,0.0,,0.0,,0.0,,0.0,,0.0,,22.0,,28.0,,258.0,,3.0,,43.8,,65.8,,0.0,,0.0,,0.0,,0.0,0
00-0035250,Devin Singletary,RB,BUF,2021,17,0,0,0,0,0,188,870,7,0,40,50,228,1,0,0,0,0,0,0,0,157.8,197.8,16.0,16.0,0.0,0.0,0.0,0.0,0.0,0.0,687.0,687.0,2.0,2.0,38.0,38.0,50.0,50.0,269.0,269.0,0.0,0.0,105.6,105.6,143.6,143.6,0.0,0.0,0.0,0.0,0.0,0.0,0.0,0.0,1
00-0035250,Devin Singletary,RB,BUF,2022,16,0,0,0,0,0,177,819,5,3,38,52,280,1,0,0,0,0,0,0,0,139.9,177.9,17.0,16.5,0.0,0.0,0.0,0.0,0.0,0.0,870.0,778.5,7.0,4.5,40.0,39.0,50.0,50.0,228.0,248.5,1.0,0.5,157.8,131.69999999999996,197.8,170.70000000000002,0.0,0.0,0.0,0.0,0.0,0.0,0.0,0.0,2
00-0035250,Devin Singletary,RB,HOU,2023,17,1,1,6,1,0,216,898,4,0,30,38,193,0,0,0,0,0,0,0,0,137.34,167.34,16.0,16.5,0.0,0.0,0.0,0.0,0.0,0.0,819.0,844.5,5.0,6.0,38.0,39.0,52.0,51.0,280.0,254.0,1.0,1.0,139.9,148.84999999999997,177.9,187.85000000000002,0.0,0.0,0.0,0.0,0.0,0.0,0.0,0.0,3
00-0035250,Devin Singletary,RB,NYG,2024,15,0,0,0,0,0,113,437,4,2,21,24,119,0,0,0,0,0,0,0,0,75.6,96.6,17.0,16.5,6.0,3.0,1.0,0.5,0.0,0.0,898.0,858.5,4.0,4.5,30.0,34.0,38.0,45.0,193.0,236.5,0.0,0.5,137.34,138.61999999999995,167.34,172.62,0.0,0.0,0.0,0.0,0.0,0.0,0.0,0.0,4
00-0035250,Devin Singletary,RB,NYG,2025,17,0,0,0,0,0,119,437,5,0,18,19,151,0,0,0,0,0,0,0,0,90.8,108.8,15.0,16.0,0.0,3.0,0.0,0.5,0.0,0.0,437.0,667.5,4.0,4.0,21.0,25.5,24.0,31.0,119.0,156.0,0.0,0.0,75.6,106.46999999999996,96.6,131.97000000000003,0.0,0.0,0.0,0.0,0.0,0.0,0.0,0.0,5
00-0035259,Trevon Wesco,TE,NYJ,2020,3,0,0,0,0,0,1,0,0,0,1,2,5,0,0,0,0,0,0,0,0,0.5,1.5,,15.0,,0.0,,0.0,,0.0,,437.0,,4.0,,21.0,,24.0,,119.0,,0.0,,75.6,,96.6,,0.0,,0.0,,0.0,,0.0,0
00-0035259,Trevon Wesco,TE,NYJ,2021,8,0,0,0,0,0,0,0,0,0,3,5,35,0,0,0,0,0,0,0,0,3.5,6.5,3.0,3.0,0.0,0.0,0.0,0.0,0.0,0.0,0.0,0.0,0.0,0.0,1.0,1.0,2.0,2.0,5.0,5.0,0.0,0.0,0.5,0.5,1.5,1.5,0.0,0.0,0.0,0.0,0.0,0.0,0.0,0.0,1
00-0035259,Trevon Wesco,TE,CHI,2022,6,0,0,0,0,0,0,0,0,0,2,4,26,0,0,0,0,0,0,0,0,4.6,6.6,8.0,5.5,0.0,0.0,0.0,0.0,0.0,0.0,0.0,0.0,0.0,0.0,3.0,2.0,5.0,3.5,35.0,20.0,0.0,0.0,3.5,1.9999999999999574,6.5,4.000000000000014,0.0,0.0,0.0,0.0,0.0,0.0,0.0,0.0,2
00-0035259,Trevon Wesco,TE,TEN,2023,6,0,0,0,0,0,0,0,0,0,1,3,21,0,0,0,0,0,0,0,0,2.1,3.1,6.0,7.0,0.0,0.0,0.0,0.0,0.0,0.0,0.0,0.0,0.0,0.0,2.0,2.5,4.0,4.5,26.0,30.5,0.0,0.0,4.6,4.049999999999957,6.6,6.550000000000014,0.0,0.0,0.0,0.0,0.0,0.0,0.0,0.0,3
00-0035261,Tony Pollard,RB,DAL,2020,16,0,0,0,0,0,101,435,4,0,28,40,193,1,0,0,0,0,0,0,0,92.8,120.8,,6.0,,0.0,,0.0,,0.0,,0.0,,0.0,,2.0,,4.0,,26.0,,0.0,,4.6,,6.6,,0.0,,0.0,,0.0,,0.0,0
00-0035261,Tony Pollard,RB,DAL,2021,15,0,0,0,0,0,130,719,2,0,39,46,337,0,0,0,0,0,0,0,0,123.6,162.6,16.0,16.0,0.0,0.0,0.0,0.0,0.0,0.0,435.0,435.0,4.0,4.0,28.0,28.0,40.0,40.0,193.0,193.0,1.0,1.0,92.8,92.8,120.8,120.8,0.0,0.0,0.0,0.0,0.0,0.0,0.0,0.0,1
00-0035261,Tony Pollard,RB,DAL,2022,16,0,0,0,0,0,193,1007,9,0,39,55,371,3,0,0,0,0,0,0,0,209.8,248.8,15.0,15.5,0.0,0.0,0.0,0.0,0.0,0.0,719.0,577.0,2.0,3.0,39.0,33.5,46.0,43.0,337.0,265.0,0.0,0.5,123.6,108.19999999999996,162.6,141.70000000000002,0.0,0.0,0.0,0.0,0.0,0.0,0.0,0.0,2
00-0035261,Tony Pollard,RB,DAL,2023,17,0,0,0,0,0,252,1005,6,1,55,67,311,0,0,0,0,0,0,0,0,167.6,222.6,16.0,15.5,0.0,0.0,0.0,0.0,0.0,0.0,1007.0,863.0,9.0,5.5,39.0,39.0,55.0,50.5,371.0,354.0,3.0,1.5,209.8,166.69999999999996,248.8,205.7,0.0,0.0,0.0,0.0,0.0,0.0,0.0,0.0,3
00-0035261,Tony Pollard,RB,TEN,2024,16,0,0,0,0,0,260,1079,5,2,41,57,238,0,0,0,0,0,0,0,0,159.7,200.7,17.0,16.5,0.0,0.0,0.0,0.0,0.0,0.0,1005.0,1006.0,6.0,7.5,55.0,47.0,67.0,61.0,311.0,341.0,0.0,1.5,167.6,188.69999999999996,222.6,235.70000000000002,0.0,0.0,0.0,0.0,0.0,0.0,0.0,0.0,4
00-0035261,Tony Pollard,RB,TEN,2025,17,0,0,0,0,0,242,1082,5,2,33,41,206,0,1,0,0,0,0,0,0,152.8,185.8,16.0,16.5,0.0,0.0,0.0,0.0,0.0,0.0,1079.0,1042.0,5.0,5.5,41.0,48.0,57.0,62.0,238.0,274.5,0.0,0.0,159.7,163.64999999999995,200.7,211.65,0.0,0.0,0.0,0.0,0.0,0.0,0.0,0.0,5
00-0035264,Jarrett Stidham,QB,NE,2020,5,22,44,256,2,3,7,7,0,0,0,0,0,0,0,0,0,0,0,0,0,12.94,12.94,,16.0,,0.0,,0.0,,0.0,,1079.0,,5.0,,41.0,,57.0,,238.0,,0.0,,159.7,,200.7,,0.0,,0.0,,0.0,,0.0,0
00-0035264,Jarrett Stidham,QB,LV,2022,3,53,83,656,4,3,14,84,0,0,0,0,0,0,0,0,0,0,0,0,0,42.64,42.64,5.0,5.0,256.0,256.0,2.0,2.0,3.0,3.0,7.0,7.0,0.0,0.0,0.0,0.0,0.0,0.0,0.0,0.0,0.0,0.0,12.94,12.94,12.94,12.94,0.0,0.0,0.0,0.0,0.0,0.0,0.0,0.0,1
00-0035264,Jarrett Stidham,QB,DEN,2023,2,40,66,496,2,1,9,8,0,0,0,0,0,0,0,0,0,0,0,0,0,26.64,26.64,3.0,4.0,656.0,456.0,4.0,3.0,3.0,3.0,84.0,45.5,0.0,0.0,0.0,0.0,0.0,0.0,0.0,0.0,0.0,0.0,42.64,27.789999999999957,42.64,27.790000000000013,0.0,0.0,0.0,0.0,0.0,0.0,0.0,0.0,2
00-0035264,Jarrett Stidham,QB,DEN,2024,2,0,0,0,0,0,4,5,0,0,0,0,0,0,0,0,0,0,0,0,0,0.5,0.5,2.0,2.5,496.0,576.0,2.0,3.0,1.0,2.0,8.0,46.0,0.0,0.0,0.0,0.0,0.0,0.0,0.0,0.0,0.0,0.0,26.64,34.63999999999996,26.64,34.640000000000015,0.0,0.0,0.0,0.0,0.0,0.0,0.0,0.0,3
00-0035264,Jarrett Stidham,QB,DEN,2025,1,0,0,0,0,0,1,-1,0,0,0,0,0,0,0,0,0,0,0,0,0,-0.1,-0.1,2.0,2.0,0.0,248.0,0.0,1.0,0.0,0.5,5.0,6.5,0.0,0.0,0.0,0.0,0.0,0.0,0.0,0.0,0.0,0.0,0.5,13.569999999999958,0.5,13.570000000000014,0.0,0.0,0.0,0.0,0.0,0.0,0.0,0.0,4
00-0035268,Ryquell Armstead,RB,JAX,2021,2,0,0,0,0,0,15,80,0,0,3,4,16,0,0,0,0,0,0,0,0,9.6,12.6,,2.0,,0.0,,0.0,,0.0,,5.0,,0.0,,0.0,,0.0,,0.0,,0.0,,0.5,,0.5,,0.0,,0.0,,0.0,,0.0,0
00-0035269,Matt Gay,K,LA,2020,7,0,0,0,0,0,0,0,0,0,0,0,0,0,0,14,16,1,0,16,16,0.0,0.0,,,,,,,,,,,,,,,,,,,,,,,,,,,,,,,,,0
00-0035269,Matt Gay,K,LA,2021,17,0,0,0,0,0,0,0,0,0,0,0,0,0,0,32,34,4,0,48,49,0.0,0.0,7.0,7.0,0.0,0.0,0.0,0.0,0.0,0.0,0.0,0.0,0.0,0.0,0.0,0.0,0.0,0.0,0.0,0.0,0.0,0.0,0.0,0.0,0.0,0.0,14.0,14.0,16.0,16.0,16.0,16.0,16.0,16.0,1
00-0035269,Matt Gay,K,LA,2022,17,0,0,0,0,0,0,0,0,0,0,0,0,0,0,28,30,7,0,31,32,0.0,0.0,17.0,12.0,0.0,0.0,0.0,0.0,0.0,0.0,0.0,0.0,0.0,0.0,0.0,0.0,0.0,0.0,0.0,0.0,0.0,0.0,0.0,0.0,0.0,0.0,32.0,23.0,34.0,25.0,48.0,32.0,49.0,32.5,2
00-0035269,Matt Gay,K,IND,2023,17,0,0,0,0,0,0,0,0,0,0,0,0,0,0,33,41,8,0,35,36,0.0,0.0,17.0,17.0,0.0,0.0,0.0,0.0,0.0,0.0,0.0,0.0,0.0,0.0,0.0,0.0,0.0,0.0,0.0,0.0,0.0,0.0,0.0,0.0,0.0,0.0,28.0,30.0,30.0,32.0,31.0,39.5,32.0,40.5,3
00-0035269,Matt Gay,K,IND,2024,16,0,0,0,0,0,0,0,0,0,0,0,0,0,0,31,37,3,0,33,33,0.0,0.0,17.0,17.0,0.0,0.0,0.0,0.0,0.0,0.0,0.0,0.0,0.0,0.0,0.0,0.0,0.0,0.0,0.0,0.0,0.0,0.0,0.0,0.0,0.0,0.0,33.0,30.5,41.0,35.5,35.0,33.0,36.0,34.0,4
00-0035269,Matt Gay,K,SF,2025,12,0,0,0,0,0,0,0,0,0,0,0,0,0,0,17,23,4,0,26,26,0.0,0.0,16.0,16.5,0.0,0.0,0.0,0.0,0.0,0.0,0.0,0.0,0.0,0.0,0.0,0.0,0.0,0.0,0.0,0.0,0.0,0.0,0.0,0.0,0.0,0.0,31.0,32.0,37.0,39.0,33.0,34.0,33.0,34.5,5
00-0035273,Qadree Ollison,RB,ATL,2020,1,0,0,0,0,0,1,3,0,0,0,0,0,0,0,0,0,0,0,0,0,0.3,0.3,,16.0,,0.0,,0.0,,0.0,,0.0,,0.0,,0.0,,0.0,,0.0,,0.0,,0.0,,0.0,,31.0,,37.0,,33.0,,33.0,0
00-0035273,Qadree Ollison,RB,ATL,2021,6,0,0,0,0,0,21,105,1,1,4,6,12,0,0,0,0,0,0,0,0,15.7,19.7,1.0,1.0,0.0,0.0,0.0,0.0,0.0,0.0,3.0,3.0,0.0,0.0,0.0,0.0,0.0,0.0,0.0,0.0,0.0,0.0,0.3,0.3,0.3,0.3,0.0,0.0,0.0,0.0,0.0,0.0,0.0,0.0,1
00-0035273,Qadree Ollison,RB,DAL,2022,2,0,0,0,0,0,0,0,0,0,0,0,0,0,0,0,0,0,0,0,0,0.0,0.0,6.0,3.5,0.0,0.0,0.0,0.0,0.0,0.0,105.0,54.0,1.0,0.5,4.0,2.0,6.0,3.0,12.0,6.0,0.0,0.0,15.7,7.999999999999957,19.7,10.000000000000014,0.0,0.0,0.0,0.0,0.0,0.0,0.0,0.0,2
00-0035282,Easton Stick,QB,LAC,2020,1,1,1,4,0,0,1,-2,0,0,0,0,0,0,0,0,0,0,0,0,0,-0.04,-0.04,,6.0,,0.0,,0.0,,0.0,,105.0,,1.0,,4.0,,6.0,,12.0,,0.0,,15.7,,19.7,,0.0,,0.0,,0.0,,0.0,0
00-0035282,Easton Stick,QB,LAC,2023,5,111,174,1129,3,1,27,144,1,0,0,0,0,0,0,0,0,0,0,0,0,67.56,67.56,1.0,1.0,4.0,4.0,0.0,0.0,0.0,0.0,-2.0,-2.0,0.0,0.0,0.0,0.0,0.0,0.0,0.0,0.0,0.0,0.0,-0.04,-0.04,-0.04,-0.04,0.0,0.0,0.0,0.0,0.0,0.0,0.0,0.0,1
00-0035287,KeeSean Johnson,WR,ARI,2020,8,0,0,0,0,0,0,0,0,0,15,23,173,0,0,0,0,0,0,0,0,17.3,32.3,,1.0,,4.0,,0.0,,0.0,,-2.0,,0.0,,0.0,,0.0,,0.0,,0.0,,-0.04,,-0.04,,0.0,,0.0,,0.0,,0.0,0
00-0035289,Gardner Minshew,QB,JAX,2020,9,216,327,2259,16,5,29,153,1,0,1,1,0,0,0,0,0,0,0,0,0,159.66,160.66,,,,,,,,,,,,,,,,,,,,,,,,,,,,,,,,,0
00-0035289,Gardner Minshew,QB,PHI,2021,3,41,60,439,4,1,9,21,0,0,0,0,0,0,0,0,0,0,0,0,0,33.66,33.66,9.0,9.0,2259.0,2259.0,16.0,16.0,5.0,5.0,153.0,153.0,1.0,1.0,1.0,1.0,1.0,1.0,0.0,0.0,0.0,0.0,159.66,159.66,160.66,160.66,0.0,0.0,0.0,0.0,0.0,0.0,0.0,0.0,1
00-0035289,Gardner Minshew,QB,PHI,2022,5,44,76,663,3,3,7,3,1,1,0,0,0,0,0,0,0,0,0,0,0,36.82,36.82,3.0,6.0,439.0,1349.0,4.0,10.0,1.0,3.0,21.0,87.0,0.0,0.5,0.0,0.5,0.0,0.5,0.0,0.0,0.0,0.0,33.66,96.65999999999995,33.66,97.16000000000001,0.0,0.0,0.0,0.0,0.0,0.0,0.0,0.0,2
00-0035289,Gardner Minshew,QB,IND,2023,16,305,490,3305,15,9,34,100,3,0,0,0,0,0,0,0,0,0,0,0,0,196.2,196.2,5.0,4.0,663.0,551.0,3.0,3.5,3.0,2.0,3.0,12.0,1.0,0.5,0.0,0.0,0.0,0.0,0.0,0.0,0.0,0.0,36.82,35.23999999999995,36.82,35.24000000000001,0.0,0.0,0.0,0.0,0.0,0.0,0.0,0.0,3
00-0035289,Gardner Minshew,QB,LV,2024,10,203,306,2013,9,10,19,58,0,1,0,0,0,0,0,0,0,0,0,0,0,96.32,96.32,16.0,10.5,3305.0,1984.0,15.0,9.0,9.0,6.0,100.0,51.5,3.0,2.0,0.0,0.0,0.0,0.0,0.0,0.0,0.0,0.0,196.2,116.50999999999995,196.2,116.51,0.0,0.0,0.0,0.0,0.0,0.0,0.0,0.0,4
00-0035289,Gardner Minshew,QB,KC,2025,4,6,13,37,0,1,6,2,0,0,0,0,0,0,0,0,0,0,0,0,0,-0.32,-0.32,10.0,13.0,2013.0,2659.0,9.0,12.0,10.0,9.5,58.0,79.0,0.0,1.5,0.0,0.0,0.0,0.0,0.0,0.0,0.0,0.0,96.32,146.25999999999993,96.32,146.26,0.0,0.0,0.0,0.0,0.0,0.0,0.0,0.0,5
00-0035291,Trayveon Williams,RB,CIN,2020,6,0,0,0,0,0,26,157,0,1,5,5,30,0,0,0,0,0,0,0,0,16.7,21.7,,10.0,,2013.0,,9.0,,10.0,,58.0,,0.0,,0.0,,0.0,,0.0,,0.0,,96.32,,96.32,,0.0,,0.0,,0.0,,0.0,0
00-0035291,Trayveon Williams,RB,CIN,2021,4,0,0,0,0,0,15,51,0,0,1,2,4,0,0,0,0,0,0,0,0,5.5,6.5,6.0,6.0,0.0,0.0,0.0,0.0,0.0,0.0,157.0,157.0,0.0,0.0,5.0,5.0,5.0,5.0,30.0,30.0,0.0,0.0,16.7,16.7,21.7,21.7,0.0,0.0,0.0,0.0,0.0,0.0,0.0,0.0,1
00-0035291,Trayveon Williams,RB,CIN,2022,7,0,0,0,0,0,6,30,0,0,2,3,30,0,0,0,0,0,0,0,0,6.0,8.0,4.0,5.0,0.0,0.0,0.0,0.0,0.0,0.0,51.0,104.0,0.0,0.0,1.0,3.0,2.0,3.5,4.0,17.0,0.0,0.0,5.5,11.099999999999957,6.5,14.100000000000014,0.0,0.0,0.0,0.0,0.0,0.0,0.0,0.0,2
00-0035291,Trayveon Williams,RB,CIN,2023,16,0,0,0,0,0,15,69,0,0,7,9,10,0,0,0,0,0,0,0,0,7.9,14.9,7.0,5.5,0.0,0.0,0.0,0.0,0.0,0.0,30.0,40.5,0.0,0.0,2.0,1.5,3.0,2.5,30.0,17.0,0.0,0.0,6.0,5.749999999999957,8.0,7.250000000000014,0.0,0.0,0.0,0.0,0.0,0.0,0.0,0.0,3
00-0035291,Trayveon Williams,RB,CIN,2024,5,0,0,0,0,0,0,0,0,0,0,0,0,0,0,0,0,0,0,0,0,0.0,0.0,16.0,11.5,0.0,0.0,0.0,0.0,0.0,0.0,69.0,49.5,0.0,0.0,7.0,4.5,9.0,6.0,10.0,20.0,0.0,0.0,7.9,6.9499999999999575,14.9,11.450000000000014,0.0,0.0,0.0,0.0,0.0,0.0,0.0,0.0,4
00-0035291,Trayveon Williams,RB,CLE,2025,6,0,0,0,0,0,10,36,0,0,8,9,55,0,0,0,0,0,0,0,0,9.1,17.1,5.0,10.5,0.0,0.0,0.0,0.0,0.0,0.0,0.0,34.5,0.0,0.0,0.0,3.5,0.0,4.5,0.0,5.0,0.0,0.0,0.0,3.9499999999999575,0.0,7.450000000000014,0.0,0.0,0.0,0.0,0.0,0.0,0.0,0.0,5
00-0035298,Scott Miller,WR,TB,2020,14,0,0,0,0,0,3,14,0,0,33,53,501,3,0,0,0,0,0,0,0,69.5,102.5,,5.0,,0.0,,0.0,,0.0,,0.0,,0.0,,0.0,,0.0,,0.0,,0.0,,0.0,,0.0,,0.0,,0.0,,0.0,,0.0,0
00-0035298,Scott Miller,WR,TB,2021,6,0,0,0,0,0,2,43,1,0,5,9,38,0,0,0,0,0,0,0,0,14.1,19.1,14.0,14.0,0.0,0.0,0.0,0.0,0.0,0.0,14.0,14.0,0.0,0.0,33.0,33.0,53.0,53.0,501.0,501.0,3.0,3.0,69.5,69.5,102.5,102.5,0.0,0.0,0.0,0.0,0.0,0.0,0.0,0.0,1
00-0035298,Scott Miller,WR,TB,2022,12,0,0,0,0,0,1,8,0,0,23,40,185,0,0,0,0,0,0,0,0,19.3,42.3,6.0,10.0,0.0,0.0,0.0,0.0,0.0,0.0,43.0,28.5,1.0,0.5,5.0,19.0,9.0,31.0,38.0,269.5,0.0,1.5,14.1,41.799999999999955,19.1,60.80000000000001,0.0,0.0,0.0,0.0,0.0,0.0,0.0,0.0,2
00-0035298,Scott Miller,WR,ATL,2023,11,0,0,0,0,0,0,0,0,0,11,16,161,2,0,0,0,0,0,0,0,28.1,39.1,12.0,9.0,0.0,0.0,0.0,0.0,0.0,0.0,8.0,25.5,0.0,0.5,23.0,14.0,40.0,24.5,185.0,111.5,0.0,0.0,19.3,16.699999999999957,42.3,30.700000000000014,0.0,0.0,0.0,0.0,0.0,0.0,0.0,0.0,3
00-0035298,Scott Miller,WR,PIT,2024,6,0,0,0,0,0,0,0,0,0,5,9,69,0,0,0,0,0,0,0,0,6.9,11.9,11.0,11.5,0.0,0.0,0.0,0.0,0.0,0.0,0.0,4.0,0.0,0.0,11.0,17.0,16.0,28.0,161.0,173.0,2.0,1.0,28.1,23.699999999999957,39.1,40.70000000000002,0.0,0.0,0.0,0.0,0.0,0.0,0.0,0.0,4
00-0035298,Scott Miller,WR,PIT,2025,5,0,0,0,0,0,0,0,0,0,9,14,62,0,0,0,0,0,0,0,0,6.2,15.2,6.0,8.5,0.0,0.0,0.0,0.0,0.0,0.0,0.0,0.0,0.0,0.0,5.0,8.0,9.0,12.5,69.0,115.0,0.0,1.0,6.9,17.499999999999957,11.9,25.500000000000014,0.0,0.0,0.0,0.0,0.0,0.0,0.0,0.0,5
00-0035304,Cullen Gillaspia,RB,HOU,2020,4,0,0,0,0,0,0,0,0,0,1,1,6,0,0,0,0,0,0,0,0,0.6,1.6,,6.0,,0.0,,0.0,,0.0,,0.0,,0.0,,5.0,,9.0,,69.0,,0.0,,6.9,,11.9,,0.0,,0.0,,0.0,,0.0,0
00-0035304,Cullen Gillaspia,RB,NYG,2021,4,0,0,0,0,0,0,0,0,0,0,0,0,0,0,0,0,0,0,0,0,0.0,0.0,4.0,4.0,0.0,0.0,0.0,0.0,0.0,0.0,0.0,0.0,0.0,0.0,1.0,1.0,1.0,1.0,6.0,6.0,0.0,0.0,0.6,0.6,1.6,1.6,0.0,0.0,0.0,0.0,0.0,0.0,0.0,0.0,1
00-0035304,Cullen Gillaspia,RB,SEA,2022,4,0,0,0,0,0,0,0,0,0,0,0,0,0,0,0,0,0,0,0,0,0.0,0.0,4.0,4.0,0.0,0.0,0.0,0.0,0.0,0.0,0.0,0.0,0.0,0.0,0.0,0.5,0.0,0.5,0.0,3.0,0.0,0.0,0.0,0.29999999999995736,0.0,0.8000000000000143,0.0,0.0,0.0,0.0,0.0,0.0,0.0,0.0,2
00-0035308,Tommy Sweeney,TE,BUF,2021,7,0,0,0,0,0,0,0,0,0,9,12,44,1,0,0,0,0,0,0,0,10.4,19.4,,4.0,,0.0,,0.0,,0.0,,0.0,,0.0,,0.0,,0.0,,0.0,,0.0,,0.0,,0.0,,0.0,,0.0,,0.0,,0.0,0
00-0035308,Tommy Sweeney,TE,BUF,2022,2,0,0,0,0,0,0,0,0,0,1,1,7,0,0,0,0,0,0,0,0,0.7,1.7,7.0,7.0,0.0,0.0,0.0,0.0,0.0,0.0,0.0,0.0,0.0,0.0,9.0,9.0,12.0,12.0,44.0,44.0,1.0,1.0,10.4,10.4,19.4,19.4,0.0,0.0,0.0,0.0,0.0,0.0,0.0,0.0,1
00-0035311,Myles Gaskin,RB,MIA,2020,10,0,0,0,0,0,142,584,3,2,41,47,388,2,0,0,0,0,0,0,0,123.2,164.2,,7.0,,0.0,,0.0,,0.0,,0.0,,0.0,,9.0,,12.0,,44.0,,1.0,,10.4,,19.4,,0.0,,0.0,,0.0,,0.0,0
00-0035311,Myles Gaskin,RB,MIA,2021,17,0,0,0,0,0,173,612,3,1,49,63,234,4,0,0,0,0,0,0,0,124.6,173.6,10.0,10.0,0.0,0.0,0.0,0.0,0.0,0.0,584.0,584.0,3.0,3.0,41.0,41.0,47.0,47.0,388.0,388.0,2.0,2.0,123.2,123.2,164.2,164.2,0.0,0.0,0.0,0.0,0.0,0.0,0.0,0.0,1
00-0035311,Myles Gaskin,RB,MIA,2022,2,0,0,0,0,0,10,26,0,0,4,6,28,0,0,0,0,0,0,0,0,5.4,9.4,17.0,13.5,0.0,0.0,0.0,0.0,0.0,0.0,612.0,598.0,3.0,3.0,49.0,45.0,63.0,55.0,234.0,311.0,4.0,3.0,124.6,123.89999999999995,173.6,168.9,0.0,0.0,0.0,0.0,0.0,0.0,0.0,0.0,2
00-0035311,Myles Gaskin,RB,MIN,2024,4,0,0,0,0,0,3,-1,0,0,1,1,11,0,0,0,0,0,0,0,0,1.0,2.0,2.0,9.5,0.0,0.0,0.0,0.0,0.0,0.0,26.0,319.0,0.0,1.5,4.0,26.5,6.0,34.5,28.0,131.0,0.0,2.0,5.4,64.99999999999996,9.4,91.50000000000001,0.0,0.0,0.0,0.0,0.0,0.0,0.0,0.0,3
00-0035311,Myles Gaskin,RB,SEA,2025,1,0,0,0,0,0,3,6,0,0,0,0,0,0,0,0,0,0,0,0,0,0.6,0.6,4.0,3.0,0.0,0.0,0.0,0.0,0.0,0.0,-1.0,12.5,0.0,0.0,1.0,2.5,1.0,3.5,11.0,19.5,0.0,0.0,1.0,3.1999999999999575,2.0,5.700000000000014,0.0,0.0,0.0,0.0,0.0,0.0,0.0,0.0,4
00-0035313,Terry Godwin,WR,JAX,2020,2,0,0,0,0,0,1,3,0,0,3,6,32,0,0,0,0,0,0,0,0,3.5,6.5,,4.0,,0.0,,0.0,,0.0,,-1.0,,0.0,,1.0,,1.0,,11.0,,0.0,,1.0,,2.0,,0.0,,0.0,,0.0,,0.0,0
00-0035320,Caleb Wilson,TE,PHI,2020,1,0,0,0,0,0,0,0,0,0,0,0,0,0,0,0,0,0,0,0,0,0.0,0.0,,,,,,,,,,,,,,,,,,,,,,,,,,,,,,,,,0
00-0035329,Donald Parham,TE,LAC,2020,11,0,0,0,0,0,0,0,0,0,10,20,159,3,0,0,0,0,0,0,0,33.9,43.9,,,,,,,,,,,,,,,,,,,,,,,,,,,,,,,,,0
00-0035329,Donald Parham,TE,LAC,2021,13,0,0,0,0,0,0,0,0,0,20,27,190,3,0,0,0,0,0,0,0,39.0,59.0,11.0,11.0,0.0,0.0,0.0,0.0,0.0,0.0,0.0,0.0,0.0,0.0,10.0,10.0,20.0,20.0,159.0,159.0,3.0,3.0,33.9,33.9,43.9,43.9,0.0,0.0,0.0,0.0,0.0,0.0,0.0,0.0,1
00-0035329,Donald Parham,TE,LAC,2022,6,0,0,0,0,0,0,0,0,0,10,12,130,1,0,0,0,0,0,0,0,19.0,29.0,13.0,12.0,0.0,0.0,0.0,0.0,0.0,0.0,0.0,0.0,0.0,0.0,20.0,15.0,27.0,23.5,190.0,174.5,3.0,3.0,39.0,36.44999999999996,59.0,51.45000000000002,0.0,0.0,0.0,0.0,0.0,0.0,0.0,0.0,2
00-0035329,Donald Parham,TE,LAC,2023,14,0,0,0,0,0,0,0,0,0,27,41,285,4,0,0,0,0,0,0,0,52.5,79.5,6.0,9.5,0.0,0.0,0.0,0.0,0.0,0.0,0.0,0.0,0.0,0.0,10.0,15.0,12.0,19.5,130.0,160.0,1.0,2.0,19.0,28.999999999999957,29.0,44.000000000000014,0.0,0.0,0.0,0.0,0.0,0.0,0.0,0.0,3
00-0035341,Trenton Irwin,WR,CIN,2020,1,0,0,0,0,0,0,0,0,0,1,2,5,0,0,0,0,0,0,0,0,0.5,1.5,,6.0,,0.0,,0.0,,0.0,,0.0,,0.0,,10.0,,12.0,,130.0,,1.0,,19.0,,29.0,,0.0,,0.0,,0.0,,0.0,0
00-0035341,Trenton Irwin,WR,CIN,2021,5,0,0,0,0,0,0,0,0,0,2,5,34,0,0,0,0,0,0,0,0,3.4,5.4,1.0,1.0,0.0,0.0,0.0,0.0,0.0,0.0,0.0,0.0,0.0,0.0,1.0,1.0,2.0,2.0,5.0,5.0,0.0,0.0,0.5,0.5,1.5,1.5,0.0,0.0,0.0,0.0,0.0,0.0,0.0,0.0,1
00-0035341,Trenton Irwin,WR,CIN,2022,9,0,0,0,0,0,1,11,0,0,15,23,231,4,0,0,0,0,0,0,0,48.2,63.2,5.0,3.0,0.0,0.0,0.0,0.0,0.0,0.0,0.0,0.0,0.0,0.0,2.0,1.5,5.0,3.5,34.0,19.5,0.0,0.0,3.4,1.9499999999999573,5.4,3.4500000000000144,0.0,0.0,0.0,0.0,0.0,0.0,0.0,0.0,2
00-0035341,Trenton Irwin,WR,CIN,2023,12,0,0,0,0,0,0,0,0,0,25,32,316,1,0,0,0,0,0,0,0,37.6,62.6,9.0,7.0,0.0,0.0,0.0,0.0,0.0,0.0,11.0,5.5,0.0,0.0,15.0,8.5,23.0,14.0,231.0,132.5,4.0,2.0,48.2,25.799999999999958,63.2,34.30000000000002,0.0,0.0,0.0,0.0,0.0,0.0,0.0,0.0,3
00-0035341,Trenton Irwin,WR,CIN,2024,6,0,0,0,0,0,0,0,0,0,3,10,15,0,0,0,0,0,0,0,0,1.5,4.5,12.0,10.5,0.0,0.0,0.0,0.0,0.0,0.0,0.0,5.5,0.0,0.0,25.0,20.0,32.0,27.5,316.0,273.5,1.0,2.5,37.6,42.89999999999996,62.6,62.90000000000002,0.0,0.0,0.0,0.0,0.0,0.0,0.0,0.0,4
00-0035342,Patrick Laird,RB,MIA,2020,9,0,0,0,0,0,13,72,0,1,10,12,68,0,0,0,0,0,0,0,0,12.0,22.0,,12.0,,0.0,,0.0,,0.0,,0.0,,0.0,,25.0,,32.0,,316.0,,1.0,,37.6,,62.6,,0.0,,0.0,,0.0,,0.0,0
00-0035342,Patrick Laird,RB,MIA,2021,3,0,0,0,0,0,1,4,0,0,3,3,17,0,0,0,0,0,0,0,0,2.1,5.1,9.0,9.0,0.0,0.0,0.0,0.0,0.0,0.0,72.0,72.0,0.0,0.0,10.0,10.0,12.0,12.0,68.0,68.0,0.0,0.0,12.0,12.0,22.0,22.0,0.0,0.0,0.0,0.0,0.0,0.0,0.0,0.0,1
00-0035345,Chris Myarick,TE,NYG,2021,4,0,0,0,0,0,0,0,0,0,3,6,17,1,0,0,0,0,0,0,0,7.7,10.7,,9.0,,0.0,,0.0,,0.0,,72.0,,0.0,,10.0,,12.0,,68.0,,0.0,,12.0,,22.0,,0.0,,0.0,,0.0,,0.0,0
00-0035345,Chris Myarick,TE,NYG,2022,10,0,0,0,0,0,0,0,0,0,7,8,65,1,0,0,0,0,0,0,0,12.5,19.5,4.0,4.0,0.0,0.0,0.0,0.0,0.0,0.0,0.0,0.0,0.0,0.0,3.0,3.0,6.0,6.0,17.0,17.0,1.0,1.0,7.7,7.7,10.7,10.7,0.0,0.0,0.0,0.0,0.0,0.0,0.0,0.0,1
00-0035350,Preston Williams,WR,MIA,2020,8,0,0,0,0,0,0,0,0,0,18,35,288,4,0,0,0,0,0,0,0,56.8,74.8,,4.0,,0.0,,0.0,,0.0,,0.0,,0.0,,3.0,,6.0,,17.0,,1.0,,7.7,,10.7,,0.0,,0.0,,0.0,,0.0,0
00-0035350,Preston Williams,WR,MIA,2021,6,0,0,0,0,0,1,7,0,0,6,16,71,0,0,0,0,0,0,0,0,7.8,13.8,8.0,8.0,0.0,0.0,0.0,0.0,0.0,0.0,0.0,0.0,0.0,0.0,18.0,18.0,35.0,35.0,288.0,288.0,4.0,4.0,56.8,56.8,74.8,74.8,0.0,0.0,0.0,0.0,0.0,0.0,0.0,0.0,1
00-0035356,Tyree Jackson,TE,PHI,2021,3,0,0,0,0,0,0,0,0,0,3,7,22,1,0,0,0,0,0,0,0,8.2,11.2,,8.0,,0.0,,0.0,,0.0,,0.0,,0.0,,18.0,,35.0,,288.0,,4.0,,56.8,,74.8,,0.0,,0.0,,0.0,,0.0,0
00-0035356,Tyree Jackson,TE,PHI,2022,2,0,0,0,0,0,0,0,0,0,0,0,0,0,0,0,0,0,0,0,0,0.0,0.0,3.0,3.0,0.0,0.0,0.0,0.0,0.0,0.0,0.0,0.0,0.0,0.0,3.0,3.0,7.0,7.0,22.0,22.0,1.0,1.0,8.2,8.2,11.2,11.2,0.0,0.0,0.0,0.0,0.0,0.0,0.0,0.0,1
00-0035358,Chase McLaughlin,K,NYJ,2020,4,0,0,0,0,0,0,0,0,0,0,0,0,0,0,4,5,1,0,5,6,0.0,0.0,,3.0,,0.0,,0.0,,0.0,,0.0,,0.0,,3.0,,7.0,,22.0,,1.0,,8.2,,11.2,,0.0,,0.0,,0.0,,0.0,0
00-0035358,Chase McLaughlin,K,CLE,2021,16,0,0,0,0,0,0,0,0,0,0,0,0,0,0,15,21,4,0,36,37,0.0,0.0,4.0,4.0,0.0,0.0,0.0,0.0,0.0,0.0,0.0,0.0,0.0,0.0,0.0,0.0,0.0,0.0,0.0,0.0,0.0,0.0,0.0,0.0,0.0,0.0,4.0,4.0,5.0,5.0,5.0,5.0,6.0,6.0,1
00-0035358,Chase McLaughlin,K,IND,2022,16,0,0,0,0,0,0,0,0,0,0,0,0,0,0,30,36,9,0,21,21,0.0,0.0,16.0,10.0,0.0,0.0,0.0,0.0,0.0,0.0,0.0,0.0,0.0,0.0,0.0,0.0,0.0,0.0,0.0,0.0,0.0,0.0,0.0,0.0,0.0,0.0,15.0,9.5,21.0,13.0,36.0,20.5,37.0,21.5,2
00-0035358,Chase McLaughlin,K,TB,2023,17,0,0,0,0,0,0,0,0,0,0,0,0,0,0,29,31,7,0,33,33,0.0,0.0,16.0,16.0,0.0,0.0,0.0,0.0,0.0,0.0,0.0,0.0,0.0,0.0,0.0,0.0,0.0,0.0,0.0,0.0,0.0,0.0,0.0,0.0,0.0,0.0,30.0,22.5,36.0,28.5,21.0,28.5,21.0,29.0,3
00-0035358,Chase McLaughlin,K,TB,2024,17,0,0,0,0,0,0,0,0,0,0,0,0,0,0,30,32,8,0,54,56,0.0,0.0,17.0,16.5,0.0,0.0,0.0,0.0,0.0,0.0,0.0,0.0,0.0,0.0,0.0,0.0,0.0,0.0,0.0,0.0,0.0,0.0,0.0,0.0,0.0,0.0,29.0,29.5,31.0,33.5,33.0,27.0,33.0,27.0,4
00-0035358,Chase McLaughlin,K,TB,2025,17,0,0,0,0,0,0,0,0,0,0,0,0,0,0,32,38,10,1,32,33,0.0,0.0,17.0,17.0,0.0,0.0,0.0,0.0,0.0,0.0,0.0,0.0,0.0,0.0,0.0,0.0,0.0,0.0,0.0,0.0,0.0,0.0,0.0,0.0,0.0,0.0,30.0,29.5,32.0,31.5,54.0,43.5,56.0,44.5,5
00-0035359,David Sills,WR,NYG,2021,4,0,0,0,0,0,0,0,0,0,2,6,17,0,0,0,0,0,0,0,0,1.7,3.7,,17.0,,0.0,,0.0,,0.0,,0.0,,0.0,,0.0,,0.0,,0.0,,0.0,,0.0,,0.0,,30.0,,32.0,,54.0,,56.0,0
00-0035359,David Sills,WR,NYG,2022,7,0,0,0,0,0,0,0,0,0,11,17,106,0,0,0,0,0,0,0,0,10.6,21.6,4.0,4.0,0.0,0.0,0.0,0.0,0.0,0.0,0.0,0.0,0.0,0.0,2.0,2.0,6.0,6.0,17.0,17.0,0.0,0.0,1.7,1.7,3.7,3.7,0.0,0.0,0.0,0.0,0.0,0.0,0.0,0.0,1
00-0035359,David Sills,WR,ATL,2025,12,0,0,0,0,0,0,0,0,0,18,36,191,2,0,0,0,0,0,0,0,31.1,49.1,7.0,5.5,0.0,0.0,0.0,0.0,0.0,0.0,0.0,0.0,0.0,0.0,11.0,6.5,17.0,11.5,106.0,61.5,0.0,0.0,10.6,6.149999999999957,21.6,12.650000000000015,0.0,0.0,0.0,0.0,0.0,0.0,0.0,0.0,2
00-0035399,Stanley Morgan,WR,CIN,2020,2,0,0,0,0,0,0,0,0,0,0,0,0,0,0,0,0,0,0,0,0,0.0,0.0,,7.0,,0.0,,0.0,,0.0,,0.0,,0.0,,11.0,,17.0,,106.0,,0.0,,10.6,,21.6,,0.0,,0.0,,0.0,,0.0,0
00-0035399,Stanley Morgan,WR,CIN,2021,11,0,0,0,0,0,1,3,0,0,2,4,11,0,0,0,0,0,0,0,0,1.4,3.4,2.0,2.0,0.0,0.0,0.0,0.0,0.0,0.0,0.0,0.0,0.0,0.0,0.0,0.0,0.0,0.0,0.0,0.0,0.0,0.0,0.0,0.0,0.0,0.0,0.0,0.0,0.0,0.0,0.0,0.0,0.0,0.0,1
00-0035399,Stanley Morgan,WR,CIN,2022,9,0,0,0,0,0,0,0,0,0,0,1,0,0,0,0,0,0,0,0,0,0.0,0.0,11.0,6.5,0.0,0.0,0.0,0.0,0.0,0.0,3.0,1.5,0.0,0.0,2.0,1.0,4.0,2.0,11.0,5.5,0.0,0.0,1.4,0.6999999999999573,3.4,1.7000000000000142,0.0,0.0,0.0,0.0,0.0,0.0,0.0,0.0,2
00-0035399,Stanley Morgan,WR,CIN,2023,1,0,0,0,0,0,0,0,0,0,0,0,0,0,0,0,0,0,0,0,0,0.0,0.0,9.0,10.0,0.0,0.0,0.0,0.0,0.0,0.0,0.0,1.5,0.0,0.0,0.0,1.0,1.0,2.5,0.0,5.5,0.0,0.0,0.0,0.6999999999999573,0.0,1.7000000000000142,0.0,0.0,0.0,0.0,0.0,0.0,0.0,0.0,3
00-0035406,Lil'Jordan Humphrey,WR,NO,2020,2,0,0,0,0,0,0,0,0,0,3,5,46,1,0,0,0,0,0,0,0,10.6,13.6,,9.0,,0.0,,0.0,,0.0,,0.0,,0.0,,0.0,,1.0,,0.0,,0.0,,0.0,,0.0,,0.0,,0.0,,0.0,,0.0,0
00-0035406,Lil'Jordan Humphrey,WR,NO,2021,8,0,0,0,0,0,0,0,0,0,13,18,249,2,0,0,0,0,0,0,0,36.9,49.9,2.0,2.0,0.0,0.0,0.0,0.0,0.0,0.0,0.0,0.0,0.0,0.0,3.0,3.0,5.0,5.0,46.0,46.0,1.0,1.0,10.6,10.6,13.6,13.6,0.0,0.0,0.0,0.0,0.0,0.0,0.0,0.0,1
00-0035406,Lil'Jordan Humphrey,WR,NE,2022,4,0,0,0,0,0,0,0,0,0,2,4,20,0,0,0,0,0,0,0,0,2.0,4.0,8.0,5.0,0.0,0.0,0.0,0.0,0.0,0.0,0.0,0.0,0.0,0.0,13.0,8.0,18.0,11.5,249.0,147.5,2.0,1.5,36.9,23.749999999999957,49.9,31.750000000000014,0.0,0.0,0.0,0.0,0.0,0.0,0.0,0.0,2
00-0035406,Lil'Jordan Humphrey,WR,DEN,2023,11,0,0,0,0,0,0,0,0,0,13,19,162,3,0,0,0,0,0,0,0,34.2,47.2,4.0,6.0,0.0,0.0,0.0,0.0,0.0,0.0,0.0,0.0,0.0,0.0,2.0,7.5,4.0,11.0,20.0,134.5,0.0,1.0,2.0,19.449999999999957,4.0,26.950000000000014,0.0,0.0,0.0,0.0,0.0,0.0,0.0,0.0,3
00-0035406,Lil'Jordan Humphrey,WR,DEN,2024,14,0,0,0,0,0,0,0,0,0,31,45,293,1,1,0,0,0,0,0,0,33.3,64.3,11.0,7.5,0.0,0.0,0.0,0.0,0.0,0.0,0.0,0.0,0.0,0.0,13.0,7.5,19.0,11.5,162.0,91.0,3.0,1.5,34.2,18.09999999999996,47.2,25.600000000000016,0.0,0.0,0.0,0.0,0.0,0.0,0.0,0.0,4
00-0035406,Lil'Jordan Humphrey,WR,DEN,2025,7,0,0,0,0,0,0,0,0,0,13,25,156,1,0,0,0,0,0,0,0,21.6,34.6,14.0,12.5,0.0,0.0,0.0,0.0,0.0,0.0,0.0,0.0,0.0,0.0,31.0,22.0,45.0,32.0,293.0,227.5,1.0,2.0,33.3,33.74999999999996,64.3,55.750000000000014,0.0,0.0,0.0,0.0,0.0,0.0,0.0,0.0,5
00-0035414,Jalen Guyton,WR,LAC,2020,16,0,0,0,0,0,2,0,0,0,28,55,511,3,0,0,0,0,0,0,0,69.1,97.1,,14.0,,0.0,,0.0,,0.0,,0.0,,0.0,,31.0,,45.0,,293.0,,1.0,,33.3,,64.3,,0.0,,0.0,,0.0,,0.0,0
00-0035414,Jalen Guyton,WR,LAC,2021,16,0,0,0,0,0,7,34,0,0,31,48,448,3,0,0,0,0,0,0,0,66.2,97.2,16.0,16.0,0.0,0.0,0.0,0.0,0.0,0.0,0.0,0.0,0.0,0.0,28.0,28.0,55.0,55.0,511.0,511.0,3.0,3.0,69.1,69.1,97.1,97.1,0.0,0.0,0.0,0.0,0.0,0.0,0.0,0.0,1
00-0035414,Jalen Guyton,WR,LAC,2022,2,0,0,0,0,0,0,0,0,0,2,4,64,0,0,0,0,0,0,0,0,6.4,8.4,16.0,16.0,0.0,0.0,0.0,0.0,0.0,0.0,34.0,17.0,0.0,0.0,31.0,29.5,48.0,51.5,448.0,479.5,3.0,3.0,66.2,67.64999999999995,97.2,97.15,0.0,0.0,0.0,0.0,0.0,0.0,0.0,0.0,2
00-0035414,Jalen Guyton,WR,LAC,2023,7,0,0,0,0,0,0,0,0,0,10,21,89,1,0,0,0,0,0,0,0,14.9,24.9,2.0,9.0,0.0,0.0,0.0,0.0,0.0,0.0,0.0,17.0,0.0,0.0,2.0,16.5,4.0,26.0,64.0,256.0,0.0,1.5,6.4,36.29999999999996,8.4,52.80000000000002,0.0,0.0,0.0,0.0,0.0,0.0,0.0,0.0,3
00-0035428,Daniel Helm,TE,LV,2021,3,0,0,0,0,0,0,0,0,0,1,2,-1,0,0,0,0,0,0,0,0,-0.1,0.9,,2.0,,0.0,,0.0,,0.0,,0.0,,0.0,,2.0,,4.0,,64.0,,0.0,,6.4,,8.4,,0.0,,0.0,,0.0,,0.0,0
00-0035432,Jason Moore,WR,LAC,2021,1,0,0,0,0,0,0,0,0,0,3,4,56,0,0,0,0,0,0,0,0,5.6,8.6,,,,,,,,,,,,,,,,,,,,,,,,,,,,,,,,,0
00-0035432,Jason Moore,WR,LAC,2022,1,0,0,0,0,0,0,0,0,0,1,2,5,0,0,0,0,0,0,0,0,0.5,1.5,1.0,1.0,0.0,0.0,0.0,0.0,0.0,0.0,0.0,0.0,0.0,0.0,3.0,3.0,4.0,4.0,56.0,56.0,0.0,0.0,5.6,5.6,8.6,8.6,0.0,0.0,0.0,0.0,0.0,0.0,0.0,0.0,1
00-0035436,Matt Sokol,TE,LAC,2020,1,0,0,0,0,0,0,0,0,0,0,0,0,0,0,0,0,0,0,0,0,0.0,0.0,,1.0,,0.0,,0.0,,0.0,,0.0,,0.0,,3.0,,4.0,,56.0,,0.0,,5.6,,8.6,,0.0,,0.0,,0.0,,0.0,0
00-0035448,Damarea Crockett,RB,DEN,2021,1,0,0,0,0,0,3,7,0,0,0,0,0,0,0,0,0,0,0,0,0,0.7,0.7,,,,,,,,,,,,,,,,,,,,,,,,,,,,,,,,,0
00-0035457,Tyron Johnson,WR,LAC,2020,11,0,0,0,0,0,3,17,0,0,20,26,398,3,0,0,0,0,0,0,0,59.5,79.5,,,,,,,,,,,,,,,,,,,,,,,,,,,,,,,,,0
00-0035457,Tyron Johnson,WR,LV,2021,7,0,0,0,0,0,0,0,0,0,2,5,16,0,0,0,0,0,0,0,0,1.6,3.6,11.0,11.0,0.0,0.0,0.0,0.0,0.0,0.0,17.0,17.0,0.0,0.0,20.0,20.0,26.0,26.0,398.0,398.0,3.0,3.0,59.5,59.5,79.5,79.5,0.0,0.0,0.0,0.0,0.0,0.0,0.0,0.0,1
00-0035457,Tyron Johnson,WR,HOU,2022,2,0,0,0,0,0,0,0,0,0,1,1,8,0,0,0,0,0,0,0,0,0.8,1.8,7.0,9.0,0.0,0.0,0.0,0.0,0.0,0.0,0.0,8.5,0.0,0.0,2.0,11.0,5.0,15.5,16.0,207.0,0.0,1.5,1.6,30.549999999999958,3.6,41.55000000000001,0.0,0.0,0.0,0.0,0.0,0.0,0.0,0.0,2
00-0035480,Malik Taylor,WR,GB,2020,10,0,0,0,0,0,1,9,0,0,5,6,66,1,0,0,0,0,0,0,0,13.5,18.5,,7.0,,0.0,,0.0,,0.0,,0.0,,0.0,,2.0,,5.0,,16.0,,0.0,,1.6,,3.6,,0.0,,0.0,,0.0,,0.0,0
00-0035480,Malik Taylor,WR,GB,2021,7,0,0,0,0,0,0,0,0,0,2,3,14,0,0,0,0,0,0,0,0,1.4,3.4,10.0,10.0,0.0,0.0,0.0,0.0,0.0,0.0,9.0,9.0,0.0,0.0,5.0,5.0,6.0,6.0,66.0,66.0,1.0,1.0,13.5,13.5,18.5,18.5,0.0,0.0,0.0,0.0,0.0,0.0,0.0,0.0,1
00-0035480,Malik Taylor,WR,NYJ,2023,2,0,0,0,0,0,0,0,0,0,2,4,13,0,0,0,0,0,0,0,0,1.3,3.3,7.0,8.5,0.0,0.0,0.0,0.0,0.0,0.0,0.0,4.5,0.0,0.0,2.0,3.5,3.0,4.5,14.0,40.0,0.0,0.5,1.4,7.4499999999999575,3.4,10.950000000000014,0.0,0.0,0.0,0.0,0.0,0.0,0.0,0.0,2
00-0035500,Greg Dortch,WR,ARI,2021,5,0,0,0,0,0,1,24,0,0,3,3,15,0,0,0,0,0,0,0,0,3.9,6.9,,7.0,,0.0,,0.0,,0.0,,0.0,,0.0,,2.0,,3.0,,14.0,,0.0,,1.4,,3.4,,0.0,,0.0,,0.0,,0.0,0
00-0035500,Greg Dortch,WR,ARI,2022,16,0,0,0,0,0,7,44,0,0,52,64,467,2,0,0,0,0,0,0,0,63.1,115.1,5.0,5.0,0.0,0.0,0.0,0.0,0.0,0.0,24.0,24.0,0.0,0.0,3.0,3.0,3.0,3.0,15.0,15.0,0.0,0.0,3.9,3.9,6.9,6.9,0.0,0.0,0.0,0.0,0.0,0.0,0.0,0.0,1
00-0035500,Greg Dortch,WR,ARI,2023,16,0,0,0,0,0,1,5,0,0,24,41,280,2,0,0,0,0,0,0,0,40.5,64.5,16.0,10.5,0.0,0.0,0.0,0.0,0.0,0.0,44.0,34.0,0.0,0.0,52.0,27.5,64.0,33.5,467.0,241.0,2.0,1.0,63.1,33.49999999999996,115.1,61.000000000000014,0.0,0.0,0.0,0.0,0.0,0.0,0.0,0.0,2
00-0035500,Greg Dortch,WR,ARI,2024,17,0,0,0,0,0,5,31,0,0,37,50,342,3,1,0,0,0,0,0,0,53.3,90.3,16.0,16.0,0.0,0.0,0.0,0.0,0.0,0.0,5.0,24.5,0.0,0.0,24.0,38.0,41.0,52.5,280.0,373.5,2.0,2.0,40.5,51.799999999999955,64.5,89.80000000000001,0.0,0.0,0.0,0.0,0.0,0.0,0.0,0.0,3
00-0035500,Greg Dortch,WR,ARI,2025,12,0,0,0,0,0,7,15,1,0,29,33,206,3,0,0,0,0,0,0,0,46.1,75.1,17.0,16.5,0.0,0.0,0.0,0.0,0.0,0.0,31.0,18.0,0.0,0.0,37.0,30.5,50.0,45.5,342.0,311.0,3.0,2.5,53.3,46.899999999999956,90.3,77.4,0.0,0.0,0.0,0.0,0.0,0.0,0.0,0.0,4
00-0035510,Jeff Smith,WR,NYJ,2020,9,0,0,0,0,0,0,0,0,0,17,37,167,0,0,0,0,0,0,0,0,16.7,33.7,,17.0,,0.0,,0.0,,0.0,,31.0,,0.0,,37.0,,50.0,,342.0,,3.0,,53.3,,90.3,,0.0,,0.0,,0.0,,0.0,0
00-0035510,Jeff Smith,WR,NYJ,2021,9,0,0,0,0,0,1,-1,0,0,8,17,113,0,0,0,0,0,0,0,0,11.2,19.2,9.0,9.0,0.0,0.0,0.0,0.0,0.0,0.0,0.0,0.0,0.0,0.0,17.0,17.0,37.0,37.0,167.0,167.0,0.0,0.0,16.7,16.7,33.7,33.7,0.0,0.0,0.0,0.0,0.0,0.0,0.0,0.0,1
00-0035510,Jeff Smith,WR,NYJ,2022,7,0,0,0,0,0,0,0,0,0,8,11,134,0,0,0,0,0,0,0,0,13.4,21.4,9.0,9.0,0.0,0.0,0.0,0.0,0.0,0.0,-1.0,-0.5,0.0,0.0,8.0,12.5,17.0,27.0,113.0,140.0,0.0,0.0,11.2,13.949999999999957,19.2,26.450000000000017,0.0,0.0,0.0,0.0,0.0,0.0,0.0,0.0,2
00-0035527,Andy Isabella,WR,ARI,2020,11,0,0,0,0,0,1,-6,0,0,21,35,224,2,0,0,0,0,0,0,0,33.8,54.8,,9.0,,0.0,,0.0,,0.0,,-1.0,,0.0,,8.0,,17.0,,113.0,,0.0,,11.2,,19.2,,0.0,,0.0,,0.0,,0.0,0
00-0035527,Andy Isabella,WR,ARI,2021,3,0,0,0,0,0,0,0,0,0,1,1,13,0,0,0,0,0,0,0,0,1.3,2.3,11.0,11.0,0.0,0.0,0.0,0.0,0.0,0.0,-6.0,-6.0,0.0,0.0,21.0,21.0,35.0,35.0,224.0,224.0,2.0,2.0,33.8,33.8,54.8,54.8,0.0,0.0,0.0,0.0,0.0,0.0,0.0,0.0,1
00-0035527,Andy Isabella,WR,BAL,2022,4,0,0,0,0,0,1,1,0,0,2,5,21,0,0,0,0,0,0,0,0,2.2,4.2,3.0,7.0,0.0,0.0,0.0,0.0,0.0,0.0,0.0,-3.0,0.0,0.0,1.0,11.0,1.0,18.0,13.0,118.5,0.0,1.0,1.3,17.549999999999955,2.3,28.55000000000001,0.0,0.0,0.0,0.0,0.0,0.0,0.0,0.0,2
00-0035527,Andy Isabella,WR,BUF,2023,1,0,0,0,0,0,0,0,0,0,0,0,0,0,0,0,0,0,0,0,0,0.0,0.0,4.0,3.5,0.0,0.0,0.0,0.0,0.0,0.0,1.0,0.5,0.0,0.0,2.0,1.5,5.0,3.0,21.0,17.0,0.0,0.0,2.2,1.7499999999999574,4.2,3.250000000000014,0.0,0.0,0.0,0.0,0.0,0.0,0.0,0.0,3
00-0035529,Hakeem Butler,WR,PHI,2020,1,0,0,0,0,0,0,0,0,0,0,1,0,0,0,0,0,0,0,0,0,0.0,0.0,,4.0,,0.0,,0.0,,0.0,,1.0,,0.0,,2.0,,5.0,,21.0,,0.0,,2.2,,4.2,,0.0,,0.0,,0.0,,0.0,0
00-0035535,Darius Slayton,WR,NYG,2020,16,0,0,0,0,0,2,-1,0,0,50,96,751,3,1,0,0,0,0,0,0,91.0,141.0,,,,,,,,,,,,,,,,,,,,,,,,,,,,,,,,,0
00-0035535,Darius Slayton,WR,NYG,2021,13,0,0,0,0,0,1,-13,0,0,26,58,339,2,1,0,0,0,0,0,0,42.6,68.6,16.0,16.0,0.0,0.0,0.0,0.0,0.0,0.0,-1.0,-1.0,0.0,0.0,50.0,50.0,96.0,96.0,751.0,751.0,3.0,3.0,91.0,91.0,141.0,141.0,0.0,0.0,0.0,0.0,0.0,0.0,0.0,0.0,1
00-0035535,Darius Slayton,WR,NYG,2022,13,0,0,0,0,0,0,0,0,0,46,71,724,2,1,0,0,0,0,0,0,82.4,128.4,13.0,14.5,0.0,0.0,0.0,0.0,0.0,0.0,-13.0,-7.0,0.0,0.0,26.0,38.0,58.0,77.0,339.0,545.0,2.0,2.5,42.6,66.79999999999995,68.6,104.80000000000001,0.0,0.0,0.0,0.0,0.0,0.0,0.0,0.0,2
00-0035535,Darius Slayton,WR,NYG,2023,17,0,0,0,0,0,0,0,0,0,50,79,770,4,0,0,0,0,0,0,0,101.0,151.0,13.0,13.0,0.0,0.0,0.0,0.0,0.0,0.0,0.0,-6.5,0.0,0.0,46.0,36.0,71.0,64.5,724.0,531.5,2.0,2.0,82.4,62.49999999999996,128.4,98.50000000000001,0.0,0.0,0.0,0.0,0.0,0.0,0.0,0.0,3
00-0035535,Darius Slayton,WR,NYG,2024,16,0,0,0,0,0,2,17,0,0,39,71,573,2,0,0,0,0,0,0,0,71.0,110.0,17.0,15.0,0.0,0.0,0.0,0.0,0.0,0.0,0.0,0.0,0.0,0.0,50.0,48.0,79.0,75.0,770.0,747.0,4.0,3.0,101.0,91.69999999999996,151.0,139.70000000000002,0.0,0.0,0.0,0.0,0.0,0.0,0.0,0.0,4
00-0035535,Darius Slayton,WR,NYG,2025,14,0,0,0,0,0,0,0,0,0,37,63,538,1,1,0,0,0,0,0,0,61.8,98.8,16.0,16.5,0.0,0.0,0.0,0.0,0.0,0.0,17.0,8.5,0.0,0.0,39.0,44.5,71.0,75.0,573.0,671.5,2.0,3.0,71.0,85.99999999999996,110.0,130.5,0.0,0.0,0.0,0.0,0.0,0.0,0.0,0.0,5
00-0035537,Ty Johnson,RB,NYJ,2020,11,0,0,0,0,0,54,254,1,0,16,21,99,1,0,0,0,0,0,0,0,47.3,63.3,,16.0,,0.0,,0.0,,0.0,,17.0,,0.0,,39.0,,71.0,,573.0,,2.0,,71.0,,110.0,,0.0,,0.0,,0.0,,0.0,0
00-0035537,Ty Johnson,RB,NYJ,2021,15,0,0,0,0,0,61,238,2,1,34,55,372,2,0,0,0,0,0,0,0,83.0,117.0,11.0,11.0,0.0,0.0,0.0,0.0,0.0,0.0,254.0,254.0,1.0,1.0,16.0,16.0,21.0,21.0,99.0,99.0,1.0,1.0,47.3,47.3,63.3,63.3,0.0,0.0,0.0,0.0,0.0,0.0,0.0,0.0,1
00-0035537,Ty Johnson,RB,NYJ,2022,12,0,0,0,0,0,30,160,1,0,12,24,88,0,0,0,0,0,0,0,0,30.8,42.8,15.0,13.0,0.0,0.0,0.0,0.0,0.0,0.0,238.0,246.0,2.0,1.5,34.0,25.0,55.0,38.0,372.0,235.5,2.0,1.5,83.0,65.14999999999995,117.0,90.15,0.0,0.0,0.0,0.0,0.0,0.0,0.0,0.0,2
00-0035537,Ty Johnson,RB,BUF,2023,9,0,0,0,0,0,30,132,0,0,7,7,62,1,0,0,0,0,0,0,0,25.4,32.4,12.0,13.5,0.0,0.0,0.0,0.0,0.0,0.0,160.0,199.0,1.0,1.5,12.0,23.0,24.0,39.5,88.0,230.0,0.0,1.0,30.8,56.899999999999956,42.8,79.9,0.0,0.0,0.0,0.0,0.0,0.0,0.0,0.0,3
00-0035537,Ty Johnson,RB,BUF,2024,17,0,0,0,0,0,41,213,1,0,18,25,284,3,0,0,0,0,0,0,0,73.7,91.7,9.0,10.5,0.0,0.0,0.0,0.0,0.0,0.0,132.0,146.0,0.0,0.5,7.0,9.5,7.0,15.5,62.0,75.0,1.0,0.5,25.4,28.09999999999996,32.4,37.60000000000001,0.0,0.0,0.0,0.0,0.0,0.0,0.0,0.0,4
00-0035537,Ty Johnson,RB,BUF,2025,17,0,0,0,0,0,50,200,3,0,24,33,263,2,0,0,0,0,0,0,0,76.3,100.3,17.0,13.0,0.0,0.0,0.0,0.0,0.0,0.0,213.0,172.5,1.0,0.5,18.0,12.5,25.0,16.0,284.0,173.0,3.0,2.0,73.7,49.54999999999996,91.7,62.05000000000002,0.0,0.0,0.0,0.0,0.0,0.0,0.0,0.0,5
00-0035539,Isaac Nauta,TE,DET,2020,2,0,0,0,0,0,0,0,0,0,1,2,3,0,0,0,0,0,0,0,0,0.3,1.3,,17.0,,0.0,,0.0,,0.0,,213.0,,1.0,,18.0,,25.0,,284.0,,3.0,,73.7,,91.7,,0.0,,0.0,,0.0,,0.0,0
00-0035544,Tom Kennedy,WR,DET,2021,6,1,1,75,1,0,0,0,0,0,6,10,54,0,0,0,0,0,0,0,0,12.4,18.4,,,,,,,,,,,,,,,,,,,,,,,,,,,,,,,,,0
00-0035544,Tom Kennedy,WR,DET,2022,5,0,0,0,0,0,0,0,0,0,8,15,141,0,0,0,0,0,0,0,0,14.1,22.1,6.0,6.0,75.0,75.0,1.0,1.0,0.0,0.0,0.0,0.0,0.0,0.0,6.0,6.0,10.0,10.0,54.0,54.0,0.0,0.0,12.4,12.4,18.4,18.4,0.0,0.0,0.0,0.0,0.0,0.0,0.0,0.0,1
00-0035544,Tom Kennedy,WR,DET,2024,3,0,0,0,0,0,0,0,0,0,0,1,0,0,0,0,0,0,0,0,0,0.0,0.0,5.0,5.5,0.0,37.5,0.0,0.5,0.0,0.0,0.0,0.0,0.0,0.0,8.0,7.0,15.0,12.5,141.0,97.5,0.0,0.0,14.1,13.249999999999957,22.1,20.250000000000014,0.0,0.0,0.0,0.0,0.0,0.0,0.0,0.0,2
00-0035544,Tom Kennedy,WR,DET,2025,6,0,0,0,0,0,0,0,0,0,4,4,36,0,0,0,0,0,0,0,0,3.6,7.6,3.0,4.0,0.0,0.0,0.0,0.0,0.0,0.0,0.0,0.0,0.0,0.0,0.0,4.0,1.0,8.0,0.0,70.5,0.0,0.0,0.0,7.049999999999957,0.0,11.050000000000015,0.0,0.0,0.0,0.0,0.0,0.0,0.0,0.0,3
00-0035547,Joseph Fortson,TE,KC,2021,4,0,0,0,0,0,0,0,0,0,5,5,47,2,0,0,0,0,0,0,0,16.7,21.7,,3.0,,0.0,,0.0,,0.0,,0.0,,0.0,,0.0,,1.0,,0.0,,0.0,,0.0,,0.0,,0.0,,0.0,,0.0,,0.0,0
00-0035547,Joseph Fortson,TE,KC,2022,10,0,0,0,0,0,0,0,0,0,9,13,108,2,0,0,0,0,0,0,0,22.8,31.8,4.0,4.0,0.0,0.0,0.0,0.0,0.0,0.0,0.0,0.0,0.0,0.0,5.0,5.0,5.0,5.0,47.0,47.0,2.0,2.0,16.7,16.7,21.7,21.7,0.0,0.0,0.0,0.0,0.0,0.0,0.0,0.0,1
00-0035547,Joseph Fortson,TE,KC,2024,3,0,0,0,0,0,0,0,0,0,1,3,5,0,0,0,0,0,0,0,0,0.5,1.5,10.0,7.0,0.0,0.0,0.0,0.0,0.0,0.0,0.0,0.0,0.0,0.0,9.0,7.0,13.0,9.0,108.0,77.5,2.0,2.0,22.8,19.749999999999957,31.8,26.750000000000014,0.0,0.0,0.0,0.0,0.0,0.0,0.0,0.0,2
00-0035551,Tony Brooks-James,RB,ATL,2020,1,0,0,0,0,0,3,4,0,0,0,0,0,0,0,0,0,0,0,0,0,0.4,0.4,,10.0,,0.0,,0.0,,0.0,,0.0,,0.0,,9.0,,13.0,,108.0,,2.0,,22.8,,31.8,,0.0,,0.0,,0.0,,0.0,0
00-0035562,Jesper Horsted,TE,CHI,2021,4,0,0,0,0,0,0,0,0,0,2,3,21,2,0,0,0,0,0,0,0,14.1,16.1,,,,,,,,,,,,,,,,,,,,,,,,,,,,,,,,,0
00-0035562,Jesper Horsted,TE,LV,2022,5,0,0,0,0,0,0,0,0,0,3,4,19,0,0,0,0,0,0,0,0,1.9,4.9,4.0,4.0,0.0,0.0,0.0,0.0,0.0,0.0,0.0,0.0,0.0,0.0,2.0,2.0,3.0,3.0,21.0,21.0,2.0,2.0,14.1,14.1,16.1,16.1,0.0,0.0,0.0,0.0,0.0,0.0,0.0,0.0,1
00-0035562,Jesper Horsted,TE,LV,2023,5,0,0,0,0,0,0,0,0,0,1,1,4,0,0,0,0,0,0,0,0,0.4,1.4,5.0,4.5,0.0,0.0,0.0,0.0,0.0,0.0,0.0,0.0,0.0,0.0,3.0,2.5,4.0,3.5,19.0,20.0,0.0,1.0,1.9,7.999999999999957,4.9,10.500000000000014,0.0,0.0,0.0,0.0,0.0,0.0,0.0,0.0,2
00-0035567,Craig Reynolds,RB,JAX,2020,1,0,0,0,0,0,1,4,0,0,1,1,3,0,0,0,0,0,0,0,0,0.7,1.7,,5.0,,0.0,,0.0,,0.0,,0.0,,0.0,,3.0,,4.0,,19.0,,0.0,,1.9,,4.9,,0.0,,0.0,,0.0,,0.0,0
00-0035567,Craig Reynolds,RB,DET,2021,5,0,0,0,0,0,55,230,0,0,7,8,52,0,0,0,0,0,0,0,0,28.2,35.2,1.0,1.0,0.0,0.0,0.0,0.0,0.0,0.0,4.0,4.0,0.0,0.0,1.0,1.0,1.0,1.0,3.0,3.0,0.0,0.0,0.7,0.7,1.7,1.7,0.0,0.0,0.0,0.0,0.0,0.0,0.0,0.0,1
00-0035567,Craig Reynolds,RB,DET,2022,6,0,0,0,0,0,23,102,0,0,9,10,116,0,0,0,0,0,0,0,0,21.8,30.8,5.0,3.0,0.0,0.0,0.0,0.0,0.0,0.0,230.0,117.0,0.0,0.0,7.0,4.0,8.0,4.5,52.0,27.5,0.0,0.0,28.2,14.449999999999957,35.2,18.450000000000017,0.0,0.0,0.0,0.0,0.0,0.0,0.0,0.0,2
00-0035567,Craig Reynolds,RB,DET,2023,12,0,0,0,0,0,41,179,1,1,5,5,47,0,0,0,0,0,0,0,0,26.6,31.6,6.0,5.5,0.0,0.0,0.0,0.0,0.0,0.0,102.0,166.0,0.0,0.0,9.0,8.0,10.0,9.0,116.0,84.0,0.0,0.0,21.8,24.999999999999957,30.8,33.000000000000014,0.0,0.0,0.0,0.0,0.0,0.0,0.0,0.0,3
00-0035567,Craig Reynolds,RB,DET,2024,8,0,0,0,0,0,31,139,0,0,3,5,40,0,0,0,0,0,0,0,0,17.9,20.9,12.0,9.0,0.0,0.0,0.0,0.0,0.0,0.0,179.0,140.5,1.0,0.5,5.0,7.0,5.0,7.5,47.0,81.5,0.0,0.0,26.6,24.19999999999996,31.6,31.200000000000017,0.0,0.0,0.0,0.0,0.0,0.0,0.0,0.0,4
00-0035567,Craig Reynolds,RB,DET,2025,5,0,0,0,0,0,3,4,0,0,0,0,0,0,0,0,0,0,0,0,0,0.4,0.4,8.0,10.0,0.0,0.0,0.0,0.0,0.0,0.0,139.0,159.0,0.0,0.5,3.0,4.0,5.0,5.0,40.0,43.5,0.0,0.0,17.9,22.249999999999957,20.9,26.250000000000014,0.0,0.0,0.0,0.0,0.0,0.0,0.0,0.0,5
00-0035572,Parker Hesse,TE,ATL,2021,4,0,0,0,0,0,0,0,0,0,5,6,43,0,0,0,0,0,0,0,0,4.3,9.3,,8.0,,0.0,,0.0,,0.0,,139.0,,0.0,,3.0,,5.0,,40.0,,0.0,,17.9,,20.9,,0.0,,0.0,,0.0,,0.0,0
00-0035572,Parker Hesse,TE,ATL,2022,12,0,0,0,0,0,0,0,0,0,9,11,89,0,0,0,0,0,0,0,0,8.9,17.9,4.0,4.0,0.0,0.0,0.0,0.0,0.0,0.0,0.0,0.0,0.0,0.0,5.0,5.0,6.0,6.0,43.0,43.0,0.0,0.0,4.3,4.3,9.3,9.3,0.0,0.0,0.0,0.0,0.0,0.0,0.0,0.0,1
00-0035572,Parker Hesse,TE,ATL,2023,1,0,0,0,0,0,0,0,0,0,0,0,0,0,0,0,0,0,0,0,0,0.0,0.0,12.0,8.0,0.0,0.0,0.0,0.0,0.0,0.0,0.0,0.0,0.0,0.0,9.0,7.0,11.0,8.5,89.0,66.0,0.0,0.0,8.9,6.599999999999957,17.9,13.600000000000014,0.0,0.0,0.0,0.0,0.0,0.0,0.0,0.0,2
00-0035590,Riley Ridley,WR,CHI,2020,2,0,0,0,0,0,0,0,0,0,4,4,39,0,0,0,0,0,0,0,0,3.9,7.9,,12.0,,0.0,,0.0,,0.0,,0.0,,0.0,,9.0,,11.0,,89.0,,0.0,,8.9,,17.9,,0.0,,0.0,,0.0,,0.0,0
00-0035592,Travis Fulgham,WR,PHI,2020,12,0,0,0,0,0,0,0,0,0,38,67,539,4,0,0,0,0,0,0,0,77.9,115.9,,,,,,,,,,,,,,,,,,,,,,,,,,,,,,,,,0
00-0035593,Juwann Winfree,WR,GB,2021,5,0,0,0,0,0,0,0,0,0,8,13,58,0,1,0,0,0,0,0,0,3.8,11.8,,,,,,,,,,,,,,,,,,,,,,,,,,,,,,,,,0
00-0035593,Juwann Winfree,WR,GB,2022,3,0,0,0,0,0,0,0,0,0,1,4,17,0,0,0,0,0,0,0,0,1.7,2.7,5.0,5.0,0.0,0.0,0.0,0.0,0.0,0.0,0.0,0.0,0.0,0.0,8.0,8.0,13.0,13.0,58.0,58.0,0.0,0.0,3.8,3.8,11.8,11.8,0.0,0.0,0.0,0.0,0.0,0.0,0.0,0.0,1
00-0035593,Juwann Winfree,WR,IND,2023,1,0,0,0,0,0,0,0,0,0,0,1,0,0,0,0,0,0,0,0,0,0.0,0.0,3.0,4.0,0.0,0.0,0.0,0.0,0.0,0.0,0.0,0.0,0.0,0.0,1.0,4.5,4.0,8.5,17.0,37.5,0.0,0.0,1.7,2.7499999999999583,2.7,7.250000000000014,0.0,0.0,0.0,0.0,0.0,0.0,0.0,0.0,2
00-0035594,Travis Homer,RB,SEA,2020,9,0,0,0,0,0,25,88,0,0,9,10,90,1,0,0,0,0,0,0,0,23.8,32.8,,3.0,,0.0,,0.0,,0.0,,0.0,,0.0,,1.0,,4.0,,17.0,,0.0,,1.7,,2.7,,0.0,,0.0,,0.0,,0.0,0
00-0035594,Travis Homer,RB,SEA,2021,14,0,0,0,0,0,21,177,1,0,16,20,161,0,0,0,0,0,0,0,0,45.8,61.8,9.0,9.0,0.0,0.0,0.0,0.0,0.0,0.0,88.0,88.0,0.0,0.0,9.0,9.0,10.0,10.0,90.0,90.0,1.0,1.0,23.8,23.8,32.8,32.8,0.0,0.0,0.0,0.0,0.0,0.0,0.0,0.0,1
00-0035594,Travis Homer,RB,SEA,2022,10,0,0,0,0,0,19,74,0,0,16,18,157,1,1,0,0,0,0,0,0,27.1,43.1,14.0,11.5,0.0,0.0,0.0,0.0,0.0,0.0,177.0,132.5,1.0,0.5,16.0,12.5,20.0,15.0,161.0,125.5,0.0,0.5,45.8,34.799999999999955,61.8,47.30000000000001,0.0,0.0,0.0,0.0,0.0,0.0,0.0,0.0,2
00-0035594,Travis Homer,RB,CHI,2023,7,0,0,0,0,0,0,0,0,0,0,1,0,0,0,0,0,0,0,0,0,0.0,0.0,10.0,12.0,0.0,0.0,0.0,0.0,0.0,0.0,74.0,125.5,0.0,0.5,16.0,16.0,18.0,19.0,157.0,159.0,1.0,0.5,27.1,36.44999999999996,43.1,52.45000000000002,0.0,0.0,0.0,0.0,0.0,0.0,0.0,0.0,3
00-0035594,Travis Homer,RB,CHI,2024,8,0,0,0,0,0,6,23,0,0,3,3,11,0,0,0,0,0,0,0,0,3.4,6.4,7.0,8.5,0.0,0.0,0.0,0.0,0.0,0.0,0.0,37.0,0.0,0.0,0.0,8.0,1.0,9.5,0.0,78.5,0.0,0.5,0.0,13.549999999999962,0.0,21.550000000000015,0.0,0.0,0.0,0.0,0.0,0.0,0.0,0.0,4
00-0035594,Travis Homer,RB,CHI,2025,8,0,0,0,0,0,1,-2,0,0,0,0,0,0,0,0,0,0,0,0,0,-0.2,-0.2,8.0,7.5,0.0,0.0,0.0,0.0,0.0,0.0,23.0,11.5,0.0,0.0,3.0,1.5,3.0,2.0,11.0,5.5,0.0,0.0,3.4,1.6999999999999609,6.4,3.2000000000000144,0.0,0.0,0.0,0.0,0.0,0.0,0.0,0.0,5
00-0035602,Alex Bachman,WR,NYG,2021,2,0,0,0,0,0,1,-3,0,0,0,0,0,0,0,0,0,0,0,0,0,-0.3,-0.3,,8.0,,0.0,,0.0,,0.0,,23.0,,0.0,,3.0,,3.0,,11.0,,0.0,,3.4,,6.4,,0.0,,0.0,,0.0,,0.0,0
00-0035602,Alex Bachman,WR,LV,2024,5,0,0,0,0,0,0,0,0,0,3,3,31,0,0,0,0,0,0,0,0,3.1,6.1,2.0,2.0,0.0,0.0,0.0,0.0,0.0,0.0,-3.0,-3.0,0.0,0.0,0.0,0.0,0.0,0.0,0.0,0.0,0.0,0.0,-0.3,-0.3,-0.3,-0.3,0.0,0.0,0.0,0.0,0.0,0.0,0.0,0.0,1
00-0035602,Alex Bachman,WR,LV,2025,11,0,0,0,0,0,0,0,0,0,2,3,12,0,0,0,0,0,0,0,0,1.2,3.2,5.0,3.5,0.0,0.0,0.0,0.0,0.0,0.0,0.0,-1.5,0.0,0.0,3.0,1.5,3.0,1.5,31.0,15.5,0.0,0.0,3.1,1.399999999999961,6.1,2.900000000000014,0.0,0.0,0.0,0.0,0.0,0.0,0.0,0.0,2
00-0035603,Kendall Blanton,TE,LA,2021,4,0,0,0,0,0,0,0,0,0,4,7,37,0,0,0,0,0,0,0,0,3.7,7.7,,5.0,,0.0,,0.0,,0.0,,0.0,,0.0,,3.0,,3.0,,31.0,,0.0,,3.1,,6.1,,0.0,,0.0,,0.0,,0.0,0
00-0035603,Kendall Blanton,TE,LA,2022,2,0,0,0,0,0,0,0,0,0,2,2,35,0,0,0,0,0,0,0,0,3.5,5.5,4.0,4.0,0.0,0.0,0.0,0.0,0.0,0.0,0.0,0.0,0.0,0.0,4.0,4.0,7.0,7.0,37.0,37.0,0.0,0.0,3.7,3.7,7.7,7.7,0.0,0.0,0.0,0.0,0.0,0.0,0.0,0.0,1
00-0035621,Nsimba Webster,WR,LA,2020,16,0,0,0,0,0,0,0,0,0,0,0,0,0,0,0,0,0,0,0,0,0.0,0.0,,4.0,,0.0,,0.0,,0.0,,0.0,,0.0,,4.0,,7.0,,37.0,,0.0,,3.7,,7.7,,0.0,,0.0,,0.0,,0.0,0
00-0035621,Nsimba Webster,WR,CHI,2021,6,0,0,0,0,0,0,0,0,0,0,0,0,0,0,0,0,0,0,0,0,0.0,0.0,16.0,16.0,0.0,0.0,0.0,0.0,0.0,0.0,0.0,0.0,0.0,0.0,0.0,0.0,0.0,0.0,0.0,0.0,0.0,0.0,0.0,0.0,0.0,0.0,0.0,0.0,0.0,0.0,0.0,0.0,0.0,0.0,1
00-0035621,Nsimba Webster,WR,CHI,2022,1,0,0,0,0,0,0,0,0,0,2,3,14,0,0,0,0,0,0,0,0,1.4,3.4,6.0,11.0,0.0,0.0,0.0,0.0,0.0,0.0,0.0,0.0,0.0,0.0,0.0,0.0,0.0,0.0,0.0,0.0,0.0,0.0,0.0,0.0,0.0,0.0,0.0,0.0,0.0,0.0,0.0,0.0,0.0,0.0,2
00-0035624,N'Keal Harry,TE,NE,2020,13,0,0,0,0,0,2,0,0,0,33,57,309,2,1,0,0,0,0,0,0,40.9,73.9,,6.0,,0.0,,0.0,,0.0,,0.0,,0.0,,0.0,,0.0,,0.0,,0.0,,0.0,,0.0,,0.0,,0.0,,0.0,,0.0,0
00-0035624,N'Keal Harry,TE,NE,2021,10,0,0,0,0,0,0,0,0,0,12,22,184,0,0,0,0,0,0,0,0,18.4,30.4,13.0,13.0,0.0,0.0,0.0,0.0,0.0,0.0,0.0,0.0,0.0,0.0,33.0,33.0,57.0,57.0,309.0,309.0,2.0,2.0,40.9,40.9,73.9,73.9,0.0,0.0,0.0,0.0,0.0,0.0,0.0,0.0,1
00-0035624,N'Keal Harry,TE,CHI,2022,6,0,0,0,0,0,0,0,0,0,7,9,116,1,0,0,0,0,0,0,0,17.6,24.6,10.0,11.5,0.0,0.0,0.0,0.0,0.0,0.0,0.0,0.0,0.0,0.0,12.0,22.5,22.0,39.5,184.0,246.5,0.0,1.0,18.4,29.64999999999996,30.4,52.15000000000002,0.0,0.0,0.0,0.0,0.0,0.0,0.0,0.0,2
00-0035628,D'Ernest Johnson,RB,CLE,2020,14,0,0,0,0,0,33,166,0,0,3,4,14,0,0,0,0,0,0,0,0,18.0,21.0,,10.0,,0.0,,0.0,,0.0,,0.0,,0.0,,12.0,,22.0,,184.0,,0.0,,18.4,,30.4,,0.0,,0.0,,0.0,,0.0,0
00-0035628,D'Ernest Johnson,RB,CLE,2021,13,0,0,0,0,0,100,534,3,0,19,25,137,0,0,0,0,0,0,0,0,85.1,104.1,14.0,14.0,0.0,0.0,0.0,0.0,0.0,0.0,166.0,166.0,0.0,0.0,3.0,3.0,4.0,4.0,14.0,14.0,0.0,0.0,18.0,18.0,21.0,21.0,0.0,0.0,0.0,0.0,0.0,0.0,0.0,0.0,1
00-0035628,D'Ernest Johnson,RB,CLE,2022,9,0,0,0,0,0,4,17,0,0,3,3,7,0,0,0,0,0,0,0,0,2.4,5.4,13.0,13.5,0.0,0.0,0.0,0.0,0.0,0.0,534.0,350.0,3.0,1.5,19.0,11.0,25.0,14.5,137.0,75.5,0.0,0.0,85.1,51.549999999999955,104.1,62.55000000000001,0.0,0.0,0.0,0.0,0.0,0.0,0.0,0.0,2
00-0035628,D'Ernest Johnson,RB,JAX,2023,16,0,0,0,0,0,41,108,0,0,10,12,140,0,0,0,0,0,0,0,0,24.8,34.8,9.0,11.0,0.0,0.0,0.0,0.0,0.0,0.0,17.0,275.5,0.0,1.5,3.0,11.0,3.0,14.0,7.0,72.0,0.0,0.0,2.4,43.74999999999996,5.4,54.750000000000014,0.0,0.0,0.0,0.0,0.0,0.0,0.0,0.0,3
00-0035628,D'Ernest Johnson,RB,JAX,2024,12,0,0,0,0,0,32,143,0,0,12,19,96,0,0,0,0,0,0,0,0,23.9,35.9,16.0,12.5,0.0,0.0,0.0,0.0,0.0,0.0,108.0,62.5,0.0,0.0,10.0,6.5,12.0,7.5,140.0,73.5,0.0,0.0,24.8,13.599999999999957,34.8,20.100000000000012,0.0,0.0,0.0,0.0,0.0,0.0,0.0,0.0,4
00-0035628,D'Ernest Johnson,RB,NE,2025,5,0,0,0,0,0,14,25,0,0,0,0,0,0,0,0,0,0,0,0,0,2.5,2.5,12.0,14.0,0.0,0.0,0.0,0.0,0.0,0.0,143.0,125.5,0.0,0.0,12.0,11.0,19.0,15.5,96.0,118.0,0.0,0.0,23.9,24.34999999999996,35.9,35.35000000000001,0.0,0.0,0.0,0.0,0.0,0.0,0.0,0.0,5
00-0035631,Drew Sample,TE,CIN,2020,16,0,0,0,0,0,0,0,0,0,40,53,349,1,1,0,0,0,0,0,0,38.9,78.9,,12.0,,0.0,,0.0,,0.0,,143.0,,0.0,,12.0,,19.0,,96.0,,0.0,,23.9,,35.9,,0.0,,0.0,,0.0,,0.0,0
00-0035631,Drew Sample,TE,CIN,2021,10,0,0,0,0,0,0,0,0,0,11,15,81,0,0,0,0,0,0,0,0,8.1,19.1,16.0,16.0,0.0,0.0,0.0,0.0,0.0,0.0,0.0,0.0,0.0,0.0,40.0,40.0,53.0,53.0,349.0,349.0,1.0,1.0,38.9,38.9,78.9,78.9,0.0,0.0,0.0,0.0,0.0,0.0,0.0,0.0,1
00-0035631,Drew Sample,TE,CIN,2022,2,0,0,0,0,0,0,0,0,0,2,2,-2,0,0,0,0,0,0,0,0,-0.2,1.8,10.0,13.0,0.0,0.0,0.0,0.0,0.0,0.0,0.0,0.0,0.0,0.0,11.0,25.5,15.0,34.0,81.0,215.0,0.0,0.5,8.1,23.499999999999954,19.1,49.000000000000014,0.0,0.0,0.0,0.0,0.0,0.0,0.0,0.0,2
00-0035631,Drew Sample,TE,CIN,2023,14,0,0,0,0,0,0,0,0,0,22,27,163,2,0,0,0,0,0,0,0,28.3,50.3,2.0,6.0,0.0,0.0,0.0,0.0,0.0,0.0,0.0,0.0,0.0,0.0,2.0,6.5,2.0,8.5,-2.0,39.5,0.0,0.0,-0.2,3.9499999999999535,1.8,10.450000000000015,0.0,0.0,0.0,0.0,0.0,0.0,0.0,0.0,3
00-0035631,Drew Sample,TE,CIN,2024,11,0,0,0,0,0,1,-4,0,0,20,22,109,1,0,0,0,0,0,0,0,16.5,36.5,14.0,8.0,0.0,0.0,0.0,0.0,0.0,0.0,0.0,0.0,0.0,0.0,22.0,12.0,27.0,14.5,163.0,80.5,2.0,1.0,28.3,14.049999999999955,50.3,26.05000000000001,0.0,0.0,0.0,0.0,0.0,0.0,0.0,0.0,4
00-0035631,Drew Sample,TE,CIN,2025,12,0,0,0,0,0,1,3,0,0,15,20,106,1,0,0,0,0,0,0,0,16.9,31.9,11.0,12.5,0.0,0.0,0.0,0.0,0.0,0.0,-4.0,-2.0,0.0,0.0,20.0,21.0,22.0,24.5,109.0,136.0,1.0,1.5,16.5,22.399999999999956,36.5,43.40000000000001,0.0,0.0,0.0,0.0,0.0,0.0,0.0,0.0,5
00-0035639,Parris Campbell,WR,IND,2020,2,0,0,0,0,0,2,16,0,0,6,9,71,0,0,0,0,0,0,0,0,8.7,14.7,,11.0,,0.0,,0.0,,0.0,,-4.0,,0.0,,20.0,,22.0,,109.0,,1.0,,16.5,,36.5,,0.0,,0.0,,0.0,,0.0,0
00-0035639,Parris Campbell,WR,IND,2021,6,0,0,0,0,0,0,0,0,0,10,20,162,1,0,0,0,0,0,0,0,22.2,32.2,2.0,2.0,0.0,0.0,0.0,0.0,0.0,0.0,16.0,16.0,0.0,0.0,6.0,6.0,9.0,9.0,71.0,71.0,0.0,0.0,8.7,8.7,14.7,14.7,0.0,0.0,0.0,0.0,0.0,0.0,0.0,0.0,1
00-0035639,Parris Campbell,WR,IND,2022,17,0,0,0,0,0,5,58,0,0,63,91,623,3,0,0,0,0,0,0,0,86.1,149.1,6.0,4.0,0.0,0.0,0.0,0.0,0.0,0.0,0.0,8.0,0.0,0.0,10.0,8.0,20.0,14.5,162.0,116.5,1.0,0.5,22.2,15.449999999999953,32.2,23.450000000000017,0.0,0.0,0.0,0.0,0.0,0.0,0.0,0.0,2
00-0035639,Parris Campbell,WR,NYG,2023,10,0,0,0,0,0,0,0,0,0,20,27,104,0,0,0,0,0,0,0,0,10.4,30.4,17.0,11.5,0.0,0.0,0.0,0.0,0.0,0.0,58.0,29.0,0.0,0.0,63.0,36.5,91.0,55.5,623.0,392.5,3.0,2.0,86.1,54.14999999999995,149.1,90.65,0.0,0.0,0.0,0.0,0.0,0.0,0.0,0.0,3
00-0035639,Parris Campbell,WR,PHI,2024,4,0,0,0,0,0,0,0,0,0,6,8,30,1,0,0,0,0,0,0,0,9.0,15.0,10.0,13.5,0.0,0.0,0.0,0.0,0.0,0.0,0.0,29.0,0.0,0.0,20.0,41.5,27.0,59.0,104.0,363.5,0.0,1.5,10.4,48.24999999999995,30.4,89.75000000000003,0.0,0.0,0.0,0.0,0.0,0.0,0.0,0.0,4
00-0035639,Parris Campbell,WR,DAL,2025,1,0,0,0,0,0,0,0,0,0,0,0,0,0,0,0,0,0,0,0,0,0.0,0.0,4.0,7.0,0.0,0.0,0.0,0.0,0.0,0.0,0.0,0.0,0.0,0.0,6.0,13.0,8.0,17.5,30.0,67.0,1.0,0.5,9.0,9.69999999999995,15.0,22.700000000000014,0.0,0.0,0.0,0.0,0.0,0.0,0.0,0.0,5
00-0035640,DK Metcalf,WR,SEA,2020,16,0,0,0,0,0,0,0,0,0,83,129,1303,10,1,0,0,0,0,0,0,188.3,271.3,,4.0,,0.0,,0.0,,0.0,,0.0,,0.0,,6.0,,8.0,,30.0,,1.0,,9.0,,15.0,,0.0,,0.0,,0.0,,0.0,0
00-0035640,DK Metcalf,WR,SEA,2021,17,0,0,0,0,0,1,6,0,0,75,129,967,12,0,0,0,0,0,0,0,169.3,244.3,16.0,16.0,0.0,0.0,0.0,0.0,0.0,0.0,0.0,0.0,0.0,0.0,83.0,83.0,129.0,129.0,1303.0,1303.0,10.0,10.0,188.3,188.3,271.3,271.3,0.0,0.0,0.0,0.0,0.0,0.0,0.0,0.0,1
00-0035640,DK Metcalf,WR,SEA,2022,17,0,0,0,0,0,0,0,0,0,90,141,1048,6,2,0,0,0,0,0,0,136.8,226.8,17.0,16.5,0.0,0.0,0.0,0.0,0.0,0.0,6.0,3.0,0.0,0.0,75.0,79.0,129.0,129.0,967.0,1135.0,12.0,11.0,169.3,178.79999999999995,244.3,257.8,0.0,0.0,0.0,0.0,0.0,0.0,0.0,0.0,2
00-0035640,DK Metcalf,WR,SEA,2023,16,0,0,0,0,0,0,0,0,0,66,119,1114,8,0,0,0,0,0,0,0,159.4,225.4,17.0,17.0,0.0,0.0,0.0,0.0,0.0,0.0,0.0,3.0,0.0,0.0,90.0,82.5,141.0,135.0,1048.0,1007.5,6.0,9.0,136.8,153.04999999999995,226.8,235.55,0.0,0.0,0.0,0.0,0.0,0.0,0.0,0.0,3
00-0035640,DK Metcalf,WR,SEA,2024,15,0,0,0,0,0,0,0,0,0,66,108,992,5,2,0,0,0,0,0,0,125.2,191.2,16.0,16.5,0.0,0.0,0.0,0.0,0.0,0.0,0.0,0.0,0.0,0.0,66.0,78.0,119.0,130.0,1114.0,1081.0,8.0,7.0,159.4,148.09999999999997,225.4,226.10000000000002,0.0,0.0,0.0,0.0,0.0,0.0,0.0,0.0,4
00-0035640,DK Metcalf,WR,PIT,2025,15,0,0,0,0,0,2,12,1,0,59,99,850,6,0,0,0,0,0,0,0,128.2,187.2,15.0,15.5,0.0,0.0,0.0,0.0,0.0,0.0,0.0,0.0,0.0,0.0,66.0,66.0,108.0,113.5,992.0,1053.0,5.0,6.5,125.2,142.29999999999995,191.2,208.3,0.0,0.0,0.0,0.0,0.0,0.0,0.0,0.0,5
00-0035644,Noah Fant,TE,DEN,2020,14,0,0,0,0,0,0,0,0,0,62,93,673,3,0,0,0,0,0,0,0,87.3,149.3,,15.0,,0.0,,0.0,,0.0,,0.0,,0.0,,66.0,,108.0,,992.0,,5.0,,125.2,,191.2,,0.0,,0.0,,0.0,,0.0,0
00-0035644,Noah Fant,TE,DEN,2021,16,0,0,0,0,0,0,0,0,0,68,90,670,4,0,0,0,0,0,0,0,91.0,159.0,14.0,14.0,0.0,0.0,0.0,0.0,0.0,0.0,0.0,0.0,0.0,0.0,62.0,62.0,93.0,93.0,673.0,673.0,3.0,3.0,87.3,87.3,149.3,149.3,0.0,0.0,0.0,0.0,0.0,0.0,0.0,0.0,1
00-0035644,Noah Fant,TE,SEA,2022,17,0,0,0,0,0,0,0,0,0,50,63,486,4,0,0,0,0,0,0,0,72.6,122.6,16.0,15.0,0.0,0.0,0.0,0.0,0.0,0.0,0.0,0.0,0.0,0.0,68.0,65.0,90.0,91.5,670.0,671.5,4.0,3.5,91.0,89.14999999999995,159.0,154.15,0.0,0.0,0.0,0.0,0.0,0.0,0.0,0.0,2
00-0035644,Noah Fant,TE,SEA,2023,15,0,0,0,0,0,0,0,0,0,32,43,414,0,0,0,0,0,0,0,0,41.4,73.4,17.0,16.5,0.0,0.0,0.0,0.0,0.0,0.0,0.0,0.0,0.0,0.0,50.0,59.0,63.0,76.5,486.0,578.0,4.0,4.0,72.6,81.79999999999994,122.6,140.8,0.0,0.0,0.0,0.0,0.0,0.0,0.0,0.0,3
00-0035644,Noah Fant,TE,SEA,2024,14,0,0,0,0,0,0,0,0,0,48,64,500,1,0,0,0,0,0,0,0,56.0,104.0,15.0,16.0,0.0,0.0,0.0,0.0,0.0,0.0,0.0,0.0,0.0,0.0,32.0,41.0,43.0,53.0,414.0,450.0,0.0,2.0,41.4,56.99999999999994,73.4,98.0,0.0,0.0,0.0,0.0,0.0,0.0,0.0,0.0,4
00-0035644,Noah Fant,TE,CIN,2025,13,0,0,0,0,0,0,0,0,0,34,41,288,3,3,0,0,0,0,0,0,40.8,74.8,14.0,14.5,0.0,0.0,0.0,0.0,0.0,0.0,0.0,0.0,0.0,0.0,48.0,40.0,64.0,53.5,500.0,457.0,1.0,0.5,56.0,48.699999999999946,104.0,88.7,0.0,0.0,0.0,0.0,0.0,0.0,0.0,0.0,5
00-0035645,Gunner Olszewski,WR,NE,2020,13,0,0,0,0,0,5,23,0,0,5,5,62,1,0,0,0,0,0,0,0,20.5,25.5,,14.0,,0.0,,0.0,,0.0,,0.0,,0.0,,48.0,,64.0,,500.0,,1.0,,56.0,,104.0,,0.0,,0.0,,0.0,,0.0,0
00-0035645,Gunner Olszewski,WR,NE,2021,16,0,0,0,0,0,1,9,0,0,2,3,31,0,0,0,0,0,0,0,0,4.0,6.0,13.0,13.0,0.0,0.0,0.0,0.0,0.0,0.0,23.0,23.0,0.0,0.0,5.0,5.0,5.0,5.0,62.0,62.0,1.0,1.0,20.5,20.5,25.5,25.5,0.0,0.0,0.0,0.0,0.0,0.0,0.0,0.0,1
00-0035645,Gunner Olszewski,WR,PIT,2022,15,0,0,0,0,0,8,39,0,0,5,7,53,0,0,0,0,0,0,0,0,9.2,14.2,16.0,14.5,0.0,0.0,0.0,0.0,0.0,0.0,9.0,16.0,0.0,0.0,2.0,3.5,3.0,4.0,31.0,46.5,0.0,0.5,4.0,12.249999999999943,6.0,15.75,0.0,0.0,0.0,0.0,0.0,0.0,0.0,0.0,2
00-0035645,Gunner Olszewski,WR,NYG,2023,12,0,0,0,0,0,0,0,0,0,1,1,0,0,1,0,0,0,0,0,0,4.0,5.0,15.0,15.5,0.0,0.0,0.0,0.0,0.0,0.0,39.0,24.0,0.0,0.0,5.0,3.5,7.0,5.0,53.0,42.0,0.0,0.0,9.2,6.599999999999943,14.2,10.1,0.0,0.0,0.0,0.0,0.0,0.0,0.0,0.0,3
00-0035645,Gunner Olszewski,WR,NYG,2025,16,1,2,33,1,0,0,0,0,0,10,13,145,1,0,0,0,0,0,0,0,25.82,35.82,12.0,13.5,0.0,0.0,0.0,0.0,0.0,0.0,0.0,19.5,0.0,0.0,1.0,3.0,1.0,4.0,0.0,26.5,0.0,0.0,4.0,6.599999999999943,5.0,9.6,0.0,0.0,0.0,0.0,0.0,0.0,0.0,0.0,4
00-0035652,Ryan Finley,QB,CIN,2020,4,17,32,164,1,2,11,66,1,0,0,0,0,0,0,0,0,0,0,0,0,19.16,19.16,,12.0,,0.0,,0.0,,0.0,,0.0,,0.0,,1.0,,1.0,,0.0,,0.0,,4.0,,5.0,,0.0,,0.0,,0.0,,0.0,0
00-0035657,Damien Harris,RB,NE,2020,10,0,0,0,0,0,137,691,2,0,5,7,52,0,0,0,0,0,0,0,0,86.3,91.3,,,,,,,,,,,,,,,,,,,,,,,,,,,,,,,,,0
00-0035657,Damien Harris,RB,NE,2021,15,0,0,0,0,0,202,929,15,2,18,21,132,0,0,0,0,0,0,0,0,192.1,210.1,10.0,10.0,0.0,0.0,0.0,0.0,0.0,0.0,691.0,691.0,2.0,2.0,5.0,5.0,7.0,7.0,52.0,52.0,0.0,0.0,86.3,86.3,91.3,91.3,0.0,0.0,0.0,0.0,0.0,0.0,0.0,0.0,1
00-0035657,Damien Harris,RB,NE,2022,11,0,0,0,0,0,106,462,3,0,17,23,97,0,0,0,0,0,0,0,0,73.9,90.9,15.0,12.5,0.0,0.0,0.0,0.0,0.0,0.0,929.0,810.0,15.0,8.5,18.0,11.5,21.0,14.0,132.0,92.0,0.0,0.0,192.1,139.19999999999993,210.1,150.7,0.0,0.0,0.0,0.0,0.0,0.0,0.0,0.0,2
00-0035657,Damien Harris,RB,BUF,2023,6,0,0,0,0,0,23,94,1,0,2,2,16,0,0,0,0,0,0,0,0,17.0,19.0,11.0,13.0,0.0,0.0,0.0,0.0,0.0,0.0,462.0,695.5,3.0,9.0,17.0,17.5,23.0,22.0,97.0,114.5,0.0,0.0,73.9,132.99999999999994,90.9,150.5,0.0,0.0,0.0,0.0,0.0,0.0,0.0,0.0,3
00-0035659,Terry McLaurin,WR,WAS,2020,15,0,0,0,0,0,2,30,0,0,87,134,1118,4,1,0,0,0,0,0,0,136.8,223.8,,11.0,,0.0,,0.0,,0.0,,462.0,,3.0,,17.0,,23.0,,97.0,,0.0,,73.9,,90.9,,0.0,,0.0,,0.0,,0.0,0
00-0035659,Terry McLaurin,WR,WAS,2021,17,0,0,0,0,0,1,12,0,0,77,130,1053,5,0,0,0,0,0,0,0,136.5,213.5,15.0,15.0,0.0,0.0,0.0,0.0,0.0,0.0,30.0,30.0,0.0,0.0,87.0,87.0,134.0,134.0,1118.0,1118.0,4.0,4.0,136.8,136.8,223.8,223.8,0.0,0.0,0.0,0.0,0.0,0.0,0.0,0.0,1
00-0035659,Terry McLaurin,WR,WAS,2022,17,0,0,0,0,0,7,29,0,0,77,120,1191,5,0,0,0,0,0,0,0,152.0,229.0,17.0,16.0,0.0,0.0,0.0,0.0,0.0,0.0,12.0,21.0,0.0,0.0,77.0,82.0,130.0,132.0,1053.0,1085.5,5.0,4.5,136.5,136.64999999999998,213.5,218.65000000000003,0.0,0.0,0.0,0.0,0.0,0.0,0.0,0.0,2
00-0035659,Terry McLaurin,WR,WAS,2023,17,0,0,0,0,0,0,0,0,0,79,132,1002,4,0,0,0,0,0,0,0,124.2,203.2,17.0,17.0,0.0,0.0,0.0,0.0,0.0,0.0,29.0,20.5,0.0,0.0,77.0,77.0,120.0,125.0,1191.0,1122.0,5.0,5.0,152.0,144.24999999999994,229.0,221.25,0.0,0.0,0.0,0.0,0.0,0.0,0.0,0.0,3
00-0035659,Terry McLaurin,WR,WAS,2024,17,0,0,0,0,0,2,2,0,1,82,117,1096,13,0,0,0,0,0,0,0,185.8,267.8,17.0,17.0,0.0,0.0,0.0,0.0,0.0,0.0,0.0,14.5,0.0,0.0,79.0,78.0,132.0,126.0,1002.0,1096.5,4.0,4.5,124.2,138.09999999999997,203.2,216.10000000000002,0.0,0.0,0.0,0.0,0.0,0.0,0.0,0.0,4
00-0035659,Terry McLaurin,WR,WAS,2025,10,0,0,0,0,0,0,0,0,0,38,60,582,3,0,0,0,0,0,0,0,76.2,114.2,17.0,17.0,0.0,0.0,0.0,0.0,0.0,0.0,2.0,1.0,0.0,0.0,82.0,80.5,117.0,124.5,1096.0,1049.0,13.0,8.5,185.8,154.99999999999997,267.8,235.5,0.0,0.0,0.0,0.0,0.0,0.0,0.0,0.0,5
00-0035660,Kahale Warring,TE,HOU,2020,4,0,0,0,0,0,0,0,0,0,3,7,35,0,0,0,0,0,0,0,0,3.5,6.5,,17.0,,0.0,,0.0,,0.0,,2.0,,0.0,,82.0,,117.0,,1096.0,,13.0,,185.8,,267.8,,0.0,,0.0,,0.0,,0.0,0
00-0035662,Marquise Brown,WR,BAL,2020,16,0,0,0,0,0,1,1,0,0,58,100,769,8,0,0,0,0,0,0,0,125.0,183.0,,,,,,,,,,,,,,,,,,,,,,,,,,,,,,,,,0
00-0035662,Marquise Brown,WR,BAL,2021,16,0,0,0,0,0,1,5,0,0,91,146,1008,6,0,0,0,0,0,0,0,137.3,228.3,16.0,16.0,0.0,0.0,0.0,0.0,0.0,0.0,1.0,1.0,0.0,0.0,58.0,58.0,100.0,100.0,769.0,769.0,8.0,8.0,125.0,125.0,183.0,183.0,0.0,0.0,0.0,0.0,0.0,0.0,0.0,0.0,1
00-0035662,Marquise Brown,WR,ARI,2022,12,0,0,0,0,0,1,1,0,0,67,107,709,3,0,0,0,0,0,0,0,89.0,156.0,16.0,16.0,0.0,0.0,0.0,0.0,0.0,0.0,5.0,3.0,0.0,0.0,91.0,74.5,146.0,123.0,1008.0,888.5,6.0,7.0,137.3,131.14999999999998,228.3,205.65,0.0,0.0,0.0,0.0,0.0,0.0,0.0,0.0,2
00-0035662,Marquise Brown,WR,ARI,2023,13,0,0,0,0,0,2,23,0,0,51,101,574,4,0,0,0,0,0,0,0,83.7,134.7,12.0,14.0,0.0,0.0,0.0,0.0,0.0,0.0,1.0,3.0,0.0,0.0,67.0,79.0,107.0,126.5,709.0,858.5,3.0,4.5,89.0,113.14999999999998,156.0,192.15,0.0,0.0,0.0,0.0,0.0,0.0,0.0,0.0,3
00-0035662,Marquise Brown,WR,KC,2024,2,0,0,0,0,0,0,0,0,0,9,15,91,0,0,0,0,0,0,0,0,9.1,18.1,13.0,12.5,0.0,0.0,0.0,0.0,0.0,0.0,23.0,12.0,0.0,0.0,51.0,59.0,101.0,104.0,574.0,641.5,4.0,3.5,83.7,86.34999999999997,134.7,145.35,0.0,0.0,0.0,0.0,0.0,0.0,0.0,0.0,4
00-0035662,Marquise Brown,WR,KC,2025,16,0,0,0,0,0,0,0,0,0,49,74,587,5,0,0,0,0,0,0,0,88.7,137.7,2.0,7.5,0.0,0.0,0.0,0.0,0.0,0.0,0.0,11.5,0.0,0.0,9.0,30.0,15.0,58.0,91.0,332.5,0.0,2.0,9.1,46.39999999999997,18.1,76.39999999999999,0.0,0.0,0.0,0.0,0.0,0.0,0.0,0.0,5
00-0035664,Darrell Henderson,RB,LA,2020,15,0,0,0,0,0,138,624,5,0,16,24,159,1,0,0,0,0,0,0,0,114.3,130.3,,2.0,,0.0,,0.0,,0.0,,0.0,,0.0,,9.0,,15.0,,91.0,,0.0,,9.1,,18.1,,0.0,,0.0,,0.0,,0.0,0
00-0035664,Darrell Henderson,RB,LA,2021,12,0,0,0,0,0,149,688,5,0,29,40,176,3,0,0,0,0,0,0,0,134.4,163.4,15.0,15.0,0.0,0.0,0.0,0.0,0.0,0.0,624.0,624.0,5.0,5.0,16.0,16.0,24.0,24.0,159.0,159.0,1.0,1.0,114.3,114.3,130.3,130.3,0.0,0.0,0.0,0.0,0.0,0.0,0.0,0.0,1
00-0035664,Darrell Henderson,RB,LA,2022,10,0,0,0,0,0,70,283,3,0,17,22,102,0,0,0,0,0,0,0,0,56.5,73.5,12.0,13.5,0.0,0.0,0.0,0.0,0.0,0.0,688.0,656.0,5.0,5.0,29.0,22.5,40.0,32.0,176.0,167.5,3.0,2.0,134.4,124.34999999999997,163.4,146.85000000000002,0.0,0.0,0.0,0.0,0.0,0.0,0.0,0.0,2
00-0035664,Darrell Henderson,RB,LA,2023,4,0,0,0,0,0,46,112,2,0,10,14,103,0,0,0,0,0,0,0,0,33.5,43.5,10.0,11.0,0.0,0.0,0.0,0.0,0.0,0.0,283.0,485.5,3.0,4.0,17.0,23.0,22.0,31.0,102.0,139.0,0.0,1.5,56.5,95.44999999999997,73.5,118.45,0.0,0.0,0.0,0.0,0.0,0.0,0.0,0.0,3
00-0035671,Jace Sternberger,TE,GB,2020,8,0,0,0,0,0,0,0,0,0,12,15,114,1,0,0,0,0,0,0,0,17.4,29.4,,10.0,,0.0,,0.0,,0.0,,283.0,,3.0,,17.0,,22.0,,102.0,,0.0,,56.5,,73.5,,0.0,,0.0,,0.0,,0.0,0
00-0035676,A.J. Brown,WR,TEN,2020,14,0,0,0,0,0,0,0,0,0,70,106,1075,11,1,0,0,0,0,0,0,177.5,247.5,,,,,,,,,,,,,,,,,,,,,,,,,,,,,,,,,0
00-0035676,A.J. Brown,WR,TEN,2021,13,0,2,0,0,0,2,10,0,0,63,105,869,5,0,0,0,0,0,0,0,117.9,180.9,14.0,14.0,0.0,0.0,0.0,0.0,0.0,0.0,0.0,0.0,0.0,0.0,70.0,70.0,106.0,106.0,1075.0,1075.0,11.0,11.0,177.5,177.5,247.5,247.5,0.0,0.0,0.0,0.0,0.0,0.0,0.0,0.0,1
00-0035676,A.J. Brown,WR,PHI,2022,17,0,0,0,0,0,0,0,0,0,88,145,1496,11,2,0,0,0,0,0,0,211.6,299.6,13.0,13.5,0.0,0.0,0.0,0.0,0.0,0.0,10.0,5.0,0.0,0.0,63.0,66.5,105.0,105.5,869.0,972.0,5.0,8.0,117.9,147.7,180.9,214.2,0.0,0.0,0.0,0.0,0.0,0.0,0.0,0.0,2
00-0035676,A.J. Brown,WR,PHI,2023,17,0,0,0,0,0,0,0,0,0,106,158,1456,7,2,0,0,0,0,0,0,183.6,289.6,17.0,15.0,0.0,0.0,0.0,0.0,0.0,0.0,0.0,5.0,0.0,0.0,88.0,75.5,145.0,125.0,1496.0,1182.5,11.0,8.0,211.6,164.75,299.6,240.25,0.0,0.0,0.0,0.0,0.0,0.0,0.0,0.0,3
00-0035676,A.J. Brown,WR,PHI,2024,13,0,0,0,0,0,0,0,0,0,67,97,1079,7,0,0,0,0,0,0,0,149.9,216.9,17.0,17.0,0.0,0.0,0.0,0.0,0.0,0.0,0.0,0.0,0.0,0.0,106.0,97.0,158.0,151.5,1456.0,1476.0,7.0,9.0,183.6,197.59999999999997,289.6,294.6,0.0,0.0,0.0,0.0,0.0,0.0,0.0,0.0,4
00-0035676,A.J. Brown,WR,PHI,2025,15,0,0,0,0,0,0,0,0,0,78,121,1003,7,0,0,0,0,0,0,0,142.3,220.3,13.0,15.0,0.0,0.0,0.0,0.0,0.0,0.0,0.0,0.0,0.0,0.0,67.0,86.5,97.0,127.5,1079.0,1267.5,7.0,7.0,149.9,166.75,216.9,253.25,0.0,0.0,0.0,0.0,0.0,0.0,0.0,0.0,5
00-0035685,David Montgomery,RB,CHI,2020,15,0,0,0,0,0,247,1070,8,0,54,68,438,2,1,0,0,0,0,0,0,210.8,264.8,,13.0,,0.0,,0.0,,0.0,,0.0,,0.0,,67.0,,97.0,,1079.0,,7.0,,149.9,,216.9,,0.0,,0.0,,0.0,,0.0,0
00-0035685,David Montgomery,RB,CHI,2021,13,0,1,0,0,1,225,849,7,1,42,51,301,0,0,0,0,0,0,0,0,153.0,195.0,15.0,15.0,0.0,0.0,0.0,0.0,0.0,0.0,1070.0,1070.0,8.0,8.0,54.0,54.0,68.0,68.0,438.0,438.0,2.0,2.0,210.8,210.8,264.8,264.8,0.0,0.0,0.0,0.0,0.0,0.0,0.0,0.0,1
00-0035685,David Montgomery,RB,CHI,2022,16,0,0,0,0,0,201,801,5,1,34,40,316,1,1,0,0,0,0,0,0,143.7,177.7,13.0,14.0,0.0,0.0,0.0,0.0,1.0,0.5,849.0,959.5,7.0,7.5,42.0,48.0,51.0,59.5,301.0,369.5,0.0,1.0,153.0,181.89999999999998,195.0,229.90000000000003,0.0,0.0,0.0,0.0,0.0,0.0,0.0,0.0,2
00-0035685,David Montgomery,RB,DET,2023,14,0,0,0,0,0,219,1015,13,1,16,24,117,0,0,0,0,0,0,0,0,191.2,207.2,16.0,14.5,0.0,0.0,0.0,0.0,0.0,0.5,801.0,825.0,5.0,6.0,34.0,38.0,40.0,45.5,316.0,308.5,1.0,0.5,143.7,148.34999999999997,177.7,186.35000000000002,0.0,0.0,0.0,0.0,0.0,0.0,0.0,0.0,3
00-0035685,David Montgomery,RB,DET,2024,14,1,1,3,1,0,185,775,12,1,36,38,341,0,0,0,0,0,0,0,0,185.72,221.72,14.0,15.0,0.0,0.0,0.0,0.0,0.0,0.0,1015.0,908.0,13.0,9.0,16.0,25.0,24.0,32.0,117.0,216.5,0.0,0.5,191.2,167.45,207.2,192.45000000000002,0.0,0.0,0.0,0.0,0.0,0.0,0.0,0.0,4
00-0035685,David Montgomery,RB,DET,2025,17,1,2,3,1,0,158,716,8,1,24,29,192,0,0,0,0,0,0,0,0,142.92,166.92,14.0,14.0,3.0,1.5,1.0,0.5,0.0,0.0,775.0,895.0,12.0,12.5,36.0,26.0,38.0,31.0,341.0,229.0,0.0,0.0,185.72,188.45999999999998,221.72,214.46000000000004,0.0,0.0,0.0,0.0,0.0,0.0,0.0,0.0,5
00-0035689,Dawson Knox,TE,BUF,2020,11,0,0,0,0,0,0,0,0,0,24,44,288,3,2,0,0,0,0,0,0,42.8,66.8,,14.0,,3.0,,1.0,,0.0,,775.0,,12.0,,36.0,,38.0,,341.0,,0.0,,185.72,,221.72,,0.0,,0.0,,0.0,,0.0,0
00-0035689,Dawson Knox,TE,BUF,2021,15,0,0,0,0,0,0,4,0,0,49,71,587,9,0,0,0,0,0,0,0,115.1,164.1,11.0,11.0,0.0,0.0,0.0,0.0,0.0,0.0,0.0,0.0,0.0,0.0,24.0,24.0,44.0,44.0,288.0,288.0,3.0,3.0,42.8,42.8,66.8,66.8,0.0,0.0,0.0,0.0,0.0,0.0,0.0,0.0,1
00-0035689,Dawson Knox,TE,BUF,2022,15,0,0,0,0,0,0,0,0,0,48,65,517,6,0,0,0,0,0,0,0,87.7,135.7,15.0,13.0,0.0,0.0,0.0,0.0,0.0,0.0,4.0,2.0,0.0,0.0,49.0,36.5,71.0,57.5,587.0,437.5,9.0,6.0,115.1,78.94999999999999,164.1,115.45000000000002,0.0,0.0,0.0,0.0,0.0,0.0,0.0,0.0,2
00-0035689,Dawson Knox,TE,BUF,2023,10,0,0,0,0,0,0,0,0,0,22,36,186,2,0,0,0,0,0,0,0,32.6,54.6,15.0,15.0,0.0,0.0,0.0,0.0,0.0,0.0,0.0,2.0,0.0,0.0,48.0,48.5,65.0,68.0,517.0,552.0,6.0,7.5,87.7,101.39999999999998,135.7,149.90000000000003,0.0,0.0,0.0,0.0,0.0,0.0,0.0,0.0,3
00-0035689,Dawson Knox,TE,BUF,2024,14,0,0,0,0,0,0,0,0,0,22,33,311,1,0,0,0,0,0,0,0,37.1,59.1,10.0,12.5,0.0,0.0,0.0,0.0,0.0,0.0,0.0,0.0,0.0,0.0,22.0,35.0,36.0,50.5,186.0,351.5,2.0,4.0,32.6,60.14999999999999,54.6,95.15000000000003,0.0,0.0,0.0,0.0,0.0,0.0,0.0,0.0,4
00-0035689,Dawson Knox,TE,BUF,2025,16,0,0,0,0,0,0,0,0,0,36,49,417,4,0,0,0,0,0,0,0,67.7,103.7,14.0,12.0,0.0,0.0,0.0,0.0,0.0,0.0,0.0,0.0,0.0,0.0,22.0,22.0,33.0,34.5,311.0,248.5,1.0,1.5,37.1,34.84999999999999,59.1,56.850000000000044,0.0,0.0,0.0,0.0,0.0,0.0,0.0,0.0,5
00-0035700,Josh Jacobs,RB,LV,2020,15,0,0,0,0,0,273,1065,12,2,33,45,238,0,0,0,0,0,0,0,0,198.3,231.3,,14.0,,0.0,,0.0,,0.0,,0.0,,0.0,,22.0,,33.0,,311.0,,1.0,,37.1,,59.1,,0.0,,0.0,,0.0,,0.0,0
00-0035700,Josh Jacobs,RB,LV,2021,15,0,0,0,0,0,217,872,9,2,54,64,348,0,0,0,0,0,0,0,0,172.0,226.0,15.0,15.0,0.0,0.0,0.0,0.0,0.0,0.0,1065.0,1065.0,12.0,12.0,33.0,33.0,45.0,45.0,238.0,238.0,0.0,0.0,198.3,198.3,231.3,231.3,0.0,0.0,0.0,0.0,0.0,0.0,0.0,0.0,1
00-0035700,Josh Jacobs,RB,LV,2022,17,0,0,0,0,0,340,1653,12,0,53,64,400,0,1,0,0,0,0,0,0,275.3,328.3,15.0,15.0,0.0,0.0,0.0,0.0,0.0,0.0,872.0,968.5,9.0,10.5,54.0,43.5,64.0,54.5,348.0,293.0,0.0,0.0,172.0,185.14999999999998,226.0,228.65000000000003,0.0,0.0,0.0,0.0,0.0,0.0,0.0,0.0,2
00-0035700,Josh Jacobs,RB,LV,2023,13,0,0,0,0,0,233,805,6,1,37,54,296,0,0,0,0,0,0,0,0,144.1,181.1,17.0,16.0,0.0,0.0,0.0,0.0,0.0,0.0,1653.0,1262.5,12.0,10.5,53.0,53.5,64.0,64.0,400.0,374.0,0.0,0.0,275.3,223.65,328.3,277.1500000000001,0.0,0.0,0.0,0.0,0.0,0.0,0.0,0.0,3
00-0035700,Josh Jacobs,RB,GB,2024,17,0,0,0,0,0,301,1329,15,3,36,43,342,1,0,0,0,0,0,0,0,257.1,293.1,13.0,15.0,0.0,0.0,0.0,0.0,0.0,0.0,805.0,1229.0,6.0,9.0,37.0,45.0,54.0,59.0,296.0,348.0,0.0,0.0,144.1,209.7,181.1,254.70000000000005,0.0,0.0,0.0,0.0,0.0,0.0,0.0,0.0,4
00-0035700,Josh Jacobs,RB,GB,2025,15,0,0,0,0,0,234,929,13,2,36,44,282,1,0,0,0,0,0,0,0,201.1,237.1,17.0,15.0,0.0,0.0,0.0,0.0,0.0,0.0,1329.0,1067.0,15.0,10.5,36.0,36.5,43.0,48.5,342.0,319.0,1.0,0.5,257.1,200.6,293.1,237.10000000000005,0.0,0.0,0.0,0.0,0.0,0.0,0.0,0.0,5
00-0035703,Miles Boykin,WR,BAL,2020,14,0,0,0,0,0,0,0,0,0,19,33,266,4,0,0,0,0,0,0,0,50.6,69.6,,17.0,,0.0,,0.0,,0.0,,1329.0,,15.0,,36.0,,43.0,,342.0,,1.0,,257.1,,293.1,,0.0,,0.0,,0.0,,0.0,0
00-0035703,Miles Boykin,WR,BAL,2021,1,0,0,0,0,0,0,0,0,0,1,1,6,0,0,0,0,0,0,0,0,0.6,1.6,14.0,14.0,0.0,0.0,0.0,0.0,0.0,0.0,0.0,0.0,0.0,0.0,19.0,19.0,33.0,33.0,266.0,266.0,4.0,4.0,50.6,50.6,69.6,69.6,0.0,0.0,0.0,0.0,0.0,0.0,0.0,0.0,1
00-0035703,Miles Boykin,WR,PIT,2022,10,0,0,0,0,0,0,0,0,0,2,3,11,0,0,0,0,0,0,0,0,1.1,3.1,1.0,7.5,0.0,0.0,0.0,0.0,0.0,0.0,0.0,0.0,0.0,0.0,1.0,10.0,1.0,17.0,6.0,136.0,0.0,2.0,0.6,25.6,1.6,35.60000000000005,0.0,0.0,0.0,0.0,0.0,0.0,0.0,0.0,2
00-0035703,Miles Boykin,WR,PIT,2023,8,0,0,0,0,0,0,0,0,0,3,4,17,0,0,0,0,0,0,0,0,1.7,4.7,10.0,5.5,0.0,0.0,0.0,0.0,0.0,0.0,0.0,0.0,0.0,0.0,2.0,1.5,3.0,2.0,11.0,8.5,0.0,0.0,1.1,0.8500000000000001,3.1,2.350000000000057,0.0,0.0,0.0,0.0,0.0,0.0,0.0,0.0,3
00-0035704,Drew Lock,QB,DEN,2020,13,254,443,2933,16,15,44,160,3,0,0,0,0,0,0,0,0,0,0,0,0,181.32,181.32,,10.0,,0.0,,0.0,,0.0,,0.0,,0.0,,2.0,,3.0,,11.0,,0.0,,1.1,,3.1,,0.0,,0.0,,0.0,,0.0,0
00-0035704,Drew Lock,QB,DEN,2021,6,67,111,787,2,2,10,53,2,1,1,1,1,0,0,0,0,0,0,0,0,50.88,51.88,13.0,13.0,2933.0,2933.0,16.0,16.0,15.0,15.0,160.0,160.0,3.0,3.0,0.0,0.0,0.0,0.0,0.0,0.0,0.0,0.0,181.32,181.32,181.32,181.32,0.0,0.0,0.0,0.0,0.0,0.0,0.0,0.0,1
00-0035704,Drew Lock,QB,SEA,2023,4,48,76,543,3,3,5,14,0,0,0,0,0,0,0,0,0,0,0,0,0,29.12,29.12,6.0,9.5,787.0,1860.0,2.0,9.0,2.0,8.5,53.0,106.5,2.0,2.5,1.0,0.5,1.0,0.5,1.0,0.5,0.0,0.0,50.88,116.1,51.88,116.60000000000005,0.0,0.0,0.0,0.0,0.0,0.0,0.0,0.0,2
00-0035704,Drew Lock,QB,NYG,2024,7,107,181,1071,6,5,18,133,2,0,0,0,0,0,0,0,0,0,0,0,0,80.14,80.14,4.0,5.0,543.0,665.0,3.0,2.5,3.0,2.5,14.0,33.5,0.0,1.0,0.0,0.5,0.0,0.5,0.0,0.5,0.0,0.0,29.12,40.0,29.12,40.50000000000006,0.0,0.0,0.0,0.0,0.0,0.0,0.0,0.0,3
00-0035704,Drew Lock,QB,SEA,2025,3,2,3,15,0,0,6,-5,0,0,0,0,0,0,0,0,0,0,0,0,0,0.1,0.1,7.0,5.5,1071.0,807.0,6.0,4.5,5.0,4.0,133.0,73.5,2.0,1.0,0.0,0.0,0.0,0.0,0.0,0.0,0.0,0.0,80.14,54.629999999999995,80.14,54.63000000000005,0.0,0.0,0.0,0.0,0.0,0.0,0.0,0.0,4
00-0035710,Daniel Jones,QB,NYG,2020,14,280,448,2943,11,10,65,423,1,2,0,0,0,0,0,0,0,0,0,0,0,180.02,180.02,,7.0,,1071.0,,6.0,,5.0,,133.0,,2.0,,0.0,,0.0,,0.0,,0.0,,80.14,,80.14,,0.0,,0.0,,0.0,,0.0,0
00-0035710,Daniel Jones,QB,NYG,2021,11,232,361,2428,10,7,62,298,2,1,1,1,16,0,0,0,0,0,0,0,0,166.52,167.52,14.0,14.0,2943.0,2943.0,11.0,11.0,10.0,10.0,423.0,423.0,1.0,1.0,0.0,0.0,0.0,0.0,0.0,0.0,0.0,0.0,180.02,180.02,180.02,180.02,0.0,0.0,0.0,0.0,0.0,0.0,0.0,0.0,1
00-0035710,Daniel Jones,QB,NYG,2022,16,317,472,3205,15,5,120,708,7,1,0,0,0,0,0,0,0,0,0,0,0,289.0,289.0,11.0,12.5,2428.0,2685.5,10.0,10.5,7.0,8.5,298.0,360.5,2.0,1.5,1.0,0.5,1.0,0.5,16.0,8.0,0.0,0.0,166.52,173.27000000000004,167.52,173.7700000000001,0.0,0.0,0.0,0.0,0.0,0.0,0.0,0.0,2
00-0035710,Daniel Jones,QB,NYG,2023,6,108,160,909,2,6,40,206,1,0,0,0,0,0,0,0,0,0,0,0,0,56.96,56.96,16.0,13.5,3205.0,2816.5,15.0,12.5,5.0,6.0,708.0,503.0,7.0,4.5,0.0,0.5,0.0,0.5,0.0,8.0,0.0,0.0,289.0,227.76000000000005,289.0,228.2600000000001,0.0,0.0,0.0,0.0,0.0,0.0,0.0,0.0,3
00-0035710,Daniel Jones,QB,NYG,2024,10,216,341,2070,8,7,67,265,2,0,0,0,0,0,0,0,0,0,0,0,0,135.3,135.3,6.0,11.0,909.0,2057.0,2.0,8.5,6.0,5.5,206.0,457.0,1.0,4.0,0.0,0.0,0.0,0.0,0.0,0.0,0.0,0.0,56.96,172.98000000000005,56.96,172.9800000000001,0.0,0.0,0.0,0.0,0.0,0.0,0.0,0.0,4
00-0035710,Daniel Jones,QB,IND,2025,13,261,384,3101,19,8,45,164,5,0,0,0,0,0,0,0,0,0,0,0,0,226.44,226.44,10.0,8.0,2070.0,1489.5,8.0,5.0,7.0,6.5,265.0,235.5,2.0,1.5,0.0,0.0,0.0,0.0,0.0,0.0,0.0,0.0,135.3,96.13000000000007,135.3,96.13000000000012,0.0,0.0,0.0,0.0,0.0,0.0,0.0,0.0,5
00-0035715,Derrick Gore,RB,KC,2021,8,0,0,0,0,0,51,256,2,0,8,9,105,0,0,0,0,0,0,0,0,48.1,56.1,,10.0,,2070.0,,8.0,,7.0,,265.0,,2.0,,0.0,,0.0,,0.0,,0.0,,135.3,,135.3,,0.0,,0.0,,0.0,,0.0,0
00-0035715,Derrick Gore,RB,WAS,2023,3,0,0,0,0,0,3,26,0,0,0,0,0,0,0,0,0,0,0,0,0,2.6,2.6,8.0,8.0,0.0,0.0,0.0,0.0,0.0,0.0,256.0,256.0,2.0,2.0,8.0,8.0,9.0,9.0,105.0,105.0,0.0,0.0,48.1,48.1,56.1,56.1,0.0,0.0,0.0,0.0,0.0,0.0,0.0,0.0,1
00-0035719,Deebo Samuel Sr.,WR,SF,2020,7,0,0,0,0,0,8,26,0,0,33,44,391,1,0,0,0,0,0,0,0,47.7,80.7,,8.0,,0.0,,0.0,,0.0,,256.0,,2.0,,8.0,,9.0,,105.0,,0.0,,48.1,,56.1,,0.0,,0.0,,0.0,,0.0,0
00-0035719,Deebo Samuel Sr.,WR,SF,2021,16,1,2,24,1,0,59,365,8,0,77,121,1405,6,2,0,0,0,0,0,0,261.96,338.96,7.0,7.0,0.0,0.0,0.0,0.0,0.0,0.0,26.0,26.0,0.0,0.0,33.0,33.0,44.0,44.0,391.0,391.0,1.0,1.0,47.7,47.7,80.7,80.7,0.0,0.0,0.0,0.0,0.0,0.0,0.0,0.0,1
00-0035719,Deebo Samuel Sr.,WR,SF,2022,13,0,0,0,0,0,42,232,3,2,56,94,632,2,0,0,0,0,0,0,0,112.4,168.4,16.0,11.5,24.0,12.0,1.0,0.5,0.0,0.0,365.0,195.5,8.0,4.0,77.0,55.0,121.0,82.5,1405.0,898.0,6.0,3.5,261.96,154.83000000000004,338.96,209.8300000000001,0.0,0.0,0.0,0.0,0.0,0.0,0.0,0.0,2
00-0035719,Deebo Samuel Sr.,WR,SF,2023,15,0,1,0,0,0,37,225,5,0,60,89,892,7,0,0,0,0,0,0,0,183.7,243.7,13.0,14.5,0.0,12.0,0.0,0.5,0.0,0.0,232.0,298.5,3.0,5.5,56.0,66.5,94.0,107.5,632.0,1018.5,2.0,4.0,112.4,187.18000000000006,168.4,253.68000000000012,0.0,0.0,0.0,0.0,0.0,0.0,0.0,0.0,3
00-0035719,Deebo Samuel Sr.,WR,SF,2024,15,0,0,0,0,0,42,136,1,0,51,81,670,3,0,0,0,0,0,0,0,104.6,155.6,15.0,14.0,0.0,0.0,0.0,0.0,0.0,0.0,225.0,228.5,5.0,4.0,60.0,58.0,89.0,91.5,892.0,762.0,7.0,4.5,183.7,148.05000000000007,243.7,206.05000000000013,0.0,0.0,0.0,0.0,0.0,0.0,0.0,0.0,4
00-0035719,Deebo Samuel Sr.,WR,WAS,2025,16,0,0,0,0,0,17,75,1,0,72,99,727,5,0,0,0,0,0,0,0,116.2,188.2,15.0,15.0,0.0,0.0,0.0,0.0,0.0,0.0,136.0,180.5,1.0,3.0,51.0,55.5,81.0,85.0,670.0,781.0,3.0,5.0,104.6,144.15000000000003,155.6,199.6500000000001,0.0,0.0,0.0,0.0,0.0,0.0,0.0,0.0,5
00-0035726,Jakob Johnson,RB,NE,2020,8,0,0,0,0,0,0,0,0,0,8,9,35,1,0,0,0,0,0,0,0,9.5,17.5,,15.0,,0.0,,0.0,,0.0,,136.0,,1.0,,51.0,,81.0,,670.0,,3.0,,104.6,,155.6,,0.0,,0.0,,0.0,,0.0,0
00-0035726,Jakob Johnson,RB,NE,2021,6,0,0,0,0,0,0,0,0,0,4,5,43,0,0,0,0,0,0,0,0,4.3,8.3,8.0,8.0,0.0,0.0,0.0,0.0,0.0,0.0,0.0,0.0,0.0,0.0,8.0,8.0,9.0,9.0,35.0,35.0,1.0,1.0,9.5,9.5,17.5,17.5,0.0,0.0,0.0,0.0,0.0,0.0,0.0,0.0,1
00-0035726,Jakob Johnson,RB,LV,2022,11,0,0,0,0,0,0,0,0,0,5,6,10,0,0,0,0,0,0,0,0,1.0,6.0,6.0,7.0,0.0,0.0,0.0,0.0,0.0,0.0,0.0,0.0,0.0,0.0,4.0,6.0,5.0,7.0,43.0,39.0,0.0,0.5,4.3,6.900000000000057,8.3,12.900000000000114,0.0,0.0,0.0,0.0,0.0,0.0,0.0,0.0,2
00-0035726,Jakob Johnson,RB,LV,2023,8,0,0,0,0,0,0,0,0,0,1,2,12,0,0,0,0,0,0,0,0,1.2,2.2,11.0,8.5,0.0,0.0,0.0,0.0,0.0,0.0,0.0,0.0,0.0,0.0,5.0,4.5,6.0,5.5,10.0,26.5,0.0,0.0,1.0,2.6500000000000568,6.0,7.150000000000114,0.0,0.0,0.0,0.0,0.0,0.0,0.0,0.0,3
00-0035726,Jakob Johnson,RB,NYG,2024,1,0,0,0,0,0,0,0,0,0,0,0,0,0,0,0,0,0,0,0,0,0.0,0.0,8.0,9.5,0.0,0.0,0.0,0.0,0.0,0.0,0.0,0.0,0.0,0.0,1.0,3.0,2.0,4.0,12.0,11.0,0.0,0.0,1.2,1.100000000000057,2.2,4.100000000000113,0.0,0.0,0.0,0.0,0.0,0.0,0.0,0.0,4
00-0035726,Jakob Johnson,RB,HOU,2025,2,0,0,0,0,0,0,0,0,0,0,0,0,0,0,0,0,0,0,0,0,0.0,0.0,1.0,4.5,0.0,0.0,0.0,0.0,0.0,0.0,0.0,0.0,0.0,0.0,0.0,0.5,0.0,1.0,0.0,6.0,0.0,0.0,0.0,0.6000000000000568,0.0,1.1000000000001138,0.0,0.0,0.0,0.0,0.0,0.0,0.0,0.0,5
00-0035752,Chris Streveler,QB,ARI,2020,2,11,16,105,1,1,4,15,0,0,0,0,0,0,0,0,0,0,0,0,0,7.7,7.7,,1.0,,0.0,,0.0,,0.0,,0.0,,0.0,,0.0,,0.0,,0.0,,0.0,,0.0,,0.0,,0.0,,0.0,,0.0,,0.0,0
00-0035752,Chris Streveler,QB,ARI,2021,2,6,9,36,0,0,3,6,0,0,0,0,0,0,0,0,0,0,0,0,0,2.04,2.04,2.0,2.0,105.0,105.0,1.0,1.0,1.0,1.0,15.0,15.0,0.0,0.0,0.0,0.0,0.0,0.0,0.0,0.0,0.0,0.0,7.7,7.7,7.7,7.7,0.0,0.0,0.0,0.0,0.0,0.0,0.0,0.0,1
00-0035752,Chris Streveler,QB,NYJ,2022,1,10,15,90,0,0,9,54,0,0,0,0,0,0,0,0,0,0,0,0,0,9.0,9.0,2.0,2.0,36.0,70.5,0.0,0.5,0.0,0.5,6.0,10.5,0.0,0.0,0.0,0.0,0.0,0.0,0.0,0.0,0.0,0.0,2.04,4.870000000000057,2.04,4.870000000000114,0.0,0.0,0.0,0.0,0.0,0.0,0.0,0.0,2
00-0035758,Lirim Hajrullahu,K,CAR,2021,4,0,0,0,0,0,0,0,0,0,0,0,0,0,0,4,5,0,0,8,8,0.0,0.0,,2.0,,36.0,,0.0,,0.0,,6.0,,0.0,,0.0,,0.0,,0.0,,0.0,,2.04,,2.04,,0.0,,0.0,,0.0,,0.0,0
00-0035760,Jacques Patrick,RB,SF,2021,1,0,0,0,0,0,2,12,0,0,0,0,0,0,0,0,0,0,0,0,0,1.2,1.2,,,,,,,,,,,,,,,,,,,,,,,,,,,,,,,,,0
00-0035761,Ramiz Ahmed,K,GB,2022,1,0,0,0,0,0,0,0,0,0,0,0,0,0,0,0,0,0,0,0,0,0.0,0.0,,,,,,,,,,,,,,,,,,,,,,,,,,,,,,,,,0
00-0035771,Mitchell Wilcox,TE,CIN,2021,4,0,0,0,0,0,0,0,0,0,3,5,16,0,0,0,0,0,0,0,0,1.6,4.6,,,,,,,,,,,,,,,,,,,,,,,,,,,,,,,,,0
00-0035771,Mitchell Wilcox,TE,CIN,2022,9,0,0,0,0,0,0,0,0,0,17,18,139,1,0,0,0,0,0,0,0,19.9,36.9,4.0,4.0,0.0,0.0,0.0,0.0,0.0,0.0,0.0,0.0,0.0,0.0,3.0,3.0,5.0,5.0,16.0,16.0,0.0,0.0,1.6,1.6,4.6,4.6,0.0,0.0,0.0,0.0,0.0,0.0,0.0,0.0,1
00-0035771,Mitchell Wilcox,TE,CIN,2023,12,0,0,0,0,0,0,0,0,0,9,12,56,0,0,0,0,0,0,0,0,5.6,14.6,9.0,6.5,0.0,0.0,0.0,0.0,0.0,0.0,0.0,0.0,0.0,0.0,17.0,10.0,18.0,11.5,139.0,77.5,1.0,0.5,19.9,10.750000000000057,36.9,20.750000000000114,0.0,0.0,0.0,0.0,0.0,0.0,0.0,0.0,2
00-0035787,Jared Pinkney,TE,LA,2022,1,0,0,0,0,0,0,0,0,0,0,0,0,0,0,0,0,0,0,0,0,0.0,0.0,,9.0,,0.0,,0.0,,0.0,,0.0,,0.0,,17.0,,18.0,,139.0,,1.0,,19.9,,36.9,,0.0,,0.0,,0.0,,0.0,0
00-0035789,Chris Rowland,WR,ATL,2020,2,0,0,0,0,0,0,0,0,0,0,0,0,0,0,0,0,0,0,0,0,0.0,0.0,,,,,,,,,,,,,,,,,,,,,,,,,,,,,,,,,0
00-0035806,JaMycal Hasty,RB,SF,2020,6,0,0,0,0,0,39,148,1,0,7,8,33,0,0,0,0,0,0,0,0,24.1,31.1,,,,,,,,,,,,,,,,,,,,,,,,,,,,,,,,,0
00-0035806,JaMycal Hasty,RB,SF,2021,11,0,0,0,0,0,16,68,1,0,23,29,157,0,0,0,0,0,0,0,0,28.5,51.5,6.0,6.0,0.0,0.0,0.0,0.0,0.0,0.0,148.0,148.0,1.0,1.0,7.0,7.0,8.0,8.0,33.0,33.0,0.0,0.0,24.1,24.1,31.1,31.1,0.0,0.0,0.0,0.0,0.0,0.0,0.0,0.0,1
00-0035806,JaMycal Hasty,RB,JAX,2022,14,0,0,0,0,0,46,194,2,0,20,26,126,1,0,0,0,0,0,0,0,50.0,70.0,11.0,8.5,0.0,0.0,0.0,0.0,0.0,0.0,68.0,108.0,1.0,1.0,23.0,15.0,29.0,18.5,157.0,95.0,0.0,0.0,28.5,26.300000000000058,51.5,41.30000000000011,0.0,0.0,0.0,0.0,0.0,0.0,0.0,0.0,2
00-0035806,JaMycal Hasty,RB,JAX,2023,1,0,0,0,0,0,0,0,0,0,0,2,0,0,0,0,0,0,0,0,0,0.0,0.0,14.0,12.5,0.0,0.0,0.0,0.0,0.0,0.0,194.0,131.0,2.0,1.5,20.0,21.5,26.0,27.5,126.0,141.5,1.0,0.5,50.0,39.25000000000006,70.0,60.750000000000114,0.0,0.0,0.0,0.0,0.0,0.0,0.0,0.0,3
00-0035806,JaMycal Hasty,RB,NE,2024,12,0,0,0,0,0,20,69,0,0,10,12,59,1,0,0,0,0,0,0,0,18.8,28.8,1.0,7.5,0.0,0.0,0.0,0.0,0.0,0.0,0.0,97.0,0.0,1.0,0.0,10.0,2.0,14.0,0.0,63.0,0.0,0.5,0.0,25.000000000000057,0.0,35.000000000000114,0.0,0.0,0.0,0.0,0.0,0.0,0.0,0.0,4
00-0035819,Ben Victor,WR,BAL,2022,1,0,0,0,0,0,0,0,0,0,0,0,0,0,0,0,0,0,0,0,0,0.0,0.0,,1.0,,0.0,,0.0,,0.0,,0.0,,0.0,,0.0,,2.0,,0.0,,0.0,,0.0,,0.0,,0.0,,0.0,,0.0,,0.0,0
00-0035823,Ben Ellefson,TE,JAX,2020,3,0,0,0,0,0,0,0,0,0,1,4,10,0,0,0,0,0,0,0,0,3.0,4.0,,,,,,,,,,,,,,,,,,,,,,,,,,,,,,,,,0
00-0035823,Ben Ellefson,TE,MIN,2021,3,0,0,0,0,0,0,0,0,0,0,1,0,0,0,0,0,0,0,0,0,0.0,0.0,3.0,3.0,0.0,0.0,0.0,0.0,0.0,0.0,0.0,0.0,0.0,0.0,1.0,1.0,4.0,4.0,10.0,10.0,0.0,0.0,3.0,3.0,4.0,4.0,0.0,0.0,0.0,0.0,0.0,0.0,0.0,0.0,1
00-0035823,Ben Ellefson,TE,MIN,2022,2,0,0,0,0,0,0,0,0,0,3,3,26,0,0,0,0,0,0,0,0,2.6,5.6,3.0,3.0,0.0,0.0,0.0,0.0,0.0,0.0,0.0,0.0,0.0,0.0,0.0,0.5,1.0,2.5,0.0,5.0,0.0,0.0,0.0,1.5000000000000568,0.0,2.0000000000001137,0.0,0.0,0.0,0.0,0.0,0.0,0.0,0.0,2
00-0035831,James Robinson,RB,JAX,2020,14,0,0,0,0,0,240,1070,7,0,49,60,344,3,0,0,0,0,0,0,0,201.4,250.4,,3.0,,0.0,,0.0,,0.0,,0.0,,0.0,,0.0,,1.0,,0.0,,0.0,,0.0,,0.0,,0.0,,0.0,,0.0,,0.0,0
00-0035831,James Robinson,RB,JAX,2021,14,0,0,0,0,0,164,767,8,2,31,46,222,0,0,0,0,0,0,0,0,142.9,173.9,14.0,14.0,0.0,0.0,0.0,0.0,0.0,0.0,1070.0,1070.0,7.0,7.0,49.0,49.0,60.0,60.0,344.0,344.0,3.0,3.0,201.4,201.4,250.4,250.4,0.0,0.0,0.0,0.0,0.0,0.0,0.0,0.0,1
00-0035831,James Robinson,RB,NYJ,2022,11,0,0,0,0,0,110,425,3,0,11,14,51,2,0,0,0,0,0,0,0,77.6,88.6,14.0,14.0,0.0,0.0,0.0,0.0,0.0,0.0,767.0,918.5,8.0,7.5,31.0,40.0,46.0,53.0,222.0,283.0,0.0,1.5,142.9,172.15000000000006,173.9,212.15000000000012,0.0,0.0,0.0,0.0,0.0,0.0,0.0,0.0,2
00-0035831,James Robinson,RB,GB,2023,1,0,0,0,0,0,1,2,0,0,1,1,-2,0,0,0,0,0,0,0,0,0.0,1.0,11.0,12.5,0.0,0.0,0.0,0.0,0.0,0.0,425.0,596.0,3.0,5.5,11.0,21.0,14.0,30.0,51.0,136.5,2.0,1.0,77.6,110.25000000000006,88.6,131.2500000000001,0.0,0.0,0.0,0.0,0.0,0.0,0.0,0.0,3
00-0035835,Nathan Cottrell,RB,JAX,2020,7,0,0,0,0,0,0,0,0,0,0,0,0,0,0,0,0,0,0,0,0,0.0,0.0,,11.0,,0.0,,0.0,,0.0,,425.0,,3.0,,11.0,,14.0,,51.0,,2.0,,77.6,,88.6,,0.0,,0.0,,0.0,,0.0,0
00-0035835,Nathan Cottrell,RB,JAX,2021,3,0,0,0,0,0,1,3,0,0,0,0,0,0,0,0,0,0,0,0,0,0.3,0.3,7.0,7.0,0.0,0.0,0.0,0.0,0.0,0.0,0.0,0.0,0.0,0.0,0.0,0.0,0.0,0.0,0.0,0.0,0.0,0.0,0.0,0.0,0.0,0.0,0.0,0.0,0.0,0.0,0.0,0.0,0.0,0.0,1
00-0035838,Matt Cole,WR,SF,2020,1,0,0,0,0,0,0,0,0,0,0,0,0,0,0,0,0,0,0,0,0,0.0,0.0,,7.0,,0.0,,0.0,,0.0,,0.0,,0.0,,0.0,,0.0,,0.0,,0.0,,0.0,,0.0,,0.0,,0.0,,0.0,,0.0,0
00-0035838,Matt Cole,WR,CAR,2021,1,0,0,0,0,0,0,0,0,0,0,0,0,0,0,0,0,0,0,0,0,0.0,0.0,1.0,1.0,0.0,0.0,0.0,0.0,0.0,0.0,0.0,0.0,0.0,0.0,0.0,0.0,0.0,0.0,0.0,0.0,0.0,0.0,0.0,0.0,0.0,0.0,0.0,0.0,0.0,0.0,0.0,0.0,0.0,0.0,1
00-0035844,Kirk Merritt,WR,MIA,2021,1,0,0,0,0,0,0,0,0,0,1,3,13,0,0,0,0,0,0,0,0,1.3,2.3,,1.0,,0.0,,0.0,,0.0,,0.0,,0.0,,0.0,,0.0,,0.0,,0.0,,0.0,,0.0,,0.0,,0.0,,0.0,,0.0,0
00-0035848,De'Michael Harris,WR,IND,2020,6,0,0,0,0,0,6,46,0,0,10,10,79,0,0,0,0,0,0,0,0,12.5,22.5,,,,,,,,,,,,,,,,,,,,,,,,,,,,,,,,,0
00-0035849,Rodrigo Blankenship,K,IND,2020,16,0,0,0,0,0,0,0,0,0,0,0,0,0,0,32,37,1,0,43,45,0.0,0.0,,,,,,,,,,,,,,,,,,,,,,,,,,,,,,,,,0
00-0035849,Rodrigo Blankenship,K,IND,2021,5,0,0,0,0,0,0,0,0,0,0,0,0,0,0,11,14,0,0,7,8,0.0,0.0,16.0,16.0,0.0,0.0,0.0,0.0,0.0,0.0,0.0,0.0,0.0,0.0,0.0,0.0,0.0,0.0,0.0,0.0,0.0,0.0,0.0,0.0,0.0,0.0,32.0,32.0,37.0,37.0,43.0,43.0,45.0,45.0,1
00-0035849,Rodrigo Blankenship,K,ARI,2022,3,0,0,0,0,0,0,0,0,0,0,0,0,0,0,4,5,1,0,4,5,0.0,0.0,5.0,10.5,0.0,0.0,0.0,0.0,0.0,0.0,0.0,0.0,0.0,0.0,0.0,0.0,0.0,0.0,0.0,0.0,0.0,0.0,0.0,0.0,0.0,0.0,11.0,21.5,14.0,25.5,7.0,25.0,8.0,26.5,2
00-0035860,Tony Jones,RB,NO,2020,1,0,0,0,0,0,3,13,0,0,0,0,0,0,0,0,0,0,0,0,0,1.3,1.3,,5.0,,0.0,,0.0,,0.0,,0.0,,0.0,,0.0,,0.0,,0.0,,0.0,,0.0,,0.0,,11.0,,14.0,,7.0,,8.0,0
00-0035860,Tony Jones,RB,NO,2021,10,0,0,0,0,0,54,142,0,0,5,8,29,0,0,0,0,0,0,0,0,17.1,22.1,1.0,1.0,0.0,0.0,0.0,0.0,0.0,0.0,13.0,13.0,0.0,0.0,0.0,0.0,0.0,0.0,0.0,0.0,0.0,0.0,1.3,1.3,1.3,1.3,0.0,0.0,0.0,0.0,0.0,0.0,0.0,0.0,1
00-0035860,Tony Jones,RB,SEA,2022,3,0,0,0,0,0,10,24,0,0,5,8,30,0,0,0,0,0,0,0,0,5.4,10.4,10.0,5.5,0.0,0.0,0.0,0.0,0.0,0.0,142.0,77.5,0.0,0.0,5.0,2.5,8.0,4.0,29.0,14.5,0.0,0.0,17.1,9.200000000000058,22.1,11.700000000000115,0.0,0.0,0.0,0.0,0.0,0.0,0.0,0.0,2
00-0035860,Tony Jones,RB,ARI,2023,6,0,0,0,0,0,26,95,2,0,7,10,37,0,0,0,0,0,0,0,0,25.2,32.2,3.0,6.5,0.0,0.0,0.0,0.0,0.0,0.0,24.0,83.0,0.0,0.0,5.0,5.0,8.0,8.0,30.0,29.5,0.0,0.0,5.4,11.250000000000057,10.4,16.250000000000114,0.0,0.0,0.0,0.0,0.0,0.0,0.0,0.0,3
00-0035860,Tony Jones,RB,ARI,2024,1,0,0,0,0,0,4,55,1,0,0,0,0,0,0,0,0,0,0,0,0,11.5,11.5,6.0,4.5,0.0,0.0,0.0,0.0,0.0,0.0,95.0,59.5,2.0,1.0,7.0,6.0,10.0,9.0,37.0,33.5,0.0,0.0,25.2,15.300000000000058,32.2,21.300000000000114,0.0,0.0,0.0,0.0,0.0,0.0,0.0,0.0,4
00-0035864,Kendall Hinton,WR,DEN,2020,1,1,9,13,0,2,2,7,0,0,0,0,0,0,0,0,0,0,0,0,0,-2.78,-2.78,,6.0,,0.0,,0.0,,0.0,,95.0,,2.0,,7.0,,10.0,,37.0,,0.0,,25.2,,32.2,,0.0,,0.0,,0.0,,0.0,0
00-0035864,Kendall Hinton,WR,DEN,2021,11,1,1,1,0,0,0,0,0,0,15,23,175,1,0,0,0,0,0,0,0,23.54,38.54,1.0,1.0,13.0,13.0,0.0,0.0,2.0,2.0,7.0,7.0,0.0,0.0,0.0,0.0,0.0,0.0,0.0,0.0,0.0,0.0,-2.78,-2.78,-2.78,-2.78,0.0,0.0,0.0,0.0,0.0,0.0,0.0,0.0,1
00-0035864,Kendall Hinton,WR,DEN,2022,11,0,0,0,0,0,2,13,0,0,24,33,311,0,0,0,0,0,0,0,0,32.4,56.4,11.0,6.0,1.0,7.0,0.0,0.0,0.0,1.0,0.0,3.5,0.0,0.0,15.0,7.5,23.0,11.5,175.0,87.5,1.0,0.5,23.54,10.380000000000056,38.54,17.880000000000113,0.0,0.0,0.0,0.0,0.0,0.0,0.0,0.0,2
00-0035869,Austin Mack,WR,NYG,2020,5,0,0,0,0,0,0,0,0,0,7,11,91,0,0,0,0,0,0,0,0,9.1,16.1,,11.0,,1.0,,0.0,,0.0,,0.0,,0.0,,15.0,,23.0,,175.0,,1.0,,23.54,,38.54,,0.0,,0.0,,0.0,,0.0,0
00-0035876,Andre Baccellia,WR,ARI,2022,5,0,0,0,0,0,0,0,0,0,7,10,45,0,0,0,0,0,0,0,0,4.5,11.5,,,,,,,,,,,,,,,,,,,,,,,,,,,,,,,,,0
00-0035876,Andre Baccellia,WR,ARI,2023,1,0,0,0,0,0,0,0,0,0,0,0,0,0,0,0,0,0,0,0,0,0.0,0.0,5.0,5.0,0.0,0.0,0.0,0.0,0.0,0.0,0.0,0.0,0.0,0.0,7.0,7.0,10.0,10.0,45.0,45.0,0.0,0.0,4.5,4.5,11.5,11.5,0.0,0.0,0.0,0.0,0.0,0.0,0.0,0.0,1
00-0035876,Andre Baccellia,WR,ARI,2025,4,0,0,0,0,0,0,0,0,0,2,4,8,0,0,0,0,0,0,0,0,0.8,2.8,1.0,3.0,0.0,0.0,0.0,0.0,0.0,0.0,0.0,0.0,0.0,0.0,0.0,3.5,0.0,5.0,0.0,22.5,0.0,0.0,0.0,2.250000000000057,0.0,5.750000000000114,0.0,0.0,0.0,0.0,0.0,0.0,0.0,0.0,2
00-0035883,Maurice Ffrench,WR,LAC,2021,2,0,0,0,0,0,1,3,0,0,0,0,0,0,0,0,0,0,0,0,0,0.3,0.3,,1.0,,0.0,,0.0,,0.0,,0.0,,0.0,,0.0,,0.0,,0.0,,0.0,,0.0,,0.0,,0.0,,0.0,,0.0,,0.0,0
00-0035891,Cody White,WR,PIT,2021,6,0,0,0,0,0,0,0,0,0,5,6,33,0,0,0,0,0,0,0,0,3.3,8.3,,,,,,,,,,,,,,,,,,,,,,,,,,,,,,,,,0
00-0035891,Cody White,WR,PIT,2022,1,0,0,0,0,0,0,0,0,0,1,1,2,0,0,0,0,0,0,0,0,0.2,1.2,6.0,6.0,0.0,0.0,0.0,0.0,0.0,0.0,0.0,0.0,0.0,0.0,5.0,5.0,6.0,6.0,33.0,33.0,0.0,0.0,3.3,3.3,8.3,8.3,0.0,0.0,0.0,0.0,0.0,0.0,0.0,0.0,1
00-0035891,Cody White,WR,SEA,2024,2,0,0,0,0,0,0,0,0,0,2,3,44,0,0,0,0,0,0,0,0,4.4,6.4,1.0,3.5,0.0,0.0,0.0,0.0,0.0,0.0,0.0,0.0,0.0,0.0,1.0,3.0,1.0,3.5,2.0,17.5,0.0,0.0,0.2,1.7500000000000568,1.2,4.750000000000114,0.0,0.0,0.0,0.0,0.0,0.0,0.0,0.0,2
00-0035891,Cody White,WR,SEA,2025,8,0,0,0,0,0,0,0,0,0,3,4,90,1,0,0,0,0,0,0,0,15.0,18.0,2.0,1.5,0.0,0.0,0.0,0.0,0.0,0.0,0.0,0.0,0.0,0.0,2.0,1.5,3.0,2.0,44.0,23.0,0.0,0.0,4.4,2.300000000000057,6.4,3.800000000000114,0.0,0.0,0.0,0.0,0.0,0.0,0.0,0.0,3
00-0035898,Darius Bradwell,RB,LAC,2021,1,0,0,0,0,0,0,0,0,0,0,1,0,0,0,0,0,0,0,0,0,0.0,0.0,,2.0,,0.0,,0.0,,0.0,,0.0,,0.0,,2.0,,3.0,,44.0,,0.0,,4.4,,6.4,,0.0,,0.0,,0.0,,0.0,0
00-0035912,Levante Bellamy,RB,DEN,2020,4,0,0,0,0,0,4,11,0,0,1,1,5,0,0,0,0,0,0,0,0,1.6,2.6,,,,,,,,,,,,,,,,,,,,,,,,,,,,,,,,,0
00-0035924,Jonathan Ward,RB,ARI,2020,7,0,0,0,0,0,0,0,0,0,1,1,11,1,0,0,0,0,0,0,0,7.1,8.1,,,,,,,,,,,,,,,,,,,,,,,,,,,,,,,,,0
00-0035924,Jonathan Ward,RB,ARI,2021,9,0,0,0,0,0,9,33,0,0,3,4,34,0,0,0,0,0,0,0,0,6.7,9.7,7.0,7.0,0.0,0.0,0.0,0.0,0.0,0.0,0.0,0.0,0.0,0.0,1.0,1.0,1.0,1.0,11.0,11.0,1.0,1.0,7.1,7.1,8.1,8.1,0.0,0.0,0.0,0.0,0.0,0.0,0.0,0.0,1
00-0035924,Jonathan Ward,RB,TEN,2022,4,0,0,0,0,0,5,25,0,0,2,3,7,0,0,0,0,0,0,0,0,3.2,5.2,9.0,8.0,0.0,0.0,0.0,0.0,0.0,0.0,33.0,16.5,0.0,0.0,3.0,2.0,4.0,2.5,34.0,22.5,0.0,0.5,6.7,6.900000000000057,9.7,8.900000000000112,0.0,0.0,0.0,0.0,0.0,0.0,0.0,0.0,2
00-0035924,Jonathan Ward,RB,TEN,2023,2,0,0,0,0,0,3,11,0,0,0,0,0,0,0,0,0,0,0,0,0,1.1,1.1,4.0,6.5,0.0,0.0,0.0,0.0,0.0,0.0,25.0,29.0,0.0,0.0,2.0,2.5,3.0,3.5,7.0,20.5,0.0,0.0,3.2,4.950000000000057,5.2,7.450000000000113,0.0,0.0,0.0,0.0,0.0,0.0,0.0,0.0,3
00-0035924,Jonathan Ward,RB,PIT,2024,4,0,0,0,0,0,5,22,0,0,0,0,0,0,0,0,0,0,0,0,0,2.2,2.2,2.0,3.0,0.0,0.0,0.0,0.0,0.0,0.0,11.0,18.0,0.0,0.0,0.0,1.0,0.0,1.5,0.0,3.5,0.0,0.0,1.1,2.150000000000057,1.1,3.150000000000114,0.0,0.0,0.0,0.0,0.0,0.0,0.0,0.0,4
00-0035934,Trishton Jackson,WR,MIN,2023,2,0,0,0,0,0,0,0,0,0,2,4,9,0,0,0,0,0,0,0,0,2.9,4.9,,2.0,,0.0,,0.0,,0.0,,11.0,,0.0,,0.0,,0.0,,0.0,,0.0,,1.1,,1.1,,0.0,,0.0,,0.0,,0.0,0
00-0035935,J.J. Koski,WR,LA,2021,3,0,0,0,0,0,0,0,0,0,0,0,0,0,0,0,0,0,0,0,0,0.0,0.0,,,,,,,,,,,,,,,,,,,,,,,,,,,,,,,,,0
00-0035939,Bryce Perkins,QB,LA,2022,5,19,34,161,1,2,19,90,0,0,0,0,0,0,0,0,0,0,0,0,0,15.44,15.44,,,,,,,,,,,,,,,,,,,,,,,,,,,,,,,,,0
00-0035956,Giovanni Ricci,TE,CAR,2021,8,0,0,0,0,0,0,0,0,0,0,2,0,0,0,0,0,0,0,0,0,0.0,0.0,,,,,,,,,,,,,,,,,,,,,,,,,,,,,,,,,0
00-0035956,Giovanni Ricci,TE,CAR,2022,11,0,0,0,0,0,0,0,0,0,8,9,100,0,0,0,0,0,0,0,0,10.0,18.0,8.0,8.0,0.0,0.0,0.0,0.0,0.0,0.0,0.0,0.0,0.0,0.0,0.0,0.0,2.0,2.0,0.0,0.0,0.0,0.0,0.0,0.0,0.0,0.0,0.0,0.0,0.0,0.0,0.0,0.0,0.0,0.0,1
00-0035956,Giovanni Ricci,TE,CAR,2023,2,0,0,0,0,0,0,0,0,0,1,1,2,0,0,0,0,0,0,0,0,0.2,1.2,11.0,9.5,0.0,0.0,0.0,0.0,0.0,0.0,0.0,0.0,0.0,0.0,8.0,4.0,9.0,5.5,100.0,50.0,0.0,0.0,10.0,5.000000000000057,18.0,9.000000000000114,0.0,0.0,0.0,0.0,0.0,0.0,0.0,0.0,2
00-0035956,Giovanni Ricci,TE,DET,2025,2,0,0,0,0,0,0,0,0,0,0,1,0,0,0,0,0,0,0,0,0,0.0,0.0,2.0,6.5,0.0,0.0,0.0,0.0,0.0,0.0,0.0,0.0,0.0,0.0,1.0,4.5,1.0,5.0,2.0,51.0,0.0,0.0,0.2,5.1000000000000565,1.2,9.600000000000113,0.0,0.0,0.0,0.0,0.0,0.0,0.0,0.0,3
00-0035957,Rodney Smith,RB,CAR,2020,7,0,0,0,0,0,41,156,1,0,9,11,59,0,0,0,0,0,0,0,0,27.5,36.5,,2.0,,0.0,,0.0,,0.0,,0.0,,0.0,,1.0,,1.0,,2.0,,0.0,,0.2,,1.2,,0.0,,0.0,,0.0,,0.0,0
00-0035957,Rodney Smith,RB,CAR,2021,1,0,0,0,0,0,0,0,0,0,5,5,48,0,0,0,0,0,0,0,0,4.8,9.8,7.0,7.0,0.0,0.0,0.0,0.0,0.0,0.0,156.0,156.0,1.0,1.0,9.0,9.0,11.0,11.0,59.0,59.0,0.0,0.0,27.5,27.5,36.5,36.5,0.0,0.0,0.0,0.0,0.0,0.0,0.0,0.0,1
00-0035973,Patrick Taylor,RB,GB,2021,5,0,0,0,0,0,23,89,1,0,2,2,3,0,0,0,0,0,0,0,0,15.2,17.2,,7.0,,0.0,,0.0,,0.0,,156.0,,1.0,,9.0,,11.0,,59.0,,0.0,,27.5,,36.5,,0.0,,0.0,,0.0,,0.0,0
00-0035973,Patrick Taylor,RB,GB,2022,6,0,0,0,0,0,10,31,0,0,1,1,17,0,0,0,0,0,0,0,0,4.8,5.8,5.0,5.0,0.0,0.0,0.0,0.0,0.0,0.0,89.0,89.0,1.0,1.0,2.0,2.0,2.0,2.0,3.0,3.0,0.0,0.0,15.2,15.2,17.2,17.2,0.0,0.0,0.0,0.0,0.0,0.0,0.0,0.0,1
00-0035973,Patrick Taylor,RB,GB,2023,11,0,0,0,0,0,32,141,0,0,11,17,49,0,0,0,0,0,0,0,0,19.0,30.0,6.0,5.5,0.0,0.0,0.0,0.0,0.0,0.0,31.0,60.0,0.0,0.5,1.0,1.5,1.0,1.5,17.0,10.0,0.0,0.0,4.8,10.000000000000057,5.8,11.500000000000114,0.0,0.0,0.0,0.0,0.0,0.0,0.0,0.0,2
00-0035973,Patrick Taylor,RB,SF,2024,7,0,0,0,0,0,39,183,1,0,3,11,25,0,0,0,0,0,0,0,0,26.8,29.8,11.0,8.5,0.0,0.0,0.0,0.0,0.0,0.0,141.0,86.0,0.0,0.0,11.0,6.0,17.0,9.0,49.0,33.0,0.0,0.0,19.0,11.900000000000057,30.0,17.900000000000112,0.0,0.0,0.0,0.0,0.0,0.0,0.0,0.0,3
00-0035976,Dan Chisena,WR,MIN,2020,7,0,0,0,0,0,0,0,0,0,0,0,0,0,0,0,0,0,0,0,0,0.0,0.0,,11.0,,0.0,,0.0,,0.0,,141.0,,0.0,,11.0,,17.0,,49.0,,0.0,,19.0,,30.0,,0.0,,0.0,,0.0,,0.0,0
00-0035976,Dan Chisena,WR,MIN,2021,2,0,0,0,0,0,0,0,0,0,0,0,0,0,0,0,0,0,0,0,0,0.0,0.0,7.0,7.0,0.0,0.0,0.0,0.0,0.0,0.0,0.0,0.0,0.0,0.0,0.0,0.0,0.0,0.0,0.0,0.0,0.0,0.0,0.0,0.0,0.0,0.0,0.0,0.0,0.0,0.0,0.0,0.0,0.0,0.0,1
00-0035976,Dan Chisena,WR,MIN,2022,2,0,0,0,0,0,0,0,0,0,0,0,0,0,0,0,0,0,0,0,0,0.0,0.0,2.0,4.5,0.0,0.0,0.0,0.0,0.0,0.0,0.0,0.0,0.0,0.0,0.0,0.0,0.0,0.0,0.0,0.0,0.0,0.0,0.0,0.0,0.0,0.0,0.0,0.0,0.0,0.0,0.0,0.0,0.0,0.0,2
00-0035976,Dan Chisena,WR,ARI,2023,1,0,0,0,0,0,0,0,0,0,0,0,0,0,0,0,0,0,0,0,0,0.0,0.0,2.0,2.0,0.0,0.0,0.0,0.0,0.0,0.0,0.0,0.0,0.0,0.0,0.0,0.0,0.0,0.0,0.0,0.0,0.0,0.0,0.0,0.0,0.0,0.0,0.0,0.0,0.0,0.0,0.0,0.0,0.0,0.0,3
00-0035976,Dan Chisena,WR,CAR,2024,4,0,0,0,0,0,0,0,0,0,3,4,37,0,0,0,0,0,0,0,0,3.7,6.7,1.0,1.5,0.0,0.0,0.0,0.0,0.0,0.0,0.0,0.0,0.0,0.0,0.0,0.0,0.0,0.0,0.0,0.0,0.0,0.0,0.0,0.0,0.0,0.0,0.0,0.0,0.0,0.0,0.0,0.0,0.0,0.0,4
00-0035993,Tyler Huntley,QB,BAL,2020,2,3,5,15,0,0,10,23,0,0,0,0,0,0,0,0,0,0,0,0,0,2.9,2.9,,1.0,,0.0,,0.0,,0.0,,0.0,,0.0,,0.0,,0.0,,0.0,,0.0,,0.0,,0.0,,0.0,,0.0,,0.0,,0.0,0
00-0035993,Tyler Huntley,QB,BAL,2021,7,122,188,1081,3,4,47,294,2,1,0,0,0,0,0,0,0,0,0,0,0,82.64,82.64,2.0,2.0,15.0,15.0,0.0,0.0,0.0,0.0,23.0,23.0,0.0,0.0,0.0,0.0,0.0,0.0,0.0,0.0,0.0,0.0,2.9,2.9,2.9,2.9,0.0,0.0,0.0,0.0,0.0,0.0,0.0,0.0,1
00-0035993,Tyler Huntley,QB,BAL,2022,5,75,112,658,2,3,43,137,1,0,0,0,0,0,0,0,0,0,0,0,0,50.02,50.02,7.0,4.5,1081.0,548.0,3.0,1.5,4.0,2.0,294.0,158.5,2.0,1.0,0.0,0.0,0.0,0.0,0.0,0.0,0.0,0.0,82.64,42.77000000000006,82.64,42.77000000000012,0.0,0.0,0.0,0.0,0.0,0.0,0.0,0.0,2
00-0035993,Tyler Huntley,QB,BAL,2023,5,21,37,203,3,0,15,55,0,0,0,0,0,0,0,0,0,0,0,0,0,25.62,25.62,5.0,6.0,658.0,869.5,2.0,2.5,3.0,3.5,137.0,215.5,1.0,1.5,0.0,0.0,0.0,0.0,0.0,0.0,0.0,0.0,50.02,66.33000000000006,50.02,66.33000000000011,0.0,0.0,0.0,0.0,0.0,0.0,0.0,0.0,3
00-0035993,Tyler Huntley,QB,MIA,2024,5,86,133,829,3,3,26,135,2,1,0,0,0,0,0,0,0,0,0,0,0,60.66,60.66,5.0,5.0,203.0,430.5,3.0,2.5,0.0,1.5,55.0,96.0,0.0,0.5,0.0,0.0,0.0,0.0,0.0,0.0,0.0,0.0,25.62,37.82000000000006,25.62,37.820000000000114,0.0,0.0,0.0,0.0,0.0,0.0,0.0,0.0,4
00-0035993,Tyler Huntley,QB,BAL,2025,5,52,67,426,2,0,24,151,0,0,0,0,0,0,0,0,0,0,0,0,0,40.14,40.14,5.0,5.0,829.0,516.0,3.0,3.0,3.0,1.5,135.0,95.0,2.0,1.0,0.0,0.0,0.0,0.0,0.0,0.0,0.0,0.0,60.66,43.14000000000006,60.66,43.140000000000114,0.0,0.0,0.0,0.0,0.0,0.0,0.0,0.0,5
00-0036000,Adrian Killins Jr.,RB,PHI,2020,1,0,0,0,0,0,1,-12,0,0,1,1,2,0,0,0,0,0,0,0,0,-1.0,0.0,,5.0,,829.0,,3.0,,3.0,,135.0,,2.0,,0.0,,0.0,,0.0,,0.0,,60.66,,60.66,,0.0,,0.0,,0.0,,0.0,0
00-0036005,Noah Togiai,TE,IND,2020,1,0,0,0,0,0,0,0,0,0,0,1,0,0,0,0,0,0,0,0,0,0.0,0.0,,,,,,,,,,,,,,,,,,,,,,,,,,,,,,,,,0
00-0036005,Noah Togiai,TE,PHI,2021,1,0,0,0,0,0,0,0,0,0,0,0,0,0,0,0,0,0,0,0,0,0.0,0.0,1.0,1.0,0.0,0.0,0.0,0.0,0.0,0.0,0.0,0.0,0.0,0.0,0.0,0.0,1.0,1.0,0.0,0.0,0.0,0.0,0.0,0.0,0.0,0.0,0.0,0.0,0.0,0.0,0.0,0.0,0.0,0.0,1
00-0036005,Noah Togiai,TE,PHI,2022,1,0,0,0,0,0,0,0,0,0,0,1,0,0,0,0,0,0,0,0,0,0.0,0.0,1.0,1.0,0.0,0.0,0.0,0.0,0.0,0.0,0.0,0.0,0.0,0.0,0.0,0.0,0.0,0.5,0.0,0.0,0.0,0.0,0.0,0.0,0.0,0.0,0.0,0.0,0.0,0.0,0.0,0.0,0.0,0.0,2
00-0036008,Hunter Bryant,TE,DET,2020,3,0,0,0,0,0,0,0,0,0,1,3,44,0,0,0,0,0,0,0,0,4.4,5.4,,1.0,,0.0,,0.0,,0.0,,0.0,,0.0,,0.0,,0.0,,0.0,,0.0,,0.0,,0.0,,0.0,,0.0,,0.0,,0.0,0
00-0036020,Salvon Ahmed,RB,MIA,2020,6,0,0,0,0,0,75,319,3,0,11,14,61,0,0,0,0,0,0,0,0,58.0,69.0,,,,,,,,,,,,,,,,,,,,,,,,,,,,,,,,,0
00-0036020,Salvon Ahmed,RB,MIA,2021,11,0,0,0,0,0,54,149,0,0,12,19,117,0,0,0,0,0,0,0,0,26.6,38.6,6.0,6.0,0.0,0.0,0.0,0.0,0.0,0.0,319.0,319.0,3.0,3.0,11.0,11.0,14.0,14.0,61.0,61.0,0.0,0.0,58.0,58.0,69.0,69.0,0.0,0.0,0.0,0.0,0.0,0.0,0.0,0.0,1
00-0036020,Salvon Ahmed,RB,MIA,2022,6,0,0,0,0,0,12,64,1,0,1,1,8,0,0,0,0,0,0,0,0,13.2,14.2,11.0,8.5,0.0,0.0,0.0,0.0,0.0,0.0,149.0,234.0,0.0,1.5,12.0,11.5,19.0,16.5,117.0,89.0,0.0,0.0,26.6,42.300000000000054,38.6,53.80000000000011,0.0,0.0,0.0,0.0,0.0,0.0,0.0,0.0,2
00-0036020,Salvon Ahmed,RB,MIA,2023,7,0,0,0,0,0,22,61,1,0,16,23,88,1,0,0,0,0,0,0,0,26.9,42.9,6.0,8.5,0.0,0.0,0.0,0.0,0.0,0.0,64.0,106.5,1.0,0.5,1.0,6.5,1.0,10.0,8.0,62.5,0.0,0.0,13.2,19.900000000000055,14.2,26.400000000000112,0.0,0.0,0.0,0.0,0.0,0.0,0.0,0.0,3
00-0036032,Sean McKeon,TE,DAL,2020,1,0,0,0,0,0,0,0,0,0,0,0,0,0,0,0,0,0,0,0,0,0.0,0.0,,6.0,,0.0,,0.0,,0.0,,64.0,,1.0,,1.0,,1.0,,8.0,,0.0,,13.2,,14.2,,0.0,,0.0,,0.0,,0.0,0
00-0036032,Sean McKeon,TE,DAL,2021,5,0,0,0,0,0,0,0,0,0,4,6,27,1,0,0,0,0,0,0,0,8.7,12.7,1.0,1.0,0.0,0.0,0.0,0.0,0.0,0.0,0.0,0.0,0.0,0.0,0.0,0.0,0.0,0.0,0.0,0.0,0.0,0.0,0.0,0.0,0.0,0.0,0.0,0.0,0.0,0.0,0.0,0.0,0.0,0.0,1
00-0036032,Sean McKeon,TE,DAL,2022,3,0,0,0,0,0,0,0,0,0,2,3,11,0,0,0,0,0,0,0,0,1.1,3.1,5.0,3.0,0.0,0.0,0.0,0.0,0.0,0.0,0.0,0.0,0.0,0.0,4.0,2.0,6.0,3.0,27.0,13.5,1.0,0.5,8.7,4.350000000000053,12.7,6.350000000000113,0.0,0.0,0.0,0.0,0.0,0.0,0.0,0.0,2
00-0036032,Sean McKeon,TE,DAL,2023,8,0,0,0,0,0,0,0,0,0,0,2,0,0,0,0,0,0,0,0,0,0.0,0.0,3.0,4.0,0.0,0.0,0.0,0.0,0.0,0.0,0.0,0.0,0.0,0.0,2.0,3.0,3.0,4.5,11.0,19.0,0.0,0.5,1.1,4.900000000000053,3.1,7.900000000000113,0.0,0.0,0.0,0.0,0.0,0.0,0.0,0.0,3
00-0036033,Sewo Olonilua,RB,DAL,2020,1,0,0,0,0,0,0,0,0,0,0,0,0,0,0,0,0,0,0,0,0,0.0,0.0,,3.0,,0.0,,0.0,,0.0,,0.0,,0.0,,2.0,,3.0,,11.0,,0.0,,1.1,,3.1,,0.0,,0.0,,0.0,,0.0,0
00-0036040,Juwan Johnson,TE,NO,2020,5,0,0,0,0,0,0,0,0,0,4,10,39,0,0,0,0,0,0,0,0,3.9,7.9,,,,,,,,,,,,,,,,,,,,,,,,,,,,,,,,,0
00-0036040,Juwan Johnson,TE,NO,2021,13,0,0,0,0,0,0,0,0,0,13,22,159,4,0,0,0,0,0,0,0,39.9,52.9,5.0,5.0,0.0,0.0,0.0,0.0,0.0,0.0,0.0,0.0,0.0,0.0,4.0,4.0,10.0,10.0,39.0,39.0,0.0,0.0,3.9,3.9,7.9,7.9,0.0,0.0,0.0,0.0,0.0,0.0,0.0,0.0,1
00-0036040,Juwan Johnson,TE,NO,2022,16,0,0,0,0,0,0,0,0,0,42,65,508,7,0,0,0,0,0,0,0,92.8,134.8,13.0,9.0,0.0,0.0,0.0,0.0,0.0,0.0,0.0,0.0,0.0,0.0,13.0,8.5,22.0,16.0,159.0,99.0,4.0,2.0,39.9,21.900000000000052,52.9,30.400000000000112,0.0,0.0,0.0,0.0,0.0,0.0,0.0,0.0,2
00-0036040,Juwan Johnson,TE,NO,2023,13,0,0,0,0,0,0,0,0,0,37,59,368,4,0,0,0,0,0,0,0,60.8,97.8,16.0,14.5,0.0,0.0,0.0,0.0,0.0,0.0,0.0,0.0,0.0,0.0,42.0,27.5,65.0,43.5,508.0,333.5,7.0,5.5,92.8,66.35000000000005,134.8,93.85000000000012,0.0,0.0,0.0,0.0,0.0,0.0,0.0,0.0,3
00-0036040,Juwan Johnson,TE,NO,2024,15,0,0,0,0,0,0,0,0,0,50,66,548,3,0,0,0,0,0,0,0,72.8,122.8,13.0,14.5,0.0,0.0,0.0,0.0,0.0,0.0,0.0,0.0,0.0,0.0,37.0,39.5,59.0,62.0,368.0,438.0,4.0,5.5,60.8,76.80000000000004,97.8,116.30000000000013,0.0,0.0,0.0,0.0,0.0,0.0,0.0,0.0,4
00-0036040,Juwan Johnson,TE,NO,2025,17,0,0,0,0,0,0,0,0,0,77,102,889,3,2,0,0,0,0,0,0,102.9,179.9,15.0,14.0,0.0,0.0,0.0,0.0,0.0,0.0,0.0,0.0,0.0,0.0,50.0,43.5,66.0,62.5,548.0,458.0,3.0,3.5,72.8,66.80000000000005,122.8,110.30000000000011,0.0,0.0,0.0,0.0,0.0,0.0,0.0,0.0,5
00-0036059,Tyler Mabry,TE,SEA,2022,1,0,0,0,0,0,0,0,0,0,1,1,7,1,0,0,0,0,0,0,0,6.7,7.7,,15.0,,0.0,,0.0,,0.0,,0.0,,0.0,,50.0,,66.0,,548.0,,3.0,,72.8,,122.8,,0.0,,0.0,,0.0,,0.0,0
00-0036069,Scottie Phillips,RB,HOU,2020,1,0,0,0,0,0,2,9,0,0,1,1,7,0,0,0,0,0,0,0,0,1.6,2.6,,,,,,,,,,,,,,,,,,,,,,,,,,,,,,,,,0
00-0036069,Scottie Phillips,RB,HOU,2021,2,0,0,0,0,0,6,13,0,0,2,3,9,0,0,0,0,0,0,0,0,2.2,4.2,1.0,1.0,0.0,0.0,0.0,0.0,0.0,0.0,9.0,9.0,0.0,0.0,1.0,1.0,1.0,1.0,7.0,7.0,0.0,0.0,1.6,1.6,2.6,2.6,0.0,0.0,0.0,0.0,0.0,0.0,0.0,0.0,1
00-0036078,Xavier Jones,RB,LA,2020,5,0,0,0,0,0,0,0,0,0,0,0,0,0,0,0,0,0,0,0,0,0.0,0.0,,1.0,,0.0,,0.0,,0.0,,9.0,,0.0,,1.0,,1.0,,7.0,,0.0,,1.6,,2.6,,0.0,,0.0,,0.0,,0.0,0
00-0036080,Easop Winston,WR,NO,2021,3,0,0,0,0,0,0,0,0,0,1,1,5,0,0,0,0,0,0,0,0,0.5,1.5,,,,,,,,,,,,,,,,,,,,,,,,,,,,,,,,,0
00-0036096,J.J. Taylor,RB,NE,2020,6,0,0,0,0,0,23,110,0,0,1,2,4,0,0,0,0,0,0,0,0,11.4,12.4,,,,,,,,,,,,,,,,,,,,,,,,,,,,,,,,,0
00-0036096,J.J. Taylor,RB,NE,2021,5,0,0,0,0,0,19,37,2,0,4,4,8,0,1,0,0,0,0,0,0,14.5,18.5,6.0,6.0,0.0,0.0,0.0,0.0,0.0,0.0,110.0,110.0,0.0,0.0,1.0,1.0,2.0,2.0,4.0,4.0,0.0,0.0,11.4,11.4,12.4,12.4,0.0,0.0,0.0,0.0,0.0,0.0,0.0,0.0,1
00-0036096,J.J. Taylor,RB,NE,2022,1,0,0,0,0,0,10,9,0,0,1,1,8,0,0,0,0,0,0,0,0,1.7,2.7,5.0,5.5,0.0,0.0,0.0,0.0,0.0,0.0,37.0,73.5,2.0,1.0,4.0,2.5,4.0,3.0,8.0,6.0,0.0,0.0,14.5,12.950000000000056,18.5,15.450000000000113,0.0,0.0,0.0,0.0,0.0,0.0,0.0,0.0,2
00-0036096,J.J. Taylor,RB,HOU,2024,3,0,0,0,0,0,10,44,0,0,2,3,0,0,0,0,0,0,0,0,0,4.4,6.4,1.0,3.0,0.0,0.0,0.0,0.0,0.0,0.0,9.0,23.0,0.0,1.0,1.0,2.5,1.0,2.5,8.0,8.0,0.0,0.0,1.7,8.100000000000056,2.7,10.600000000000113,0.0,0.0,0.0,0.0,0.0,0.0,0.0,0.0,3
00-0036100,Isaiah Zuber,WR,NE,2020,4,0,0,0,0,0,2,21,0,0,2,2,29,0,0,0,0,0,0,0,0,5.0,7.0,,1.0,,0.0,,0.0,,0.0,,9.0,,0.0,,1.0,,1.0,,8.0,,0.0,,1.7,,2.7,,0.0,,0.0,,0.0,,0.0,0
00-0036110,Ja'Marcus Bradley,WR,CLE,2020,1,0,0,0,0,0,0,0,0,0,5,11,60,0,0,0,0,0,0,0,0,6.0,11.0,,,,,,,,,,,,,,,,,,,,,,,,,,,,,,,,,0
00-0036110,Ja'Marcus Bradley,WR,CLE,2021,4,0,0,0,0,0,0,0,0,0,4,4,64,0,0,0,0,0,0,0,0,6.4,10.4,1.0,1.0,0.0,0.0,0.0,0.0,0.0,0.0,0.0,0.0,0.0,0.0,5.0,5.0,11.0,11.0,60.0,60.0,0.0,0.0,6.0,6.0,11.0,11.0,0.0,0.0,0.0,0.0,0.0,0.0,0.0,0.0,1
00-0036133,James Proche,WR,BAL,2020,13,0,0,0,0,0,0,0,0,0,1,3,14,0,0,0,0,0,0,0,0,1.4,2.4,,1.0,,0.0,,0.0,,0.0,,0.0,,0.0,,5.0,,11.0,,60.0,,0.0,,6.0,,11.0,,0.0,,0.0,,0.0,,0.0,0
00-0036133,James Proche,WR,BAL,2021,7,0,0,0,0,0,0,0,0,0,16,20,202,0,0,0,0,0,0,0,0,20.2,36.2,13.0,13.0,0.0,0.0,0.0,0.0,0.0,0.0,0.0,0.0,0.0,0.0,1.0,1.0,3.0,3.0,14.0,14.0,0.0,0.0,1.4,1.4,2.4,2.4,0.0,0.0,0.0,0.0,0.0,0.0,0.0,0.0,1
00-0036133,James Proche,WR,BAL,2022,11,0,1,0,0,1,0,0,0,0,8,17,62,0,0,0,0,0,0,0,0,4.2,12.2,7.0,10.0,0.0,0.0,0.0,0.0,0.0,0.0,0.0,0.0,0.0,0.0,16.0,8.5,20.0,11.5,202.0,108.0,0.0,0.0,20.2,10.800000000000056,36.2,19.300000000000114,0.0,0.0,0.0,0.0,0.0,0.0,0.0,0.0,2
00-0036133,James Proche,WR,CLE,2023,10,0,0,0,0,0,0,0,0,0,0,5,0,0,0,0,0,0,0,0,0,0.0,0.0,11.0,9.0,0.0,0.0,0.0,0.0,1.0,0.5,0.0,0.0,0.0,0.0,8.0,12.0,17.0,18.5,62.0,132.0,0.0,0.0,4.2,12.200000000000056,12.2,24.200000000000117,0.0,0.0,0.0,0.0,0.0,0.0,0.0,0.0,3
00-0036133,James Proche,WR,CLE,2024,9,0,0,0,0,0,0,0,0,0,3,3,21,0,0,0,0,0,0,0,0,2.1,5.1,10.0,10.5,0.0,0.0,0.0,0.0,0.0,0.5,0.0,0.0,0.0,0.0,0.0,4.0,5.0,11.0,0.0,31.0,0.0,0.0,0.0,2.100000000000057,0.0,6.100000000000113,0.0,0.0,0.0,0.0,0.0,0.0,0.0,0.0,4
00-0036133,James Proche,WR,TEN,2025,6,0,0,0,0,0,0,0,0,0,6,12,65,0,0,0,0,0,0,0,0,6.5,12.5,9.0,9.5,0.0,0.0,0.0,0.0,0.0,0.0,0.0,0.0,0.0,0.0,3.0,1.5,3.0,4.0,21.0,10.5,0.0,0.0,2.1,1.0500000000000569,5.1,2.5500000000001135,0.0,0.0,0.0,0.0,0.0,0.0,0.0,0.0,5
00-0036139,Rico Dowdle,RB,DAL,2020,5,0,0,0,0,0,7,24,0,0,0,0,0,0,0,0,0,0,0,0,0,2.4,2.4,,9.0,,0.0,,0.0,,0.0,,0.0,,0.0,,3.0,,3.0,,21.0,,0.0,,2.1,,5.1,,0.0,,0.0,,0.0,,0.0,0
00-0036139,Rico Dowdle,RB,DAL,2022,2,0,0,0,0,0,0,0,0,0,0,0,0,0,0,0,0,0,0,0,0,0.0,0.0,5.0,5.0,0.0,0.0,0.0,0.0,0.0,0.0,24.0,24.0,0.0,0.0,0.0,0.0,0.0,0.0,0.0,0.0,0.0,0.0,2.4,2.4,2.4,2.4,0.0,0.0,0.0,0.0,0.0,0.0,0.0,0.0,1
00-0036139,Rico Dowdle,RB,DAL,2023,16,0,0,0,0,0,89,361,2,0,17,22,144,2,0,0,0,0,0,0,0,74.5,91.5,2.0,3.5,0.0,0.0,0.0,0.0,0.0,0.0,0.0,12.0,0.0,0.0,0.0,0.0,0.0,0.0,0.0,0.0,0.0,0.0,0.0,1.2000000000000568,0.0,1.2000000000001136,0.0,0.0,0.0,0.0,0.0,0.0,0.0,0.0,2
00-0036139,Rico Dowdle,RB,DAL,2024,16,0,0,0,0,0,235,1079,2,2,39,49,249,3,0,0,0,0,0,0,0,158.8,197.8,16.0,9.0,0.0,0.0,0.0,0.0,0.0,0.0,361.0,180.5,2.0,1.0,17.0,8.5,22.0,11.0,144.0,72.0,2.0,1.0,74.5,37.25000000000006,91.5,45.750000000000114,0.0,0.0,0.0,0.0,0.0,0.0,0.0,0.0,3
00-0036139,Rico Dowdle,RB,CAR,2025,17,0,0,0,0,0,236,1076,6,1,39,50,297,1,0,0,0,0,0,0,0,177.3,216.3,16.0,16.0,0.0,0.0,0.0,0.0,0.0,0.0,1079.0,720.0,2.0,2.0,39.0,28.0,49.0,35.5,249.0,196.5,3.0,2.5,158.8,116.65000000000006,197.8,144.65000000000012,0.0,0.0,0.0,0.0,0.0,0.0,0.0,0.0,4
00-0036142,Isaiah Wright,WR,WAS,2020,11,0,1,0,0,0,3,16,0,0,27,35,197,0,0,0,0,0,0,0,0,21.3,48.3,,16.0,,0.0,,0.0,,0.0,,1079.0,,2.0,,39.0,,49.0,,249.0,,3.0,,158.8,,197.8,,0.0,,0.0,,0.0,,0.0,0
00-0036145,Lawrence Cager,TE,NYJ,2020,2,0,0,0,0,0,0,0,0,0,2,6,35,0,0,0,0,0,0,0,0,3.5,5.5,,,,,,,,,,,,,,,,,,,,,,,,,,,,,,,,,0
00-0036145,Lawrence Cager,TE,NYG,2022,6,0,0,0,0,0,0,0,0,0,13,19,118,1,0,0,0,0,0,0,0,17.8,30.8,2.0,2.0,0.0,0.0,0.0,0.0,0.0,0.0,0.0,0.0,0.0,0.0,2.0,2.0,6.0,6.0,35.0,35.0,0.0,0.0,3.5,3.5,5.5,5.5,0.0,0.0,0.0,0.0,0.0,0.0,0.0,0.0,1
00-0036145,Lawrence Cager,TE,NYG,2023,5,0,0,0,0,0,0,0,0,0,4,5,36,1,0,0,0,0,0,0,0,9.6,13.6,6.0,4.0,0.0,0.0,0.0,0.0,0.0,0.0,0.0,0.0,0.0,0.0,13.0,7.5,19.0,12.5,118.0,76.5,1.0,0.5,17.8,10.650000000000057,30.8,18.150000000000112,0.0,0.0,0.0,0.0,0.0,0.0,0.0,0.0,2
00-0036158,J.K. Dobbins,RB,BAL,2020,15,0,0,0,0,0,134,805,9,0,18,24,120,0,0,0,0,0,0,0,0,150.5,168.5,,6.0,,0.0,,0.0,,0.0,,0.0,,0.0,,13.0,,19.0,,118.0,,1.0,,17.8,,30.8,,0.0,,0.0,,0.0,,0.0,0
00-0036158,J.K. Dobbins,RB,BAL,2022,8,0,0,0,0,0,92,520,2,0,7,8,42,1,0,0,0,0,0,0,0,74.2,81.2,15.0,15.0,0.0,0.0,0.0,0.0,0.0,0.0,805.0,805.0,9.0,9.0,18.0,18.0,24.0,24.0,120.0,120.0,0.0,0.0,150.5,150.5,168.5,168.5,0.0,0.0,0.0,0.0,0.0,0.0,0.0,0.0,1
00-0036158,J.K. Dobbins,RB,BAL,2023,1,0,0,0,0,0,8,22,1,0,2,3,15,0,0,0,0,0,0,0,0,9.7,11.7,8.0,11.5,0.0,0.0,0.0,0.0,0.0,0.0,520.0,662.5,2.0,5.5,7.0,12.5,8.0,16.0,42.0,81.0,1.0,0.5,74.2,112.35000000000005,81.2,124.85000000000011,0.0,0.0,0.0,0.0,0.0,0.0,0.0,0.0,2
00-0036158,J.K. Dobbins,RB,LAC,2024,13,0,0,0,0,0,195,905,9,0,32,38,153,0,0,0,0,0,0,0,0,159.8,191.8,1.0,4.5,0.0,0.0,0.0,0.0,0.0,0.0,22.0,271.0,1.0,1.5,2.0,4.5,3.0,5.5,15.0,28.5,0.0,0.5,9.7,41.95000000000006,11.7,46.45000000000012,0.0,0.0,0.0,0.0,0.0,0.0,0.0,0.0,3
00-0036158,J.K. Dobbins,RB,DEN,2025,10,0,0,0,0,0,153,772,4,0,11,14,37,0,0,0,0,0,0,0,0,104.9,115.9,13.0,7.0,0.0,0.0,0.0,0.0,0.0,0.0,905.0,463.5,9.0,5.0,32.0,17.0,38.0,20.5,153.0,84.0,0.0,0.0,159.8,84.75000000000006,191.8,101.75000000000011,0.0,0.0,0.0,0.0,0.0,0.0,0.0,0.0,4
00-0036162,Tyler Bass,K,BUF,2020,16,0,0,0,0,0,0,0,0,0,0,0,0,0,0,28,34,4,0,57,59,0.0,0.0,,13.0,,0.0,,0.0,,0.0,,905.0,,9.0,,32.0,,38.0,,153.0,,0.0,,159.8,,191.8,,0.0,,0.0,,0.0,,0.0,0
00-0036162,Tyler Bass,K,BUF,2021,17,0,0,0,0,0,0,0,0,0,0,0,0,0,0,28,32,2,0,51,51,0.0,0.0,16.0,16.0,0.0,0.0,0.0,0.0,0.0,0.0,0.0,0.0,0.0,0.0,0.0,0.0,0.0,0.0,0.0,0.0,0.0,0.0,0.0,0.0,0.0,0.0,28.0,28.0,34.0,34.0,57.0,57.0,59.0,59.0,1
00-0036162,Tyler Bass,K,BUF,2022,16,0,0,0,0,0,0,0,0,0,0,0,0,0,0,27,31,2,0,48,50,0.0,0.0,17.0,16.5,0.0,0.0,0.0,0.0,0.0,0.0,0.0,0.0,0.0,0.0,0.0,0.0,0.0,0.0,0.0,0.0,0.0,0.0,0.0,0.0,0.0,0.0,28.0,28.0,32.0,33.0,51.0,54.0,51.0,55.0,2
00-0036162,Tyler Bass,K,BUF,2023,17,0,0,0,0,0,0,0,0,0,0,0,0,0,0,24,29,4,0,49,50,0.0,0.0,16.0,16.5,0.0,0.0,0.0,0.0,0.0,0.0,0.0,0.0,0.0,0.0,0.0,0.0,0.0,0.0,0.0,0.0,0.0,0.0,0.0,0.0,0.0,0.0,27.0,27.5,31.0,31.5,48.0,49.5,50.0,50.5,3
00-0036162,Tyler Bass,K,BUF,2024,17,0,0,0,0,0,0,0,0,0,0,0,0,0,0,24,29,3,1,59,64,0.0,0.0,17.0,16.5,0.0,0.0,0.0,0.0,0.0,0.0,0.0,0.0,0.0,0.0,0.0,0.0,0.0,0.0,0.0,0.0,0.0,0.0,0.0,0.0,0.0,0.0,24.0,25.5,29.0,30.0,49.0,48.5,50.0,50.0,4
00-0036165,Isaiah Hodgins,WR,NYG,2022,9,0,0,0,0,0,0,0,0,0,37,48,392,4,1,0,0,0,0,0,0,63.2,100.2,,17.0,,0.0,,0.0,,0.0,,0.0,,0.0,,0.0,,0.0,,0.0,,0.0,,0.0,,0.0,,24.0,,29.0,,49.0,,50.0,0
00-0036165,Isaiah Hodgins,WR,NYG,2023,14,0,0,0,0,0,0,0,0,0,21,33,230,3,1,0,0,0,0,0,0,39.0,60.0,9.0,9.0,0.0,0.0,0.0,0.0,0.0,0.0,0.0,0.0,0.0,0.0,37.0,37.0,48.0,48.0,392.0,392.0,4.0,4.0,63.2,63.2,100.2,100.2,0.0,0.0,0.0,0.0,0.0,0.0,0.0,0.0,1
00-0036165,Isaiah Hodgins,WR,NYG,2024,2,0,0,0,0,0,0,0,0,0,2,2,12,0,0,0,0,0,0,0,0,1.2,3.2,14.0,11.5,0.0,0.0,0.0,0.0,0.0,0.0,0.0,0.0,0.0,0.0,21.0,29.0,33.0,40.5,230.0,311.0,3.0,3.5,39.0,51.10000000000006,60.0,80.10000000000011,0.0,0.0,0.0,0.0,0.0,0.0,0.0,0.0,2
00-0036165,Isaiah Hodgins,WR,NYG,2025,6,0,0,0,0,0,0,0,0,0,10,19,115,1,0,0,0,0,0,0,0,17.5,27.5,2.0,8.0,0.0,0.0,0.0,0.0,0.0,0.0,0.0,0.0,0.0,0.0,2.0,11.5,2.0,17.5,12.0,121.0,0.0,1.5,1.2,20.10000000000006,3.2,31.600000000000115,0.0,0.0,0.0,0.0,0.0,0.0,0.0,0.0,3
00-0036168,Dominik Eberle,K,HOU,2021,1,0,0,0,0,0,0,0,0,0,0,0,0,0,0,2,3,1,0,5,5,0.0,0.0,,2.0,,0.0,,0.0,,0.0,,0.0,,0.0,,2.0,,2.0,,12.0,,0.0,,1.2,,3.2,,0.0,,0.0,,0.0,,0.0,0
00-0036168,Dominik Eberle,K,DET,2022,1,0,0,0,0,0,0,0,0,0,0,0,0,0,0,1,1,0,0,2,4,0.0,0.0,1.0,1.0,0.0,0.0,0.0,0.0,0.0,0.0,0.0,0.0,0.0,0.0,0.0,0.0,0.0,0.0,0.0,0.0,0.0,0.0,0.0,0.0,0.0,0.0,2.0,2.0,3.0,3.0,5.0,5.0,5.0,5.0,1
00-0036173,Tommy Hudson,TE,TEN,2021,4,0,0,0,0,0,0,0,0,0,3,6,31,0,0,0,0,0,0,0,0,3.1,6.1,,1.0,,0.0,,0.0,,0.0,,0.0,,0.0,,0.0,,0.0,,0.0,,0.0,,0.0,,0.0,,2.0,,3.0,,5.0,,5.0,0
00-0036176,Mason Kinsey,WR,TEN,2021,1,0,0,0,0,0,0,0,0,0,0,0,0,0,0,0,0,0,0,0,0,0.0,0.0,,,,,,,,,,,,,,,,,,,,,,,,,,,,,,,,,0
00-0036176,Mason Kinsey,WR,TEN,2022,2,0,0,0,0,0,0,0,0,0,1,1,3,0,0,0,0,0,0,0,0,0.3,1.3,1.0,1.0,0.0,0.0,0.0,0.0,0.0,0.0,0.0,0.0,0.0,0.0,0.0,0.0,0.0,0.0,0.0,0.0,0.0,0.0,0.0,0.0,0.0,0.0,0.0,0.0,0.0,0.0,0.0,0.0,0.0,0.0,1
00-0036176,Mason Kinsey,WR,TEN,2023,6,0,0,0,0,0,0,0,0,0,1,1,6,0,0,0,0,0,0,0,0,0.6,1.6,2.0,1.5,0.0,0.0,0.0,0.0,0.0,0.0,0.0,0.0,0.0,0.0,1.0,0.5,1.0,0.5,3.0,1.5,0.0,0.0,0.3,0.15000000000005684,1.3,0.6500000000001137,0.0,0.0,0.0,0.0,0.0,0.0,0.0,0.0,2
00-0036176,Mason Kinsey,WR,TEN,2024,6,0,0,0,0,0,0,0,0,0,2,2,17,0,0,0,0,0,0,0,0,1.7,3.7,6.0,4.0,0.0,0.0,0.0,0.0,0.0,0.0,0.0,0.0,0.0,0.0,1.0,1.0,1.0,1.0,6.0,4.5,0.0,0.0,0.6,0.4500000000000568,1.6,1.4500000000001139,0.0,0.0,0.0,0.0,0.0,0.0,0.0,0.0,3
00-0036176,Mason Kinsey,WR,TEN,2025,6,0,0,0,0,0,0,0,0,0,2,4,48,0,0,0,0,0,0,0,0,4.8,6.8,6.0,6.0,0.0,0.0,0.0,0.0,0.0,0.0,0.0,0.0,0.0,0.0,2.0,1.5,2.0,1.5,17.0,11.5,0.0,0.0,1.7,1.1500000000000568,3.7,2.650000000000114,0.0,0.0,0.0,0.0,0.0,0.0,0.0,0.0,4
00-0036182,Nick Westbrook-Ikhine,WR,TEN,2020,9,0,0,0,0,0,0,0,0,0,3,8,33,0,0,0,0,0,0,0,0,5.3,8.3,,6.0,,0.0,,0.0,,0.0,,0.0,,0.0,,2.0,,2.0,,17.0,,0.0,,1.7,,3.7,,0.0,,0.0,,0.0,,0.0,0
00-0036182,Nick Westbrook-Ikhine,WR,TEN,2021,15,0,0,0,0,0,0,0,0,0,38,57,476,4,1,0,0,0,0,0,0,69.6,107.6,9.0,9.0,0.0,0.0,0.0,0.0,0.0,0.0,0.0,0.0,0.0,0.0,3.0,3.0,8.0,8.0,33.0,33.0,0.0,0.0,5.3,5.3,8.3,8.3,0.0,0.0,0.0,0.0,0.0,0.0,0.0,0.0,1
00-0036182,Nick Westbrook-Ikhine,WR,TEN,2022,16,0,0,0,0,0,0,0,0,0,25,50,397,3,0,0,0,0,0,0,0,57.7,82.7,15.0,12.0,0.0,0.0,0.0,0.0,0.0,0.0,0.0,0.0,0.0,0.0,38.0,20.5,57.0,32.5,476.0,254.5,4.0,2.0,69.6,37.45000000000005,107.6,57.95000000000011,0.0,0.0,0.0,0.0,0.0,0.0,0.0,0.0,2
00-0036182,Nick Westbrook-Ikhine,WR,TEN,2023,13,0,0,0,0,0,0,0,0,0,28,45,370,3,0,0,0,0,0,0,0,57.0,85.0,16.0,15.5,0.0,0.0,0.0,0.0,0.0,0.0,0.0,0.0,0.0,0.0,25.0,31.5,50.0,53.5,397.0,436.5,3.0,3.5,57.7,63.650000000000055,82.7,95.15000000000012,0.0,0.0,0.0,0.0,0.0,0.0,0.0,0.0,3
00-0036182,Nick Westbrook-Ikhine,WR,TEN,2024,14,0,0,0,0,0,0,0,0,0,32,60,497,9,0,0,0,0,0,0,0,103.7,135.7,13.0,14.5,0.0,0.0,0.0,0.0,0.0,0.0,0.0,0.0,0.0,0.0,28.0,26.5,45.0,47.5,370.0,383.5,3.0,3.0,57.0,57.35000000000006,85.0,83.85000000000011,0.0,0.0,0.0,0.0,0.0,0.0,0.0,0.0,4
00-0036182,Nick Westbrook-Ikhine,WR,MIA,2025,13,0,0,0,0,0,0,0,0,0,11,20,89,0,0,0,0,0,0,0,0,8.9,19.9,14.0,13.5,0.0,0.0,0.0,0.0,0.0,0.0,0.0,0.0,0.0,0.0,32.0,30.0,60.0,52.5,497.0,433.5,9.0,6.0,103.7,80.35000000000005,135.7,110.35000000000011,0.0,0.0,0.0,0.0,0.0,0.0,0.0,0.0,5
00-0036183,Kristian Wilkerson,WR,NE,2021,1,0,0,0,0,0,0,0,0,0,4,8,42,2,0,0,0,0,0,0,0,16.2,20.2,,14.0,,0.0,,0.0,,0.0,,0.0,,0.0,,32.0,,60.0,,497.0,,9.0,,103.7,,135.7,,0.0,,0.0,,0.0,,0.0,0
00-0036183,Kristian Wilkerson,WR,LV,2024,1,0,0,0,0,0,0,0,0,0,2,3,18,1,0,0,0,0,0,0,0,7.8,9.8,1.0,1.0,0.0,0.0,0.0,0.0,0.0,0.0,0.0,0.0,0.0,0.0,4.0,4.0,8.0,8.0,42.0,42.0,2.0,2.0,16.2,16.2,20.2,20.2,0.0,0.0,0.0,0.0,0.0,0.0,0.0,0.0,1
00-0036187,Reggie Gilliam,RB,BUF,2020,4,0,0,0,0,0,0,0,0,0,2,2,16,1,0,0,0,0,0,0,0,7.6,9.6,,1.0,,0.0,,0.0,,0.0,,0.0,,0.0,,4.0,,8.0,,42.0,,2.0,,16.2,,20.2,,0.0,,0.0,,0.0,,0.0,0
00-0036187,Reggie Gilliam,RB,BUF,2021,8,0,0,0,0,0,3,3,0,0,3,5,23,0,0,0,0,0,0,0,0,2.6,5.6,4.0,4.0,0.0,0.0,0.0,0.0,0.0,0.0,0.0,0.0,0.0,0.0,2.0,2.0,2.0,2.0,16.0,16.0,1.0,1.0,7.6,7.6,9.6,9.6,0.0,0.0,0.0,0.0,0.0,0.0,0.0,0.0,1
00-0036187,Reggie Gilliam,RB,BUF,2022,7,0,0,0,0,0,0,0,0,0,8,10,69,1,0,0,0,0,0,0,0,12.9,20.9,8.0,6.0,0.0,0.0,0.0,0.0,0.0,0.0,3.0,1.5,0.0,0.0,3.0,2.5,5.0,3.5,23.0,19.5,0.0,0.5,2.6,5.1000000000000565,5.6,7.600000000000113,0.0,0.0,0.0,0.0,0.0,0.0,0.0,0.0,2
00-0036187,Reggie Gilliam,RB,BUF,2023,5,0,0,0,0,0,0,0,0,0,1,1,3,0,0,0,0,0,0,0,0,0.3,1.3,7.0,7.5,0.0,0.0,0.0,0.0,0.0,0.0,0.0,1.5,0.0,0.0,8.0,5.5,10.0,7.5,69.0,46.0,1.0,0.5,12.9,7.750000000000057,20.9,13.250000000000114,0.0,0.0,0.0,0.0,0.0,0.0,0.0,0.0,3
00-0036187,Reggie Gilliam,RB,BUF,2024,7,0,0,0,0,0,3,7,0,0,0,0,0,0,0,0,0,0,0,0,0,0.7,0.7,5.0,6.0,0.0,0.0,0.0,0.0,0.0,0.0,0.0,0.0,0.0,0.0,1.0,4.5,1.0,5.5,3.0,36.0,0.0,0.5,0.3,6.600000000000057,1.3,11.100000000000113,0.0,0.0,0.0,0.0,0.0,0.0,0.0,0.0,4
00-0036187,Reggie Gilliam,RB,BUF,2025,11,0,0,0,0,0,2,4,0,0,2,2,24,0,0,0,0,0,0,0,0,2.8,4.8,7.0,6.0,0.0,0.0,0.0,0.0,0.0,0.0,7.0,3.5,0.0,0.0,0.0,0.5,0.0,0.5,0.0,1.5,0.0,0.0,0.7,0.5000000000000568,0.7,1.0000000000001137,0.0,0.0,0.0,0.0,0.0,0.0,0.0,0.0,5
00-0036188,Antonio Williams,RB,BUF,2020,1,0,0,0,0,0,12,63,2,0,1,1,20,0,0,0,0,0,0,0,0,20.3,21.3,,7.0,,0.0,,0.0,,0.0,,7.0,,0.0,,0.0,,0.0,,0.0,,0.0,,0.7,,0.7,,0.0,,0.0,,0.0,,0.0,0
00-0036194,Devin Asiasi,TE,NE,2020,4,0,0,0,0,0,0,0,0,0,2,7,39,1,0,0,0,0,0,0,0,9.9,11.9,,,,,,,,,,,,,,,,,,,,,,,,,,,,,,,,,0
00-0036194,Devin Asiasi,TE,CIN,2022,5,0,0,0,0,0,0,0,0,0,2,4,5,0,0,0,0,0,0,0,0,0.5,2.5,4.0,4.0,0.0,0.0,0.0,0.0,0.0,0.0,0.0,0.0,0.0,0.0,2.0,2.0,7.0,7.0,39.0,39.0,1.0,1.0,9.9,9.9,11.9,11.9,0.0,0.0,0.0,0.0,0.0,0.0,0.0,0.0,1
00-0036196,Gabe Davis,WR,BUF,2020,16,0,0,0,0,0,1,0,0,0,35,62,599,7,0,0,0,0,0,0,0,101.9,136.9,,4.0,,0.0,,0.0,,0.0,,0.0,,0.0,,2.0,,7.0,,39.0,,1.0,,9.9,,11.9,,0.0,,0.0,,0.0,,0.0,0
00-0036196,Gabe Davis,WR,BUF,2021,15,0,0,0,0,0,0,0,0,0,35,63,549,6,0,0,0,0,0,0,0,90.9,125.9,16.0,16.0,0.0,0.0,0.0,0.0,0.0,0.0,0.0,0.0,0.0,0.0,35.0,35.0,62.0,62.0,599.0,599.0,7.0,7.0,101.9,101.9,136.9,136.9,0.0,0.0,0.0,0.0,0.0,0.0,0.0,0.0,1
00-0036196,Gabe Davis,WR,BUF,2022,15,0,0,0,0,0,0,0,0,0,48,93,836,7,1,0,0,0,0,0,0,123.6,171.6,15.0,15.5,0.0,0.0,0.0,0.0,0.0,0.0,0.0,0.0,0.0,0.0,35.0,35.0,63.0,62.5,549.0,574.0,6.0,6.5,90.9,96.40000000000006,125.9,131.40000000000012,0.0,0.0,0.0,0.0,0.0,0.0,0.0,0.0,2
00-0036196,Gabe Davis,WR,BUF,2023,16,0,0,0,0,0,1,-2,0,0,45,81,746,7,1,0,0,0,0,0,0,116.4,161.4,15.0,15.0,0.0,0.0,0.0,0.0,0.0,0.0,0.0,0.0,0.0,0.0,48.0,41.5,93.0,78.0,836.0,692.5,7.0,6.5,123.6,107.25000000000006,171.6,148.7500000000001,0.0,0.0,0.0,0.0,0.0,0.0,0.0,0.0,3
00-0036196,Gabe Davis,WR,JAX,2024,10,0,0,0,0,0,0,0,0,0,20,42,239,2,1,0,0,0,0,0,0,33.9,53.9,16.0,15.5,0.0,0.0,0.0,0.0,0.0,0.0,-2.0,-1.0,0.0,0.0,45.0,46.5,81.0,87.0,746.0,791.0,7.0,7.0,116.4,120.00000000000006,161.4,166.5000000000001,0.0,0.0,0.0,0.0,0.0,0.0,0.0,0.0,4
00-0036196,Gabe Davis,WR,BUF,2025,6,0,0,0,0,0,0,0,0,0,12,18,129,1,0,0,0,0,0,0,0,18.9,30.9,10.0,13.0,0.0,0.0,0.0,0.0,0.0,0.0,0.0,-1.0,0.0,0.0,20.0,32.5,42.0,61.5,239.0,492.5,2.0,4.5,33.9,75.15000000000006,53.9,107.65000000000012,0.0,0.0,0.0,0.0,0.0,0.0,0.0,0.0,5
00-0036197,Jake Fromm,QB,NYG,2021,3,27,60,210,1,3,8,65,0,0,0,0,0,0,0,0,0,0,0,0,0,10.9,10.9,,10.0,,0.0,,0.0,,0.0,,0.0,,0.0,,20.0,,42.0,,239.0,,2.0,,33.9,,53.9,,0.0,,0.0,,0.0,,0.0,0
00-0036208,Artavis Pierce,RB,CHI,2020,4,0,0,0,0,0,6,34,1,0,0,0,0,0,0,0,0,0,0,0,0,9.4,9.4,,,,,,,,,,,,,,,,,,,,,,,,,,,,,,,,,0
00-0036208,Artavis Pierce,RB,CHI,2021,1,0,0,0,0,0,0,0,0,0,0,0,0,0,0,0,0,0,0,0,0,0.0,0.0,4.0,4.0,0.0,0.0,0.0,0.0,0.0,0.0,34.0,34.0,1.0,1.0,0.0,0.0,0.0,0.0,0.0,0.0,0.0,0.0,9.4,9.4,9.4,9.4,0.0,0.0,0.0,0.0,0.0,0.0,0.0,0.0,1
00-0036212,Tua Tagovailoa,QB,MIA,2020,10,186,290,1814,11,5,36,109,3,0,0,0,0,0,0,0,0,0,0,0,0,135.46,135.46,,4.0,,0.0,,0.0,,0.0,,34.0,,1.0,,0.0,,0.0,,0.0,,0.0,,9.4,,9.4,,0.0,,0.0,,0.0,,0.0,0
00-0036212,Tua Tagovailoa,QB,MIA,2021,13,263,388,2653,16,10,42,128,3,0,0,0,0,0,0,0,0,0,0,0,0,180.92,180.92,10.0,10.0,1814.0,1814.0,11.0,11.0,5.0,5.0,109.0,109.0,3.0,3.0,0.0,0.0,0.0,0.0,0.0,0.0,0.0,0.0,135.46,135.46,135.46,135.46,0.0,0.0,0.0,0.0,0.0,0.0,0.0,0.0,1
00-0036212,Tua Tagovailoa,QB,MIA,2022,13,259,400,3548,25,8,24,70,0,0,0,0,0,0,0,0,0,0,0,0,0,230.92,230.92,13.0,11.5,2653.0,2233.5,16.0,13.5,10.0,7.5,128.0,118.5,3.0,3.0,0.0,0.0,0.0,0.0,0.0,0.0,0.0,0.0,180.92,158.19000000000005,180.92,158.1900000000001,0.0,0.0,0.0,0.0,0.0,0.0,0.0,0.0,2
00-0036212,Tua Tagovailoa,QB,MIA,2023,17,388,560,4624,29,14,35,74,0,4,0,0,0,0,0,0,0,0,0,0,0,270.36,270.36,13.0,13.0,3548.0,3100.5,25.0,20.5,8.0,9.0,70.0,99.0,0.0,1.5,0.0,0.0,0.0,0.0,0.0,0.0,0.0,0.0,230.92,205.92000000000004,230.92,205.9200000000001,0.0,0.0,0.0,0.0,0.0,0.0,0.0,0.0,3
00-0036212,Tua Tagovailoa,QB,MIA,2024,11,291,399,2867,19,7,17,49,0,0,0,0,0,0,0,0,0,0,0,0,0,181.58,181.58,17.0,15.0,4624.0,4086.0,29.0,27.0,14.0,11.0,74.0,72.0,0.0,0.0,0.0,0.0,0.0,0.0,0.0,0.0,0.0,0.0,270.36,250.64000000000004,270.36,250.6400000000001,0.0,0.0,0.0,0.0,0.0,0.0,0.0,0.0,4
00-0036212,Tua Tagovailoa,QB,MIA,2025,14,260,384,2660,20,15,20,43,0,0,0,0,0,0,0,0,0,0,0,0,0,160.7,160.7,11.0,14.0,2867.0,3745.5,19.0,24.0,7.0,10.5,49.0,61.5,0.0,0.0,0.0,0.0,0.0,0.0,0.0,0.0,0.0,0.0,181.58,225.97000000000008,181.58,225.97000000000014,0.0,0.0,0.0,0.0,0.0,0.0,0.0,0.0,5
00-0036219,Marquez Callaway,WR,NO,2020,9,0,0,0,0,0,0,0,0,0,21,27,213,0,0,0,0,0,0,0,0,21.3,42.3,,11.0,,2867.0,,19.0,,7.0,,49.0,,0.0,,0.0,,0.0,,0.0,,0.0,,181.58,,181.58,,0.0,,0.0,,0.0,,0.0,0
00-0036219,Marquez Callaway,WR,NO,2021,17,0,0,0,0,0,0,0,0,0,46,84,698,6,0,0,0,0,0,0,0,105.8,151.8,9.0,9.0,0.0,0.0,0.0,0.0,0.0,0.0,0.0,0.0,0.0,0.0,21.0,21.0,27.0,27.0,213.0,213.0,0.0,0.0,21.3,21.3,42.3,42.3,0.0,0.0,0.0,0.0,0.0,0.0,0.0,0.0,1
00-0036219,Marquez Callaway,WR,NO,2022,10,0,0,0,0,0,0,0,0,0,16,32,158,1,0,0,0,0,0,0,0,21.8,37.8,17.0,13.0,0.0,0.0,0.0,0.0,0.0,0.0,0.0,0.0,0.0,0.0,46.0,33.5,84.0,55.5,698.0,455.5,6.0,3.0,105.8,63.550000000000054,151.8,97.05000000000013,0.0,0.0,0.0,0.0,0.0,0.0,0.0,0.0,2
00-0036223,Jonathan Taylor,RB,IND,2020,15,0,0,0,0,0,232,1169,11,1,36,39,299,1,0,0,0,0,0,0,0,216.8,252.8,,17.0,,0.0,,0.0,,0.0,,0.0,,0.0,,46.0,,84.0,,698.0,,6.0,,105.8,,151.8,,0.0,,0.0,,0.0,,0.0,0
00-0036223,Jonathan Taylor,RB,IND,2021,17,0,0,0,0,0,332,1811,18,2,40,51,360,2,0,0,0,0,0,0,0,333.1,373.1,15.0,15.0,0.0,0.0,0.0,0.0,0.0,0.0,1169.0,1169.0,11.0,11.0,36.0,36.0,39.0,39.0,299.0,299.0,1.0,1.0,216.8,216.8,252.8,252.8,0.0,0.0,0.0,0.0,0.0,0.0,0.0,0.0,1
00-0036223,Jonathan Taylor,RB,IND,2022,11,0,0,0,0,0,192,861,4,3,28,40,143,0,0,0,0,0,0,0,0,118.4,146.4,17.0,16.0,0.0,0.0,0.0,0.0,0.0,0.0,1811.0,1490.0,18.0,14.5,40.0,38.0,51.0,45.0,360.0,329.5,2.0,1.5,333.1,274.95000000000005,373.1,312.95000000000016,0.0,0.0,0.0,0.0,0.0,0.0,0.0,0.0,2
00-0036223,Jonathan Taylor,RB,IND,2023,10,0,0,0,0,0,169,741,7,0,19,23,153,1,0,0,0,0,0,0,0,137.4,156.4,11.0,14.0,0.0,0.0,0.0,0.0,0.0,0.0,861.0,1336.0,4.0,11.0,28.0,34.0,40.0,45.5,143.0,251.5,0.0,1.0,118.4,225.75000000000006,146.4,259.7500000000001,0.0,0.0,0.0,0.0,0.0,0.0,0.0,0.0,3
00-0036223,Jonathan Taylor,RB,IND,2024,14,0,0,0,0,0,303,1431,11,1,18,31,136,1,0,0,0,0,0,0,0,226.7,244.7,10.0,10.5,0.0,0.0,0.0,0.0,0.0,0.0,741.0,801.0,7.0,5.5,19.0,23.5,23.0,31.5,153.0,148.0,1.0,0.5,137.4,127.90000000000006,156.4,151.40000000000012,0.0,0.0,0.0,0.0,0.0,0.0,0.0,0.0,4
00-0036223,Jonathan Taylor,RB,IND,2025,17,0,0,0,0,0,323,1585,18,1,46,55,378,2,0,0,0,0,0,0,0,316.3,362.3,14.0,12.0,0.0,0.0,0.0,0.0,0.0,0.0,1431.0,1086.0,11.0,9.0,18.0,18.5,31.0,27.0,136.0,144.5,1.0,1.0,226.7,182.05000000000007,244.7,200.55000000000013,0.0,0.0,0.0,0.0,0.0,0.0,0.0,0.0,5
00-0036225,Dalton Keene,TE,NE,2020,3,0,0,0,0,0,0,0,0,0,3,5,16,0,0,0,0,0,0,0,0,1.6,4.6,,14.0,,0.0,,0.0,,0.0,,1431.0,,11.0,,18.0,,31.0,,136.0,,1.0,,226.7,,244.7,,0.0,,0.0,,0.0,,0.0,0
00-0036226,Jacob Eason,QB,IND,2021,1,2,5,25,0,1,0,0,0,0,0,0,0,0,0,0,0,0,0,0,0,-1.0,-1.0,,,,,,,,,,,,,,,,,,,,,,,,,,,,,,,,,0
00-0036226,Jacob Eason,QB,CAR,2022,1,3,5,59,0,1,0,0,0,0,0,0,0,0,0,0,0,0,0,0,0,0.36,0.36,1.0,1.0,25.0,25.0,0.0,0.0,1.0,1.0,0.0,0.0,0.0,0.0,0.0,0.0,0.0,0.0,0.0,0.0,0.0,0.0,-1.0,-1.0,-1.0,-1.0,0.0,0.0,0.0,0.0,0.0,0.0,0.0,0.0,1
00-0036228,Dezmon Patmon,WR,IND,2021,4,0,0,0,0,0,0,0,0,0,2,4,21,1,0,0,0,0,0,0,0,8.1,10.1,,1.0,,25.0,,0.0,,1.0,,0.0,,0.0,,0.0,,0.0,,0.0,,0.0,,-1.0,,-1.0,,0.0,,0.0,,0.0,,0.0,0
00-0036228,Dezmon Patmon,WR,IND,2022,1,0,0,0,0,0,0,0,0,0,2,6,24,0,0,0,0,0,0,0,0,2.4,4.4,4.0,4.0,0.0,0.0,0.0,0.0,0.0,0.0,0.0,0.0,0.0,0.0,2.0,2.0,4.0,4.0,21.0,21.0,1.0,1.0,8.1,8.1,10.1,10.1,0.0,0.0,0.0,0.0,0.0,0.0,0.0,0.0,1
00-0036232,Harrison Bryant,TE,CLE,2020,12,0,0,0,0,0,0,0,0,0,24,38,238,3,2,0,0,0,0,0,0,37.8,61.8,,4.0,,0.0,,0.0,,0.0,,0.0,,0.0,,2.0,,4.0,,21.0,,1.0,,8.1,,10.1,,0.0,,0.0,,0.0,,0.0,0
00-0036232,Harrison Bryant,TE,CLE,2021,15,0,0,0,0,0,0,0,0,0,21,28,233,3,0,0,0,0,0,0,0,41.3,62.3,12.0,12.0,0.0,0.0,0.0,0.0,0.0,0.0,0.0,0.0,0.0,0.0,24.0,24.0,38.0,38.0,238.0,238.0,3.0,3.0,37.8,37.8,61.8,61.8,0.0,0.0,0.0,0.0,0.0,0.0,0.0,0.0,1
00-0036232,Harrison Bryant,TE,CLE,2022,14,0,0,0,0,0,1,8,0,0,31,42,239,1,0,0,0,0,0,0,0,30.7,61.7,15.0,13.5,0.0,0.0,0.0,0.0,0.0,0.0,0.0,0.0,0.0,0.0,21.0,22.5,28.0,33.0,233.0,235.5,3.0,3.0,41.3,39.550000000000054,62.3,62.05000000000011,0.0,0.0,0.0,0.0,0.0,0.0,0.0,0.0,2
00-0036232,Harrison Bryant,TE,CLE,2023,14,0,0,0,0,0,5,8,0,1,13,20,81,3,0,0,0,0,0,0,0,24.9,37.9,14.0,14.5,0.0,0.0,0.0,0.0,0.0,0.0,8.0,4.0,0.0,0.0,31.0,26.0,42.0,35.0,239.0,236.0,1.0,2.0,30.7,36.00000000000006,61.7,62.000000000000114,0.0,0.0,0.0,0.0,0.0,0.0,0.0,0.0,3
00-0036232,Harrison Bryant,TE,LV,2024,6,0,0,0,0,0,0,0,0,0,9,12,86,0,0,0,0,0,0,0,0,8.6,17.6,14.0,14.0,0.0,0.0,0.0,0.0,0.0,0.0,8.0,8.0,0.0,0.0,13.0,22.0,20.0,31.0,81.0,160.0,3.0,2.0,24.9,27.800000000000054,37.9,49.80000000000011,0.0,0.0,0.0,0.0,0.0,0.0,0.0,0.0,4
00-0036232,Harrison Bryant,TE,HOU,2025,5,0,0,0,0,0,0,0,0,0,2,6,7,0,0,0,0,0,0,0,0,0.7,2.7,6.0,10.0,0.0,0.0,0.0,0.0,0.0,0.0,0.0,4.0,0.0,0.0,9.0,11.0,12.0,16.0,86.0,83.5,0.0,1.5,8.6,16.750000000000057,17.6,27.750000000000114,0.0,0.0,0.0,0.0,0.0,0.0,0.0,0.0,5
00-0036233,Donovan Peoples-Jones,WR,CLE,2020,12,0,0,0,0,0,0,0,0,0,14,20,304,2,0,0,0,0,0,0,0,44.4,58.4,,6.0,,0.0,,0.0,,0.0,,0.0,,0.0,,9.0,,12.0,,86.0,,0.0,,8.6,,17.6,,0.0,,0.0,,0.0,,0.0,0
00-0036233,Donovan Peoples-Jones,WR,CLE,2021,13,0,0,0,0,0,0,0,0,0,34,58,597,3,1,0,0,0,0,0,0,75.7,109.7,12.0,12.0,0.0,0.0,0.0,0.0,0.0,0.0,0.0,0.0,0.0,0.0,14.0,14.0,20.0,20.0,304.0,304.0,2.0,2.0,44.4,44.4,58.4,58.4,0.0,0.0,0.0,0.0,0.0,0.0,0.0,0.0,1
00-0036233,Donovan Peoples-Jones,WR,CLE,2022,17,0,0,0,0,0,1,2,0,0,61,96,839,3,1,0,0,0,0,0,0,106.1,167.1,13.0,12.5,0.0,0.0,0.0,0.0,0.0,0.0,0.0,0.0,0.0,0.0,34.0,24.0,58.0,39.0,597.0,450.5,3.0,2.5,75.7,60.050000000000054,109.7,84.05000000000011,0.0,0.0,0.0,0.0,0.0,0.0,0.0,0.0,2
00-0036233,Donovan Peoples-Jones,WR,DET,2023,14,0,0,0,0,0,0,0,0,0,13,25,155,0,0,0,0,0,0,0,0,15.5,28.5,17.0,15.0,0.0,0.0,0.0,0.0,0.0,0.0,2.0,1.0,0.0,0.0,61.0,47.5,96.0,77.0,839.0,718.0,3.0,3.0,106.1,90.90000000000006,167.1,138.40000000000012,0.0,0.0,0.0,0.0,0.0,0.0,0.0,0.0,3
00-0036244,Colby Parkinson,TE,SEA,2020,1,0,0,0,0,0,0,0,0,0,2,2,16,0,0,0,0,0,0,0,0,1.6,3.6,,17.0,,0.0,,0.0,,0.0,,2.0,,0.0,,61.0,,96.0,,839.0,,3.0,,106.1,,167.1,,0.0,,0.0,,0.0,,0.0,0
00-0036244,Colby Parkinson,TE,SEA,2021,5,0,0,0,0,0,0,0,0,0,5,8,33,0,0,0,0,0,0,0,0,3.3,8.3,1.0,1.0,0.0,0.0,0.0,0.0,0.0,0.0,0.0,0.0,0.0,0.0,2.0,2.0,2.0,2.0,16.0,16.0,0.0,0.0,1.6,1.6,3.6,3.6,0.0,0.0,0.0,0.0,0.0,0.0,0.0,0.0,1
00-0036244,Colby Parkinson,TE,SEA,2022,14,0,0,0,0,0,0,0,0,0,25,34,322,2,0,0,0,0,0,0,0,44.2,69.2,5.0,3.0,0.0,0.0,0.0,0.0,0.0,0.0,0.0,0.0,0.0,0.0,5.0,3.5,8.0,5.0,33.0,24.5,0.0,0.0,3.3,2.450000000000064,8.3,5.950000000000128,0.0,0.0,0.0,0.0,0.0,0.0,0.0,0.0,2
00-0036244,Colby Parkinson,TE,SEA,2023,15,0,0,0,0,0,0,0,0,0,25,34,247,2,0,0,0,0,0,0,0,36.7,61.7,14.0,9.5,0.0,0.0,0.0,0.0,0.0,0.0,0.0,0.0,0.0,0.0,25.0,15.0,34.0,21.0,322.0,177.5,2.0,1.0,44.2,23.750000000000064,69.2,38.75000000000013,0.0,0.0,0.0,0.0,0.0,0.0,0.0,0.0,3
00-0036244,Colby Parkinson,TE,LA,2024,16,0,0,0,0,0,0,0,0,0,30,49,294,1,0,0,0,0,0,0,0,35.4,65.4,15.0,14.5,0.0,0.0,0.0,0.0,0.0,0.0,0.0,0.0,0.0,0.0,25.0,25.0,34.0,34.0,247.0,284.5,2.0,2.0,36.7,40.45000000000007,61.7,65.45000000000013,0.0,0.0,0.0,0.0,0.0,0.0,0.0,0.0,4
00-0036244,Colby Parkinson,TE,LA,2025,14,0,0,0,0,0,0,0,0,0,43,56,408,8,1,0,0,0,0,0,0,86.8,129.8,16.0,15.5,0.0,0.0,0.0,0.0,0.0,0.0,0.0,0.0,0.0,0.0,30.0,27.5,49.0,41.5,294.0,270.5,1.0,1.5,35.4,36.05000000000007,65.4,63.55000000000013,0.0,0.0,0.0,0.0,0.0,0.0,0.0,0.0,5
00-0036245,Malcolm Perry,RB,MIA,2020,9,0,0,0,0,0,3,5,0,0,9,13,92,1,0,0,0,0,0,0,0,15.7,24.7,,16.0,,0.0,,0.0,,0.0,,0.0,,0.0,,30.0,,49.0,,294.0,,1.0,,35.4,,65.4,,0.0,,0.0,,0.0,,0.0,0
00-0036247,Freddie Swain,WR,SEA,2020,13,0,0,0,0,0,0,0,0,0,13,21,159,2,0,0,0,0,0,0,0,27.9,40.9,,,,,,,,,,,,,,,,,,,,,,,,,,,,,,,,,0
00-0036247,Freddie Swain,WR,SEA,2021,17,0,0,0,0,0,5,32,0,0,25,40,343,4,0,0,0,0,0,0,0,61.5,86.5,13.0,13.0,0.0,0.0,0.0,0.0,0.0,0.0,0.0,0.0,0.0,0.0,13.0,13.0,21.0,21.0,159.0,159.0,2.0,2.0,27.9,27.9,40.9,40.9,0.0,0.0,0.0,0.0,0.0,0.0,0.0,0.0,1
00-0036247,Freddie Swain,WR,DEN,2022,3,0,0,0,0,0,0,0,0,0,4,6,74,0,0,0,0,0,0,0,0,7.4,11.4,17.0,15.0,0.0,0.0,0.0,0.0,0.0,0.0,32.0,16.0,0.0,0.0,25.0,19.0,40.0,30.5,343.0,251.0,4.0,3.0,61.5,44.70000000000006,86.5,63.70000000000013,0.0,0.0,0.0,0.0,0.0,0.0,0.0,0.0,2
00-0036250,Tyler Davis,TE,JAX,2020,1,0,0,0,0,0,0,0,0,0,0,2,0,0,0,0,0,0,0,0,0,0.0,0.0,,17.0,,0.0,,0.0,,0.0,,32.0,,0.0,,25.0,,40.0,,343.0,,4.0,,61.5,,86.5,,0.0,,0.0,,0.0,,0.0,0
00-0036250,Tyler Davis,TE,GB,2021,8,0,0,0,0,0,0,0,0,0,4,5,35,0,0,0,0,0,0,0,0,3.5,7.5,1.0,1.0,0.0,0.0,0.0,0.0,0.0,0.0,0.0,0.0,0.0,0.0,0.0,0.0,2.0,2.0,0.0,0.0,0.0,0.0,0.0,0.0,0.0,0.0,0.0,0.0,0.0,0.0,0.0,0.0,0.0,0.0,1
00-0036250,Tyler Davis,TE,GB,2022,11,0,0,0,0,0,0,0,0,0,4,7,26,0,0,0,0,0,0,0,0,2.6,6.6,8.0,4.5,0.0,0.0,0.0,0.0,0.0,0.0,0.0,0.0,0.0,0.0,4.0,2.0,5.0,3.5,35.0,17.5,0.0,0.0,3.5,1.750000000000064,7.5,3.750000000000128,0.0,0.0,0.0,0.0,0.0,0.0,0.0,0.0,2
00-0036251,Zack Moss,RB,BUF,2020,13,0,0,0,0,0,112,481,4,0,14,18,95,1,0,0,0,0,0,0,0,87.6,101.6,,8.0,,0.0,,0.0,,0.0,,0.0,,0.0,,4.0,,5.0,,35.0,,0.0,,3.5,,7.5,,0.0,,0.0,,0.0,,0.0,0
00-0036251,Zack Moss,RB,BUF,2021,13,0,0,0,0,0,96,345,4,0,23,32,197,1,1,0,0,0,0,0,0,82.2,105.2,13.0,13.0,0.0,0.0,0.0,0.0,0.0,0.0,481.0,481.0,4.0,4.0,14.0,14.0,18.0,18.0,95.0,95.0,1.0,1.0,87.6,87.6,101.6,101.6,0.0,0.0,0.0,0.0,0.0,0.0,0.0,0.0,1
00-0036251,Zack Moss,RB,IND,2022,13,0,0,0,0,0,93,456,1,1,11,13,39,0,0,0,0,0,0,0,0,53.5,64.5,13.0,13.0,0.0,0.0,0.0,0.0,0.0,0.0,345.0,413.0,4.0,4.0,23.0,18.5,32.0,25.0,197.0,146.0,1.0,1.0,82.2,84.90000000000006,105.2,103.40000000000012,0.0,0.0,0.0,0.0,0.0,0.0,0.0,0.0,2
00-0036251,Zack Moss,RB,IND,2023,14,0,0,0,0,0,183,794,5,0,27,37,192,2,0,0,0,0,0,0,0,142.6,169.6,13.0,13.0,0.0,0.0,0.0,0.0,0.0,0.0,456.0,400.5,1.0,2.5,11.0,17.0,13.0,22.5,39.0,118.0,0.0,0.5,53.5,67.85000000000007,64.5,84.85000000000014,0.0,0.0,0.0,0.0,0.0,0.0,0.0,0.0,3
00-0036251,Zack Moss,RB,CIN,2024,8,0,0,0,0,0,74,242,2,1,23,27,187,1,0,0,0,0,0,0,0,58.9,81.9,14.0,13.5,0.0,0.0,0.0,0.0,0.0,0.0,794.0,625.0,5.0,3.0,27.0,19.0,37.0,25.0,192.0,115.5,2.0,1.0,142.6,98.05000000000007,169.6,117.05000000000013,0.0,0.0,0.0,0.0,0.0,0.0,0.0,0.0,4
00-0036252,Michael Pittman,WR,IND,2020,13,0,0,0,0,0,3,26,0,0,40,61,503,1,0,0,0,0,0,0,0,58.9,98.9,,14.0,,0.0,,0.0,,0.0,,794.0,,5.0,,27.0,,37.0,,192.0,,2.0,,142.6,,169.6,,0.0,,0.0,,0.0,,0.0,0
00-0036252,Michael Pittman,WR,IND,2021,17,0,0,0,0,0,5,44,0,0,88,129,1082,6,0,0,0,0,0,0,0,150.6,238.6,13.0,13.0,0.0,0.0,0.0,0.0,0.0,0.0,26.0,26.0,0.0,0.0,40.0,40.0,61.0,61.0,503.0,503.0,1.0,1.0,58.9,58.9,98.9,98.9,0.0,0.0,0.0,0.0,0.0,0.0,0.0,0.0,1
00-0036252,Michael Pittman,WR,IND,2022,16,0,0,0,0,0,3,30,0,0,99,141,925,4,1,0,0,0,0,0,0,117.5,216.5,17.0,15.0,0.0,0.0,0.0,0.0,0.0,0.0,44.0,35.0,0.0,0.0,88.0,64.0,129.0,95.0,1082.0,792.5,6.0,3.5,150.6,104.75000000000006,238.6,168.7500000000001,0.0,0.0,0.0,0.0,0.0,0.0,0.0,0.0,2
00-0036252,Michael Pittman,WR,IND,2023,16,0,0,0,0,0,0,0,0,0,109,156,1152,4,0,0,0,0,0,0,0,143.2,252.2,16.0,16.5,0.0,0.0,0.0,0.0,0.0,0.0,30.0,37.0,0.0,0.0,99.0,93.5,141.0,135.0,925.0,1003.5,4.0,5.0,117.5,134.05000000000007,216.5,227.55000000000013,0.0,0.0,0.0,0.0,0.0,0.0,0.0,0.0,3
00-0036252,Michael Pittman,WR,IND,2024,16,0,0,0,0,0,0,0,0,0,69,111,808,3,1,0,0,0,0,0,0,96.8,165.8,16.0,16.0,0.0,0.0,0.0,0.0,0.0,0.0,0.0,15.0,0.0,0.0,109.0,104.0,156.0,148.5,1152.0,1038.5,4.0,4.0,143.2,130.35000000000005,252.2,234.35000000000014,0.0,0.0,0.0,0.0,0.0,0.0,0.0,0.0,4
00-0036252,Michael Pittman,WR,IND,2025,17,0,0,0,0,0,0,0,0,0,80,111,784,7,0,0,0,0,0,0,0,122.4,202.4,16.0,16.0,0.0,0.0,0.0,0.0,0.0,0.0,0.0,0.0,0.0,0.0,69.0,89.0,111.0,133.5,808.0,980.0,3.0,3.5,96.8,120.00000000000006,165.8,209.0000000000001,0.0,0.0,0.0,0.0,0.0,0.0,0.0,0.0,5
00-0036254,Collin Johnson,WR,JAX,2020,11,0,0,0,0,0,0,0,0,0,18,31,272,2,0,0,0,0,0,0,0,41.2,59.2,,16.0,,0.0,,0.0,,0.0,,0.0,,0.0,,69.0,,111.0,,808.0,,3.0,,96.8,,165.8,,0.0,,0.0,,0.0,,0.0,0
00-0036254,Collin Johnson,WR,NYG,2021,8,0,0,0,0,0,0,0,0,0,11,21,105,0,0,0,0,0,0,0,0,10.5,21.5,11.0,11.0,0.0,0.0,0.0,0.0,0.0,0.0,0.0,0.0,0.0,0.0,18.0,18.0,31.0,31.0,272.0,272.0,2.0,2.0,41.2,41.2,59.2,59.2,0.0,0.0,0.0,0.0,0.0,0.0,0.0,0.0,1
00-0036254,Collin Johnson,WR,CHI,2023,1,0,0,0,0,0,0,0,0,0,1,1,11,0,0,0,0,0,0,0,0,1.1,2.1,8.0,9.5,0.0,0.0,0.0,0.0,0.0,0.0,0.0,0.0,0.0,0.0,11.0,14.5,21.0,26.0,105.0,188.5,0.0,1.0,10.5,25.85000000000006,21.5,40.35000000000013,0.0,0.0,0.0,0.0,0.0,0.0,0.0,0.0,2
00-0036254,Collin Johnson,WR,CHI,2024,6,0,0,0,0,0,0,0,0,0,1,2,6,0,0,0,0,0,0,0,0,0.6,1.6,1.0,4.5,0.0,0.0,0.0,0.0,0.0,0.0,0.0,0.0,0.0,0.0,1.0,6.0,1.0,11.0,11.0,58.0,0.0,0.0,1.1,5.800000000000057,2.1,11.800000000000129,0.0,0.0,0.0,0.0,0.0,0.0,0.0,0.0,3
00-0036255,Denzel Mims,WR,NYJ,2020,9,0,0,0,0,0,0,0,0,0,23,44,357,0,0,0,0,0,0,0,0,37.7,60.7,,1.0,,0.0,,0.0,,0.0,,0.0,,0.0,,1.0,,1.0,,11.0,,0.0,,1.1,,2.1,,0.0,,0.0,,0.0,,0.0,0
00-0036255,Denzel Mims,WR,NYJ,2021,10,0,0,0,0,0,0,0,0,0,8,23,133,0,0,0,0,0,0,0,0,13.3,21.3,9.0,9.0,0.0,0.0,0.0,0.0,0.0,0.0,0.0,0.0,0.0,0.0,23.0,23.0,44.0,44.0,357.0,357.0,0.0,0.0,37.7,37.7,60.7,60.7,0.0,0.0,0.0,0.0,0.0,0.0,0.0,0.0,1
00-0036255,Denzel Mims,WR,NYJ,2022,9,0,0,0,0,0,0,0,0,0,11,25,186,0,0,0,0,0,0,0,0,18.6,29.6,10.0,9.5,0.0,0.0,0.0,0.0,0.0,0.0,0.0,0.0,0.0,0.0,8.0,15.5,23.0,33.5,133.0,245.0,0.0,0.0,13.3,25.500000000000057,21.3,41.00000000000013,0.0,0.0,0.0,0.0,0.0,0.0,0.0,0.0,2
00-0036259,Jauan Jennings,WR,SF,2021,13,0,0,0,0,0,0,0,0,0,24,38,282,5,0,0,0,0,0,0,0,58.2,82.2,,10.0,,0.0,,0.0,,0.0,,0.0,,0.0,,8.0,,23.0,,133.0,,0.0,,13.3,,21.3,,0.0,,0.0,,0.0,,0.0,0
00-0036259,Jauan Jennings,WR,SF,2022,16,0,0,0,0,0,0,0,0,0,35,56,416,1,0,0,0,0,0,0,0,47.6,82.6,13.0,13.0,0.0,0.0,0.0,0.0,0.0,0.0,0.0,0.0,0.0,0.0,24.0,24.0,38.0,38.0,282.0,282.0,5.0,5.0,58.2,58.2,82.2,82.2,0.0,0.0,0.0,0.0,0.0,0.0,0.0,0.0,1
00-0036259,Jauan Jennings,WR,SF,2023,13,0,0,0,0,0,0,0,0,0,19,33,265,1,0,0,0,0,0,0,0,32.5,51.5,16.0,14.5,0.0,0.0,0.0,0.0,0.0,0.0,0.0,0.0,0.0,0.0,35.0,29.5,56.0,47.0,416.0,349.0,1.0,3.0,47.6,52.90000000000006,82.6,82.40000000000012,0.0,0.0,0.0,0.0,0.0,0.0,0.0,0.0,2
00-0036259,Jauan Jennings,WR,SF,2024,15,0,0,0,0,0,0,0,0,0,77,113,975,6,0,0,0,0,0,0,0,133.5,210.5,13.0,14.5,0.0,0.0,0.0,0.0,0.0,0.0,0.0,0.0,0.0,0.0,19.0,27.0,33.0,44.5,265.0,340.5,1.0,1.0,32.5,40.050000000000054,51.5,67.05000000000013,0.0,0.0,0.0,0.0,0.0,0.0,0.0,0.0,3
00-0036259,Jauan Jennings,WR,SF,2025,15,0,0,0,0,0,0,0,0,0,55,90,643,9,1,0,0,0,0,0,0,118.3,173.3,15.0,14.0,0.0,0.0,0.0,0.0,0.0,0.0,0.0,0.0,0.0,0.0,77.0,48.0,113.0,73.0,975.0,620.0,6.0,3.5,133.5,83.00000000000006,210.5,131.0000000000001,0.0,0.0,0.0,0.0,0.0,0.0,0.0,0.0,4
00-0036261,Brandon Aiyuk,WR,SF,2020,12,0,0,0,0,0,6,77,2,0,60,96,748,5,0,0,0,0,0,0,0,124.5,184.5,,15.0,,0.0,,0.0,,0.0,,0.0,,0.0,,77.0,,113.0,,975.0,,6.0,,133.5,,210.5,,0.0,,0.0,,0.0,,0.0,0
00-0036261,Brandon Aiyuk,WR,SF,2021,17,0,0,0,0,0,5,17,0,0,56,84,826,5,1,0,0,0,0,0,0,114.3,170.3,12.0,12.0,0.0,0.0,0.0,0.0,0.0,0.0,77.0,77.0,2.0,2.0,60.0,60.0,96.0,96.0,748.0,748.0,5.0,5.0,124.5,124.5,184.5,184.5,0.0,0.0,0.0,0.0,0.0,0.0,0.0,0.0,1
00-0036261,Brandon Aiyuk,WR,SF,2022,17,0,0,0,0,0,2,23,0,0,78,114,1015,8,1,0,0,0,0,0,0,149.8,227.8,17.0,14.5,0.0,0.0,0.0,0.0,0.0,0.0,17.0,47.0,0.0,1.0,56.0,58.0,84.0,90.0,826.0,787.0,5.0,5.0,114.3,119.40000000000006,170.3,177.40000000000015,0.0,0.0,0.0,0.0,0.0,0.0,0.0,0.0,2
00-0036261,Brandon Aiyuk,WR,SF,2023,16,0,0,0,0,0,0,0,0,0,75,105,1342,7,1,0,0,0,0,0,0,174.2,249.2,17.0,17.0,0.0,0.0,0.0,0.0,0.0,0.0,23.0,20.0,0.0,0.0,78.0,67.0,114.0,99.0,1015.0,920.5,8.0,6.5,149.8,132.05000000000007,227.8,199.05000000000013,0.0,0.0,0.0,0.0,0.0,0.0,0.0,0.0,3
00-0036261,Brandon Aiyuk,WR,SF,2024,7,0,0,0,0,0,0,0,0,0,25,47,374,0,0,0,0,0,0,0,0,37.4,62.4,16.0,16.5,0.0,0.0,0.0,0.0,0.0,0.0,0.0,11.5,0.0,0.0,75.0,76.5,105.0,109.5,1342.0,1178.5,7.0,7.5,174.2,162.00000000000006,249.2,238.5000000000001,0.0,0.0,0.0,0.0,0.0,0.0,0.0,0.0,4
00-0036264,Jordan Love,QB,GB,2021,6,36,62,411,2,3,12,27,0,0,0,0,0,0,0,0,0,0,0,0,0,21.14,21.14,,16.0,,0.0,,0.0,,0.0,,0.0,,0.0,,75.0,,105.0,,1342.0,,7.0,,174.2,,249.2,,0.0,,0.0,,0.0,,0.0,0
00-0036264,Jordan Love,QB,GB,2022,4,14,21,195,1,0,1,-1,0,0,0,0,0,0,0,0,0,0,0,0,0,11.7,11.7,6.0,6.0,411.0,411.0,2.0,2.0,3.0,3.0,27.0,27.0,0.0,0.0,0.0,0.0,0.0,0.0,0.0,0.0,0.0,0.0,21.14,21.14,21.14,21.14,0.0,0.0,0.0,0.0,0.0,0.0,0.0,0.0,1
00-0036264,Jordan Love,QB,GB,2023,17,372,579,4159,32,11,50,247,4,2,0,0,0,0,0,0,0,0,0,0,0,319.06,319.06,4.0,5.0,195.0,303.0,1.0,1.5,0.0,1.5,-1.0,13.0,0.0,0.0,0.0,0.0,0.0,0.0,0.0,0.0,0.0,0.0,11.7,16.42000000000006,11.7,16.42000000000013,0.0,0.0,0.0,0.0,0.0,0.0,0.0,0.0,2
00-0036264,Jordan Love,QB,GB,2024,15,268,425,3389,25,11,25,83,1,0,0,0,0,0,0,0,0,0,0,0,0,233.86,233.86,17.0,10.5,4159.0,2177.0,32.0,16.5,11.0,5.5,247.0,123.0,4.0,2.0,0.0,0.0,0.0,0.0,0.0,0.0,0.0,0.0,319.06,165.38000000000005,319.06,165.38000000000014,0.0,0.0,0.0,0.0,0.0,0.0,0.0,0.0,3
00-0036264,Jordan Love,QB,GB,2025,15,291,439,3381,23,6,47,199,0,0,0,0,0,0,0,0,0,0,0,0,0,235.14,235.14,15.0,16.0,3389.0,3774.0,25.0,28.5,11.0,11.0,83.0,165.0,1.0,2.5,0.0,0.0,0.0,0.0,0.0,0.0,0.0,0.0,233.86,276.46000000000004,233.86,276.46000000000015,0.0,0.0,0.0,0.0,0.0,0.0,0.0,0.0,4
00-0036265,AJ Dillon,RB,GB,2020,9,0,0,0,0,0,46,242,2,0,2,2,21,0,0,0,0,0,0,0,0,38.3,40.3,,15.0,,3389.0,,25.0,,11.0,,83.0,,1.0,,0.0,,0.0,,0.0,,0.0,,233.86,,233.86,,0.0,,0.0,,0.0,,0.0,0
00-0036265,AJ Dillon,RB,GB,2021,17,0,0,0,0,0,187,803,5,1,34,37,313,2,0,0,0,0,0,0,0,151.6,185.6,9.0,9.0,0.0,0.0,0.0,0.0,0.0,0.0,242.0,242.0,2.0,2.0,2.0,2.0,2.0,2.0,21.0,21.0,0.0,0.0,38.3,38.3,40.3,40.3,0.0,0.0,0.0,0.0,0.0,0.0,0.0,0.0,1
00-0036265,AJ Dillon,RB,GB,2022,17,0,0,0,0,0,186,770,7,0,28,43,206,0,0,0,0,0,0,0,0,139.6,167.6,17.0,13.0,0.0,0.0,0.0,0.0,0.0,0.0,803.0,522.5,5.0,3.5,34.0,18.0,37.0,19.5,313.0,167.0,2.0,1.0,151.6,94.95000000000005,185.6,112.95000000000013,0.0,0.0,0.0,0.0,0.0,0.0,0.0,0.0,2
00-0036265,AJ Dillon,RB,GB,2023,15,0,0,0,0,0,178,613,2,0,22,28,223,0,0,0,0,0,0,0,0,95.6,117.6,17.0,17.0,0.0,0.0,0.0,0.0,0.0,0.0,770.0,786.5,7.0,6.0,28.0,31.0,43.0,40.0,206.0,259.5,0.0,1.0,139.6,145.60000000000005,167.6,176.60000000000014,0.0,0.0,0.0,0.0,0.0,0.0,0.0,0.0,3
00-0036265,AJ Dillon,RB,PHI,2025,6,0,0,0,0,0,12,60,0,0,3,3,21,0,1,0,0,0,0,0,0,6.1,9.1,15.0,16.0,0.0,0.0,0.0,0.0,0.0,0.0,613.0,691.5,2.0,4.5,22.0,25.0,28.0,35.5,223.0,214.5,0.0,0.0,95.6,117.60000000000007,117.6,142.60000000000014,0.0,0.0,0.0,0.0,0.0,0.0,0.0,0.0,4
00-0036268,Laviska Shenault Jr.,WR,JAX,2020,14,0,0,0,0,0,18,91,0,0,58,79,600,5,0,0,0,0,0,0,0,99.1,157.1,,15.0,,0.0,,0.0,,0.0,,613.0,,2.0,,22.0,,28.0,,223.0,,0.0,,95.6,,117.6,,0.0,,0.0,,0.0,,0.0,0
00-0036268,Laviska Shenault Jr.,WR,JAX,2021,16,0,0,0,0,0,11,41,0,0,63,100,619,0,1,0,0,0,0,0,0,64.0,127.0,14.0,14.0,0.0,0.0,0.0,0.0,0.0,0.0,91.0,91.0,0.0,0.0,58.0,58.0,79.0,79.0,600.0,600.0,5.0,5.0,99.1,99.1,157.1,157.1,0.0,0.0,0.0,0.0,0.0,0.0,0.0,0.0,1
00-0036268,Laviska Shenault Jr.,WR,CAR,2022,13,0,0,0,0,0,9,65,1,0,27,32,272,1,0,0,0,0,0,0,0,45.7,72.7,16.0,15.0,0.0,0.0,0.0,0.0,0.0,0.0,41.0,66.0,0.0,0.0,63.0,60.5,100.0,89.5,619.0,609.5,0.0,2.5,64.0,81.55000000000007,127.0,142.05000000000015,0.0,0.0,0.0,0.0,0.0,0.0,0.0,0.0,2
00-0036268,Laviska Shenault Jr.,WR,CAR,2023,8,0,0,0,0,0,12,55,0,0,10,10,60,0,0,0,0,0,0,0,0,11.5,21.5,13.0,14.5,0.0,0.0,0.0,0.0,0.0,0.0,65.0,53.0,1.0,0.5,27.0,45.0,32.0,66.0,272.0,445.5,1.0,0.5,45.7,54.85000000000007,72.7,99.85000000000016,0.0,0.0,0.0,0.0,0.0,0.0,0.0,0.0,3
00-0036268,Laviska Shenault Jr.,WR,SEA,2024,10,0,0,0,0,0,1,1,0,0,5,5,36,0,0,0,0,0,0,0,0,9.7,14.7,8.0,10.5,0.0,0.0,0.0,0.0,0.0,0.0,55.0,60.0,0.0,0.5,10.0,18.5,10.0,21.0,60.0,166.0,0.0,0.5,11.5,28.600000000000072,21.5,47.10000000000016,0.0,0.0,0.0,0.0,0.0,0.0,0.0,0.0,4
00-0036269,La'Mical Perine,RB,NYJ,2020,10,0,0,0,0,0,64,232,2,0,11,15,63,0,0,0,0,0,0,0,0,41.5,52.5,,8.0,,0.0,,0.0,,0.0,,55.0,,0.0,,10.0,,10.0,,60.0,,0.0,,11.5,,21.5,,0.0,,0.0,,0.0,,0.0,0
00-0036269,La'Mical Perine,RB,NYJ,2021,2,0,0,0,0,0,8,31,0,0,0,0,0,0,0,0,0,0,0,0,0,3.1,3.1,10.0,10.0,0.0,0.0,0.0,0.0,0.0,0.0,232.0,232.0,2.0,2.0,11.0,11.0,15.0,15.0,63.0,63.0,0.0,0.0,41.5,41.5,52.5,52.5,0.0,0.0,0.0,0.0,0.0,0.0,0.0,0.0,1
00-0036269,La'Mical Perine,RB,KC,2023,2,0,0,0,0,0,22,77,0,0,3,5,33,0,0,0,0,0,0,0,0,11.0,14.0,2.0,6.0,0.0,0.0,0.0,0.0,0.0,0.0,31.0,131.5,0.0,1.0,0.0,5.5,0.0,7.5,0.0,31.5,0.0,0.0,3.1,22.30000000000007,3.1,27.800000000000157,0.0,0.0,0.0,0.0,0.0,0.0,0.0,0.0,2
00-0036271,Quez Watkins,WR,PHI,2020,4,0,0,0,0,0,0,0,0,0,7,13,106,1,0,0,0,0,0,0,0,16.6,23.6,,2.0,,0.0,,0.0,,0.0,,31.0,,0.0,,0.0,,0.0,,0.0,,0.0,,3.1,,3.1,,0.0,,0.0,,0.0,,0.0,0
00-0036271,Quez Watkins,WR,PHI,2021,17,0,0,0,0,0,1,3,0,0,43,62,647,1,0,0,0,0,0,0,0,73.0,116.0,4.0,4.0,0.0,0.0,0.0,0.0,0.0,0.0,0.0,0.0,0.0,0.0,7.0,7.0,13.0,13.0,106.0,106.0,1.0,1.0,16.6,16.6,23.6,23.6,0.0,0.0,0.0,0.0,0.0,0.0,0.0,0.0,1
00-0036271,Quez Watkins,WR,PHI,2022,17,0,0,0,0,0,3,1,0,0,33,51,354,3,1,0,0,0,0,0,0,51.5,84.5,17.0,10.5,0.0,0.0,0.0,0.0,0.0,0.0,3.0,1.5,0.0,0.0,43.0,25.0,62.0,37.5,647.0,376.5,1.0,1.0,73.0,44.80000000000007,116.0,69.80000000000015,0.0,0.0,0.0,0.0,0.0,0.0,0.0,0.0,2
00-0036271,Quez Watkins,WR,PHI,2023,5,0,0,0,0,0,0,0,0,0,15,21,142,1,0,0,0,0,0,0,0,20.2,35.2,17.0,17.0,0.0,0.0,0.0,0.0,0.0,0.0,1.0,2.0,0.0,0.0,33.0,38.0,51.0,56.5,354.0,500.5,3.0,2.0,51.5,62.25000000000007,84.5,100.25000000000016,0.0,0.0,0.0,0.0,0.0,0.0,0.0,0.0,3
00-0036275,D'Andre Swift,RB,DET,2020,13,0,0,0,0,0,114,521,8,2,46,57,357,2,0,0,0,0,0,0,0,143.8,189.8,,17.0,,0.0,,0.0,,0.0,,1.0,,0.0,,33.0,,51.0,,354.0,,3.0,,51.5,,84.5,,0.0,,0.0,,0.0,,0.0,0
00-0036275,D'Andre Swift,RB,DET,2021,13,0,1,0,0,0,151,617,5,0,62,78,452,2,1,0,0,0,0,0,0,146.9,208.9,13.0,13.0,0.0,0.0,0.0,0.0,0.0,0.0,521.0,521.0,8.0,8.0,46.0,46.0,57.0,57.0,357.0,357.0,2.0,2.0,143.8,143.8,189.8,189.8,0.0,0.0,0.0,0.0,0.0,0.0,0.0,0.0,1
00-0036275,D'Andre Swift,RB,DET,2022,14,0,0,0,0,0,99,542,5,0,48,70,389,3,0,0,0,0,0,0,0,143.1,191.1,13.0,13.0,0.0,0.0,0.0,0.0,0.0,0.0,617.0,569.0,5.0,6.5,62.0,54.0,78.0,67.5,452.0,404.5,2.0,2.0,146.9,145.35000000000008,208.9,199.35000000000016,0.0,0.0,0.0,0.0,0.0,0.0,0.0,0.0,2
00-0036275,D'Andre Swift,RB,PHI,2023,16,0,0,0,0,0,229,1049,5,0,39,49,214,1,1,0,0,0,0,0,0,160.3,199.3,14.0,13.5,0.0,0.0,0.0,0.0,0.0,0.0,542.0,579.5,5.0,5.0,48.0,55.0,70.0,74.0,389.0,420.5,3.0,2.5,143.1,145.00000000000006,191.1,200.00000000000017,0.0,0.0,0.0,0.0,0.0,0.0,0.0,0.0,3
00-0036275,D'Andre Swift,RB,CHI,2024,17,0,0,0,0,0,253,959,6,0,42,52,386,0,0,0,0,0,0,0,0,172.5,214.5,16.0,15.0,0.0,0.0,0.0,0.0,0.0,0.0,1049.0,795.5,5.0,5.0,39.0,43.5,49.0,59.5,214.0,301.5,1.0,2.0,160.3,151.70000000000007,199.3,195.20000000000016,0.0,0.0,0.0,0.0,0.0,0.0,0.0,0.0,4
00-0036275,D'Andre Swift,RB,CHI,2025,16,0,0,0,0,0,223,1087,9,2,34,48,299,1,0,0,0,0,0,0,0,194.6,228.6,17.0,16.5,0.0,0.0,0.0,0.0,0.0,0.0,959.0,1004.0,6.0,5.5,42.0,40.5,52.0,50.5,386.0,300.0,0.0,0.5,172.5,166.4000000000001,214.5,206.90000000000015,0.0,0.0,0.0,0.0,0.0,0.0,0.0,0.0,5
00-0036277,Quintez Cephus,WR,DET,2020,12,0,0,0,0,0,0,0,0,0,20,35,349,2,0,0,0,0,0,0,0,46.9,66.9,,17.0,,0.0,,0.0,,0.0,,959.0,,6.0,,42.0,,52.0,,386.0,,0.0,,172.5,,214.5,,0.0,,0.0,,0.0,,0.0,0
00-0036277,Quintez Cephus,WR,DET,2021,5,0,0,0,0,0,0,0,0,0,15,22,204,2,0,0,0,0,0,0,0,34.4,49.4,12.0,12.0,0.0,0.0,0.0,0.0,0.0,0.0,0.0,0.0,0.0,0.0,20.0,20.0,35.0,35.0,349.0,349.0,2.0,2.0,46.9,46.9,66.9,66.9,0.0,0.0,0.0,0.0,0.0,0.0,0.0,0.0,1
00-0036277,Quintez Cephus,WR,DET,2022,3,0,0,0,0,0,0,0,0,0,2,3,15,0,0,0,0,0,0,0,0,1.5,3.5,5.0,8.5,0.0,0.0,0.0,0.0,0.0,0.0,0.0,0.0,0.0,0.0,15.0,17.5,22.0,28.5,204.0,276.5,2.0,2.0,34.4,40.65000000000007,49.4,58.15000000000016,0.0,0.0,0.0,0.0,0.0,0.0,0.0,0.0,2
00-0036278,Jason Huntley,RB,PHI,2020,4,0,0,0,0,0,5,19,0,0,1,2,0,0,0,0,0,0,0,0,0,1.9,2.9,,5.0,,0.0,,0.0,,0.0,,0.0,,0.0,,15.0,,22.0,,204.0,,2.0,,34.4,,49.4,,0.0,,0.0,,0.0,,0.0,0
00-0036278,Jason Huntley,RB,PHI,2021,1,0,0,0,0,0,13,51,0,0,0,1,0,0,0,0,0,0,0,0,0,5.1,5.1,4.0,4.0,0.0,0.0,0.0,0.0,0.0,0.0,19.0,19.0,0.0,0.0,1.0,1.0,2.0,2.0,0.0,0.0,0.0,0.0,1.9,1.9,2.9,2.9,0.0,0.0,0.0,0.0,0.0,0.0,0.0,0.0,1
00-0036290,Cole Kmet,TE,CHI,2020,15,0,0,0,0,0,1,-3,0,0,28,44,243,2,1,0,0,0,0,0,0,34.0,62.0,,4.0,,0.0,,0.0,,0.0,,19.0,,0.0,,1.0,,2.0,,0.0,,0.0,,1.9,,2.9,,0.0,,0.0,,0.0,,0.0,0
00-0036290,Cole Kmet,TE,CHI,2021,17,0,0,0,0,0,1,0,0,0,60,93,612,0,0,0,0,0,0,0,0,61.2,121.2,15.0,15.0,0.0,0.0,0.0,0.0,0.0,0.0,-3.0,-3.0,0.0,0.0,28.0,28.0,44.0,44.0,243.0,243.0,2.0,2.0,34.0,34.0,62.0,62.0,0.0,0.0,0.0,0.0,0.0,0.0,0.0,0.0,1
00-0036290,Cole Kmet,TE,CHI,2022,17,0,0,0,0,0,2,9,0,0,50,69,544,7,0,0,0,0,0,0,0,97.3,147.3,17.0,16.0,0.0,0.0,0.0,0.0,0.0,0.0,0.0,-1.5,0.0,0.0,60.0,44.0,93.0,68.5,612.0,427.5,0.0,1.0,61.2,47.60000000000007,121.2,91.60000000000016,0.0,0.0,0.0,0.0,0.0,0.0,0.0,0.0,2
00-0036290,Cole Kmet,TE,CHI,2023,16,0,0,0,0,0,3,2,0,0,73,90,719,6,0,0,0,0,0,0,0,108.1,181.1,17.0,17.0,0.0,0.0,0.0,0.0,0.0,0.0,9.0,4.5,0.0,0.0,50.0,55.0,69.0,81.0,544.0,578.0,7.0,3.5,97.3,79.25000000000007,147.3,134.25000000000017,0.0,0.0,0.0,0.0,0.0,0.0,0.0,0.0,3
00-0036290,Cole Kmet,TE,CHI,2024,16,0,0,0,0,0,0,0,0,0,47,55,474,4,0,0,0,0,0,0,0,73.4,120.4,16.0,16.5,0.0,0.0,0.0,0.0,0.0,0.0,2.0,5.5,0.0,0.0,73.0,61.5,90.0,79.5,719.0,631.5,6.0,6.5,108.1,102.70000000000007,181.1,164.20000000000016,0.0,0.0,0.0,0.0,0.0,0.0,0.0,0.0,4
00-0036290,Cole Kmet,TE,CHI,2025,16,0,1,0,0,0,0,0,0,0,30,48,347,2,0,0,0,0,0,0,0,48.7,78.7,16.0,16.0,0.0,0.0,0.0,0.0,0.0,0.0,0.0,1.0,0.0,0.0,47.0,60.0,55.0,72.5,474.0,596.5,4.0,5.0,73.4,90.75000000000007,120.4,150.75000000000017,0.0,0.0,0.0,0.0,0.0,0.0,0.0,0.0,5
00-0036297,Darrynton Evans,RB,TEN,2020,5,0,0,0,0,0,14,54,0,0,2,4,27,1,0,0,0,0,0,0,0,14.1,16.1,,16.0,,0.0,,0.0,,0.0,,0.0,,0.0,,47.0,,55.0,,474.0,,4.0,,73.4,,120.4,,0.0,,0.0,,0.0,,0.0,0
00-0036297,Darrynton Evans,RB,TEN,2021,1,0,0,0,0,0,2,7,0,0,2,2,11,0,0,0,0,0,0,0,0,1.8,3.8,5.0,5.0,0.0,0.0,0.0,0.0,0.0,0.0,54.0,54.0,0.0,0.0,2.0,2.0,4.0,4.0,27.0,27.0,1.0,1.0,14.1,14.1,16.1,16.1,0.0,0.0,0.0,0.0,0.0,0.0,0.0,0.0,1
00-0036297,Darrynton Evans,RB,CHI,2022,3,0,0,0,0,0,14,64,0,0,1,1,33,0,0,0,0,0,0,0,0,9.7,10.7,1.0,3.0,0.0,0.0,0.0,0.0,0.0,0.0,7.0,30.5,0.0,0.0,2.0,2.0,2.0,3.0,11.0,19.0,0.0,0.5,1.8,7.950000000000071,3.8,9.950000000000172,0.0,0.0,0.0,0.0,0.0,0.0,0.0,0.0,2
00-0036297,Darrynton Evans,RB,MIA,2023,6,0,0,0,0,0,32,121,1,0,7,12,49,0,0,0,0,0,0,0,0,23.0,30.0,3.0,2.0,0.0,0.0,0.0,0.0,0.0,0.0,64.0,35.5,0.0,0.0,1.0,1.5,1.0,1.5,33.0,22.0,0.0,0.0,9.7,5.750000000000071,10.7,7.2500000000001705,0.0,0.0,0.0,0.0,0.0,0.0,0.0,0.0,3
00-0036297,Darrynton Evans,RB,CHI,2024,1,0,0,0,0,0,3,3,0,0,0,0,0,0,0,0,0,0,0,0,0,0.3,0.3,6.0,4.5,0.0,0.0,0.0,0.0,0.0,0.0,121.0,92.5,1.0,0.5,7.0,4.0,12.0,6.5,49.0,41.0,0.0,0.0,23.0,16.350000000000072,30.0,20.350000000000172,0.0,0.0,0.0,0.0,0.0,0.0,0.0,0.0,4
00-0036308,Isaiah Coulter,WR,CHI,2021,1,0,0,0,0,0,0,0,0,0,0,1,0,0,0,0,0,0,0,0,0,0.0,0.0,,6.0,,0.0,,0.0,,0.0,,121.0,,1.0,,7.0,,12.0,,49.0,,0.0,,23.0,,30.0,,0.0,,0.0,,0.0,,0.0,0
00-0036309,Darnell Mooney,WR,CHI,2020,16,0,0,0,0,0,4,20,0,0,61,98,631,4,0,0,0,0,0,0,0,91.1,152.1,,,,,,,,,,,,,,,,,,,,,,,,,,,,,,,,,0
00-0036309,Darnell Mooney,WR,CHI,2021,17,0,0,0,0,0,6,32,1,0,81,140,1055,4,0,0,0,0,0,0,0,138.7,219.7,16.0,16.0,0.0,0.0,0.0,0.0,0.0,0.0,20.0,20.0,0.0,0.0,61.0,61.0,98.0,98.0,631.0,631.0,4.0,4.0,91.1,91.1,152.1,152.1,0.0,0.0,0.0,0.0,0.0,0.0,0.0,0.0,1
00-0036309,Darnell Mooney,WR,CHI,2022,11,0,0,0,0,0,1,2,0,0,40,61,493,2,0,0,0,0,0,0,0,61.5,101.5,17.0,16.5,0.0,0.0,0.0,0.0,0.0,0.0,32.0,26.0,1.0,0.5,81.0,71.0,140.0,119.0,1055.0,843.0,4.0,4.0,138.7,114.90000000000006,219.7,185.90000000000015,0.0,0.0,0.0,0.0,0.0,0.0,0.0,0.0,2
00-0036309,Darnell Mooney,WR,CHI,2023,14,0,0,0,0,0,2,5,0,0,31,61,414,1,0,0,0,0,0,0,0,47.9,78.9,11.0,14.0,0.0,0.0,0.0,0.0,0.0,0.0,2.0,17.0,0.0,0.5,40.0,60.5,61.0,100.5,493.0,774.0,2.0,3.0,61.5,100.10000000000007,101.5,160.60000000000016,0.0,0.0,0.0,0.0,0.0,0.0,0.0,0.0,3
00-0036309,Darnell Mooney,WR,ATL,2024,16,0,1,0,0,0,0,0,0,0,64,106,992,5,0,0,0,0,0,0,0,129.2,193.2,14.0,12.5,0.0,0.0,0.0,0.0,0.0,0.0,5.0,3.5,0.0,0.0,31.0,35.5,61.0,61.0,414.0,453.5,1.0,1.5,47.9,54.700000000000074,78.9,90.20000000000017,0.0,0.0,0.0,0.0,0.0,0.0,0.0,0.0,4
00-0036309,Darnell Mooney,WR,ATL,2025,15,0,0,0,0,0,0,0,0,0,32,72,443,1,0,0,0,0,0,0,0,50.3,82.3,16.0,15.0,0.0,0.0,0.0,0.0,0.0,0.0,0.0,2.5,0.0,0.0,64.0,47.5,106.0,83.5,992.0,703.0,5.0,3.0,129.2,88.55000000000007,193.2,136.05000000000018,0.0,0.0,0.0,0.0,0.0,0.0,0.0,0.0,5
00-0036312,Jake Luton,QB,JAX,2020,3,60,110,624,2,6,1,13,1,0,0,0,0,0,0,0,0,0,0,0,0,28.26,28.26,,16.0,,0.0,,0.0,,0.0,,0.0,,0.0,,64.0,,106.0,,992.0,,5.0,,129.2,,193.2,,0.0,,0.0,,0.0,,0.0,0
00-0036322,Justin Jefferson,WR,MIN,2020,16,0,0,0,0,0,1,2,0,0,88,125,1400,7,0,0,0,0,0,0,0,186.2,274.2,,,,,,,,,,,,,,,,,,,,,,,,,,,,,,,,,0
00-0036322,Justin Jefferson,WR,MIN,2021,17,2,4,35,0,0,6,14,0,0,108,167,1616,10,1,0,0,0,0,0,0,222.4,330.4,16.0,16.0,0.0,0.0,0.0,0.0,0.0,0.0,2.0,2.0,0.0,0.0,88.0,88.0,125.0,125.0,1400.0,1400.0,7.0,7.0,186.2,186.2,274.2,274.2,0.0,0.0,0.0,0.0,0.0,0.0,0.0,0.0,1
00-0036322,Justin Jefferson,WR,MIN,2022,17,2,2,34,0,0,4,24,1,0,128,184,1809,8,0,0,0,0,0,0,0,240.66,368.66,17.0,16.5,35.0,17.5,0.0,0.0,0.0,0.0,14.0,8.0,0.0,0.0,108.0,98.0,167.0,146.0,1616.0,1508.0,10.0,8.5,222.4,204.30000000000007,330.4,302.3000000000001,0.0,0.0,0.0,0.0,0.0,0.0,0.0,0.0,2
00-0036322,Justin Jefferson,WR,MIN,2023,10,0,1,0,0,0,1,-12,0,0,68,100,1074,5,1,0,0,0,0,0,0,134.2,202.2,17.0,17.0,34.0,34.5,0.0,0.0,0.0,0.0,24.0,19.0,1.0,0.5,128.0,118.0,184.0,175.5,1809.0,1712.5,8.0,9.0,240.66,231.5300000000001,368.66,349.53000000000014,0.0,0.0,0.0,0.0,0.0,0.0,0.0,0.0,3
00-0036322,Justin Jefferson,WR,MIN,2024,17,1,1,22,0,0,1,3,0,0,103,154,1533,10,0,0,0,0,0,0,0,214.48,317.48,10.0,13.5,0.0,17.0,0.0,0.0,0.0,0.0,-12.0,6.0,0.0,0.5,68.0,98.0,100.0,142.0,1074.0,1441.5,5.0,6.5,134.2,187.43000000000006,202.2,285.4300000000002,0.0,0.0,0.0,0.0,0.0,0.0,0.0,0.0,4
00-0036322,Justin Jefferson,WR,MIN,2025,17,0,0,0,0,0,2,7,0,0,84,141,1048,2,0,0,0,0,0,0,0,117.5,201.5,17.0,13.5,22.0,11.0,0.0,0.0,0.0,0.0,3.0,-4.5,0.0,0.0,103.0,85.5,154.0,127.0,1533.0,1303.5,10.0,7.5,214.48,174.34000000000006,317.48,259.84000000000015,0.0,0.0,0.0,0.0,0.0,0.0,0.0,0.0,5
00-0036326,Chase Claypool,WR,PIT,2020,16,0,0,0,0,0,10,16,2,0,62,109,873,9,1,0,0,0,0,0,0,152.9,214.9,,17.0,,22.0,,0.0,,0.0,,3.0,,0.0,,103.0,,154.0,,1533.0,,10.0,,214.48,,317.48,,0.0,,0.0,,0.0,,0.0,0
00-0036326,Chase Claypool,WR,PIT,2021,15,0,0,0,0,0,14,96,0,0,59,105,860,2,0,0,0,0,0,0,0,107.6,166.6,16.0,16.0,0.0,0.0,0.0,0.0,0.0,0.0,16.0,16.0,2.0,2.0,62.0,62.0,109.0,109.0,873.0,873.0,9.0,9.0,152.9,152.9,214.9,214.9,0.0,0.0,0.0,0.0,0.0,0.0,0.0,0.0,1
00-0036326,Chase Claypool,WR,CHI,2022,15,1,1,1,1,0,9,59,0,0,46,79,451,1,1,0,0,0,0,0,0,59.04,105.04,15.0,15.5,0.0,0.0,0.0,0.0,0.0,0.0,96.0,56.0,0.0,1.0,59.0,60.5,105.0,107.0,860.0,866.5,2.0,5.5,107.6,130.25000000000006,166.6,190.75000000000014,0.0,0.0,0.0,0.0,0.0,0.0,0.0,0.0,2
00-0036326,Chase Claypool,WR,MIA,2023,11,0,0,0,0,0,0,0,0,0,8,21,77,1,0,0,0,0,0,0,0,13.7,21.7,15.0,15.0,1.0,0.5,1.0,0.5,0.0,0.0,59.0,77.5,0.0,0.0,46.0,52.5,79.0,92.0,451.0,655.5,1.0,1.5,59.04,83.32000000000006,105.04,135.82000000000014,0.0,0.0,0.0,0.0,0.0,0.0,0.0,0.0,3
00-0036328,Antonio Gibson,RB,WAS,2020,14,0,0,0,0,0,170,795,11,0,36,44,247,0,2,0,0,0,0,0,0,166.2,202.2,,15.0,,1.0,,1.0,,0.0,,59.0,,0.0,,46.0,,79.0,,451.0,,1.0,,59.04,,105.04,,0.0,,0.0,,0.0,,0.0,0
00-0036328,Antonio Gibson,RB,WAS,2021,16,0,0,0,0,0,258,1037,7,3,42,52,294,3,1,0,0,0,0,0,0,187.1,229.1,14.0,14.0,0.0,0.0,0.0,0.0,0.0,0.0,795.0,795.0,11.0,11.0,36.0,36.0,44.0,44.0,247.0,247.0,0.0,0.0,166.2,166.2,202.2,202.2,0.0,0.0,0.0,0.0,0.0,0.0,0.0,0.0,1
00-0036328,Antonio Gibson,RB,WAS,2022,15,0,0,0,0,0,149,546,3,0,46,58,353,2,0,0,0,0,0,0,0,119.9,165.9,16.0,15.0,0.0,0.0,0.0,0.0,0.0,0.0,1037.0,916.0,7.0,9.0,42.0,39.0,52.0,48.0,294.0,270.5,3.0,1.5,187.1,176.65000000000006,229.1,215.65000000000015,0.0,0.0,0.0,0.0,0.0,0.0,0.0,0.0,2
00-0036328,Antonio Gibson,RB,WAS,2023,16,0,0,0,0,0,65,265,1,1,48,59,389,2,1,0,0,0,0,0,0,79.4,127.4,15.0,15.5,0.0,0.0,0.0,0.0,0.0,0.0,546.0,791.5,3.0,5.0,46.0,44.0,58.0,55.0,353.0,323.5,2.0,2.5,119.9,153.50000000000006,165.9,197.50000000000014,0.0,0.0,0.0,0.0,0.0,0.0,0.0,0.0,3
00-0036328,Antonio Gibson,RB,NE,2024,17,0,0,0,0,0,120,538,1,0,23,29,206,0,0,0,0,0,0,0,0,80.4,103.4,16.0,15.5,0.0,0.0,0.0,0.0,0.0,0.0,265.0,405.5,1.0,2.0,48.0,47.0,59.0,58.5,389.0,371.0,2.0,2.0,79.4,99.65000000000008,127.4,146.65000000000015,0.0,0.0,0.0,0.0,0.0,0.0,0.0,0.0,4
00-0036328,Antonio Gibson,RB,NE,2025,5,0,0,0,0,0,25,106,1,1,2,3,6,0,0,0,0,0,0,0,0,21.2,23.2,17.0,16.5,0.0,0.0,0.0,0.0,0.0,0.0,538.0,401.5,1.0,1.0,23.0,35.5,29.0,44.0,206.0,297.5,0.0,1.0,80.4,79.90000000000008,103.4,115.40000000000015,0.0,0.0,0.0,0.0,0.0,0.0,0.0,0.0,5
00-0036331,Devin Duvernay,WR,BAL,2020,15,0,0,0,0,0,4,70,0,0,20,26,201,0,0,0,0,0,0,0,0,33.1,53.1,,17.0,,0.0,,0.0,,0.0,,538.0,,1.0,,23.0,,29.0,,206.0,,0.0,,80.4,,103.4,,0.0,,0.0,,0.0,,0.0,0
00-0036331,Devin Duvernay,WR,BAL,2021,16,0,0,0,0,0,7,50,0,0,33,47,272,2,0,0,0,0,0,0,0,44.2,77.2,15.0,15.0,0.0,0.0,0.0,0.0,0.0,0.0,70.0,70.0,0.0,0.0,20.0,20.0,26.0,26.0,201.0,201.0,0.0,0.0,33.1,33.1,53.1,53.1,0.0,0.0,0.0,0.0,0.0,0.0,0.0,0.0,1
00-0036331,Devin Duvernay,WR,BAL,2022,14,0,0,0,0,0,12,84,1,0,37,49,407,3,0,0,0,0,0,0,0,79.1,116.1,16.0,15.5,0.0,0.0,0.0,0.0,0.0,0.0,50.0,60.0,0.0,0.0,33.0,26.5,47.0,36.5,272.0,236.5,2.0,1.0,44.2,38.65000000000008,77.2,65.15000000000015,0.0,0.0,0.0,0.0,0.0,0.0,0.0,0.0,2
00-0036331,Devin Duvernay,WR,BAL,2023,13,0,0,0,0,0,4,15,0,0,4,9,18,0,0,0,0,0,0,0,0,3.3,7.3,14.0,15.0,0.0,0.0,0.0,0.0,0.0,0.0,84.0,67.0,1.0,0.5,37.0,35.0,49.0,48.0,407.0,339.5,3.0,2.5,79.1,61.65000000000008,116.1,96.65000000000015,0.0,0.0,0.0,0.0,0.0,0.0,0.0,0.0,3
00-0036331,Devin Duvernay,WR,JAX,2024,13,0,0,0,0,0,4,3,0,0,11,16,79,0,0,0,0,0,0,0,0,8.2,19.2,13.0,13.5,0.0,0.0,0.0,0.0,0.0,0.0,15.0,49.5,0.0,0.5,4.0,20.5,9.0,29.0,18.0,212.5,0.0,1.5,3.3,41.200000000000074,7.3,61.70000000000013,0.0,0.0,0.0,0.0,0.0,0.0,0.0,0.0,4
00-0036331,Devin Duvernay,WR,CHI,2025,17,0,0,0,0,0,0,0,0,0,2,5,26,0,0,0,0,0,0,0,0,2.6,4.6,13.0,13.0,0.0,0.0,0.0,0.0,0.0,0.0,3.0,9.0,0.0,0.0,11.0,7.5,16.0,12.5,79.0,48.5,0.0,0.0,8.2,5.750000000000078,19.2,13.250000000000135,0.0,0.0,0.0,0.0,0.0,0.0,0.0,0.0,5
00-0036332,Josiah Deguara,TE,GB,2020,1,0,0,0,0,0,0,0,0,0,1,2,12,0,0,0,0,0,0,0,0,1.2,2.2,,13.0,,0.0,,0.0,,0.0,,3.0,,0.0,,11.0,,16.0,,79.0,,0.0,,8.2,,19.2,,0.0,,0.0,,0.0,,0.0,0
00-0036332,Josiah Deguara,TE,GB,2021,14,0,0,0,0,0,0,0,0,0,25,33,245,2,0,0,0,0,0,0,0,36.5,61.5,1.0,1.0,0.0,0.0,0.0,0.0,0.0,0.0,0.0,0.0,0.0,0.0,1.0,1.0,2.0,2.0,12.0,12.0,0.0,0.0,1.2,1.2,2.2,2.2,0.0,0.0,0.0,0.0,0.0,0.0,0.0,0.0,1
00-0036332,Josiah Deguara,TE,GB,2022,9,0,0,0,0,0,0,0,0,0,13,15,114,0,0,0,0,0,0,0,0,11.4,24.4,14.0,7.5,0.0,0.0,0.0,0.0,0.0,0.0,0.0,0.0,0.0,0.0,25.0,13.0,33.0,17.5,245.0,128.5,2.0,1.0,36.5,18.85000000000008,61.5,31.850000000000136,0.0,0.0,0.0,0.0,0.0,0.0,0.0,0.0,2
00-0036332,Josiah Deguara,TE,GB,2023,9,0,0,0,0,0,0,0,0,0,8,8,65,0,0,0,0,0,0,0,0,6.5,14.5,9.0,11.5,0.0,0.0,0.0,0.0,0.0,0.0,0.0,0.0,0.0,0.0,13.0,19.0,15.0,24.0,114.0,179.5,0.0,1.0,11.4,23.950000000000077,24.4,42.95000000000013,0.0,0.0,0.0,0.0,0.0,0.0,0.0,0.0,3
00-0036332,Josiah Deguara,TE,JAX,2024,7,0,0,0,0,0,0,0,0,0,3,3,14,0,0,0,0,0,0,0,0,1.4,4.4,9.0,9.0,0.0,0.0,0.0,0.0,0.0,0.0,0.0,0.0,0.0,0.0,8.0,10.5,8.0,11.5,65.0,89.5,0.0,0.0,6.5,8.950000000000077,14.5,19.450000000000134,0.0,0.0,0.0,0.0,0.0,0.0,0.0,0.0,4
00-0036332,Josiah Deguara,TE,ARI,2025,7,0,0,0,0,0,0,0,0,0,3,5,21,1,0,0,0,0,0,0,0,8.1,11.1,7.0,8.0,0.0,0.0,0.0,0.0,0.0,0.0,0.0,0.0,0.0,0.0,3.0,5.5,3.0,5.5,14.0,39.5,0.0,0.0,1.4,3.9500000000000783,4.4,9.450000000000134,0.0,0.0,0.0,0.0,0.0,0.0,0.0,0.0,5
00-0036336,Anthony McFarland,RB,PIT,2020,11,0,0,0,0,0,33,113,0,0,6,9,54,0,0,0,0,0,0,0,0,16.7,22.7,,7.0,,0.0,,0.0,,0.0,,0.0,,0.0,,3.0,,3.0,,14.0,,0.0,,1.4,,4.4,,0.0,,0.0,,0.0,,0.0,0
00-0036336,Anthony McFarland,RB,PIT,2021,2,0,0,0,0,0,3,3,0,0,1,1,11,0,0,0,0,0,0,0,0,1.4,2.4,11.0,11.0,0.0,0.0,0.0,0.0,0.0,0.0,113.0,113.0,0.0,0.0,6.0,6.0,9.0,9.0,54.0,54.0,0.0,0.0,16.7,16.7,22.7,22.7,0.0,0.0,0.0,0.0,0.0,0.0,0.0,0.0,1
00-0036336,Anthony McFarland,RB,PIT,2022,1,0,0,0,0,0,6,30,0,0,2,2,11,0,0,0,0,0,0,0,0,4.1,6.1,2.0,6.5,0.0,0.0,0.0,0.0,0.0,0.0,3.0,58.0,0.0,0.0,1.0,3.5,1.0,5.0,11.0,32.5,0.0,0.0,1.4,9.050000000000077,2.4,12.550000000000136,0.0,0.0,0.0,0.0,0.0,0.0,0.0,0.0,2
00-0036336,Anthony McFarland,RB,PIT,2023,3,0,0,0,0,0,0,0,0,0,2,2,11,0,0,0,0,0,0,0,0,1.1,3.1,1.0,1.5,0.0,0.0,0.0,0.0,0.0,0.0,30.0,16.5,0.0,0.0,2.0,1.5,2.0,1.5,11.0,11.0,0.0,0.0,4.1,2.750000000000078,6.1,4.250000000000137,0.0,0.0,0.0,0.0,0.0,0.0,0.0,0.0,3
00-0036340,Antonio Gandy-Golden,WR,WAS,2020,4,0,0,0,0,0,1,22,0,0,1,7,3,0,0,0,0,0,0,0,0,2.5,3.5,,1.0,,0.0,,0.0,,0.0,,30.0,,0.0,,2.0,,2.0,,11.0,,0.0,,4.1,,6.1,,0.0,,0.0,,0.0,,0.0,0
00-0036340,Antonio Gandy-Golden,WR,WAS,2021,1,0,0,0,0,0,0,0,0,0,0,0,0,0,0,0,0,0,0,0,0,0.0,0.0,4.0,4.0,0.0,0.0,0.0,0.0,0.0,0.0,22.0,22.0,0.0,0.0,1.0,1.0,7.0,7.0,3.0,3.0,0.0,0.0,2.5,2.5,3.5,3.5,0.0,0.0,0.0,0.0,0.0,0.0,0.0,0.0,1
00-0036345,K.J. Osborn,WR,MIN,2020,8,0,0,0,0,0,0,0,0,0,0,0,0,0,0,0,0,0,0,0,0,0.0,0.0,,4.0,,0.0,,0.0,,0.0,,22.0,,0.0,,1.0,,7.0,,3.0,,0.0,,2.5,,3.5,,0.0,,0.0,,0.0,,0.0,0
00-0036345,K.J. Osborn,WR,MIN,2021,17,0,0,0,0,0,1,10,0,0,50,82,655,7,0,0,0,0,0,0,0,108.5,158.5,8.0,8.0,0.0,0.0,0.0,0.0,0.0,0.0,0.0,0.0,0.0,0.0,0.0,0.0,0.0,0.0,0.0,0.0,0.0,0.0,0.0,0.0,0.0,0.0,0.0,0.0,0.0,0.0,0.0,0.0,0.0,0.0,1
00-0036345,K.J. Osborn,WR,MIN,2022,17,0,0,0,0,0,3,6,0,0,60,90,650,5,0,0,0,0,0,0,0,95.6,155.6,17.0,12.5,0.0,0.0,0.0,0.0,0.0,0.0,10.0,5.0,0.0,0.0,50.0,25.0,82.0,41.0,655.0,327.5,7.0,3.5,108.5,54.25000000000008,158.5,79.25000000000014,0.0,0.0,0.0,0.0,0.0,0.0,0.0,0.0,2
00-0036345,K.J. Osborn,WR,MIN,2023,15,0,0,0,0,0,0,0,0,0,48,75,540,3,0,0,0,0,0,0,0,72.0,120.0,17.0,17.0,0.0,0.0,0.0,0.0,0.0,0.0,6.0,8.0,0.0,0.0,60.0,55.0,90.0,86.0,650.0,652.5,5.0,6.0,95.6,102.05000000000007,155.6,157.05000000000013,0.0,0.0,0.0,0.0,0.0,0.0,0.0,0.0,3
00-0036345,K.J. Osborn,WR,WAS,2024,7,0,0,0,0,0,0,0,0,0,7,18,57,1,0,0,0,0,0,0,0,11.7,18.7,15.0,16.0,0.0,0.0,0.0,0.0,0.0,0.0,0.0,3.0,0.0,0.0,48.0,54.0,75.0,82.5,540.0,595.0,3.0,4.0,72.0,83.80000000000007,120.0,137.80000000000013,0.0,0.0,0.0,0.0,0.0,0.0,0.0,0.0,4
00-0036355,Justin Herbert,QB,LAC,2020,15,396,595,4336,31,10,55,234,5,0,0,0,0,0,0,0,0,0,0,0,0,332.84,332.84,,15.0,,0.0,,0.0,,0.0,,0.0,,0.0,,48.0,,75.0,,540.0,,3.0,,72.0,,120.0,,0.0,,0.0,,0.0,,0.0,0
00-0036355,Justin Herbert,QB,LAC,2021,17,443,672,5014,38,15,63,302,3,0,0,0,0,0,0,0,0,0,0,0,0,380.76,380.76,15.0,15.0,4336.0,4336.0,31.0,31.0,10.0,10.0,234.0,234.0,5.0,5.0,0.0,0.0,0.0,0.0,0.0,0.0,0.0,0.0,332.84,332.84,332.84,332.84,0.0,0.0,0.0,0.0,0.0,0.0,0.0,0.0,1
00-0036355,Justin Herbert,QB,LAC,2022,17,477,699,4739,25,10,54,147,0,0,2,2,-10,0,0,0,0,0,0,0,0,279.26,281.26,17.0,16.0,5014.0,4675.0,38.0,34.5,15.0,12.5,302.0,268.0,3.0,4.0,0.0,0.0,0.0,0.0,0.0,0.0,0.0,0.0,380.76,356.80000000000007,380.76,356.8000000000001,0.0,0.0,0.0,0.0,0.0,0.0,0.0,0.0,2
00-0036355,Justin Herbert,QB,LAC,2023,13,297,456,3134,20,7,52,228,3,0,1,1,10,0,0,0,0,0,0,0,0,233.16,234.16,17.0,17.0,4739.0,4876.5,25.0,31.5,10.0,12.5,147.0,224.5,0.0,1.5,2.0,1.0,2.0,1.0,-10.0,-5.0,0.0,0.0,279.26,330.01000000000005,281.26,331.0100000000001,0.0,0.0,0.0,0.0,0.0,0.0,0.0,0.0,3
00-0036355,Justin Herbert,QB,LAC,2024,17,332,504,3870,23,3,69,306,2,1,0,0,0,0,0,0,0,0,0,0,0,285.4,285.4,13.0,15.0,3134.0,3936.5,20.0,22.5,7.0,8.5,228.0,187.5,3.0,1.5,1.0,1.5,1.0,1.5,10.0,0.0,0.0,0.0,233.16,256.21000000000004,234.16,257.71000000000015,0.0,0.0,0.0,0.0,0.0,0.0,0.0,0.0,4
00-0036355,Justin Herbert,QB,LAC,2025,16,340,512,3727,26,13,83,498,2,1,0,0,0,0,0,0,0,0,0,0,0,286.88,286.88,17.0,15.0,3870.0,3502.0,23.0,21.5,3.0,5.0,306.0,267.0,2.0,2.5,0.0,0.5,0.0,0.5,0.0,5.0,0.0,0.0,285.4,259.28000000000003,285.4,259.78000000000014,0.0,0.0,0.0,0.0,0.0,0.0,0.0,0.0,5
00-0036357,Henry Ruggs III,WR,LV,2020,13,0,0,0,0,0,9,49,0,1,26,43,452,2,1,0,0,0,0,0,0,58.1,84.1,,17.0,,3870.0,,23.0,,3.0,,306.0,,2.0,,0.0,,0.0,,0.0,,0.0,,285.4,,285.4,,0.0,,0.0,,0.0,,0.0,0
00-0036357,Henry Ruggs III,WR,LV,2021,7,0,0,0,0,0,3,16,0,0,24,36,469,2,0,0,0,0,0,0,0,60.5,84.5,13.0,13.0,0.0,0.0,0.0,0.0,0.0,0.0,49.0,49.0,0.0,0.0,26.0,26.0,43.0,43.0,452.0,452.0,2.0,2.0,58.1,58.1,84.1,84.1,0.0,0.0,0.0,0.0,0.0,0.0,0.0,0.0,1
00-0036358,CeeDee Lamb,WR,DAL,2020,16,0,0,0,0,0,10,82,1,0,74,111,935,5,1,0,0,0,0,0,0,143.7,217.7,,13.0,,0.0,,0.0,,0.0,,49.0,,0.0,,26.0,,43.0,,452.0,,2.0,,58.1,,84.1,,0.0,,0.0,,0.0,,0.0,0
00-0036358,CeeDee Lamb,WR,DAL,2021,16,0,0,0,0,0,9,76,0,0,79,120,1102,6,0,0,0,0,0,0,0,153.8,232.8,16.0,16.0,0.0,0.0,0.0,0.0,0.0,0.0,82.0,82.0,1.0,1.0,74.0,74.0,111.0,111.0,935.0,935.0,5.0,5.0,143.7,143.7,217.7,217.7,0.0,0.0,0.0,0.0,0.0,0.0,0.0,0.0,1
00-0036358,CeeDee Lamb,WR,DAL,2022,17,0,0,0,0,0,10,47,0,0,107,156,1359,9,0,0,0,0,0,0,0,194.6,301.6,16.0,16.0,0.0,0.0,0.0,0.0,0.0,0.0,76.0,79.0,0.0,0.5,79.0,76.5,120.0,115.5,1102.0,1018.5,6.0,5.5,153.8,148.75000000000006,232.8,225.25000000000017,0.0,0.0,0.0,0.0,0.0,0.0,0.0,0.0,2
00-0036358,CeeDee Lamb,WR,DAL,2023,17,0,0,0,0,0,14,113,2,0,135,181,1749,12,2,0,0,0,0,0,0,268.2,403.2,17.0,16.5,0.0,0.0,0.0,0.0,0.0,0.0,47.0,61.5,0.0,0.0,107.0,93.0,156.0,138.0,1359.0,1230.5,9.0,7.5,194.6,174.20000000000005,301.6,267.20000000000016,0.0,0.0,0.0,0.0,0.0,0.0,0.0,0.0,3
00-0036358,CeeDee Lamb,WR,DAL,2024,15,0,0,0,0,0,14,70,0,0,101,152,1194,6,1,0,0,0,0,0,0,162.4,263.4,17.0,17.0,0.0,0.0,0.0,0.0,0.0,0.0,113.0,80.0,2.0,1.0,135.0,121.0,181.0,168.5,1749.0,1554.0,12.0,10.5,268.2,231.40000000000006,403.2,352.4000000000002,0.0,0.0,0.0,0.0,0.0,0.0,0.0,0.0,4
00-0036358,CeeDee Lamb,WR,DAL,2025,13,0,0,0,0,0,1,2,0,0,75,117,1077,3,0,0,0,0,0,0,0,125.9,200.9,15.0,16.0,0.0,0.0,0.0,0.0,0.0,0.0,70.0,91.5,0.0,1.0,101.0,118.0,152.0,166.5,1194.0,1471.5,6.0,9.0,162.4,215.30000000000007,263.4,333.3000000000002,0.0,0.0,0.0,0.0,0.0,0.0,0.0,0.0,5
00-0036360,Clyde Edwards-Helaire,RB,KC,2020,13,0,0,0,0,0,181,803,4,0,36,54,297,1,0,0,0,0,0,0,0,140.0,176.0,,15.0,,0.0,,0.0,,0.0,,70.0,,0.0,,101.0,,152.0,,1194.0,,6.0,,162.4,,263.4,,0.0,,0.0,,0.0,,0.0,0
00-0036360,Clyde Edwards-Helaire,RB,KC,2021,10,0,0,0,0,0,119,517,4,2,19,23,129,2,0,0,0,0,0,0,0,98.6,117.6,13.0,13.0,0.0,0.0,0.0,0.0,0.0,0.0,803.0,803.0,4.0,4.0,36.0,36.0,54.0,54.0,297.0,297.0,1.0,1.0,140.0,140.0,176.0,176.0,0.0,0.0,0.0,0.0,0.0,0.0,0.0,0.0,1
00-0036360,Clyde Edwards-Helaire,RB,KC,2022,10,0,0,0,0,0,71,302,3,0,17,23,151,3,0,0,0,0,0,0,0,81.3,98.3,10.0,11.5,0.0,0.0,0.0,0.0,0.0,0.0,517.0,660.0,4.0,4.0,19.0,27.5,23.0,38.5,129.0,213.0,2.0,1.5,98.6,119.30000000000005,117.6,146.80000000000018,0.0,0.0,0.0,0.0,0.0,0.0,0.0,0.0,2
00-0036360,Clyde Edwards-Helaire,RB,KC,2023,15,0,0,0,0,0,70,223,1,0,17,22,188,1,0,0,0,0,0,0,0,53.1,70.1,10.0,10.0,0.0,0.0,0.0,0.0,0.0,0.0,302.0,409.5,3.0,3.5,17.0,18.0,23.0,23.0,151.0,140.0,3.0,2.5,81.3,89.95000000000005,98.3,107.95000000000016,0.0,0.0,0.0,0.0,0.0,0.0,0.0,0.0,3
00-0036360,Clyde Edwards-Helaire,RB,NO,2024,2,0,0,0,0,0,13,46,0,0,3,5,24,0,0,0,0,0,0,0,0,7.0,10.0,15.0,12.5,0.0,0.0,0.0,0.0,0.0,0.0,223.0,262.5,1.0,2.0,17.0,17.0,22.0,22.5,188.0,169.5,1.0,2.0,53.1,67.20000000000006,70.1,84.20000000000016,0.0,0.0,0.0,0.0,0.0,0.0,0.0,0.0,4
00-0036360,Clyde Edwards-Helaire,RB,KC,2025,2,0,0,0,0,0,7,13,0,0,2,2,9,0,0,0,0,0,0,0,0,2.2,4.2,2.0,8.5,0.0,0.0,0.0,0.0,0.0,0.0,46.0,134.5,0.0,0.5,3.0,10.0,5.0,13.5,24.0,106.0,0.0,0.5,7.0,30.050000000000058,10.0,40.05000000000017,0.0,0.0,0.0,0.0,0.0,0.0,0.0,0.0,5
00-0036364,Lynn Bowden,WR,MIA,2020,9,1,2,32,0,0,9,32,0,0,28,37,211,0,0,0,0,0,0,0,0,25.58,53.58,,2.0,,0.0,,0.0,,0.0,,46.0,,0.0,,3.0,,5.0,,24.0,,0.0,,7.0,,10.0,,0.0,,0.0,,0.0,,0.0,0
00-0036364,Lynn Bowden,WR,NO,2023,8,0,0,0,0,0,5,32,0,0,11,16,83,0,0,0,0,0,0,0,0,11.5,22.5,9.0,9.0,32.0,32.0,0.0,0.0,0.0,0.0,32.0,32.0,0.0,0.0,28.0,28.0,37.0,37.0,211.0,211.0,0.0,0.0,25.58,25.58,53.58,53.58,0.0,0.0,0.0,0.0,0.0,0.0,0.0,0.0,1
00-0036365,Bryan Edwards,WR,LV,2020,9,0,0,0,0,0,0,0,0,0,11,15,193,1,0,0,0,0,0,0,0,25.3,36.3,,9.0,,32.0,,0.0,,0.0,,32.0,,0.0,,28.0,,37.0,,211.0,,0.0,,25.58,,53.58,,0.0,,0.0,,0.0,,0.0,0
00-0036365,Bryan Edwards,WR,LV,2021,16,0,0,0,0,0,1,0,0,0,34,59,571,3,0,0,0,0,0,0,0,75.1,109.1,9.0,9.0,0.0,0.0,0.0,0.0,0.0,0.0,0.0,0.0,0.0,0.0,11.0,11.0,15.0,15.0,193.0,193.0,1.0,1.0,25.3,25.3,36.3,36.3,0.0,0.0,0.0,0.0,0.0,0.0,0.0,0.0,1
00-0036365,Bryan Edwards,WR,ATL,2022,4,0,0,0,0,0,0,0,0,0,3,5,15,0,0,0,0,0,0,0,0,1.5,4.5,16.0,12.5,0.0,0.0,0.0,0.0,0.0,0.0,0.0,0.0,0.0,0.0,34.0,22.5,59.0,37.0,571.0,382.0,3.0,2.0,75.1,50.20000000000005,109.1,72.70000000000016,0.0,0.0,0.0,0.0,0.0,0.0,0.0,0.0,2
00-0036370,Joshua Kelley,RB,LAC,2020,13,0,0,0,0,0,111,354,2,2,23,23,148,0,0,0,0,0,0,0,0,58.2,81.2,,16.0,,0.0,,0.0,,0.0,,0.0,,0.0,,34.0,,59.0,,571.0,,3.0,,75.1,,109.1,,0.0,,0.0,,0.0,,0.0,0
00-0036370,Joshua Kelley,RB,LAC,2021,8,0,0,0,0,0,33,102,0,1,5,6,38,0,0,0,0,0,0,0,0,12.0,17.0,13.0,13.0,0.0,0.0,0.0,0.0,0.0,0.0,354.0,354.0,2.0,2.0,23.0,23.0,23.0,23.0,148.0,148.0,0.0,0.0,58.2,58.2,81.2,81.2,0.0,0.0,0.0,0.0,0.0,0.0,0.0,0.0,1
00-0036370,Joshua Kelley,RB,LAC,2022,12,0,0,0,0,0,69,287,2,0,14,25,101,0,0,0,0,0,0,0,0,50.8,64.8,8.0,10.5,0.0,0.0,0.0,0.0,0.0,0.0,102.0,228.0,0.0,1.0,5.0,14.0,6.0,14.5,38.0,93.0,0.0,0.0,12.0,35.10000000000006,17.0,49.10000000000017,0.0,0.0,0.0,0.0,0.0,0.0,0.0,0.0,2
00-0036370,Joshua Kelley,RB,LAC,2023,17,0,0,0,0,0,107,405,2,1,8,12,32,0,0,0,0,0,0,0,0,53.7,61.7,12.0,10.0,0.0,0.0,0.0,0.0,0.0,0.0,287.0,194.5,2.0,1.0,14.0,9.5,25.0,15.5,101.0,69.5,0.0,0.0,50.8,31.400000000000055,64.8,40.90000000000017,0.0,0.0,0.0,0.0,0.0,0.0,0.0,0.0,3
00-0036370,Joshua Kelley,RB,TEN,2024,1,0,0,0,0,0,1,2,0,0,0,0,0,0,0,0,0,0,0,0,0,0.2,0.2,17.0,14.5,0.0,0.0,0.0,0.0,0.0,0.0,405.0,346.0,2.0,2.0,8.0,11.0,12.0,18.5,32.0,66.5,0.0,0.0,53.7,52.25000000000006,61.7,63.25000000000017,0.0,0.0,0.0,0.0,0.0,0.0,0.0,0.0,4
00-0036377,Joe Reed,WR,LAC,2020,10,0,0,0,0,0,5,29,1,0,0,1,0,0,0,0,0,0,0,0,0,8.9,8.9,,17.0,,0.0,,0.0,,0.0,,405.0,,2.0,,8.0,,12.0,,32.0,,0.0,,53.7,,61.7,,0.0,,0.0,,0.0,,0.0,0
00-0036382,K.J. Hill,WR,LAC,2020,12,0,0,0,0,0,0,0,0,0,7,11,73,0,0,0,0,0,0,0,0,7.3,14.3,,,,,,,,,,,,,,,,,,,,,,,,,,,,,,,,,0
00-0036382,K.J. Hill,WR,LAC,2021,6,0,0,0,0,0,0,0,0,0,3,3,30,0,0,0,0,0,0,0,0,3.0,6.0,12.0,12.0,0.0,0.0,0.0,0.0,0.0,0.0,0.0,0.0,0.0,0.0,7.0,7.0,11.0,11.0,73.0,73.0,0.0,0.0,7.3,7.3,14.3,14.3,0.0,0.0,0.0,0.0,0.0,0.0,0.0,0.0,1
00-0036383,Eno Benjamin,RB,ARI,2021,8,0,0,0,0,0,34,118,1,0,6,7,42,0,0,0,0,0,0,0,0,22.0,28.0,,12.0,,0.0,,0.0,,0.0,,0.0,,0.0,,7.0,,11.0,,73.0,,0.0,,7.3,,14.3,,0.0,,0.0,,0.0,,0.0,0
00-0036383,Eno Benjamin,RB,NO,2022,13,0,0,0,0,0,77,313,2,0,25,34,193,0,0,0,0,0,0,0,0,64.6,89.6,8.0,8.0,0.0,0.0,0.0,0.0,0.0,0.0,118.0,118.0,1.0,1.0,6.0,6.0,7.0,7.0,42.0,42.0,0.0,0.0,22.0,22.0,28.0,28.0,0.0,0.0,0.0,0.0,0.0,0.0,0.0,0.0,1
00-0036384,Ben DiNucci,QB,DAL,2020,2,23,43,219,0,0,6,22,0,0,0,0,0,0,0,0,0,0,0,0,0,6.96,6.96,,8.0,,0.0,,0.0,,0.0,,118.0,,1.0,,6.0,,7.0,,42.0,,0.0,,22.0,,28.0,,0.0,,0.0,,0.0,,0.0,0
00-0036387,Jalen Reagor,WR,PHI,2020,11,0,0,0,0,0,4,26,0,0,31,54,396,1,0,0,0,0,0,0,0,56.2,87.2,,,,,,,,,,,,,,,,,,,,,,,,,,,,,,,,,0
00-0036387,Jalen Reagor,WR,PHI,2021,17,0,0,0,0,0,10,32,0,0,33,57,299,2,0,0,0,0,0,0,0,45.1,78.1,11.0,11.0,0.0,0.0,0.0,0.0,0.0,0.0,26.0,26.0,0.0,0.0,31.0,31.0,54.0,54.0,396.0,396.0,1.0,1.0,56.2,56.2,87.2,87.2,0.0,0.0,0.0,0.0,0.0,0.0,0.0,0.0,1
00-0036387,Jalen Reagor,WR,MIN,2022,17,0,0,0,0,0,4,25,0,0,8,13,104,1,0,0,0,0,0,0,0,18.9,26.9,17.0,14.0,0.0,0.0,0.0,0.0,0.0,0.0,32.0,29.0,0.0,0.0,33.0,32.0,57.0,55.5,299.0,347.5,2.0,1.5,45.1,50.65000000000006,78.1,82.65000000000018,0.0,0.0,0.0,0.0,0.0,0.0,0.0,0.0,2
00-0036387,Jalen Reagor,WR,NE,2023,9,0,0,0,0,0,1,17,0,0,7,23,138,0,0,0,0,0,0,0,0,21.5,28.5,17.0,17.0,0.0,0.0,0.0,0.0,0.0,0.0,25.0,28.5,0.0,0.0,8.0,20.5,13.0,35.0,104.0,201.5,1.0,1.5,18.9,32.00000000000006,26.9,52.50000000000017,0.0,0.0,0.0,0.0,0.0,0.0,0.0,0.0,3
00-0036387,Jalen Reagor,WR,LAC,2024,7,0,0,0,0,0,3,-3,0,0,7,12,100,0,1,0,0,0,0,0,0,7.7,14.7,9.0,13.0,0.0,0.0,0.0,0.0,0.0,0.0,17.0,21.0,0.0,0.0,7.0,7.5,23.0,18.0,138.0,121.0,0.0,0.5,21.5,20.200000000000056,28.5,27.70000000000017,0.0,0.0,0.0,0.0,0.0,0.0,0.0,0.0,4
00-0036389,Jalen Hurts,QB,PHI,2020,14,77,148,1061,6,4,63,354,3,2,1,1,3,0,0,0,0,0,0,0,0,108.14,109.14,,9.0,,0.0,,0.0,,0.0,,17.0,,0.0,,7.0,,23.0,,138.0,,0.0,,21.5,,28.5,,0.0,,0.0,,0.0,,0.0,0
00-0036389,Jalen Hurts,QB,PHI,2021,15,265,432,3144,16,9,139,784,10,1,0,1,0,0,0,0,0,0,0,0,0,312.16,312.16,14.0,14.0,1061.0,1061.0,6.0,6.0,4.0,4.0,354.0,354.0,3.0,3.0,1.0,1.0,1.0,1.0,3.0,3.0,0.0,0.0,108.14,108.14,109.14,109.14,0.0,0.0,0.0,0.0,0.0,0.0,0.0,0.0,1
00-0036389,Jalen Hurts,QB,PHI,2022,15,306,460,3701,22,6,165,760,13,0,0,0,0,0,0,0,0,0,0,0,0,378.04,378.04,15.0,14.5,3144.0,2102.5,16.0,11.0,9.0,6.5,784.0,569.0,10.0,6.5,0.0,0.5,1.0,1.0,0.0,1.5,0.0,0.0,312.16,210.15000000000006,312.16,210.65000000000018,0.0,0.0,0.0,0.0,0.0,0.0,0.0,0.0,2
00-0036389,Jalen Hurts,QB,PHI,2023,17,352,538,3858,23,15,157,605,15,4,0,0,0,0,0,0,0,0,0,0,0,356.82,356.82,15.0,15.0,3701.0,3422.5,22.0,19.0,6.0,7.5,760.0,772.0,13.0,11.5,0.0,0.0,0.0,0.5,0.0,0.0,0.0,0.0,378.04,345.1000000000001,378.04,345.1000000000002,0.0,0.0,0.0,0.0,0.0,0.0,0.0,0.0,3
00-0036389,Jalen Hurts,QB,PHI,2024,15,248,361,2903,18,5,150,630,14,2,0,0,0,0,0,0,0,0,0,0,0,315.12,315.12,17.0,16.0,3858.0,3779.5,23.0,22.5,15.0,10.5,605.0,682.5,15.0,14.0,0.0,0.0,0.0,0.0,0.0,0.0,0.0,0.0,356.82,367.43000000000006,356.82,367.4300000000002,0.0,0.0,0.0,0.0,0.0,0.0,0.0,0.0,4
00-0036389,Jalen Hurts,QB,PHI,2025,16,294,454,3224,25,6,105,421,8,2,0,0,0,0,0,0,0,0,0,0,0,301.06,301.06,15.0,16.0,2903.0,3380.5,18.0,20.5,5.0,10.0,630.0,617.5,14.0,14.5,0.0,0.0,0.0,0.0,0.0,0.0,0.0,0.0,315.12,335.97,315.12,335.97000000000014,0.0,0.0,0.0,0.0,0.0,0.0,0.0,0.0,5
00-0036398,John Hightower,WR,PHI,2020,10,0,0,0,0,0,1,1,0,0,10,29,167,0,0,0,0,0,0,0,0,18.8,28.8,,15.0,,2903.0,,18.0,,5.0,,630.0,,14.0,,0.0,,0.0,,0.0,,0.0,,315.12,,315.12,,0.0,,0.0,,0.0,,0.0,0
00-0036398,John Hightower,WR,PHI,2021,1,0,0,0,0,0,0,0,0,0,0,0,0,0,0,0,0,0,0,0,0,0.0,0.0,10.0,10.0,0.0,0.0,0.0,0.0,0.0,0.0,1.0,1.0,0.0,0.0,10.0,10.0,29.0,29.0,167.0,167.0,0.0,0.0,18.8,18.8,28.8,28.8,0.0,0.0,0.0,0.0,0.0,0.0,0.0,0.0,1
00-0036407,Jerry Jeudy,WR,DEN,2020,16,0,0,0,0,0,0,0,0,0,52,113,856,3,0,0,0,0,0,0,0,105.6,157.6,,10.0,,0.0,,0.0,,0.0,,1.0,,0.0,,10.0,,29.0,,167.0,,0.0,,18.8,,28.8,,0.0,,0.0,,0.0,,0.0,0
00-0036407,Jerry Jeudy,WR,DEN,2021,10,0,0,0,0,0,2,3,0,0,38,56,467,0,0,0,0,0,0,0,0,47.0,85.0,16.0,16.0,0.0,0.0,0.0,0.0,0.0,0.0,0.0,0.0,0.0,0.0,52.0,52.0,113.0,113.0,856.0,856.0,3.0,3.0,105.6,105.6,157.6,157.6,0.0,0.0,0.0,0.0,0.0,0.0,0.0,0.0,1
00-0036407,Jerry Jeudy,WR,DEN,2022,15,0,0,0,0,0,4,40,0,0,67,100,972,6,0,0,0,0,0,0,0,137.2,204.2,10.0,13.0,0.0,0.0,0.0,0.0,0.0,0.0,3.0,1.5,0.0,0.0,38.0,45.0,56.0,84.5,467.0,661.5,0.0,1.5,47.0,76.30000000000005,85.0,121.30000000000017,0.0,0.0,0.0,0.0,0.0,0.0,0.0,0.0,2
00-0036407,Jerry Jeudy,WR,DEN,2023,16,0,0,0,0,0,0,0,0,0,54,87,758,2,0,0,0,0,0,0,0,87.8,141.8,15.0,12.5,0.0,0.0,0.0,0.0,0.0,0.0,40.0,21.5,0.0,0.0,67.0,52.5,100.0,78.0,972.0,719.5,6.0,3.0,137.2,92.10000000000005,204.2,144.60000000000016,0.0,0.0,0.0,0.0,0.0,0.0,0.0,0.0,3
00-0036407,Jerry Jeudy,WR,CLE,2024,17,0,0,0,0,0,0,0,0,0,90,145,1229,4,0,0,0,0,0,0,0,150.9,240.9,16.0,15.5,0.0,0.0,0.0,0.0,0.0,0.0,0.0,20.0,0.0,0.0,54.0,60.5,87.0,93.5,758.0,865.0,2.0,4.0,87.8,112.50000000000006,141.8,173.00000000000017,0.0,0.0,0.0,0.0,0.0,0.0,0.0,0.0,4
00-0036407,Jerry Jeudy,WR,CLE,2025,17,0,0,0,0,0,1,5,0,0,50,106,602,2,1,0,0,0,0,0,0,70.7,120.7,17.0,16.5,0.0,0.0,0.0,0.0,0.0,0.0,0.0,0.0,0.0,0.0,90.0,72.0,145.0,116.0,1229.0,993.5,4.0,3.0,150.9,119.35000000000005,240.9,191.3500000000002,0.0,0.0,0.0,0.0,0.0,0.0,0.0,0.0,5
00-0036410,Tee Higgins,WR,CIN,2020,15,0,0,0,0,0,5,28,0,0,67,108,908,6,1,0,0,0,0,0,0,127.6,194.6,,17.0,,0.0,,0.0,,0.0,,0.0,,0.0,,90.0,,145.0,,1229.0,,4.0,,150.9,,240.9,,0.0,,0.0,,0.0,,0.0,0
00-0036410,Tee Higgins,WR,CIN,2021,14,0,0,0,0,0,0,0,0,0,74,110,1091,6,1,0,0,0,0,0,0,145.1,219.1,15.0,15.0,0.0,0.0,0.0,0.0,0.0,0.0,28.0,28.0,0.0,0.0,67.0,67.0,108.0,108.0,908.0,908.0,6.0,6.0,127.6,127.6,194.6,194.6,0.0,0.0,0.0,0.0,0.0,0.0,0.0,0.0,1
00-0036410,Tee Higgins,WR,CIN,2022,14,0,0,0,0,0,0,0,0,0,74,109,1029,7,0,0,0,0,0,0,0,146.9,220.9,14.0,14.5,0.0,0.0,0.0,0.0,0.0,0.0,0.0,14.0,0.0,0.0,74.0,70.5,110.0,109.0,1091.0,999.5,6.0,6.0,145.1,136.35000000000005,219.1,206.85000000000016,0.0,0.0,0.0,0.0,0.0,0.0,0.0,0.0,2
00-0036410,Tee Higgins,WR,CIN,2023,12,0,0,0,0,0,0,0,0,0,42,76,656,5,0,0,0,0,0,0,0,95.6,137.6,14.0,14.0,0.0,0.0,0.0,0.0,0.0,0.0,0.0,0.0,0.0,0.0,74.0,74.0,109.0,109.5,1029.0,1060.0,7.0,6.5,146.9,146.00000000000006,220.9,220.00000000000017,0.0,0.0,0.0,0.0,0.0,0.0,0.0,0.0,3
00-0036410,Tee Higgins,WR,CIN,2024,12,0,0,0,0,0,0,0,0,0,73,109,911,10,1,0,0,0,0,0,0,149.1,222.1,12.0,13.0,0.0,0.0,0.0,0.0,0.0,0.0,0.0,0.0,0.0,0.0,42.0,58.0,76.0,92.5,656.0,842.5,5.0,6.0,95.6,121.25000000000006,137.6,179.25000000000017,0.0,0.0,0.0,0.0,0.0,0.0,0.0,0.0,4
00-0036410,Tee Higgins,WR,CIN,2025,15,0,0,0,0,0,0,0,0,0,59,98,846,11,0,0,0,0,0,0,0,152.6,211.6,12.0,12.0,0.0,0.0,0.0,0.0,0.0,0.0,0.0,0.0,0.0,0.0,73.0,57.5,109.0,92.5,911.0,783.5,10.0,7.5,149.1,122.35000000000005,222.1,179.85000000000016,0.0,0.0,0.0,0.0,0.0,0.0,0.0,0.0,5
00-0036412,KJ Hamler,WR,DEN,2020,12,0,0,0,0,0,9,40,0,0,30,56,381,3,0,0,0,0,0,0,0,60.1,90.1,,12.0,,0.0,,0.0,,0.0,,0.0,,0.0,,73.0,,109.0,,911.0,,10.0,,149.1,,222.1,,0.0,,0.0,,0.0,,0.0,0
00-0036412,KJ Hamler,WR,DEN,2021,3,0,0,0,0,0,0,0,0,0,5,10,74,0,0,0,0,0,0,0,0,7.4,12.4,12.0,12.0,0.0,0.0,0.0,0.0,0.0,0.0,40.0,40.0,0.0,0.0,30.0,30.0,56.0,56.0,381.0,381.0,3.0,3.0,60.1,60.1,90.1,90.1,0.0,0.0,0.0,0.0,0.0,0.0,0.0,0.0,1
00-0036412,KJ Hamler,WR,DEN,2022,6,0,0,0,0,0,2,23,0,0,7,14,165,0,0,0,0,0,0,0,0,18.8,25.8,3.0,7.5,0.0,0.0,0.0,0.0,0.0,0.0,0.0,20.0,0.0,0.0,5.0,17.5,10.0,33.0,74.0,227.5,0.0,1.5,7.4,33.75000000000006,12.4,51.25000000000017,0.0,0.0,0.0,0.0,0.0,0.0,0.0,0.0,2
00-0036414,Cam Akers,RB,LA,2020,11,0,0,0,0,0,145,625,2,1,11,14,123,1,0,0,0,0,0,0,0,90.8,101.8,,3.0,,0.0,,0.0,,0.0,,0.0,,0.0,,5.0,,10.0,,74.0,,0.0,,7.4,,12.4,,0.0,,0.0,,0.0,,0.0,0
00-0036414,Cam Akers,RB,LA,2021,1,0,0,0,0,0,5,3,0,0,3,3,10,0,0,0,0,0,0,0,0,1.3,4.3,11.0,11.0,0.0,0.0,0.0,0.0,0.0,0.0,625.0,625.0,2.0,2.0,11.0,11.0,14.0,14.0,123.0,123.0,1.0,1.0,90.8,90.8,101.8,101.8,0.0,0.0,0.0,0.0,0.0,0.0,0.0,0.0,1
00-0036414,Cam Akers,RB,LA,2022,15,0,0,0,0,0,188,786,7,2,13,18,117,0,0,0,0,0,0,0,0,128.3,141.3,1.0,6.0,0.0,0.0,0.0,0.0,0.0,0.0,3.0,314.0,0.0,1.0,3.0,7.0,3.0,8.5,10.0,66.5,0.0,0.5,1.3,46.050000000000054,4.3,53.05000000000017,0.0,0.0,0.0,0.0,0.0,0.0,0.0,0.0,2
00-0036414,Cam Akers,RB,MIN,2023,7,0,0,0,0,0,60,167,2,0,11,12,70,0,0,0,0,0,0,0,0,35.7,46.7,15.0,8.0,0.0,0.0,0.0,0.0,0.0,0.0,786.0,394.5,7.0,3.5,13.0,8.0,18.0,10.5,117.0,63.5,0.0,0.0,128.3,64.80000000000007,141.3,72.80000000000018,0.0,0.0,0.0,0.0,0.0,0.0,0.0,0.0,3
00-0036414,Cam Akers,RB,MIN,2024,16,0,0,0,0,0,104,444,2,1,14,18,68,3,0,0,0,0,0,0,0,79.2,93.2,7.0,11.0,0.0,0.0,0.0,0.0,0.0,0.0,167.0,476.5,2.0,4.5,11.0,12.0,12.0,15.0,70.0,93.5,0.0,0.0,35.7,82.00000000000006,46.7,94.00000000000017,0.0,0.0,0.0,0.0,0.0,0.0,0.0,0.0,4
00-0036414,Cam Akers,RB,SEA,2025,4,1,1,32,1,0,5,19,0,0,0,1,0,0,0,0,0,0,0,0,0,7.18,7.18,16.0,11.5,0.0,0.0,0.0,0.0,0.0,0.0,444.0,305.5,2.0,2.0,14.0,12.5,18.0,15.0,68.0,69.0,3.0,1.5,79.2,57.45000000000006,93.2,69.95000000000017,0.0,0.0,0.0,0.0,0.0,0.0,0.0,0.0,5
00-0036415,Van Jefferson,WR,LA,2020,14,0,0,0,0,0,1,-1,0,0,19,31,220,1,0,0,0,0,0,0,0,27.9,46.9,,16.0,,0.0,,0.0,,0.0,,444.0,,2.0,,14.0,,18.0,,68.0,,3.0,,79.2,,93.2,,0.0,,0.0,,0.0,,0.0,0
00-0036415,Van Jefferson,WR,LA,2021,17,0,0,0,0,0,2,20,0,0,50,89,802,6,0,0,0,0,0,0,0,118.2,168.2,14.0,14.0,0.0,0.0,0.0,0.0,0.0,0.0,-1.0,-1.0,0.0,0.0,19.0,19.0,31.0,31.0,220.0,220.0,1.0,1.0,27.9,27.9,46.9,46.9,0.0,0.0,0.0,0.0,0.0,0.0,0.0,0.0,1
00-0036415,Van Jefferson,WR,LA,2022,10,0,0,0,0,0,0,0,0,0,24,44,369,3,0,0,0,0,0,0,0,54.9,78.9,17.0,15.5,0.0,0.0,0.0,0.0,0.0,0.0,20.0,9.5,0.0,0.0,50.0,34.5,89.0,60.0,802.0,511.0,6.0,3.5,118.2,73.05000000000005,168.2,107.55000000000017,0.0,0.0,0.0,0.0,0.0,0.0,0.0,0.0,2
00-0036415,Van Jefferson,WR,ATL,2023,14,0,0,0,0,0,1,4,0,0,20,43,209,0,0,0,0,0,0,0,0,21.3,41.3,10.0,13.5,0.0,0.0,0.0,0.0,0.0,0.0,0.0,10.0,0.0,0.0,24.0,37.0,44.0,66.5,369.0,585.5,3.0,4.5,54.9,86.55000000000005,78.9,123.55000000000017,0.0,0.0,0.0,0.0,0.0,0.0,0.0,0.0,3
00-0036415,Van Jefferson,WR,PIT,2024,15,0,0,0,0,0,0,0,0,0,24,40,276,2,0,0,0,0,0,0,0,39.6,63.6,14.0,12.0,0.0,0.0,0.0,0.0,0.0,0.0,4.0,2.0,0.0,0.0,20.0,22.0,43.0,43.5,209.0,289.0,0.0,1.5,21.3,38.100000000000065,41.3,60.10000000000017,0.0,0.0,0.0,0.0,0.0,0.0,0.0,0.0,4
00-0036415,Van Jefferson,WR,TEN,2025,14,0,0,0,0,0,0,0,0,0,29,52,350,1,0,0,0,0,0,0,0,41.0,70.0,15.0,14.5,0.0,0.0,0.0,0.0,0.0,0.0,0.0,2.0,0.0,0.0,24.0,22.0,40.0,41.5,276.0,242.5,2.0,1.0,39.6,30.450000000000063,63.6,52.45000000000017,0.0,0.0,0.0,0.0,0.0,0.0,0.0,0.0,5
00-0036422,Adam Trautman,TE,NO,2020,10,0,0,0,0,0,0,0,0,0,15,16,171,1,0,0,0,0,0,0,0,23.1,38.1,,15.0,,0.0,,0.0,,0.0,,0.0,,0.0,,24.0,,40.0,,276.0,,2.0,,39.6,,63.6,,0.0,,0.0,,0.0,,0.0,0
00-0036422,Adam Trautman,TE,NO,2021,11,0,0,0,0,0,0,0,0,0,27,43,263,2,1,0,0,0,0,0,0,36.3,63.3,10.0,10.0,0.0,0.0,0.0,0.0,0.0,0.0,0.0,0.0,0.0,0.0,15.0,15.0,16.0,16.0,171.0,171.0,1.0,1.0,23.1,23.1,38.1,38.1,0.0,0.0,0.0,0.0,0.0,0.0,0.0,0.0,1
00-0036422,Adam Trautman,TE,NO,2022,12,0,0,0,0,0,0,0,0,0,18,22,207,1,0,0,0,0,0,0,0,26.7,44.7,11.0,10.5,0.0,0.0,0.0,0.0,0.0,0.0,0.0,0.0,0.0,0.0,27.0,21.0,43.0,29.5,263.0,217.0,2.0,1.5,36.3,29.700000000000063,63.3,50.70000000000017,0.0,0.0,0.0,0.0,0.0,0.0,0.0,0.0,2
00-0036422,Adam Trautman,TE,DEN,2023,16,0,0,0,0,0,0,0,0,0,22,35,204,3,0,0,0,0,0,0,0,38.4,60.4,12.0,11.5,0.0,0.0,0.0,0.0,0.0,0.0,0.0,0.0,0.0,0.0,18.0,22.5,22.0,32.5,207.0,235.0,1.0,1.5,26.7,31.500000000000064,44.7,54.00000000000017,0.0,0.0,0.0,0.0,0.0,0.0,0.0,0.0,3
00-0036422,Adam Trautman,TE,DEN,2024,13,0,0,0,0,0,0,0,0,0,13,22,188,2,0,0,0,0,0,0,0,30.8,43.8,16.0,14.0,0.0,0.0,0.0,0.0,0.0,0.0,0.0,0.0,0.0,0.0,22.0,20.0,35.0,28.5,204.0,205.5,3.0,2.0,38.4,32.55000000000006,60.4,52.55000000000017,0.0,0.0,0.0,0.0,0.0,0.0,0.0,0.0,4
00-0036422,Adam Trautman,TE,DEN,2025,13,0,0,0,0,0,0,0,0,0,20,23,195,1,0,0,0,0,0,0,0,25.5,45.5,13.0,14.5,0.0,0.0,0.0,0.0,0.0,0.0,0.0,0.0,0.0,0.0,13.0,17.5,22.0,28.5,188.0,196.0,2.0,2.5,30.8,34.60000000000006,43.8,52.100000000000165,0.0,0.0,0.0,0.0,0.0,0.0,0.0,0.0,5
00-0036423,Albert Okwuegbunam,TE,DEN,2020,4,0,0,0,0,0,0,0,0,0,11,15,121,1,0,0,0,0,0,0,0,18.1,29.1,,13.0,,0.0,,0.0,,0.0,,0.0,,0.0,,13.0,,22.0,,188.0,,2.0,,30.8,,43.8,,0.0,,0.0,,0.0,,0.0,0
00-0036423,Albert Okwuegbunam,TE,DEN,2021,14,0,0,0,0,0,0,0,0,0,33,40,330,2,1,0,0,0,0,0,0,43.0,76.0,4.0,4.0,0.0,0.0,0.0,0.0,0.0,0.0,0.0,0.0,0.0,0.0,11.0,11.0,15.0,15.0,121.0,121.0,1.0,1.0,18.1,18.1,29.1,29.1,0.0,0.0,0.0,0.0,0.0,0.0,0.0,0.0,1
00-0036423,Albert Okwuegbunam,TE,DEN,2022,6,0,0,0,0,0,0,0,0,0,10,18,95,1,0,0,0,0,0,0,0,15.5,25.5,14.0,9.0,0.0,0.0,0.0,0.0,0.0,0.0,0.0,0.0,0.0,0.0,33.0,22.0,40.0,27.5,330.0,225.5,2.0,1.5,43.0,30.550000000000065,76.0,52.55000000000017,0.0,0.0,0.0,0.0,0.0,0.0,0.0,0.0,2
00-0036423,Albert Okwuegbunam,TE,PHI,2023,1,0,0,0,0,0,0,0,0,0,0,1,0,0,0,0,0,0,0,0,0,0.0,0.0,6.0,10.0,0.0,0.0,0.0,0.0,0.0,0.0,0.0,0.0,0.0,0.0,10.0,21.5,18.0,29.0,95.0,212.5,1.0,1.5,15.5,29.250000000000064,25.5,50.75000000000017,0.0,0.0,0.0,0.0,0.0,0.0,0.0,0.0,3
00-0036423,Albert Okwuegbunam,TE,LV,2025,1,0,0,0,0,0,0,0,0,0,5,6,36,0,0,0,0,0,0,0,0,3.6,8.6,1.0,3.5,0.0,0.0,0.0,0.0,0.0,0.0,0.0,0.0,0.0,0.0,0.0,5.0,1.0,9.5,0.0,47.5,0.0,0.5,0.0,7.750000000000064,0.0,12.75000000000017,0.0,0.0,0.0,0.0,0.0,0.0,0.0,0.0,4
00-0036424,Brycen Hopkins,TE,LA,2021,1,0,0,0,0,0,0,0,0,0,1,1,9,0,0,0,0,0,0,0,0,0.9,1.9,,1.0,,0.0,,0.0,,0.0,,0.0,,0.0,,0.0,,1.0,,0.0,,0.0,,0.0,,0.0,,0.0,,0.0,,0.0,,0.0,0
00-0036424,Brycen Hopkins,TE,LA,2022,7,0,0,0,0,0,0,0,0,0,7,11,109,0,0,0,0,0,0,0,0,10.9,17.9,1.0,1.0,0.0,0.0,0.0,0.0,0.0,0.0,0.0,0.0,0.0,0.0,1.0,1.0,1.0,1.0,9.0,9.0,0.0,0.0,0.9,0.9,1.9,1.9,0.0,0.0,0.0,0.0,0.0,0.0,0.0,0.0,1
00-0036424,Brycen Hopkins,TE,LA,2023,5,0,0,0,0,0,0,0,0,0,5,7,78,0,0,0,0,0,0,0,0,7.8,12.8,7.0,4.0,0.0,0.0,0.0,0.0,0.0,0.0,0.0,0.0,0.0,0.0,7.0,4.0,11.0,6.0,109.0,59.0,0.0,0.0,10.9,5.900000000000064,17.9,9.900000000000169,0.0,0.0,0.0,0.0,0.0,0.0,0.0,0.0,2
00-0036425,DeeJay Dallas,RB,SEA,2020,9,0,0,0,0,0,34,108,2,0,17,20,111,1,0,0,0,0,0,0,0,39.9,56.9,,7.0,,0.0,,0.0,,0.0,,0.0,,0.0,,7.0,,11.0,,109.0,,0.0,,10.9,,17.9,,0.0,,0.0,,0.0,,0.0,0
00-0036425,DeeJay Dallas,RB,SEA,2021,17,0,0,0,0,0,33,138,2,0,21,23,133,0,0,0,0,0,0,0,0,39.1,60.1,9.0,9.0,0.0,0.0,0.0,0.0,0.0,0.0,108.0,108.0,2.0,2.0,17.0,17.0,20.0,20.0,111.0,111.0,1.0,1.0,39.9,39.9,56.9,56.9,0.0,0.0,0.0,0.0,0.0,0.0,0.0,0.0,1
00-0036425,DeeJay Dallas,RB,SEA,2022,15,0,1,0,0,1,35,186,0,0,17,19,126,0,0,0,0,0,0,0,0,29.2,46.2,17.0,13.0,0.0,0.0,0.0,0.0,0.0,0.0,138.0,123.0,2.0,2.0,21.0,19.0,23.0,21.5,133.0,122.0,0.0,0.5,39.1,39.500000000000064,60.1,58.50000000000017,0.0,0.0,0.0,0.0,0.0,0.0,0.0,0.0,2
00-0036425,DeeJay Dallas,RB,SEA,2023,17,0,0,0,0,0,10,36,0,0,6,9,26,0,0,0,0,0,0,0,0,6.2,12.2,15.0,16.0,0.0,0.0,0.0,0.0,1.0,0.5,186.0,162.0,0.0,1.0,17.0,19.0,19.0,21.0,126.0,129.5,0.0,0.0,29.2,34.15000000000006,46.2,53.150000000000176,0.0,0.0,0.0,0.0,0.0,0.0,0.0,0.0,3
00-0036425,DeeJay Dallas,RB,ARI,2024,16,0,0,0,0,0,9,49,0,0,3,3,11,1,0,0,0,0,0,0,0,18.0,21.0,17.0,16.0,0.0,0.0,0.0,0.0,0.0,0.5,36.0,111.0,0.0,0.0,6.0,11.5,9.0,14.0,26.0,76.0,0.0,0.0,6.2,17.700000000000063,12.2,29.200000000000173,0.0,0.0,0.0,0.0,0.0,0.0,0.0,0.0,4
00-0036425,DeeJay Dallas,RB,JAX,2025,5,0,0,0,0,0,3,21,0,0,0,1,0,0,0,0,0,0,0,0,0,2.1,2.1,16.0,16.5,0.0,0.0,0.0,0.0,0.0,0.0,49.0,42.5,0.0,0.0,3.0,4.5,3.0,6.0,11.0,18.5,1.0,0.5,18.0,12.100000000000064,21.0,16.600000000000172,0.0,0.0,0.0,0.0,0.0,0.0,0.0,0.0,5
00-0036427,Tyler Johnson,WR,TB,2020,10,0,0,0,0,0,0,0,0,0,12,17,169,2,0,0,0,0,0,0,0,28.9,40.9,,16.0,,0.0,,0.0,,0.0,,49.0,,0.0,,3.0,,3.0,,11.0,,1.0,,18.0,,21.0,,0.0,,0.0,,0.0,,0.0,0
00-0036427,Tyler Johnson,WR,TB,2021,16,0,0,0,0,0,0,0,0,0,36,55,360,0,0,0,0,0,0,0,0,36.0,72.0,10.0,10.0,0.0,0.0,0.0,0.0,0.0,0.0,0.0,0.0,0.0,0.0,12.0,12.0,17.0,17.0,169.0,169.0,2.0,2.0,28.9,28.9,40.9,40.9,0.0,0.0,0.0,0.0,0.0,0.0,0.0,0.0,1
00-0036427,Tyler Johnson,WR,LA,2023,1,0,0,0,0,0,0,0,0,0,2,3,8,1,0,0,0,0,0,0,0,6.8,8.8,16.0,13.0,0.0,0.0,0.0,0.0,0.0,0.0,0.0,0.0,0.0,0.0,36.0,24.0,55.0,36.0,360.0,264.5,0.0,1.0,36.0,32.45000000000006,72.0,56.450000000000166,0.0,0.0,0.0,0.0,0.0,0.0,0.0,0.0,2
00-0036427,Tyler Johnson,WR,LA,2024,11,0,0,0,0,0,0,0,0,0,26,41,291,1,0,0,0,0,0,0,0,35.1,61.1,1.0,8.5,0.0,0.0,0.0,0.0,0.0,0.0,0.0,0.0,0.0,0.0,2.0,19.0,3.0,29.0,8.0,184.0,1.0,0.5,6.8,21.400000000000063,8.8,40.40000000000017,0.0,0.0,0.0,0.0,0.0,0.0,0.0,0.0,3
00-0036427,Tyler Johnson,WR,NYJ,2025,9,0,0,0,0,0,0,0,0,0,12,18,197,1,0,0,0,0,0,0,0,25.7,37.7,11.0,6.0,0.0,0.0,0.0,0.0,0.0,0.0,0.0,0.0,0.0,0.0,26.0,14.0,41.0,22.0,291.0,149.5,1.0,1.0,35.1,20.950000000000063,61.1,34.95000000000017,0.0,0.0,0.0,0.0,0.0,0.0,0.0,0.0,4
00-0036429,Charlie Woerner,TE,SF,2020,4,0,0,0,0,0,0,0,0,0,3,4,36,0,0,0,0,0,0,0,0,3.6,6.6,,11.0,,0.0,,0.0,,0.0,,0.0,,0.0,,26.0,,41.0,,291.0,,1.0,,35.1,,61.1,,0.0,,0.0,,0.0,,0.0,0
00-0036429,Charlie Woerner,TE,SF,2021,8,0,0,0,0,0,0,0,0,0,5,6,52,0,0,0,0,0,0,0,0,5.2,10.2,4.0,4.0,0.0,0.0,0.0,0.0,0.0,0.0,0.0,0.0,0.0,0.0,3.0,3.0,4.0,4.0,36.0,36.0,0.0,0.0,3.6,3.6,6.6,6.6,0.0,0.0,0.0,0.0,0.0,0.0,0.0,0.0,1
00-0036429,Charlie Woerner,TE,SF,2022,5,0,0,0,0,0,0,0,0,0,0,2,0,0,0,0,0,0,0,0,0,0.0,0.0,8.0,6.0,0.0,0.0,0.0,0.0,0.0,0.0,0.0,0.0,0.0,0.0,5.0,4.0,6.0,5.0,52.0,44.0,0.0,0.0,5.2,4.400000000000064,10.2,8.400000000000169,0.0,0.0,0.0,0.0,0.0,0.0,0.0,0.0,2
00-0036429,Charlie Woerner,TE,SF,2023,10,0,0,0,0,0,0,0,0,0,3,3,32,0,0,0,0,0,0,0,0,3.2,6.2,5.0,6.5,0.0,0.0,0.0,0.0,0.0,0.0,0.0,0.0,0.0,0.0,0.0,2.5,2.0,4.0,0.0,26.0,0.0,0.0,0.0,2.600000000000064,0.0,5.10000000000017,0.0,0.0,0.0,0.0,0.0,0.0,0.0,0.0,3
00-0036429,Charlie Woerner,TE,ATL,2024,12,0,0,0,0,0,0,0,0,0,7,12,46,0,0,0,0,0,0,0,0,4.6,11.6,10.0,7.5,0.0,0.0,0.0,0.0,0.0,0.0,0.0,0.0,0.0,0.0,3.0,1.5,3.0,2.5,32.0,16.0,0.0,0.0,3.2,1.6000000000000636,6.2,3.1000000000001706,0.0,0.0,0.0,0.0,0.0,0.0,0.0,0.0,4
00-0036429,Charlie Woerner,TE,ATL,2025,7,0,0,0,0,0,0,0,0,0,8,9,48,0,0,0,0,0,0,0,0,4.8,12.8,12.0,11.0,0.0,0.0,0.0,0.0,0.0,0.0,0.0,0.0,0.0,0.0,7.0,5.0,12.0,7.5,46.0,39.0,0.0,0.0,4.6,3.9000000000000634,11.6,8.90000000000017,0.0,0.0,0.0,0.0,0.0,0.0,0.0,0.0,5
00-0036433,Tommy Stevens,QB,CAR,2020,1,0,0,0,0,0,4,24,0,0,0,0,0,0,0,0,0,0,0,0,0,2.4,2.4,,12.0,,0.0,,0.0,,0.0,,0.0,,0.0,,7.0,,12.0,,46.0,,0.0,,4.6,,11.6,,0.0,,0.0,,0.0,,0.0,0
00-0036435,Raymond Calais,RB,LA,2020,4,0,0,0,0,0,0,0,0,0,0,0,0,0,0,0,0,0,0,0,0,0.0,0.0,,,,,,,,,,,,,,,,,,,,,,,,,,,,,,,,,0
00-0036436,Sam Sloman,K,TEN,2020,8,0,0,0,0,0,0,0,0,0,0,0,0,0,0,10,13,0,0,23,26,0.0,0.0,,,,,,,,,,,,,,,,,,,,,,,,,,,,,,,,,0
00-0036438,Stephen Sullivan,TE,SEA,2020,1,0,0,0,0,0,0,0,0,0,0,0,0,0,0,0,0,0,0,0,0,0.0,0.0,,,,,,,,,,,,,,,,,,,,,,,,,,,,,,,,,0
00-0036438,Stephen Sullivan,TE,CAR,2021,1,0,0,0,0,0,0,0,0,0,0,1,0,0,0,0,0,0,0,0,0,0.0,0.0,1.0,1.0,0.0,0.0,0.0,0.0,0.0,0.0,0.0,0.0,0.0,0.0,0.0,0.0,0.0,0.0,0.0,0.0,0.0,0.0,0.0,0.0,0.0,0.0,0.0,0.0,0.0,0.0,0.0,0.0,0.0,0.0,1
00-0036438,Stephen Sullivan,TE,CAR,2022,8,0,0,0,0,0,0,0,0,0,2,6,46,0,0,0,0,0,0,0,0,4.6,6.6,1.0,1.0,0.0,0.0,0.0,0.0,0.0,0.0,0.0,0.0,0.0,0.0,0.0,0.0,1.0,0.5,0.0,0.0,0.0,0.0,0.0,0.0,0.0,0.0,0.0,0.0,0.0,0.0,0.0,0.0,0.0,0.0,2
00-0036438,Stephen Sullivan,TE,CAR,2023,10,0,0,0,0,0,0,0,0,0,12,24,125,0,0,0,0,0,0,0,0,12.5,24.5,8.0,4.5,0.0,0.0,0.0,0.0,0.0,0.0,0.0,0.0,0.0,0.0,2.0,1.0,6.0,3.5,46.0,23.0,0.0,0.0,4.6,2.3000000000000633,6.6,3.3000000000001695,0.0,0.0,0.0,0.0,0.0,0.0,0.0,0.0,3
00-0036438,Stephen Sullivan,TE,CAR,2024,1,0,0,0,0,0,0,0,0,0,0,1,0,0,0,0,0,0,0,0,0,0.0,0.0,10.0,9.0,0.0,0.0,0.0,0.0,0.0,0.0,0.0,0.0,0.0,0.0,12.0,7.0,24.0,15.0,125.0,85.5,0.0,0.0,12.5,8.550000000000063,24.5,15.55000000000017,0.0,0.0,0.0,0.0,0.0,0.0,0.0,0.0,4
00-0036439,Tyrie Cleveland,WR,DEN,2020,7,0,0,0,0,0,0,0,0,0,6,9,63,0,0,0,0,0,0,0,0,6.3,12.3,,10.0,,0.0,,0.0,,0.0,,0.0,,0.0,,12.0,,24.0,,125.0,,0.0,,12.5,,24.5,,0.0,,0.0,,0.0,,0.0,0
00-0036439,Tyrie Cleveland,WR,DEN,2021,4,0,0,0,0,0,0,0,0,0,0,1,0,0,0,0,0,0,0,0,0,0.0,0.0,7.0,7.0,0.0,0.0,0.0,0.0,0.0,0.0,0.0,0.0,0.0,0.0,6.0,6.0,9.0,9.0,63.0,63.0,0.0,0.0,6.3,6.3,12.3,12.3,0.0,0.0,0.0,0.0,0.0,0.0,0.0,0.0,1
00-0036439,Tyrie Cleveland,WR,DEN,2022,5,0,0,0,0,0,0,0,0,0,2,7,28,0,0,0,0,0,0,0,0,2.8,4.8,4.0,5.5,0.0,0.0,0.0,0.0,0.0,0.0,0.0,0.0,0.0,0.0,0.0,3.0,1.0,5.0,0.0,31.5,0.0,0.0,0.0,3.150000000000063,0.0,6.150000000000171,0.0,0.0,0.0,0.0,0.0,0.0,0.0,0.0,2
00-0036442,Joe Burrow,QB,CIN,2020,10,264,404,2688,13,5,37,142,3,1,0,0,0,0,0,0,0,0,0,0,0,173.72,173.72,,4.0,,0.0,,0.0,,0.0,,0.0,,0.0,,0.0,,1.0,,0.0,,0.0,,0.0,,0.0,,0.0,,0.0,,0.0,,0.0,0
00-0036442,Joe Burrow,QB,CIN,2021,16,366,520,4611,34,14,40,118,2,0,0,0,0,0,0,0,0,0,0,0,0,314.24,314.24,10.0,10.0,2688.0,2688.0,13.0,13.0,5.0,5.0,142.0,142.0,3.0,3.0,0.0,0.0,0.0,0.0,0.0,0.0,0.0,0.0,173.72,173.72,173.72,173.72,0.0,0.0,0.0,0.0,0.0,0.0,0.0,0.0,1
00-0036442,Joe Burrow,QB,CIN,2022,16,414,606,4475,35,12,75,257,5,0,0,0,0,0,0,0,0,0,0,0,0,350.7,350.7,16.0,13.0,4611.0,3649.5,34.0,23.5,14.0,9.5,118.0,130.0,2.0,2.5,0.0,0.0,0.0,0.0,0.0,0.0,0.0,0.0,314.24,243.98000000000008,314.24,243.9800000000002,0.0,0.0,0.0,0.0,0.0,0.0,0.0,0.0,2
00-0036442,Joe Burrow,QB,CIN,2023,10,244,365,2309,15,6,31,88,0,0,0,0,0,0,0,0,0,0,0,0,0,147.16,147.16,16.0,16.0,4475.0,4543.0,35.0,34.5,12.0,13.0,257.0,187.5,5.0,3.5,0.0,0.0,0.0,0.0,0.0,0.0,0.0,0.0,350.7,332.47,350.7,332.47000000000014,0.0,0.0,0.0,0.0,0.0,0.0,0.0,0.0,3
00-0036442,Joe Burrow,QB,CIN,2024,17,460,652,4918,43,9,42,201,2,0,0,0,0,0,0,0,0,0,0,0,0,372.82,372.82,10.0,13.0,2309.0,3392.0,15.0,25.0,6.0,9.0,88.0,172.5,0.0,2.5,0.0,0.0,0.0,0.0,0.0,0.0,0.0,0.0,147.16,248.93000000000006,147.16,248.93000000000018,0.0,0.0,0.0,0.0,0.0,0.0,0.0,0.0,4
00-0036442,Joe Burrow,QB,CIN,2025,8,173,259,1809,17,5,14,41,0,0,0,0,0,0,0,0,0,0,0,0,0,134.46,134.46,17.0,13.5,4918.0,3613.5,43.0,29.0,9.0,7.5,201.0,144.5,2.0,1.0,0.0,0.0,0.0,0.0,0.0,0.0,0.0,0.0,372.82,259.99,372.82,259.9900000000001,0.0,0.0,0.0,0.0,0.0,0.0,0.0,0.0,5
00-0036450,Ke'Shawn Vaughn,RB,TB,2020,6,0,0,0,0,0,26,109,0,0,5,10,34,1,1,0,0,0,0,0,0,18.3,23.3,,17.0,,4918.0,,43.0,,9.0,,201.0,,2.0,,0.0,,0.0,,0.0,,0.0,,372.82,,372.82,,0.0,,0.0,,0.0,,0.0,0
00-0036450,Ke'Shawn Vaughn,RB,TB,2021,6,0,0,0,0,0,36,180,2,0,4,8,26,0,0,0,0,0,0,0,0,32.6,36.6,6.0,6.0,0.0,0.0,0.0,0.0,0.0,0.0,109.0,109.0,0.0,0.0,5.0,5.0,10.0,10.0,34.0,34.0,1.0,1.0,18.3,18.3,23.3,23.3,0.0,0.0,0.0,0.0,0.0,0.0,0.0,0.0,1
00-0036450,Ke'Shawn Vaughn,RB,TB,2022,6,0,0,0,0,0,17,53,0,0,3,4,19,0,0,0,0,0,0,0,0,7.2,10.2,6.0,6.0,0.0,0.0,0.0,0.0,0.0,0.0,180.0,144.5,2.0,1.0,4.0,4.5,8.0,9.0,26.0,30.0,0.0,0.5,32.6,25.45000000000003,36.6,29.950000000000145,0.0,0.0,0.0,0.0,0.0,0.0,0.0,0.0,2
00-0036450,Ke'Shawn Vaughn,RB,TB,2023,5,0,0,0,0,0,24,42,0,0,2,5,2,0,0,0,0,0,0,0,0,4.4,6.4,6.0,6.0,0.0,0.0,0.0,0.0,0.0,0.0,53.0,116.5,0.0,1.0,3.0,3.5,4.0,6.0,19.0,22.5,0.0,0.0,7.2,19.90000000000003,10.2,23.40000000000014,0.0,0.0,0.0,0.0,0.0,0.0,0.0,0.0,3
00-0036450,Ke'Shawn Vaughn,RB,SF,2024,1,0,0,0,0,0,2,4,0,0,0,0,0,0,0,0,0,0,0,0,0,0.4,0.4,5.0,5.5,0.0,0.0,0.0,0.0,0.0,0.0,42.0,47.5,0.0,0.0,2.0,2.5,5.0,4.5,2.0,10.5,0.0,0.0,4.4,5.800000000000026,6.4,8.30000000000014,0.0,0.0,0.0,0.0,0.0,0.0,0.0,0.0,4
00-0036456,Dominique Dafney,TE,GB,2020,2,0,0,0,0,0,0,0,0,0,2,2,26,1,0,0,0,0,0,0,0,8.6,10.6,,5.0,,0.0,,0.0,,0.0,,42.0,,0.0,,2.0,,5.0,,2.0,,0.0,,4.4,,6.4,,0.0,,0.0,,0.0,,0.0,0
00-0036456,Dominique Dafney,TE,GB,2021,6,0,0,0,0,0,0,0,0,0,2,4,34,0,0,0,0,0,0,0,0,3.4,5.4,2.0,2.0,0.0,0.0,0.0,0.0,0.0,0.0,0.0,0.0,0.0,0.0,2.0,2.0,2.0,2.0,26.0,26.0,1.0,1.0,8.6,8.6,10.6,10.6,0.0,0.0,0.0,0.0,0.0,0.0,0.0,0.0,1
00-0036457,Ty'Son Williams,RB,BAL,2021,7,0,0,0,0,0,35,185,1,0,9,12,84,0,0,0,0,0,0,0,0,32.9,41.9,,2.0,,0.0,,0.0,,0.0,,0.0,,0.0,,2.0,,2.0,,26.0,,1.0,,8.6,,10.6,,0.0,,0.0,,0.0,,0.0,0
00-0036457,Ty'Son Williams,RB,ARI,2022,1,0,0,0,0,0,0,0,0,0,1,1,5,0,0,0,0,0,0,0,0,0.5,1.5,7.0,7.0,0.0,0.0,0.0,0.0,0.0,0.0,185.0,185.0,1.0,1.0,9.0,9.0,12.0,12.0,84.0,84.0,0.0,0.0,32.9,32.9,41.9,41.9,0.0,0.0,0.0,0.0,0.0,0.0,0.0,0.0,1
00-0036459,Taylor Russolino,K,DEN,2020,1,0,0,0,0,0,0,0,0,0,0,0,0,0,0,0,1,0,0,1,3,0.0,0.0,,7.0,,0.0,,0.0,,0.0,,185.0,,1.0,,9.0,,12.0,,84.0,,0.0,,32.9,,41.9,,0.0,,0.0,,0.0,,0.0,0
00-0036463,Chris Blair,WR,ATL,2024,2,0,0,0,0,0,0,0,0,0,1,2,17,0,0,0,0,0,0,0,0,1.7,2.7,,,,,,,,,,,,,,,,,,,,,,,,,,,,,,,,,0
00-0036463,Chris Blair,WR,ATL,2025,1,0,0,0,0,0,0,0,0,0,0,0,0,0,0,0,0,0,0,0,0,0.0,0.0,2.0,2.0,0.0,0.0,0.0,0.0,0.0,0.0,0.0,0.0,0.0,0.0,1.0,1.0,2.0,2.0,17.0,17.0,0.0,0.0,1.7,1.7,2.7,2.7,0.0,0.0,0.0,0.0,0.0,0.0,0.0,0.0,1
00-0036469,Matt Ammendola,K,NYJ,2021,11,0,0,0,0,0,0,0,0,0,0,0,0,0,0,13,19,0,0,14,15,0.0,0.0,,2.0,,0.0,,0.0,,0.0,,0.0,,0.0,,1.0,,2.0,,17.0,,0.0,,1.7,,2.7,,0.0,,0.0,,0.0,,0.0,0
00-0036469,Matt Ammendola,K,ARI,2022,4,0,0,0,0,0,0,0,0,0,0,0,0,0,0,5,7,0,0,5,7,0.0,0.0,11.0,11.0,0.0,0.0,0.0,0.0,0.0,0.0,0.0,0.0,0.0,0.0,0.0,0.0,0.0,0.0,0.0,0.0,0.0,0.0,0.0,0.0,0.0,0.0,13.0,13.0,19.0,19.0,14.0,14.0,15.0,15.0,1
00-0036469,Matt Ammendola,K,HOU,2023,5,0,0,0,0,0,0,0,0,0,0,0,0,0,0,6,9,0,0,10,11,0.0,0.0,4.0,7.5,0.0,0.0,0.0,0.0,0.0,0.0,0.0,0.0,0.0,0.0,0.0,0.0,0.0,0.0,0.0,0.0,0.0,0.0,0.0,0.0,0.0,0.0,5.0,9.0,7.0,13.0,5.0,9.5,7.0,11.0,2
00-0036474,Sammis Reyes,TE,WAS,2021,2,0,0,0,0,0,0,0,0,0,0,0,0,0,0,0,0,0,0,0,0,0.0,0.0,,4.0,,0.0,,0.0,,0.0,,0.0,,0.0,,0.0,,0.0,,0.0,,0.0,,0.0,,0.0,,5.0,,7.0,,5.0,,7.0,0
00-0036482,Mike Strachan,WR,IND,2021,2,0,0,0,0,0,0,0,0,0,2,3,26,0,0,0,0,0,0,0,0,2.6,4.6,,,,,,,,,,,,,,,,,,,,,,,,,,,,,,,,,0
00-0036482,Mike Strachan,WR,IND,2022,5,0,0,0,0,0,0,0,0,0,3,9,59,0,0,0,0,0,0,0,0,5.9,8.9,2.0,2.0,0.0,0.0,0.0,0.0,0.0,0.0,0.0,0.0,0.0,0.0,2.0,2.0,3.0,3.0,26.0,26.0,0.0,0.0,2.6,2.6,4.6,4.6,0.0,0.0,0.0,0.0,0.0,0.0,0.0,0.0,1
00-0036482,Mike Strachan,WR,CAR,2023,2,0,0,0,0,0,0,0,0,0,1,3,45,0,0,0,0,0,0,0,0,4.5,5.5,5.0,3.5,0.0,0.0,0.0,0.0,0.0,0.0,0.0,0.0,0.0,0.0,3.0,2.5,9.0,6.0,59.0,42.5,0.0,0.0,5.9,4.250000000000025,8.9,6.7500000000001386,0.0,0.0,0.0,0.0,0.0,0.0,0.0,0.0,2
00-0036491,Tarik Black,WR,NYJ,2021,1,0,0,0,0,0,0,0,0,0,1,2,10,0,0,0,0,0,0,0,0,1.0,2.0,,5.0,,0.0,,0.0,,0.0,,0.0,,0.0,,3.0,,9.0,,59.0,,0.0,,5.9,,8.9,,0.0,,0.0,,0.0,,0.0,0
00-0036493,Deon Jackson,RB,IND,2021,3,0,0,0,0,0,13,31,1,0,0,0,0,0,0,0,0,0,0,0,0,9.1,9.1,,,,,,,,,,,,,,,,,,,,,,,,,,,,,,,,,0
00-0036493,Deon Jackson,RB,IND,2022,12,0,0,0,0,0,68,236,1,1,30,34,209,1,0,0,0,0,0,0,0,54.5,84.5,3.0,3.0,0.0,0.0,0.0,0.0,0.0,0.0,31.0,31.0,1.0,1.0,0.0,0.0,0.0,0.0,0.0,0.0,0.0,0.0,9.1,9.1,9.1,9.1,0.0,0.0,0.0,0.0,0.0,0.0,0.0,0.0,1
00-0036493,Deon Jackson,RB,NYG,2023,2,0,0,0,0,0,14,16,0,1,5,6,14,0,1,0,0,0,0,0,0,-1.0,4.0,12.0,7.5,0.0,0.0,0.0,0.0,0.0,0.0,236.0,133.5,1.0,1.0,30.0,15.0,34.0,17.0,209.0,104.5,1.0,0.5,54.5,31.800000000000026,84.5,46.80000000000014,0.0,0.0,0.0,0.0,0.0,0.0,0.0,0.0,2
00-0036497,Tim Jones,WR,JAX,2022,7,0,0,0,0,0,0,0,0,0,3,4,30,0,0,0,0,0,0,0,0,3.0,6.0,,12.0,,0.0,,0.0,,0.0,,236.0,,1.0,,30.0,,34.0,,209.0,,1.0,,54.5,,84.5,,0.0,,0.0,,0.0,,0.0,0
00-0036497,Tim Jones,WR,JAX,2023,10,0,0,0,0,0,0,0,0,0,11,18,83,0,0,0,0,0,0,0,0,8.3,19.3,7.0,7.0,0.0,0.0,0.0,0.0,0.0,0.0,0.0,0.0,0.0,0.0,3.0,3.0,4.0,4.0,30.0,30.0,0.0,0.0,3.0,3.0,6.0,6.0,0.0,0.0,0.0,0.0,0.0,0.0,0.0,0.0,1
00-0036497,Tim Jones,WR,JAX,2024,8,0,0,0,0,0,0,0,0,0,3,5,41,0,0,0,0,0,0,0,0,4.1,7.1,10.0,8.5,0.0,0.0,0.0,0.0,0.0,0.0,0.0,0.0,0.0,0.0,11.0,7.0,18.0,11.0,83.0,56.5,0.0,0.0,8.3,5.650000000000025,19.3,12.650000000000142,0.0,0.0,0.0,0.0,0.0,0.0,0.0,0.0,2
00-0036497,Tim Jones,WR,JAX,2025,2,0,0,0,0,0,0,0,0,0,1,1,15,0,0,0,0,0,0,0,0,1.5,2.5,8.0,9.0,0.0,0.0,0.0,0.0,0.0,0.0,0.0,0.0,0.0,0.0,3.0,7.0,5.0,11.5,41.0,62.0,0.0,0.0,4.1,6.200000000000025,7.1,13.200000000000141,0.0,0.0,0.0,0.0,0.0,0.0,0.0,0.0,3
00-0036510,Kenny Yeboah,TE,NYJ,2021,3,0,0,0,0,0,0,0,0,0,2,3,36,0,0,0,0,0,0,0,0,3.6,5.6,,8.0,,0.0,,0.0,,0.0,,0.0,,0.0,,3.0,,5.0,,41.0,,0.0,,4.1,,7.1,,0.0,,0.0,,0.0,,0.0,0
00-0036510,Kenny Yeboah,TE,NYJ,2022,3,0,0,0,0,0,0,0,0,0,0,0,0,0,0,0,0,0,0,0,0,0.0,0.0,3.0,3.0,0.0,0.0,0.0,0.0,0.0,0.0,0.0,0.0,0.0,0.0,2.0,2.0,3.0,3.0,36.0,36.0,0.0,0.0,3.6,3.6,5.6,5.6,0.0,0.0,0.0,0.0,0.0,0.0,0.0,0.0,1
00-0036510,Kenny Yeboah,TE,NYJ,2023,3,0,0,0,0,0,0,0,0,0,2,4,28,0,0,0,0,0,0,0,0,2.8,4.8,3.0,3.0,0.0,0.0,0.0,0.0,0.0,0.0,0.0,0.0,0.0,0.0,0.0,1.0,0.0,1.5,0.0,18.0,0.0,0.0,0.0,1.800000000000025,0.0,2.800000000000142,0.0,0.0,0.0,0.0,0.0,0.0,0.0,0.0,2
00-0036510,Kenny Yeboah,TE,NYJ,2024,7,0,0,0,0,0,0,0,0,0,5,8,47,1,0,0,0,0,0,0,0,10.7,15.7,3.0,3.0,0.0,0.0,0.0,0.0,0.0,0.0,0.0,0.0,0.0,0.0,2.0,1.0,4.0,2.0,28.0,14.0,0.0,0.0,2.8,1.4000000000000248,4.8,2.400000000000142,0.0,0.0,0.0,0.0,0.0,0.0,0.0,0.0,3
00-0036515,Chris Naggar,K,CLE,2021,1,0,0,0,0,0,0,0,0,0,0,0,0,0,0,1,1,0,0,1,2,0.0,0.0,,3.0,,0.0,,0.0,,0.0,,0.0,,0.0,,2.0,,4.0,,28.0,,0.0,,2.8,,4.8,,0.0,,0.0,,0.0,,0.0,0
00-0036523,Trey Ragas,RB,LV,2021,1,0,0,0,0,0,1,9,0,0,2,2,6,0,0,0,0,0,0,0,0,1.5,3.5,,,,,,,,,,,,,,,,,,,,,,,,,,,,,,,,,0
00-0036526,Dillon Stoner,WR,LV,2021,2,0,0,0,0,0,0,0,0,0,0,0,0,0,0,0,0,0,0,0,0,0.0,0.0,,,,,,,,,,,,,,,,,,,,,,,,,,,,,,,,,0
00-0036527,DJ Turner,WR,LV,2022,5,0,0,0,0,0,4,26,0,0,0,1,0,0,0,0,0,0,0,0,0,2.6,2.6,,,,,,,,,,,,,,,,,,,,,,,,,,,,,,,,,0
00-0036527,DJ Turner,WR,LV,2023,7,0,0,0,0,0,0,0,0,0,0,0,0,0,0,0,0,0,0,0,0,0.0,0.0,5.0,5.0,0.0,0.0,0.0,0.0,0.0,0.0,26.0,26.0,0.0,0.0,0.0,0.0,1.0,1.0,0.0,0.0,0.0,0.0,2.6,2.6,2.6,2.6,0.0,0.0,0.0,0.0,0.0,0.0,0.0,0.0,1
00-0036527,DJ Turner,WR,LV,2024,12,0,0,0,0,0,5,33,1,0,16,29,158,1,0,0,0,0,0,0,0,31.1,47.1,7.0,6.0,0.0,0.0,0.0,0.0,0.0,0.0,0.0,13.0,0.0,0.0,0.0,0.0,0.0,0.5,0.0,0.0,0.0,0.0,0.0,1.300000000000025,0.0,1.3000000000001422,0.0,0.0,0.0,0.0,0.0,0.0,0.0,0.0,2
00-0036527,DJ Turner,WR,LV,2025,1,0,0,0,0,0,0,0,0,0,0,0,0,0,0,0,0,0,0,0,0,0.0,0.0,12.0,9.5,0.0,0.0,0.0,0.0,0.0,0.0,33.0,16.5,1.0,0.5,16.0,8.0,29.0,14.5,158.0,79.0,1.0,0.5,31.1,15.550000000000026,47.1,23.550000000000143,0.0,0.0,0.0,0.0,0.0,0.0,0.0,0.0,3
00-0036534,Shane Zylstra,TE,DET,2021,3,0,0,0,0,0,0,0,0,0,3,7,34,0,0,0,0,0,0,0,0,3.4,6.4,,12.0,,0.0,,0.0,,0.0,,33.0,,1.0,,16.0,,29.0,,158.0,,1.0,,31.1,,47.1,,0.0,,0.0,,0.0,,0.0,0
00-0036534,Shane Zylstra,TE,DET,2022,8,0,0,0,0,0,0,0,0,0,11,15,60,4,0,0,0,0,0,0,0,30.0,41.0,3.0,3.0,0.0,0.0,0.0,0.0,0.0,0.0,0.0,0.0,0.0,0.0,3.0,3.0,7.0,7.0,34.0,34.0,0.0,0.0,3.4,3.4,6.4,6.4,0.0,0.0,0.0,0.0,0.0,0.0,0.0,0.0,1
00-0036534,Shane Zylstra,TE,DET,2024,2,0,0,0,0,0,0,0,0,0,1,1,22,0,0,0,0,0,0,0,0,2.2,3.2,8.0,5.5,0.0,0.0,0.0,0.0,0.0,0.0,0.0,0.0,0.0,0.0,11.0,7.0,15.0,11.0,60.0,47.0,4.0,2.0,30.0,16.700000000000024,41.0,23.70000000000014,0.0,0.0,0.0,0.0,0.0,0.0,0.0,0.0,2
00-0036534,Shane Zylstra,TE,DET,2025,1,0,0,0,0,0,0,0,0,0,3,5,20,0,0,0,0,0,0,0,0,2.0,5.0,2.0,5.0,0.0,0.0,0.0,0.0,0.0,0.0,0.0,0.0,0.0,0.0,1.0,6.0,1.0,8.0,22.0,41.0,0.0,2.0,2.2,16.100000000000026,3.2,22.100000000000144,0.0,0.0,0.0,0.0,0.0,0.0,0.0,0.0,3
00-0036543,Spencer Brown,RB,CAR,2022,2,0,0,0,0,0,9,43,0,0,2,4,10,0,0,0,0,0,0,0,0,5.3,7.3,,2.0,,0.0,,0.0,,0.0,,0.0,,0.0,,1.0,,1.0,,22.0,,0.0,,2.2,,3.2,,0.0,,0.0,,0.0,,0.0,0
00-0036550,Rashod Bateman,WR,BAL,2021,12,0,0,0,0,0,0,0,0,0,46,68,515,1,0,0,0,0,0,0,0,57.5,103.5,,,,,,,,,,,,,,,,,,,,,,,,,,,,,,,,,0
00-0036550,Rashod Bateman,WR,BAL,2022,6,0,0,0,0,0,0,0,0,0,15,28,285,2,1,0,0,0,0,0,0,38.5,53.5,12.0,12.0,0.0,0.0,0.0,0.0,0.0,0.0,0.0,0.0,0.0,0.0,46.0,46.0,68.0,68.0,515.0,515.0,1.0,1.0,57.5,57.5,103.5,103.5,0.0,0.0,0.0,0.0,0.0,0.0,0.0,0.0,1
00-0036550,Rashod Bateman,WR,BAL,2023,15,0,0,0,0,0,1,18,0,0,32,56,367,1,0,0,0,0,0,0,0,44.5,76.5,6.0,9.0,0.0,0.0,0.0,0.0,0.0,0.0,0.0,0.0,0.0,0.0,15.0,30.5,28.0,48.0,285.0,400.0,2.0,1.5,38.5,48.00000000000003,53.5,78.50000000000014,0.0,0.0,0.0,0.0,0.0,0.0,0.0,0.0,2
00-0036550,Rashod Bateman,WR,BAL,2024,16,0,0,0,0,0,0,0,0,0,45,72,756,9,0,0,0,0,0,0,0,129.6,174.6,15.0,10.5,0.0,0.0,0.0,0.0,0.0,0.0,18.0,9.0,0.0,0.0,32.0,23.5,56.0,42.0,367.0,326.0,1.0,1.5,44.5,41.50000000000003,76.5,65.00000000000014,0.0,0.0,0.0,0.0,0.0,0.0,0.0,0.0,3
00-0036550,Rashod Bateman,WR,BAL,2025,13,0,0,0,0,0,0,0,0,0,19,38,224,2,0,0,0,0,0,0,0,36.4,55.4,16.0,15.5,0.0,0.0,0.0,0.0,0.0,0.0,0.0,9.0,0.0,0.0,45.0,38.5,72.0,64.0,756.0,561.5,9.0,5.0,129.6,87.05000000000003,174.6,125.55000000000014,0.0,0.0,0.0,0.0,0.0,0.0,0.0,0.0,4
00-0036554,Nico Collins,WR,HOU,2021,14,0,0,0,0,0,0,0,0,0,33,60,446,1,0,0,0,0,0,0,0,50.6,83.6,,16.0,,0.0,,0.0,,0.0,,0.0,,0.0,,45.0,,72.0,,756.0,,9.0,,129.6,,174.6,,0.0,,0.0,,0.0,,0.0,0
00-0036554,Nico Collins,WR,HOU,2022,10,0,0,0,0,0,0,0,0,0,37,66,481,2,0,0,0,0,0,0,0,60.1,97.1,14.0,14.0,0.0,0.0,0.0,0.0,0.0,0.0,0.0,0.0,0.0,0.0,33.0,33.0,60.0,60.0,446.0,446.0,1.0,1.0,50.6,50.6,83.6,83.6,0.0,0.0,0.0,0.0,0.0,0.0,0.0,0.0,1
00-0036554,Nico Collins,WR,HOU,2023,15,0,0,0,0,0,1,7,0,0,80,109,1297,8,0,0,0,0,0,0,0,180.4,260.4,10.0,12.0,0.0,0.0,0.0,0.0,0.0,0.0,0.0,0.0,0.0,0.0,37.0,35.0,66.0,63.0,481.0,463.5,2.0,1.5,60.1,55.35000000000003,97.1,90.35000000000014,0.0,0.0,0.0,0.0,0.0,0.0,0.0,0.0,2
00-0036554,Nico Collins,WR,HOU,2024,12,0,0,0,0,0,0,0,0,0,68,99,1006,7,0,0,0,0,0,0,0,142.6,210.6,15.0,12.5,0.0,0.0,0.0,0.0,0.0,0.0,7.0,3.5,0.0,0.0,80.0,58.5,109.0,87.5,1297.0,889.0,8.0,5.0,180.4,120.25000000000003,260.4,178.7500000000001,0.0,0.0,0.0,0.0,0.0,0.0,0.0,0.0,3
00-0036554,Nico Collins,WR,HOU,2025,15,0,0,0,0,0,2,15,1,0,71,120,1117,6,1,0,0,0,0,0,0,155.2,226.2,12.0,13.5,0.0,0.0,0.0,0.0,0.0,0.0,0.0,3.5,0.0,0.0,68.0,74.0,99.0,104.0,1006.0,1151.5,7.0,7.5,142.6,161.50000000000003,210.6,235.5000000000001,0.0,0.0,0.0,0.0,0.0,0.0,0.0,0.0,4
00-0036555,Chuba Hubbard,RB,CAR,2021,16,0,0,0,0,0,172,612,5,1,25,37,174,1,0,0,0,0,0,0,0,112.6,137.6,,12.0,,0.0,,0.0,,0.0,,0.0,,0.0,,68.0,,99.0,,1006.0,,7.0,,142.6,,210.6,,0.0,,0.0,,0.0,,0.0,0
00-0036555,Chuba Hubbard,RB,CAR,2022,14,0,0,0,0,0,95,466,2,0,14,17,171,0,0,0,0,0,0,0,0,75.7,89.7,16.0,16.0,0.0,0.0,0.0,0.0,0.0,0.0,612.0,612.0,5.0,5.0,25.0,25.0,37.0,37.0,174.0,174.0,1.0,1.0,112.6,112.6,137.6,137.6,0.0,0.0,0.0,0.0,0.0,0.0,0.0,0.0,1
00-0036555,Chuba Hubbard,RB,CAR,2023,17,0,0,0,0,0,238,902,5,0,39,44,233,0,0,0,0,0,0,0,0,143.5,182.5,14.0,15.0,0.0,0.0,0.0,0.0,0.0,0.0,466.0,539.0,2.0,3.5,14.0,19.5,17.0,27.0,171.0,172.5,0.0,0.5,75.7,94.15000000000003,89.7,113.65000000000012,0.0,0.0,0.0,0.0,0.0,0.0,0.0,0.0,2
00-0036555,Chuba Hubbard,RB,CAR,2024,15,0,0,0,0,0,250,1195,10,1,43,54,171,1,2,0,0,0,0,0,0,198.6,241.6,17.0,15.5,0.0,0.0,0.0,0.0,0.0,0.0,902.0,684.0,5.0,3.5,39.0,26.5,44.0,30.5,233.0,202.0,0.0,0.0,143.5,109.60000000000004,182.5,136.10000000000014,0.0,0.0,0.0,0.0,0.0,0.0,0.0,0.0,3
00-0036555,Chuba Hubbard,RB,CAR,2025,15,0,0,0,0,0,134,511,1,1,30,39,223,3,0,0,0,0,0,0,0,95.4,125.4,15.0,16.0,0.0,0.0,0.0,0.0,0.0,0.0,1195.0,1048.5,10.0,7.5,43.0,41.0,54.0,49.0,171.0,202.0,1.0,0.5,198.6,171.05,241.6,212.05000000000013,0.0,0.0,0.0,0.0,0.0,0.0,0.0,0.0,4
00-0036556,Brevin Jordan,TE,HOU,2021,8,0,0,0,0,0,0,0,0,0,20,28,178,3,0,0,0,0,0,0,0,35.8,55.8,,15.0,,0.0,,0.0,,0.0,,1195.0,,10.0,,43.0,,54.0,,171.0,,1.0,,198.6,,241.6,,0.0,,0.0,,0.0,,0.0,0
00-0036556,Brevin Jordan,TE,HOU,2022,9,0,0,0,0,0,0,0,0,0,14,28,128,0,0,0,0,0,0,0,0,12.8,26.8,8.0,8.0,0.0,0.0,0.0,0.0,0.0,0.0,0.0,0.0,0.0,0.0,20.0,20.0,28.0,28.0,178.0,178.0,3.0,3.0,35.8,35.8,55.8,55.8,0.0,0.0,0.0,0.0,0.0,0.0,0.0,0.0,1
00-0036556,Brevin Jordan,TE,HOU,2023,10,0,0,0,0,0,0,0,0,0,17,21,219,2,0,0,0,0,0,0,0,33.9,50.9,9.0,8.5,0.0,0.0,0.0,0.0,0.0,0.0,0.0,0.0,0.0,0.0,14.0,17.0,28.0,28.0,128.0,153.0,0.0,1.5,12.8,24.300000000000026,26.8,41.300000000000125,0.0,0.0,0.0,0.0,0.0,0.0,0.0,0.0,2
00-0036556,Brevin Jordan,TE,HOU,2024,2,0,0,0,0,0,0,0,0,0,2,3,7,0,0,0,0,0,0,0,0,0.7,2.7,10.0,9.5,0.0,0.0,0.0,0.0,0.0,0.0,0.0,0.0,0.0,0.0,17.0,15.5,21.0,24.5,219.0,173.5,2.0,1.0,33.9,23.35000000000003,50.9,38.85000000000013,0.0,0.0,0.0,0.0,0.0,0.0,0.0,0.0,3
00-0036567,Elijah Mitchell,RB,SF,2021,11,0,0,0,0,0,207,963,5,0,19,20,137,1,0,0,0,0,0,0,0,146.0,165.0,,10.0,,0.0,,0.0,,0.0,,0.0,,0.0,,17.0,,21.0,,219.0,,2.0,,33.9,,50.9,,0.0,,0.0,,0.0,,0.0,0
00-0036567,Elijah Mitchell,RB,SF,2022,5,0,0,0,0,0,45,279,2,0,3,4,7,0,0,0,0,0,0,0,0,40.6,43.6,11.0,11.0,0.0,0.0,0.0,0.0,0.0,0.0,963.0,963.0,5.0,5.0,19.0,19.0,20.0,20.0,137.0,137.0,1.0,1.0,146.0,146.0,165.0,165.0,0.0,0.0,0.0,0.0,0.0,0.0,0.0,0.0,1
00-0036567,Elijah Mitchell,RB,SF,2023,11,0,0,0,0,0,75,281,2,0,6,8,14,0,0,0,0,0,0,0,0,41.5,47.5,5.0,8.0,0.0,0.0,0.0,0.0,0.0,0.0,279.0,621.0,2.0,3.5,3.0,11.0,4.0,12.0,7.0,72.0,0.0,0.5,40.6,93.30000000000003,43.6,104.30000000000013,0.0,0.0,0.0,0.0,0.0,0.0,0.0,0.0,2
00-0036567,Elijah Mitchell,RB,KC,2025,1,0,0,0,0,0,0,0,0,0,0,1,0,0,0,0,0,0,0,0,0,0.0,0.0,11.0,8.0,0.0,0.0,0.0,0.0,0.0,0.0,281.0,280.0,2.0,2.0,6.0,4.5,8.0,6.0,14.0,10.5,0.0,0.0,41.5,41.050000000000026,47.5,45.550000000000125,0.0,0.0,0.0,0.0,0.0,0.0,0.0,0.0,3
00-0036569,Gary Brightwell,RB,NYG,2021,7,0,0,0,0,0,1,4,0,0,1,1,6,0,0,0,0,0,0,0,0,1.0,2.0,,11.0,,0.0,,0.0,,0.0,,281.0,,2.0,,6.0,,8.0,,14.0,,0.0,,41.5,,47.5,,0.0,,0.0,,0.0,,0.0,0
00-0036569,Gary Brightwell,RB,NYG,2022,15,0,0,0,0,0,31,141,1,0,5,8,39,0,0,0,0,0,0,0,0,24.0,29.0,7.0,7.0,0.0,0.0,0.0,0.0,0.0,0.0,4.0,4.0,0.0,0.0,1.0,1.0,1.0,1.0,6.0,6.0,0.0,0.0,1.0,1.0,2.0,2.0,0.0,0.0,0.0,0.0,0.0,0.0,0.0,0.0,1
00-0036569,Gary Brightwell,RB,NYG,2023,4,0,0,0,0,0,9,19,0,0,5,7,47,0,0,0,0,0,0,0,0,6.6,11.6,15.0,11.0,0.0,0.0,0.0,0.0,0.0,0.0,141.0,72.5,1.0,0.5,5.0,3.0,8.0,4.5,39.0,22.5,0.0,0.0,24.0,12.500000000000028,29.0,15.500000000000128,0.0,0.0,0.0,0.0,0.0,0.0,0.0,0.0,2
00-0036569,Gary Brightwell,RB,CLE,2024,1,0,0,0,0,0,0,0,0,0,0,0,0,0,0,0,0,0,0,0,0,0.0,0.0,4.0,9.5,0.0,0.0,0.0,0.0,0.0,0.0,19.0,80.0,0.0,0.5,5.0,5.0,7.0,7.5,47.0,43.0,0.0,0.0,6.6,15.30000000000003,11.6,20.30000000000013,0.0,0.0,0.0,0.0,0.0,0.0,0.0,0.0,3
00-0036569,Gary Brightwell,RB,CIN,2025,2,0,0,0,0,0,0,0,0,0,0,0,0,0,0,0,0,0,0,0,0,0.0,0.0,1.0,2.5,0.0,0.0,0.0,0.0,0.0,0.0,0.0,9.5,0.0,0.0,0.0,2.5,0.0,3.5,0.0,23.5,0.0,0.0,0.0,3.3000000000000282,0.0,5.800000000000128,0.0,0.0,0.0,0.0,0.0,0.0,0.0,0.0,4
00-0036571,Marquez Stevenson,WR,BUF,2021,5,0,0,0,0,0,0,0,0,0,0,0,0,0,0,0,0,0,0,0,0,0.0,0.0,,1.0,,0.0,,0.0,,0.0,,0.0,,0.0,,0.0,,0.0,,0.0,,0.0,,0.0,,0.0,,0.0,,0.0,,0.0,,0.0,0
00-0036572,Shi Smith,WR,CAR,2021,5,0,0,0,0,0,1,-3,0,0,6,11,104,0,0,0,0,0,0,0,0,10.1,16.1,,,,,,,,,,,,,,,,,,,,,,,,,,,,,,,,,0
00-0036572,Shi Smith,WR,CAR,2022,17,0,0,0,0,0,0,0,0,0,22,41,296,2,1,0,0,0,0,0,0,39.6,61.6,5.0,5.0,0.0,0.0,0.0,0.0,0.0,0.0,-3.0,-3.0,0.0,0.0,6.0,6.0,11.0,11.0,104.0,104.0,0.0,0.0,10.1,10.1,16.1,16.1,0.0,0.0,0.0,0.0,0.0,0.0,0.0,0.0,1
00-0036582,Nate McCrary,RB,BAL,2021,1,0,0,0,0,0,1,-1,0,0,0,0,0,0,0,0,0,0,0,0,0,-0.1,-0.1,,5.0,,0.0,,0.0,,0.0,,-3.0,,0.0,,6.0,,11.0,,104.0,,0.0,,10.1,,16.1,,0.0,,0.0,,0.0,,0.0,0
00-0036590,Quintin Morris,TE,BUF,2022,9,0,0,0,0,0,0,0,0,0,8,11,84,1,1,0,0,0,0,0,0,12.4,20.4,,,,,,,,,,,,,,,,,,,,,,,,,,,,,,,,,0
00-0036590,Quintin Morris,TE,BUF,2023,2,0,0,0,0,0,0,0,0,0,2,3,26,1,0,0,0,0,0,0,0,8.6,10.6,9.0,9.0,0.0,0.0,0.0,0.0,0.0,0.0,0.0,0.0,0.0,0.0,8.0,8.0,11.0,11.0,84.0,84.0,1.0,1.0,12.4,12.4,20.4,20.4,0.0,0.0,0.0,0.0,0.0,0.0,0.0,0.0,1
00-0036590,Quintin Morris,TE,BUF,2024,10,0,0,0,0,0,0,0,0,0,5,8,36,1,0,0,0,0,0,0,0,9.6,14.6,2.0,5.5,0.0,0.0,0.0,0.0,0.0,0.0,0.0,0.0,0.0,0.0,2.0,5.0,3.0,7.0,26.0,55.0,1.0,1.0,8.6,10.500000000000028,10.6,15.500000000000128,0.0,0.0,0.0,0.0,0.0,0.0,0.0,0.0,2
00-0036590,Quintin Morris,TE,JAX,2025,11,0,0,0,0,0,0,0,0,0,6,9,55,1,0,0,0,0,0,0,0,11.5,17.5,10.0,6.0,0.0,0.0,0.0,0.0,0.0,0.0,0.0,0.0,0.0,0.0,5.0,3.5,8.0,5.5,36.0,31.0,1.0,1.0,9.6,9.100000000000028,14.6,12.600000000000128,0.0,0.0,0.0,0.0,0.0,0.0,0.0,0.0,3
00-0036598,Landen Akers,WR,LA,2021,1,0,0,0,0,0,0,0,0,0,0,0,0,0,0,0,0,0,0,0,0,0.0,0.0,,10.0,,0.0,,0.0,,0.0,,0.0,,0.0,,5.0,,8.0,,36.0,,1.0,,9.6,,14.6,,0.0,,0.0,,0.0,,0.0,0
00-0036613,Jaylen Waddle,WR,MIA,2021,16,0,0,0,0,0,2,3,1,0,104,140,1015,6,0,0,0,0,0,0,0,143.8,247.8,,,,,,,,,,,,,,,,,,,,,,,,,,,,,,,,,0
00-0036613,Jaylen Waddle,WR,MIA,2022,17,0,0,0,0,0,3,26,0,0,75,117,1356,8,1,0,0,0,0,0,0,184.2,259.2,16.0,16.0,0.0,0.0,0.0,0.0,0.0,0.0,3.0,3.0,1.0,1.0,104.0,104.0,140.0,140.0,1015.0,1015.0,6.0,6.0,143.8,143.8,247.8,247.8,0.0,0.0,0.0,0.0,0.0,0.0,0.0,0.0,1
00-0036613,Jaylen Waddle,WR,MIA,2023,14,0,0,0,0,0,3,12,0,0,72,104,1014,4,0,0,0,0,0,0,0,126.6,198.6,17.0,16.5,0.0,0.0,0.0,0.0,0.0,0.0,26.0,14.5,0.0,0.5,75.0,89.5,117.0,128.5,1356.0,1185.5,8.0,7.0,184.2,164.00000000000003,259.2,253.5000000000001,0.0,0.0,0.0,0.0,0.0,0.0,0.0,0.0,2
00-0036613,Jaylen Waddle,WR,MIA,2024,15,0,0,0,0,0,4,12,0,0,58,83,744,2,0,0,0,0,0,0,0,91.6,149.6,14.0,15.5,0.0,0.0,0.0,0.0,0.0,0.0,12.0,19.0,0.0,0.0,72.0,73.5,104.0,110.5,1014.0,1185.0,4.0,6.0,126.6,155.40000000000003,198.6,228.90000000000015,0.0,0.0,0.0,0.0,0.0,0.0,0.0,0.0,3
00-0036613,Jaylen Waddle,WR,MIA,2025,16,1,1,8,0,0,2,28,0,0,64,100,910,6,0,0,0,0,0,0,0,130.12,194.12,15.0,14.5,0.0,0.0,0.0,0.0,0.0,0.0,12.0,12.0,0.0,0.0,58.0,65.0,83.0,93.5,744.0,879.0,2.0,3.0,91.6,109.10000000000002,149.6,174.10000000000014,0.0,0.0,0.0,0.0,0.0,0.0,0.0,0.0,4
00-0036620,Dee Eskridge,WR,SEA,2021,8,0,0,0,0,0,4,59,0,0,10,20,64,1,0,0,0,0,0,0,0,18.3,28.3,,15.0,,0.0,,0.0,,0.0,,12.0,,0.0,,58.0,,83.0,,744.0,,2.0,,91.6,,149.6,,0.0,,0.0,,0.0,,0.0,0
00-0036620,Dee Eskridge,WR,SEA,2022,9,0,0,0,0,0,2,10,0,0,7,13,58,0,0,0,0,0,0,0,0,6.8,13.8,8.0,8.0,0.0,0.0,0.0,0.0,0.0,0.0,59.0,59.0,0.0,0.0,10.0,10.0,20.0,20.0,64.0,64.0,1.0,1.0,18.3,18.3,28.3,28.3,0.0,0.0,0.0,0.0,0.0,0.0,0.0,0.0,1
00-0036620,Dee Eskridge,WR,SEA,2023,4,0,0,0,0,0,2,5,0,0,0,1,0,0,0,0,0,0,0,0,0,0.5,0.5,9.0,8.5,0.0,0.0,0.0,0.0,0.0,0.0,10.0,34.5,0.0,0.0,7.0,8.5,13.0,16.5,58.0,61.0,0.0,0.5,6.8,12.55000000000003,13.8,21.050000000000143,0.0,0.0,0.0,0.0,0.0,0.0,0.0,0.0,2
00-0036620,Dee Eskridge,WR,MIA,2024,5,0,0,0,0,0,0,0,0,0,3,3,44,0,0,0,0,0,0,0,0,4.4,7.4,4.0,6.5,0.0,0.0,0.0,0.0,0.0,0.0,5.0,7.5,0.0,0.0,0.0,3.5,1.0,7.0,0.0,29.0,0.0,0.0,0.5,3.6500000000000283,0.5,7.1500000000001425,0.0,0.0,0.0,0.0,0.0,0.0,0.0,0.0,3
00-0036620,Dee Eskridge,WR,MIA,2025,11,0,0,0,0,0,0,0,0,0,4,7,62,0,0,0,0,0,0,0,0,6.2,10.2,5.0,4.5,0.0,0.0,0.0,0.0,0.0,0.0,0.0,2.5,0.0,0.0,3.0,1.5,3.0,2.0,44.0,22.0,0.0,0.0,4.4,2.4500000000000286,7.4,3.9500000000001423,0.0,0.0,0.0,0.0,0.0,0.0,0.0,0.0,4
00-0036626,Dyami Brown,WR,WAS,2021,10,0,0,0,0,0,1,-4,0,0,12,25,165,0,0,0,0,0,0,0,0,16.1,28.1,,5.0,,0.0,,0.0,,0.0,,0.0,,0.0,,3.0,,3.0,,44.0,,0.0,,4.4,,7.4,,0.0,,0.0,,0.0,,0.0,0
00-0036626,Dyami Brown,WR,WAS,2022,9,0,0,0,0,0,1,15,0,0,5,14,143,2,0,0,0,0,0,0,0,27.8,32.8,10.0,10.0,0.0,0.0,0.0,0.0,0.0,0.0,-4.0,-4.0,0.0,0.0,12.0,12.0,25.0,25.0,165.0,165.0,0.0,0.0,16.1,16.1,28.1,28.1,0.0,0.0,0.0,0.0,0.0,0.0,0.0,0.0,1
00-0036626,Dyami Brown,WR,WAS,2023,16,1,1,4,0,0,1,0,0,0,12,23,168,1,0,0,0,0,0,0,0,22.96,34.96,9.0,9.5,0.0,0.0,0.0,0.0,0.0,0.0,15.0,5.5,0.0,0.0,5.0,8.5,14.0,19.5,143.0,154.0,2.0,1.0,27.8,21.95000000000003,32.8,30.45000000000014,0.0,0.0,0.0,0.0,0.0,0.0,0.0,0.0,2
00-0036626,Dyami Brown,WR,WAS,2024,15,0,1,0,0,0,3,26,0,0,30,40,308,1,1,0,0,0,0,0,0,37.4,67.4,16.0,12.5,4.0,2.0,0.0,0.0,0.0,0.0,0.0,7.5,0.0,0.0,12.0,8.5,23.0,18.5,168.0,155.5,1.0,1.5,22.96,25.38000000000003,34.96,33.88000000000014,0.0,0.0,0.0,0.0,0.0,0.0,0.0,0.0,3
00-0036626,Dyami Brown,WR,JAX,2025,11,0,0,0,0,0,6,30,0,1,20,37,227,1,0,0,0,0,0,0,0,29.7,49.7,15.0,15.5,0.0,2.0,0.0,0.0,0.0,0.0,26.0,13.0,0.0,0.0,30.0,21.0,40.0,31.5,308.0,238.0,1.0,1.0,37.4,30.180000000000028,67.4,51.18000000000014,0.0,0.0,0.0,0.0,0.0,0.0,0.0,0.0,4
00-0036627,Dez Fitzpatrick,WR,TEN,2021,3,0,0,0,0,0,0,0,0,0,5,8,49,1,0,0,0,0,0,0,0,10.9,15.9,,15.0,,0.0,,0.0,,0.0,,26.0,,0.0,,30.0,,40.0,,308.0,,1.0,,37.4,,67.4,,0.0,,0.0,,0.0,,0.0,0
00-0036627,Dez Fitzpatrick,WR,TEN,2022,1,0,0,0,0,0,0,0,0,0,0,0,0,0,0,0,0,0,0,0,0,0.0,0.0,3.0,3.0,0.0,0.0,0.0,0.0,0.0,0.0,0.0,0.0,0.0,0.0,5.0,5.0,8.0,8.0,49.0,49.0,1.0,1.0,10.9,10.9,15.9,15.9,0.0,0.0,0.0,0.0,0.0,0.0,0.0,0.0,1
00-0036628,John Bates,TE,WAS,2021,12,0,0,0,0,0,0,0,0,0,20,25,249,1,0,0,0,0,0,0,0,30.9,50.9,,3.0,,0.0,,0.0,,0.0,,0.0,,0.0,,5.0,,8.0,,49.0,,1.0,,10.9,,15.9,,0.0,,0.0,,0.0,,0.0,0
00-0036628,John Bates,TE,WAS,2022,9,0,0,0,0,0,0,0,0,0,14,22,108,1,0,0,0,0,0,0,0,16.8,30.8,12.0,12.0,0.0,0.0,0.0,0.0,0.0,0.0,0.0,0.0,0.0,0.0,20.0,20.0,25.0,25.0,249.0,249.0,1.0,1.0,30.9,30.9,50.9,50.9,0.0,0.0,0.0,0.0,0.0,0.0,0.0,0.0,1
00-0036628,John Bates,TE,WAS,2023,15,0,0,0,0,0,0,0,0,0,19,28,151,0,0,0,0,0,0,0,0,15.1,34.1,9.0,10.5,0.0,0.0,0.0,0.0,0.0,0.0,0.0,0.0,0.0,0.0,14.0,17.0,22.0,23.5,108.0,178.5,1.0,1.0,16.8,23.85000000000003,30.8,40.85000000000014,0.0,0.0,0.0,0.0,0.0,0.0,0.0,0.0,2
00-0036628,John Bates,TE,WAS,2024,13,0,0,0,0,0,0,0,0,0,8,13,84,0,1,0,0,0,0,0,0,6.4,14.4,15.0,12.0,0.0,0.0,0.0,0.0,0.0,0.0,0.0,0.0,0.0,0.0,19.0,16.5,28.0,25.0,151.0,129.5,0.0,0.5,15.1,15.950000000000028,34.1,32.450000000000145,0.0,0.0,0.0,0.0,0.0,0.0,0.0,0.0,3
00-0036628,John Bates,TE,WAS,2025,10,0,0,0,0,0,0,0,0,0,11,16,103,1,0,0,0,0,0,0,0,16.3,27.3,13.0,14.0,0.0,0.0,0.0,0.0,0.0,0.0,0.0,0.0,0.0,0.0,8.0,13.5,13.0,20.5,84.0,117.5,0.0,0.0,6.4,10.750000000000028,14.4,24.250000000000142,0.0,0.0,0.0,0.0,0.0,0.0,0.0,0.0,4
00-0036630,Tylan Wallace,WR,BAL,2021,10,0,0,0,0,0,0,0,0,0,2,6,23,0,0,0,0,0,0,0,0,2.3,4.3,,13.0,,0.0,,0.0,,0.0,,0.0,,0.0,,8.0,,13.0,,84.0,,0.0,,6.4,,14.4,,0.0,,0.0,,0.0,,0.0,0
00-0036630,Tylan Wallace,WR,BAL,2022,5,0,0,0,0,0,0,0,0,0,4,7,33,0,0,0,0,0,0,0,0,3.3,7.3,10.0,10.0,0.0,0.0,0.0,0.0,0.0,0.0,0.0,0.0,0.0,0.0,2.0,2.0,6.0,6.0,23.0,23.0,0.0,0.0,2.3,2.3,4.3,4.3,0.0,0.0,0.0,0.0,0.0,0.0,0.0,0.0,1
00-0036630,Tylan Wallace,WR,BAL,2023,6,0,0,0,0,0,0,0,0,0,1,2,11,0,0,0,0,0,0,0,0,7.1,8.1,5.0,7.5,0.0,0.0,0.0,0.0,0.0,0.0,0.0,0.0,0.0,0.0,4.0,3.0,7.0,6.5,33.0,28.0,0.0,0.0,3.3,2.8000000000000282,7.3,5.800000000000138,0.0,0.0,0.0,0.0,0.0,0.0,0.0,0.0,2
00-0036630,Tylan Wallace,WR,BAL,2024,12,0,0,0,0,0,0,0,0,0,11,12,193,1,0,0,0,0,0,0,0,25.3,36.3,6.0,5.5,0.0,0.0,0.0,0.0,0.0,0.0,0.0,0.0,0.0,0.0,1.0,2.5,2.0,4.5,11.0,22.0,0.0,0.0,7.1,5.200000000000028,8.1,7.700000000000138,0.0,0.0,0.0,0.0,0.0,0.0,0.0,0.0,3
00-0036630,Tylan Wallace,WR,BAL,2025,11,0,0,0,0,0,0,0,0,0,4,8,45,1,0,0,0,0,0,0,0,10.5,14.5,12.0,9.0,0.0,0.0,0.0,0.0,0.0,0.0,0.0,0.0,0.0,0.0,11.0,6.0,12.0,7.0,193.0,102.0,1.0,0.5,25.3,16.200000000000028,36.3,22.200000000000138,0.0,0.0,0.0,0.0,0.0,0.0,0.0,0.0,4
00-0036635,Ihmir Smith-Marsette,WR,MIN,2021,6,0,0,0,0,0,0,0,0,0,5,6,116,2,0,0,0,0,0,0,0,23.6,28.6,,12.0,,0.0,,0.0,,0.0,,0.0,,0.0,,11.0,,12.0,,193.0,,1.0,,25.3,,36.3,,0.0,,0.0,,0.0,,0.0,0
00-0036635,Ihmir Smith-Marsette,WR,CHI,2022,4,0,0,0,0,0,1,-1,0,0,1,4,15,0,1,0,0,0,0,0,0,-0.6,0.4,6.0,6.0,0.0,0.0,0.0,0.0,0.0,0.0,0.0,0.0,0.0,0.0,5.0,5.0,6.0,6.0,116.0,116.0,2.0,2.0,23.6,23.6,28.6,28.6,0.0,0.0,0.0,0.0,0.0,0.0,0.0,0.0,1
00-0036635,Ihmir Smith-Marsette,WR,CAR,2023,17,0,0,0,0,0,8,74,1,0,8,10,51,0,0,0,0,0,0,0,0,24.5,32.5,4.0,5.0,0.0,0.0,0.0,0.0,0.0,0.0,-1.0,-0.5,0.0,0.0,1.0,3.0,4.0,5.0,15.0,65.5,0.0,1.0,-0.6,11.500000000000028,0.4,14.500000000000142,0.0,0.0,0.0,0.0,0.0,0.0,0.0,0.0,2
00-0036635,Ihmir Smith-Marsette,WR,NYG,2024,15,0,0,0,0,0,0,0,0,0,0,0,0,0,0,0,0,0,0,0,0,6.0,6.0,17.0,10.5,0.0,0.0,0.0,0.0,0.0,0.0,74.0,36.5,1.0,0.5,8.0,4.5,10.0,7.0,51.0,33.0,0.0,0.0,24.5,11.950000000000028,32.5,16.45000000000014,0.0,0.0,0.0,0.0,0.0,0.0,0.0,0.0,3
00-0036637,Noah Gray,TE,KC,2021,7,0,0,0,0,0,0,0,0,0,7,10,36,1,0,0,0,0,0,0,0,9.6,16.6,,17.0,,0.0,,0.0,,0.0,,74.0,,1.0,,8.0,,10.0,,51.0,,0.0,,24.5,,32.5,,0.0,,0.0,,0.0,,0.0,0
00-0036637,Noah Gray,TE,KC,2022,17,0,0,0,0,0,1,1,1,0,28,34,299,1,0,0,0,0,0,0,0,42.0,70.0,7.0,7.0,0.0,0.0,0.0,0.0,0.0,0.0,0.0,0.0,0.0,0.0,7.0,7.0,10.0,10.0,36.0,36.0,1.0,1.0,9.6,9.6,16.6,16.6,0.0,0.0,0.0,0.0,0.0,0.0,0.0,0.0,1
00-0036637,Noah Gray,TE,KC,2023,16,0,0,0,0,0,1,1,0,0,28,41,305,2,0,0,0,0,0,0,0,42.6,70.6,17.0,12.0,0.0,0.0,0.0,0.0,0.0,0.0,1.0,0.5,1.0,0.5,28.0,17.5,34.0,22.0,299.0,167.5,1.0,1.0,42.0,25.80000000000003,70.0,43.30000000000014,0.0,0.0,0.0,0.0,0.0,0.0,0.0,0.0,2
00-0036637,Noah Gray,TE,KC,2024,16,0,0,0,0,0,1,-4,0,0,40,49,437,5,0,0,0,0,0,0,0,73.3,113.3,16.0,16.5,0.0,0.0,0.0,0.0,0.0,0.0,1.0,1.0,0.0,0.5,28.0,28.0,41.0,37.5,305.0,302.0,2.0,1.5,42.6,42.300000000000026,70.6,70.30000000000014,0.0,0.0,0.0,0.0,0.0,0.0,0.0,0.0,3
00-0036637,Noah Gray,TE,KC,2025,14,0,0,0,0,0,0,0,0,0,21,37,178,0,0,0,0,0,0,0,0,17.8,38.8,16.0,16.0,0.0,0.0,0.0,0.0,0.0,0.0,-4.0,-1.5,0.0,0.0,40.0,34.0,49.0,45.0,437.0,371.0,5.0,3.5,73.3,57.95000000000003,113.3,91.95000000000013,0.0,0.0,0.0,0.0,0.0,0.0,0.0,0.0,4
00-0036640,Zach Davidson,TE,BUF,2024,2,0,0,0,0,0,0,0,0,0,1,2,5,0,0,0,0,0,0,0,0,0.5,1.5,,16.0,,0.0,,0.0,,0.0,,-4.0,,0.0,,40.0,,49.0,,437.0,,5.0,,73.3,,113.3,,0.0,,0.0,,0.0,,0.0,0
00-0036646,Simi Fehoko,WR,DAL,2022,3,0,0,0,0,0,0,0,0,0,3,4,24,0,0,0,0,0,0,0,0,2.4,5.4,,,,,,,,,,,,,,,,,,,,,,,,,,,,,,,,,0
00-0036646,Simi Fehoko,WR,LAC,2023,2,0,0,0,0,0,0,0,0,0,1,2,9,1,0,0,0,0,0,0,0,6.9,7.9,3.0,3.0,0.0,0.0,0.0,0.0,0.0,0.0,0.0,0.0,0.0,0.0,3.0,3.0,4.0,4.0,24.0,24.0,0.0,0.0,2.4,2.4,5.4,5.4,0.0,0.0,0.0,0.0,0.0,0.0,0.0,0.0,1
00-0036646,Simi Fehoko,WR,LAC,2024,6,0,0,0,0,0,0,0,0,0,6,16,106,0,0,0,0,0,0,0,0,10.6,16.6,2.0,2.5,0.0,0.0,0.0,0.0,0.0,0.0,0.0,0.0,0.0,0.0,1.0,2.0,2.0,3.0,9.0,16.5,1.0,0.5,6.9,4.650000000000029,7.9,6.6500000000001425,0.0,0.0,0.0,0.0,0.0,0.0,0.0,0.0,2
00-0036646,Simi Fehoko,WR,ARI,2025,7,0,0,0,0,0,0,0,0,0,0,0,0,0,0,0,0,0,0,0,0,0.0,0.0,6.0,4.0,0.0,0.0,0.0,0.0,0.0,0.0,0.0,0.0,0.0,0.0,6.0,3.5,16.0,9.0,106.0,57.5,0.0,0.5,10.6,8.750000000000028,16.6,12.250000000000142,0.0,0.0,0.0,0.0,0.0,0.0,0.0,0.0,3
00-0036650,Larry Rountree III,RB,LAC,2021,9,0,0,0,0,0,36,87,1,0,1,2,-1,0,0,0,0,0,0,0,0,14.6,15.6,,6.0,,0.0,,0.0,,0.0,,0.0,,0.0,,6.0,,16.0,,106.0,,0.0,,10.6,,16.6,,0.0,,0.0,,0.0,,0.0,0
00-0036650,Larry Rountree III,RB,LAC,2022,2,0,0,0,0,0,13,19,0,0,2,2,14,0,0,0,0,0,0,0,0,3.3,5.3,9.0,9.0,0.0,0.0,0.0,0.0,0.0,0.0,87.0,87.0,1.0,1.0,1.0,1.0,2.0,2.0,-1.0,-1.0,0.0,0.0,14.6,14.6,15.6,15.6,0.0,0.0,0.0,0.0,0.0,0.0,0.0,0.0,1
00-0036652,Racey McMath,WR,TEN,2021,6,0,0,0,0,0,0,0,0,0,2,6,8,0,1,0,0,0,0,0,0,-1.2,0.8,,9.0,,0.0,,0.0,,0.0,,87.0,,1.0,,1.0,,2.0,,-1.0,,0.0,,14.6,,15.6,,0.0,,0.0,,0.0,,0.0,0
00-0036652,Racey McMath,WR,TEN,2022,4,0,0,0,0,0,1,4,0,0,2,8,40,0,0,0,0,0,0,0,0,4.4,6.4,6.0,6.0,0.0,0.0,0.0,0.0,0.0,0.0,0.0,0.0,0.0,0.0,2.0,2.0,6.0,6.0,8.0,8.0,0.0,0.0,-1.2,-1.2,0.8,0.8,0.0,0.0,0.0,0.0,0.0,0.0,0.0,0.0,1
00-0036654,Demetric Felton,RB,CLE,2021,15,0,0,0,0,0,7,24,0,0,18,21,181,2,0,0,0,0,0,0,0,32.5,50.5,,6.0,,0.0,,0.0,,0.0,,0.0,,0.0,,2.0,,6.0,,8.0,,0.0,,-1.2,,0.8,,0.0,,0.0,,0.0,,0.0,0
00-0036654,Demetric Felton,RB,CLE,2022,6,0,0,0,0,0,1,-4,0,0,2,4,8,0,0,0,0,0,0,0,0,0.4,2.4,15.0,15.0,0.0,0.0,0.0,0.0,0.0,0.0,24.0,24.0,0.0,0.0,18.0,18.0,21.0,21.0,181.0,181.0,2.0,2.0,32.5,32.5,50.5,50.5,0.0,0.0,0.0,0.0,0.0,0.0,0.0,0.0,1
00-0036657,Seth Williams,WR,DEN,2021,1,0,0,0,0,0,0,0,0,0,1,1,34,0,0,0,0,0,0,0,0,3.4,4.4,,15.0,,0.0,,0.0,,0.0,,24.0,,0.0,,18.0,,21.0,,181.0,,2.0,,32.5,,50.5,,0.0,,0.0,,0.0,,0.0,0
00-0036669,Kylin Hill,RB,GB,2021,8,0,0,0,0,0,10,24,0,0,1,2,5,0,0,0,0,0,0,0,0,2.9,3.9,,,,,,,,,,,,,,,,,,,,,,,,,,,,,,,,,0
00-0036669,Kylin Hill,RB,GB,2022,1,0,0,0,0,0,1,7,0,0,0,0,0,0,0,0,0,0,0,0,0,0.7,0.7,8.0,8.0,0.0,0.0,0.0,0.0,0.0,0.0,24.0,24.0,0.0,0.0,1.0,1.0,2.0,2.0,5.0,5.0,0.0,0.0,2.9,2.9,3.9,3.9,0.0,0.0,0.0,0.0,0.0,0.0,0.0,0.0,1
00-0036670,Jermar Jefferson,RB,DET,2021,4,0,0,0,0,0,15,74,2,0,4,5,23,0,0,0,0,0,0,0,0,21.7,25.7,,8.0,,0.0,,0.0,,0.0,,24.0,,0.0,,1.0,,2.0,,5.0,,0.0,,2.9,,3.9,,0.0,,0.0,,0.0,,0.0,0
00-0036670,Jermar Jefferson,RB,DET,2024,2,0,0,0,0,0,6,22,0,0,1,1,10,0,0,0,0,0,0,0,0,3.2,4.2,4.0,4.0,0.0,0.0,0.0,0.0,0.0,0.0,74.0,74.0,2.0,2.0,4.0,4.0,5.0,5.0,23.0,23.0,0.0,0.0,21.7,21.7,25.7,25.7,0.0,0.0,0.0,0.0,0.0,0.0,0.0,0.0,1
00-0036671,Dax Milne,WR,WAS,2021,9,0,0,0,0,0,1,1,0,0,9,14,83,0,1,0,0,0,0,0,0,6.4,15.4,,4.0,,0.0,,0.0,,0.0,,74.0,,2.0,,4.0,,5.0,,23.0,,0.0,,21.7,,25.7,,0.0,,0.0,,0.0,,0.0,0
00-0036671,Dax Milne,WR,WAS,2022,15,0,0,0,0,0,0,0,0,0,6,7,37,1,0,0,0,0,0,0,0,9.7,15.7,9.0,9.0,0.0,0.0,0.0,0.0,0.0,0.0,1.0,1.0,0.0,0.0,9.0,9.0,14.0,14.0,83.0,83.0,0.0,0.0,6.4,6.4,15.4,15.4,0.0,0.0,0.0,0.0,0.0,0.0,0.0,0.0,1
00-0036679,Shane Buechele,QB,KC,2025,1,7,14,88,0,0,1,4,0,0,0,0,0,0,0,0,0,0,0,0,0,3.92,3.92,,9.0,,0.0,,0.0,,0.0,,1.0,,0.0,,9.0,,14.0,,83.0,,0.0,,6.4,,15.4,,0.0,,0.0,,0.0,,0.0,0
00-0036692,Miller Forristall,TE,CLE,2021,1,0,0,0,0,0,0,0,0,0,0,0,0,0,0,0,0,0,0,0,0,0.0,0.0,,,,,,,,,,,,,,,,,,,,,,,,,,,,,,,,,0
00-0036692,Miller Forristall,TE,CLE,2022,1,0,0,0,0,0,0,0,0,0,0,1,0,0,0,0,0,0,0,0,0,0.0,0.0,1.0,1.0,0.0,0.0,0.0,0.0,0.0,0.0,0.0,0.0,0.0,0.0,0.0,0.0,0.0,0.0,0.0,0.0,0.0,0.0,0.0,0.0,0.0,0.0,0.0,0.0,0.0,0.0,0.0,0.0,0.0,0.0,1
00-0036698,Mekhi Sargent,RB,JAX,2021,4,0,0,0,0,0,5,11,0,0,0,1,0,0,0,0,0,0,0,0,0,1.1,1.1,,1.0,,0.0,,0.0,,0.0,,0.0,,0.0,,0.0,,0.0,,0.0,,0.0,,0.0,,0.0,,0.0,,0.0,,0.0,,0.0,0
00-0036703,Brian Johnson,K,WAS,2021,7,0,0,0,0,0,0,0,0,0,0,0,0,0,0,10,10,1,0,9,13,0.0,0.0,,,,,,,,,,,,,,,,,,,,,,,,,,,,,,,,,0
00-0036714,Alex Kessman,K,NYJ,2021,1,0,0,0,0,0,0,0,0,0,0,0,0,0,0,0,0,0,0,0,2,0.0,0.0,,,,,,,,,,,,,,,,,,,,,,,,,,,,,,,,,0
00-0036734,Pooka Williams Jr.,RB,CIN,2021,1,0,0,0,0,0,0,0,0,0,0,0,0,0,0,0,0,0,0,0,0,0.0,0.0,,,,,,,,,,,,,,,,,,,,,,,,,,,,,,,,,0
00-0036741,Jack Stoll,TE,PHI,2021,6,0,0,0,0,0,0,0,0,0,4,5,22,0,0,0,0,0,0,0,0,2.2,6.2,,,,,,,,,,,,,,,,,,,,,,,,,,,,,,,,,0
00-0036741,Jack Stoll,TE,PHI,2022,9,0,0,0,0,0,0,0,0,0,11,14,123,0,0,0,0,0,0,0,0,12.3,23.3,6.0,6.0,0.0,0.0,0.0,0.0,0.0,0.0,0.0,0.0,0.0,0.0,4.0,4.0,5.0,5.0,22.0,22.0,0.0,0.0,2.2,2.2,6.2,6.2,0.0,0.0,0.0,0.0,0.0,0.0,0.0,0.0,1
00-0036741,Jack Stoll,TE,PHI,2023,6,0,0,0,0,0,0,0,0,0,5,8,38,0,0,0,0,0,0,0,0,3.8,8.8,9.0,7.5,0.0,0.0,0.0,0.0,0.0,0.0,0.0,0.0,0.0,0.0,11.0,7.5,14.0,9.5,123.0,72.5,0.0,0.0,12.3,7.250000000000028,23.3,14.750000000000142,0.0,0.0,0.0,0.0,0.0,0.0,0.0,0.0,2
00-0036741,Jack Stoll,TE,PHI,2024,5,0,0,0,0,0,0,0,0,0,2,3,10,0,0,0,0,0,0,0,0,1.0,3.0,6.0,7.5,0.0,0.0,0.0,0.0,0.0,0.0,0.0,0.0,0.0,0.0,5.0,8.0,8.0,11.0,38.0,80.5,0.0,0.0,3.8,8.05000000000003,8.8,16.050000000000143,0.0,0.0,0.0,0.0,0.0,0.0,0.0,0.0,3
00-0036741,Jack Stoll,TE,NO,2025,9,0,0,0,0,0,0,0,0,0,6,11,46,1,0,0,0,0,0,0,0,10.6,16.6,5.0,5.5,0.0,0.0,0.0,0.0,0.0,0.0,0.0,0.0,0.0,0.0,2.0,3.5,3.0,5.5,10.0,24.0,0.0,0.0,1.0,2.4000000000000283,3.0,5.9000000000001425,0.0,0.0,0.0,0.0,0.0,0.0,0.0,0.0,4
00-0036754,Brock Wright,TE,DET,2021,8,0,0,0,0,0,0,0,0,0,12,17,117,2,0,0,0,0,0,0,0,23.7,35.7,,5.0,,0.0,,0.0,,0.0,,0.0,,0.0,,2.0,,3.0,,10.0,,0.0,,1.0,,3.0,,0.0,,0.0,,0.0,,0.0,0
00-0036754,Brock Wright,TE,DET,2022,14,0,0,0,0,0,0,0,0,0,18,24,216,4,0,0,0,0,0,0,0,45.6,63.6,8.0,8.0,0.0,0.0,0.0,0.0,0.0,0.0,0.0,0.0,0.0,0.0,12.0,12.0,17.0,17.0,117.0,117.0,2.0,2.0,23.7,23.7,35.7,35.7,0.0,0.0,0.0,0.0,0.0,0.0,0.0,0.0,1
00-0036754,Brock Wright,TE,DET,2023,9,0,0,0,0,0,0,0,0,0,13,14,91,1,0,0,0,0,0,0,0,15.1,28.1,14.0,11.0,0.0,0.0,0.0,0.0,0.0,0.0,0.0,0.0,0.0,0.0,18.0,15.0,24.0,20.5,216.0,166.5,4.0,3.0,45.6,34.65000000000003,63.6,49.65000000000015,0.0,0.0,0.0,0.0,0.0,0.0,0.0,0.0,2
00-0036754,Brock Wright,TE,DET,2024,11,0,0,0,0,0,0,0,0,0,13,16,100,2,0,0,0,0,0,0,0,22.0,35.0,9.0,11.5,0.0,0.0,0.0,0.0,0.0,0.0,0.0,0.0,0.0,0.0,13.0,15.5,14.0,19.0,91.0,153.5,1.0,2.5,15.1,30.35000000000003,28.1,45.85000000000014,0.0,0.0,0.0,0.0,0.0,0.0,0.0,0.0,3
00-0036754,Brock Wright,TE,DET,2025,8,0,0,0,0,0,0,0,0,0,14,22,108,2,0,0,0,0,0,0,0,22.8,36.8,11.0,10.0,0.0,0.0,0.0,0.0,0.0,0.0,0.0,0.0,0.0,0.0,13.0,13.0,16.0,15.0,100.0,95.5,2.0,1.5,22.0,18.550000000000033,35.0,31.550000000000143,0.0,0.0,0.0,0.0,0.0,0.0,0.0,0.0,4
00-0036755,Jaret Patterson,RB,WAS,2021,15,0,0,0,0,0,68,266,2,0,10,11,73,0,0,0,0,0,0,0,0,45.9,55.9,,11.0,,0.0,,0.0,,0.0,,0.0,,0.0,,13.0,,16.0,,100.0,,2.0,,22.0,,35.0,,0.0,,0.0,,0.0,,0.0,0
00-0036755,Jaret Patterson,RB,WAS,2022,2,0,0,0,0,0,17,78,0,0,0,1,0,0,0,0,0,0,0,0,0,7.8,7.8,15.0,15.0,0.0,0.0,0.0,0.0,0.0,0.0,266.0,266.0,2.0,2.0,10.0,10.0,11.0,11.0,73.0,73.0,0.0,0.0,45.9,45.9,55.9,55.9,0.0,0.0,0.0,0.0,0.0,0.0,0.0,0.0,1
00-0036755,Jaret Patterson,RB,LAC,2025,6,0,0,0,0,0,41,159,1,0,3,4,8,0,0,0,0,0,0,0,0,22.7,25.7,2.0,8.5,0.0,0.0,0.0,0.0,0.0,0.0,78.0,172.0,0.0,1.0,0.0,5.0,1.0,6.0,0.0,36.5,0.0,0.0,7.8,26.85000000000003,7.8,31.85000000000014,0.0,0.0,0.0,0.0,0.0,0.0,0.0,0.0,2
00-0036768,JaQuan Hardy,RB,DAL,2021,2,0,0,0,0,0,4,29,1,0,0,0,0,0,0,0,0,0,0,0,0,8.9,8.9,,2.0,,0.0,,0.0,,0.0,,78.0,,0.0,,0.0,,1.0,,0.0,,0.0,,7.8,,7.8,,0.0,,0.0,,0.0,,0.0,0
00-0036799,Josh Johnson,RB,SEA,2021,1,0,0,0,0,0,0,0,0,0,0,0,0,0,0,0,0,0,0,0,0,0.0,0.0,,,,,,,,,,,,,,,,,,,,,,,,,,,,,,,,,0
00-0036810,Cade Johnson,WR,SEA,2022,2,0,0,0,0,0,0,0,0,0,2,4,21,0,0,0,0,0,0,0,0,2.1,4.1,,,,,,,,,,,,,,,,,,,,,,,,,,,,,,,,,0
00-0036816,Riley Patterson,K,DET,2021,7,0,0,0,0,0,0,0,0,0,0,0,0,0,0,13,14,0,0,16,16,0.0,0.0,,,,,,,,,,,,,,,,,,,,,,,,,,,,,,,,,0
00-0036816,Riley Patterson,K,JAX,2022,17,0,0,0,0,0,0,0,0,0,0,0,0,0,0,30,35,2,0,36,37,0.0,0.0,7.0,7.0,0.0,0.0,0.0,0.0,0.0,0.0,0.0,0.0,0.0,0.0,0.0,0.0,0.0,0.0,0.0,0.0,0.0,0.0,0.0,0.0,0.0,0.0,13.0,13.0,14.0,14.0,16.0,16.0,16.0,16.0,1
00-0036816,Riley Patterson,K,CLE,2023,15,0,0,0,0,0,0,0,0,0,0,0,0,0,0,16,18,1,0,41,44,0.0,0.0,17.0,12.0,0.0,0.0,0.0,0.0,0.0,0.0,0.0,0.0,0.0,0.0,0.0,0.0,0.0,0.0,0.0,0.0,0.0,0.0,0.0,0.0,0.0,0.0,30.0,21.5,35.0,24.5,36.0,26.0,37.0,26.5,2
00-0036816,Riley Patterson,K,ATL,2024,5,0,0,0,0,0,0,0,0,0,0,0,0,0,0,4,7,1,0,16,16,0.0,0.0,15.0,16.0,0.0,0.0,0.0,0.0,0.0,0.0,0.0,0.0,0.0,0.0,0.0,0.0,0.0,0.0,0.0,0.0,0.0,0.0,0.0,0.0,0.0,0.0,16.0,23.0,18.0,26.5,41.0,38.5,44.0,40.5,3
00-0036816,Riley Patterson,K,MIA,2025,17,0,0,0,0,0,0,0,0,0,0,0,0,0,0,27,29,3,0,34,35,0.0,0.0,5.0,10.0,0.0,0.0,0.0,0.0,0.0,0.0,0.0,0.0,0.0,0.0,0.0,0.0,0.0,0.0,0.0,0.0,0.0,0.0,0.0,0.0,0.0,0.0,4.0,10.0,7.0,12.5,16.0,28.5,16.0,30.0,4
00-0036825,Feleipe Franks,TE,ATL,2021,4,0,1,0,0,1,3,6,0,0,0,0,0,0,0,0,0,0,0,0,0,-1.4,-1.4,,5.0,,0.0,,0.0,,0.0,,0.0,,0.0,,0.0,,0.0,,0.0,,0.0,,0.0,,0.0,,4.0,,7.0,,16.0,,16.0,0
00-0036825,Feleipe Franks,TE,ATL,2022,5,0,0,0,0,0,1,0,0,0,0,2,0,0,0,0,0,0,0,0,0,0.0,0.0,4.0,4.0,0.0,0.0,0.0,0.0,1.0,1.0,6.0,6.0,0.0,0.0,0.0,0.0,0.0,0.0,0.0,0.0,0.0,0.0,-1.4,-1.4,-1.4,-1.4,0.0,0.0,0.0,0.0,0.0,0.0,0.0,0.0,1
00-0036825,Feleipe Franks,TE,CAR,2024,9,0,0,0,0,0,0,0,0,0,1,3,12,0,0,0,0,0,0,0,0,1.2,2.2,5.0,4.5,0.0,0.0,0.0,0.0,0.0,0.5,0.0,3.0,0.0,0.0,0.0,0.0,2.0,1.0,0.0,0.0,0.0,0.0,0.0,-0.699999999999968,0.0,-0.6999999999998578,0.0,0.0,0.0,0.0,0.0,0.0,0.0,0.0,2
00-0036825,Feleipe Franks,TE,ATL,2025,10,0,0,0,0,0,2,4,0,0,0,0,0,0,0,0,0,0,0,0,0,0.4,0.4,9.0,7.0,0.0,0.0,0.0,0.0,0.0,0.0,0.0,0.0,0.0,0.0,1.0,0.5,3.0,2.5,12.0,6.0,0.0,0.0,1.2,0.600000000000032,2.2,1.1000000000001422,0.0,0.0,0.0,0.0,0.0,0.0,0.0,0.0,3
00-0036829,Caleb Huntley,RB,ATL,2022,12,0,0,0,0,0,76,366,1,0,2,2,3,0,0,0,0,0,0,0,0,42.9,44.9,,9.0,,0.0,,0.0,,0.0,,0.0,,0.0,,1.0,,3.0,,12.0,,0.0,,1.2,,2.2,,0.0,,0.0,,0.0,,0.0,0
00-0036841,Austin Trammell,WR,LA,2022,2,0,0,0,0,0,0,0,0,0,2,4,13,0,0,0,0,0,0,0,0,1.3,3.3,,,,,,,,,,,,,,,,,,,,,,,,,,,,,,,,,0
00-0036841,Austin Trammell,WR,LA,2023,15,0,0,0,0,0,0,0,0,0,4,7,29,0,0,0,0,0,0,0,0,2.9,6.9,2.0,2.0,0.0,0.0,0.0,0.0,0.0,0.0,0.0,0.0,0.0,0.0,2.0,2.0,4.0,4.0,13.0,13.0,0.0,0.0,1.3,1.3,3.3,3.3,0.0,0.0,0.0,0.0,0.0,0.0,0.0,0.0,1
00-0036841,Austin Trammell,WR,JAX,2024,1,0,0,0,0,0,0,0,0,0,2,3,40,0,0,0,0,0,0,0,0,4.0,6.0,15.0,8.5,0.0,0.0,0.0,0.0,0.0,0.0,0.0,0.0,0.0,0.0,4.0,3.0,7.0,5.5,29.0,21.0,0.0,0.0,2.9,2.100000000000032,6.9,5.100000000000142,0.0,0.0,0.0,0.0,0.0,0.0,0.0,0.0,2
00-0036841,Austin Trammell,WR,JAX,2025,6,0,0,0,0,0,0,0,0,0,3,10,46,0,0,0,0,0,0,0,0,4.6,7.6,1.0,8.0,0.0,0.0,0.0,0.0,0.0,0.0,0.0,0.0,0.0,0.0,2.0,3.0,3.0,5.0,40.0,34.5,0.0,0.0,4.0,3.450000000000032,6.0,6.450000000000142,0.0,0.0,0.0,0.0,0.0,0.0,0.0,0.0,3
00-0036842,Kene Nwangwu,RB,MIN,2021,9,0,0,0,0,0,13,61,0,0,4,5,9,0,0,0,0,0,0,0,0,19.0,23.0,,1.0,,0.0,,0.0,,0.0,,0.0,,0.0,,2.0,,3.0,,40.0,,0.0,,4.0,,6.0,,0.0,,0.0,,0.0,,0.0,0
00-0036842,Kene Nwangwu,RB,MIN,2022,14,0,0,0,0,0,9,14,0,0,2,2,21,0,0,0,0,0,0,0,0,9.5,11.5,9.0,9.0,0.0,0.0,0.0,0.0,0.0,0.0,61.0,61.0,0.0,0.0,4.0,4.0,5.0,5.0,9.0,9.0,0.0,0.0,19.0,19.0,23.0,23.0,0.0,0.0,0.0,0.0,0.0,0.0,0.0,0.0,1
00-0036842,Kene Nwangwu,RB,MIN,2023,8,0,0,0,0,0,5,13,0,0,0,0,0,0,0,0,0,0,0,0,0,1.3,1.3,14.0,11.5,0.0,0.0,0.0,0.0,0.0,0.0,14.0,37.5,0.0,0.0,2.0,3.0,2.0,3.5,21.0,15.0,0.0,0.0,9.5,14.250000000000032,11.5,17.250000000000142,0.0,0.0,0.0,0.0,0.0,0.0,0.0,0.0,2
00-0036842,Kene Nwangwu,RB,NYJ,2024,2,0,0,0,0,0,0,0,0,0,0,0,0,0,0,0,0,0,0,0,0,6.0,6.0,8.0,11.0,0.0,0.0,0.0,0.0,0.0,0.0,13.0,13.5,0.0,0.0,0.0,1.0,0.0,1.0,0.0,10.5,0.0,0.0,1.3,5.400000000000032,1.3,6.4000000000001425,0.0,0.0,0.0,0.0,0.0,0.0,0.0,0.0,3
00-0036842,Kene Nwangwu,RB,NYJ,2025,10,0,0,0,0,0,13,49,0,0,0,1,0,0,0,0,0,0,0,0,0,10.9,10.9,2.0,5.0,0.0,0.0,0.0,0.0,0.0,0.0,0.0,6.5,0.0,0.0,0.0,0.0,0.0,0.0,0.0,0.0,0.0,0.0,6.0,3.650000000000032,6.0,3.650000000000142,0.0,0.0,0.0,0.0,0.0,0.0,0.0,0.0,4
00-0036849,Tutu Atwell,WR,LA,2021,6,0,0,0,0,0,0,0,0,0,0,0,0,0,0,0,0,0,0,0,0,0.0,0.0,,2.0,,0.0,,0.0,,0.0,,0.0,,0.0,,0.0,,0.0,,0.0,,0.0,,6.0,,6.0,,0.0,,0.0,,0.0,,0.0,0
00-0036849,Tutu Atwell,WR,LA,2022,12,0,0,0,0,0,9,34,1,0,18,35,298,1,0,0,0,0,0,0,0,45.2,63.2,6.0,6.0,0.0,0.0,0.0,0.0,0.0,0.0,0.0,0.0,0.0,0.0,0.0,0.0,0.0,0.0,0.0,0.0,0.0,0.0,0.0,0.0,0.0,0.0,0.0,0.0,0.0,0.0,0.0,0.0,0.0,0.0,1
00-0036849,Tutu Atwell,WR,LA,2023,14,0,0,0,0,0,5,31,0,0,39,67,483,3,0,0,0,0,0,0,0,73.4,112.4,12.0,9.0,0.0,0.0,0.0,0.0,0.0,0.0,34.0,17.0,1.0,0.5,18.0,9.0,35.0,17.5,298.0,149.0,1.0,0.5,45.2,22.600000000000033,63.2,31.600000000000144,0.0,0.0,0.0,0.0,0.0,0.0,0.0,0.0,2
00-0036849,Tutu Atwell,WR,LA,2024,15,0,1,0,0,0,2,7,0,0,42,62,562,0,0,0,0,0,0,0,0,56.9,98.9,14.0,13.0,0.0,0.0,0.0,0.0,0.0,0.0,31.0,32.5,0.0,0.5,39.0,28.5,67.0,51.0,483.0,390.5,3.0,2.0,73.4,59.30000000000004,112.4,87.80000000000015,0.0,0.0,0.0,0.0,0.0,0.0,0.0,0.0,3
00-0036849,Tutu Atwell,WR,LA,2025,8,0,0,0,0,0,0,0,0,0,6,15,192,1,0,0,0,0,0,0,0,25.2,31.2,15.0,14.5,0.0,0.0,0.0,0.0,0.0,0.0,7.0,19.0,0.0,0.0,42.0,40.5,62.0,64.5,562.0,522.5,0.0,1.5,56.9,65.15000000000003,98.9,105.65000000000015,0.0,0.0,0.0,0.0,0.0,0.0,0.0,0.0,4
00-0036854,Evan McPherson,K,CIN,2021,16,0,0,0,0,0,0,0,0,0,0,0,0,0,0,28,33,9,0,46,48,0.0,0.0,,15.0,,0.0,,0.0,,0.0,,7.0,,0.0,,42.0,,62.0,,562.0,,0.0,,56.9,,98.9,,0.0,,0.0,,0.0,,0.0,0
00-0036854,Evan McPherson,K,CIN,2022,16,0,0,0,0,0,0,0,0,0,0,0,0,0,0,24,29,5,0,40,44,0.0,0.0,16.0,16.0,0.0,0.0,0.0,0.0,0.0,0.0,0.0,0.0,0.0,0.0,0.0,0.0,0.0,0.0,0.0,0.0,0.0,0.0,0.0,0.0,0.0,0.0,28.0,28.0,33.0,33.0,46.0,46.0,48.0,48.0,1
00-0036854,Evan McPherson,K,CIN,2023,17,0,0,0,0,0,0,0,0,0,0,0,0,0,0,26,31,7,0,40,40,0.0,0.0,16.0,16.0,0.0,0.0,0.0,0.0,0.0,0.0,0.0,0.0,0.0,0.0,0.0,0.0,0.0,0.0,0.0,0.0,0.0,0.0,0.0,0.0,0.0,0.0,24.0,26.0,29.0,31.0,40.0,43.0,44.0,46.0,2
00-0036854,Evan McPherson,K,CIN,2024,12,0,0,0,0,0,0,0,0,0,0,0,0,0,0,16,22,3,0,37,38,0.0,0.0,17.0,16.5,0.0,0.0,0.0,0.0,0.0,0.0,0.0,0.0,0.0,0.0,0.0,0.0,0.0,0.0,0.0,0.0,0.0,0.0,0.0,0.0,0.0,0.0,26.0,25.0,31.0,30.0,40.0,40.0,40.0,42.0,3
00-0036854,Evan McPherson,K,CIN,2025,17,0,0,0,0,0,0,0,0,0,0,0,0,0,0,25,28,4,1,41,44,0.0,0.0,12.0,14.5,0.0,0.0,0.0,0.0,0.0,0.0,0.0,0.0,0.0,0.0,0.0,0.0,0.0,0.0,0.0,0.0,0.0,0.0,0.0,0.0,0.0,0.0,16.0,21.0,22.0,26.5,37.0,38.5,38.0,39.0,4
00-0036857,Chris Evans,RB,CIN,2021,9,0,0,0,0,0,17,77,0,0,15,17,151,2,0,0,0,0,0,0,0,34.8,49.8,,12.0,,0.0,,0.0,,0.0,,0.0,,0.0,,0.0,,0.0,,0.0,,0.0,,0.0,,0.0,,16.0,,22.0,,37.0,,38.0,0
00-0036857,Chris Evans,RB,CIN,2022,10,0,0,0,0,0,0,0,0,0,3,4,38,1,0,0,0,0,0,0,0,9.8,12.8,9.0,9.0,0.0,0.0,0.0,0.0,0.0,0.0,77.0,77.0,0.0,0.0,15.0,15.0,17.0,17.0,151.0,151.0,2.0,2.0,34.8,34.8,49.8,49.8,0.0,0.0,0.0,0.0,0.0,0.0,0.0,0.0,1
00-0036857,Chris Evans,RB,CIN,2023,3,0,0,0,0,0,2,12,0,0,1,1,-1,0,0,0,0,0,0,0,0,1.1,2.1,10.0,9.5,0.0,0.0,0.0,0.0,0.0,0.0,0.0,38.5,0.0,0.0,3.0,9.0,4.0,10.5,38.0,94.5,1.0,1.5,9.8,22.300000000000033,12.8,31.30000000000014,0.0,0.0,0.0,0.0,0.0,0.0,0.0,0.0,2
00-0036858,Jalen Camp,WR,HOU,2021,1,0,0,0,0,0,0,0,0,0,0,0,0,0,0,0,0,0,0,0,0,0.0,0.0,,10.0,,0.0,,0.0,,0.0,,0.0,,0.0,,3.0,,4.0,,38.0,,1.0,,9.8,,12.8,,0.0,,0.0,,0.0,,0.0,0
00-0036858,Jalen Camp,WR,HOU,2022,1,0,0,0,0,0,0,0,0,0,1,1,7,0,0,0,0,0,0,0,0,0.7,1.7,1.0,1.0,0.0,0.0,0.0,0.0,0.0,0.0,0.0,0.0,0.0,0.0,0.0,0.0,0.0,0.0,0.0,0.0,0.0,0.0,0.0,0.0,0.0,0.0,0.0,0.0,0.0,0.0,0.0,0.0,0.0,0.0,1
00-0036860,Jake Funk,RB,LA,2021,5,0,0,0,0,0,2,5,0,0,0,0,0,0,0,0,0,0,0,0,0,0.5,0.5,,1.0,,0.0,,0.0,,0.0,,0.0,,0.0,,0.0,,0.0,,0.0,,0.0,,0.0,,0.0,,0.0,,0.0,,0.0,,0.0,0
00-0036860,Jake Funk,RB,LA,2022,1,0,0,0,0,0,0,0,0,0,0,0,0,0,0,0,0,0,0,0,0,0.0,0.0,5.0,5.0,0.0,0.0,0.0,0.0,0.0,0.0,5.0,5.0,0.0,0.0,0.0,0.0,0.0,0.0,0.0,0.0,0.0,0.0,0.5,0.5,0.5,0.5,0.0,0.0,0.0,0.0,0.0,0.0,0.0,0.0,1
00-0036860,Jake Funk,RB,IND,2023,1,0,0,0,0,0,2,10,0,0,1,1,12,0,0,0,0,0,0,0,0,2.2,3.2,1.0,3.0,0.0,0.0,0.0,0.0,0.0,0.0,0.0,2.5,0.0,0.0,0.0,0.0,0.0,0.0,0.0,0.0,0.0,0.0,0.0,0.2500000000000355,0.0,0.2500000000001421,0.0,0.0,0.0,0.0,0.0,0.0,0.0,0.0,2
00-0036862,Ben Skowronek,WR,LA,2021,12,0,0,0,0,0,0,0,0,0,11,20,133,0,0,0,0,0,0,0,0,13.3,24.3,,1.0,,0.0,,0.0,,0.0,,0.0,,0.0,,0.0,,0.0,,0.0,,0.0,,0.0,,0.0,,0.0,,0.0,,0.0,,0.0,0
00-0036862,Ben Skowronek,WR,LA,2022,14,0,0,0,0,0,1,17,1,0,39,61,376,0,0,0,0,0,0,0,0,45.3,84.3,12.0,12.0,0.0,0.0,0.0,0.0,0.0,0.0,0.0,0.0,0.0,0.0,11.0,11.0,20.0,20.0,133.0,133.0,0.0,0.0,13.3,13.3,24.3,24.3,0.0,0.0,0.0,0.0,0.0,0.0,0.0,0.0,1
00-0036862,Ben Skowronek,WR,LA,2023,13,0,0,0,0,0,2,9,0,0,8,12,66,1,0,0,0,0,0,0,0,13.5,21.5,14.0,13.0,0.0,0.0,0.0,0.0,0.0,0.0,17.0,8.5,1.0,0.5,39.0,25.0,61.0,40.5,376.0,254.5,0.0,0.0,45.3,29.300000000000033,84.3,54.30000000000014,0.0,0.0,0.0,0.0,0.0,0.0,0.0,0.0,2
00-0036862,Ben Skowronek,WR,PIT,2024,9,0,0,0,0,0,0,0,0,0,5,5,69,0,0,0,0,0,0,0,0,6.9,11.9,13.0,13.5,0.0,0.0,0.0,0.0,0.0,0.0,9.0,13.0,0.0,0.5,8.0,23.5,12.0,36.5,66.0,221.0,1.0,0.5,13.5,29.400000000000034,21.5,52.90000000000014,0.0,0.0,0.0,0.0,0.0,0.0,0.0,0.0,3
00-0036862,Ben Skowronek,WR,PIT,2025,16,0,0,0,0,0,0,0,0,0,4,6,69,1,0,0,0,0,0,0,0,12.9,16.9,9.0,11.0,0.0,0.0,0.0,0.0,0.0,0.0,0.0,4.5,0.0,0.0,5.0,6.5,5.0,8.5,69.0,67.5,0.0,0.5,6.9,10.200000000000035,11.9,16.70000000000014,0.0,0.0,0.0,0.0,0.0,0.0,0.0,0.0,4
00-0036875,Rhamondre Stevenson,RB,NE,2021,12,0,0,0,0,0,133,606,5,0,14,18,123,0,1,0,0,0,0,0,0,100.9,114.9,,9.0,,0.0,,0.0,,0.0,,0.0,,0.0,,5.0,,5.0,,69.0,,0.0,,6.9,,11.9,,0.0,,0.0,,0.0,,0.0,0
00-0036875,Rhamondre Stevenson,RB,NE,2022,17,0,0,0,0,0,210,1040,5,1,69,88,421,1,0,0,0,0,0,0,0,180.1,249.1,12.0,12.0,0.0,0.0,0.0,0.0,0.0,0.0,606.0,606.0,5.0,5.0,14.0,14.0,18.0,18.0,123.0,123.0,0.0,0.0,100.9,100.9,114.9,114.9,0.0,0.0,0.0,0.0,0.0,0.0,0.0,0.0,1
00-0036875,Rhamondre Stevenson,RB,NE,2023,12,0,0,0,0,0,156,619,4,1,38,51,238,0,0,0,0,0,0,0,0,107.7,145.7,17.0,14.5,0.0,0.0,0.0,0.0,0.0,0.0,1040.0,823.0,5.0,5.0,69.0,41.5,88.0,53.0,421.0,272.0,1.0,0.5,180.1,140.50000000000003,249.1,182.00000000000014,0.0,0.0,0.0,0.0,0.0,0.0,0.0,0.0,2
00-0036875,Rhamondre Stevenson,RB,NE,2024,15,0,0,0,0,0,207,801,7,3,33,41,168,1,0,0,0,0,0,0,0,142.9,175.9,12.0,14.5,0.0,0.0,0.0,0.0,0.0,0.0,619.0,829.5,4.0,4.5,38.0,53.5,51.0,69.5,238.0,329.5,0.0,0.5,107.7,143.90000000000003,145.7,197.40000000000015,0.0,0.0,0.0,0.0,0.0,0.0,0.0,0.0,3
00-0036875,Rhamondre Stevenson,RB,NE,2025,14,0,0,0,0,0,130,603,7,2,32,37,345,2,1,0,0,0,0,0,0,146.8,178.8,15.0,13.5,0.0,0.0,0.0,0.0,0.0,0.0,801.0,710.0,7.0,5.5,33.0,35.5,41.0,46.0,168.0,203.0,1.0,0.5,142.9,125.30000000000005,175.9,160.80000000000013,0.0,0.0,0.0,0.0,0.0,0.0,0.0,0.0,4
00-0036876,Kylen Granson,TE,IND,2021,10,0,0,0,0,0,0,0,0,0,11,15,106,0,0,0,0,0,0,0,0,10.6,21.6,,15.0,,0.0,,0.0,,0.0,,801.0,,7.0,,33.0,,41.0,,168.0,,1.0,,142.9,,175.9,,0.0,,0.0,,0.0,,0.0,0
00-0036876,Kylen Granson,TE,IND,2022,13,0,0,0,0,0,1,0,0,0,31,40,302,0,0,0,0,0,0,0,0,30.2,61.2,10.0,10.0,0.0,0.0,0.0,0.0,0.0,0.0,0.0,0.0,0.0,0.0,11.0,11.0,15.0,15.0,106.0,106.0,0.0,0.0,10.6,10.6,21.6,21.6,0.0,0.0,0.0,0.0,0.0,0.0,0.0,0.0,1
00-0036876,Kylen Granson,TE,IND,2023,15,0,0,0,0,0,1,2,0,0,30,50,368,1,0,0,0,0,0,0,0,43.0,73.0,13.0,11.5,0.0,0.0,0.0,0.0,0.0,0.0,0.0,0.0,0.0,0.0,31.0,21.0,40.0,27.5,302.0,204.0,0.0,0.0,30.2,20.400000000000055,61.2,41.40000000000015,0.0,0.0,0.0,0.0,0.0,0.0,0.0,0.0,2
00-0036876,Kylen Granson,TE,IND,2024,16,0,0,0,0,0,0,0,0,0,14,31,182,0,0,0,0,0,0,0,0,18.2,32.2,15.0,14.0,0.0,0.0,0.0,0.0,0.0,0.0,2.0,1.0,0.0,0.0,30.0,30.5,50.0,45.0,368.0,335.0,1.0,0.5,43.0,36.60000000000005,73.0,67.10000000000015,0.0,0.0,0.0,0.0,0.0,0.0,0.0,0.0,3
00-0036876,Kylen Granson,TE,PHI,2025,12,0,0,0,0,0,0,0,0,0,7,9,40,0,0,0,0,0,0,0,0,4.0,11.0,16.0,15.5,0.0,0.0,0.0,0.0,0.0,0.0,0.0,1.0,0.0,0.0,14.0,22.0,31.0,40.5,182.0,275.0,0.0,0.5,18.2,30.60000000000006,32.2,52.60000000000015,0.0,0.0,0.0,0.0,0.0,0.0,0.0,0.0,4
00-0036877,Jaelon Darden,WR,TB,2021,9,0,0,0,0,0,1,11,0,0,6,12,43,0,0,0,0,0,0,0,0,5.4,11.4,,16.0,,0.0,,0.0,,0.0,,0.0,,0.0,,14.0,,31.0,,182.0,,0.0,,18.2,,32.2,,0.0,,0.0,,0.0,,0.0,0
00-0036877,Jaelon Darden,WR,CLE,2022,14,0,0,0,0,0,1,2,0,0,2,2,26,0,0,0,0,0,0,0,0,2.8,4.8,9.0,9.0,0.0,0.0,0.0,0.0,0.0,0.0,11.0,11.0,0.0,0.0,6.0,6.0,12.0,12.0,43.0,43.0,0.0,0.0,5.4,5.4,11.4,11.4,0.0,0.0,0.0,0.0,0.0,0.0,0.0,0.0,1
00-0036877,Jaelon Darden,WR,CLE,2023,1,0,0,0,0,0,0,0,0,0,0,0,0,0,0,0,0,0,0,0,0,0.0,0.0,14.0,11.5,0.0,0.0,0.0,0.0,0.0,0.0,2.0,6.5,0.0,0.0,2.0,4.0,2.0,7.0,26.0,34.5,0.0,0.0,2.8,4.1000000000000565,4.8,8.100000000000149,0.0,0.0,0.0,0.0,0.0,0.0,0.0,0.0,2
00-0036877,Jaelon Darden,WR,SEA,2024,11,0,0,0,0,0,0,0,0,0,1,1,6,0,0,0,0,0,0,0,0,0.6,1.6,1.0,7.5,0.0,0.0,0.0,0.0,0.0,0.0,0.0,1.0,0.0,0.0,0.0,1.0,0.0,1.0,0.0,13.0,0.0,0.0,0.0,1.4000000000000568,0.0,2.400000000000149,0.0,0.0,0.0,0.0,0.0,0.0,0.0,0.0,3
00-0036879,Sam Ehlinger,QB,IND,2021,3,0,0,0,0,0,3,9,0,0,0,0,0,0,0,0,0,0,0,0,0,0.9,0.9,,1.0,,0.0,,0.0,,0.0,,0.0,,0.0,,0.0,,0.0,,0.0,,0.0,,0.0,,0.0,,0.0,,0.0,,0.0,,0.0,0
00-0036879,Sam Ehlinger,QB,IND,2022,4,64,101,573,3,3,17,87,0,0,0,0,0,0,0,0,0,0,0,0,0,35.62,35.62,3.0,3.0,0.0,0.0,0.0,0.0,0.0,0.0,9.0,9.0,0.0,0.0,0.0,0.0,0.0,0.0,0.0,0.0,0.0,0.0,0.9,0.9,0.9,0.9,0.0,0.0,0.0,0.0,0.0,0.0,0.0,0.0,1
00-0036887,Luke Farrell,TE,JAX,2021,8,0,0,0,0,0,0,0,0,0,7,11,56,0,0,0,0,0,0,0,0,5.6,12.6,,3.0,,0.0,,0.0,,0.0,,9.0,,0.0,,0.0,,0.0,,0.0,,0.0,,0.9,,0.9,,0.0,,0.0,,0.0,,0.0,0
00-0036887,Luke Farrell,TE,JAX,2022,4,0,0,0,0,0,0,0,0,0,4,4,40,0,0,0,0,0,0,0,0,4.0,8.0,8.0,8.0,0.0,0.0,0.0,0.0,0.0,0.0,0.0,0.0,0.0,0.0,7.0,7.0,11.0,11.0,56.0,56.0,0.0,0.0,5.6,5.6,12.6,12.6,0.0,0.0,0.0,0.0,0.0,0.0,0.0,0.0,1
00-0036887,Luke Farrell,TE,JAX,2023,10,0,0,0,0,0,0,0,0,0,13,15,155,0,0,0,0,0,0,0,0,15.5,28.5,4.0,6.0,0.0,0.0,0.0,0.0,0.0,0.0,0.0,0.0,0.0,0.0,4.0,5.5,4.0,7.5,40.0,48.0,0.0,0.0,4.0,4.800000000000057,8.0,10.30000000000015,0.0,0.0,0.0,0.0,0.0,0.0,0.0,0.0,2
00-0036887,Luke Farrell,TE,JAX,2024,12,0,0,0,0,0,0,0,0,0,12,17,67,0,0,0,0,0,0,0,0,6.7,18.7,10.0,7.0,0.0,0.0,0.0,0.0,0.0,0.0,0.0,0.0,0.0,0.0,13.0,8.5,15.0,9.5,155.0,97.5,0.0,0.0,15.5,9.750000000000057,28.5,18.25000000000015,0.0,0.0,0.0,0.0,0.0,0.0,0.0,0.0,3
00-0036887,Luke Farrell,TE,SF,2025,13,0,0,0,0,0,0,0,0,0,11,14,85,2,1,0,0,0,0,0,0,18.5,29.5,12.0,11.0,0.0,0.0,0.0,0.0,0.0,0.0,0.0,0.0,0.0,0.0,12.0,12.5,17.0,16.0,67.0,111.0,0.0,0.0,6.7,11.100000000000056,18.7,23.60000000000015,0.0,0.0,0.0,0.0,0.0,0.0,0.0,0.0,4
00-0036893,Najee Harris,RB,PIT,2021,17,0,0,0,0,0,307,1200,7,0,74,94,467,3,0,0,0,0,0,0,0,226.7,300.7,,12.0,,0.0,,0.0,,0.0,,0.0,,0.0,,12.0,,17.0,,67.0,,0.0,,6.7,,18.7,,0.0,,0.0,,0.0,,0.0,0
00-0036893,Najee Harris,RB,PIT,2022,17,1,1,4,0,0,272,1034,7,1,41,53,229,3,0,0,0,0,0,0,0,184.46,225.46,17.0,17.0,0.0,0.0,0.0,0.0,0.0,0.0,1200.0,1200.0,7.0,7.0,74.0,74.0,94.0,94.0,467.0,467.0,3.0,3.0,226.7,226.7,300.7,300.7,0.0,0.0,0.0,0.0,0.0,0.0,0.0,0.0,1
00-0036893,Najee Harris,RB,PIT,2023,17,0,0,0,0,0,255,1035,8,1,29,38,170,0,0,0,0,0,0,0,0,166.5,195.5,17.0,17.0,4.0,2.0,0.0,0.0,0.0,0.0,1034.0,1117.0,7.0,7.0,41.0,57.5,53.0,73.5,229.0,348.0,3.0,3.0,184.46,205.58000000000004,225.46,263.08000000000015,0.0,0.0,0.0,0.0,0.0,0.0,0.0,0.0,2
00-0036893,Najee Harris,RB,PIT,2024,17,0,0,0,0,0,263,1043,6,0,36,48,283,0,0,0,0,0,0,0,0,168.6,204.6,17.0,17.0,0.0,2.0,0.0,0.0,0.0,0.0,1035.0,1034.5,8.0,7.5,29.0,35.0,38.0,45.5,170.0,199.5,0.0,1.5,166.5,175.48000000000008,195.5,210.48000000000013,0.0,0.0,0.0,0.0,0.0,0.0,0.0,0.0,3
00-0036893,Najee Harris,RB,LAC,2025,3,0,0,0,0,0,15,61,0,0,3,3,25,0,0,0,0,0,0,0,0,8.6,11.6,17.0,17.0,0.0,0.0,0.0,0.0,0.0,0.0,1043.0,1039.0,6.0,7.0,36.0,32.5,48.0,43.0,283.0,226.5,0.0,0.0,168.6,167.55000000000007,204.6,200.05000000000013,0.0,0.0,0.0,0.0,0.0,0.0,0.0,0.0,4
00-0036894,Pat Freiermuth,TE,PIT,2021,16,0,0,0,0,0,0,0,0,0,60,79,497,7,1,0,0,0,0,0,0,91.7,151.7,,17.0,,0.0,,0.0,,0.0,,1043.0,,6.0,,36.0,,48.0,,283.0,,0.0,,168.6,,204.6,,0.0,,0.0,,0.0,,0.0,0
00-0036894,Pat Freiermuth,TE,PIT,2022,15,0,0,0,0,0,0,0,0,0,63,98,732,2,0,0,0,0,0,0,0,85.2,148.2,16.0,16.0,0.0,0.0,0.0,0.0,0.0,0.0,0.0,0.0,0.0,0.0,60.0,60.0,79.0,79.0,497.0,497.0,7.0,7.0,91.7,91.7,151.7,151.7,0.0,0.0,0.0,0.0,0.0,0.0,0.0,0.0,1
00-0036894,Pat Freiermuth,TE,PIT,2023,11,0,0,0,0,0,0,0,0,0,32,47,308,2,0,0,0,0,0,0,0,44.8,76.8,15.0,15.5,0.0,0.0,0.0,0.0,0.0,0.0,0.0,0.0,0.0,0.0,63.0,61.5,98.0,88.5,732.0,614.5,2.0,4.5,85.2,88.45000000000006,148.2,149.95000000000013,0.0,0.0,0.0,0.0,0.0,0.0,0.0,0.0,2
00-0036894,Pat Freiermuth,TE,PIT,2024,17,0,0,0,0,0,0,0,0,0,65,78,653,7,1,0,0,0,0,0,0,105.3,170.3,11.0,13.0,0.0,0.0,0.0,0.0,0.0,0.0,0.0,0.0,0.0,0.0,32.0,47.5,47.0,72.5,308.0,520.0,2.0,2.0,44.8,65.00000000000006,76.8,112.50000000000014,0.0,0.0,0.0,0.0,0.0,0.0,0.0,0.0,3
00-0036894,Pat Freiermuth,TE,PIT,2025,15,0,0,0,0,0,0,0,0,0,41,54,486,4,0,0,0,0,0,0,0,72.6,113.6,17.0,14.0,0.0,0.0,0.0,0.0,0.0,0.0,0.0,0.0,0.0,0.0,65.0,48.5,78.0,62.5,653.0,480.5,7.0,4.5,105.3,75.05000000000005,170.3,123.55000000000015,0.0,0.0,0.0,0.0,0.0,0.0,0.0,0.0,4
00-0036898,Davis Mills,QB,HOU,2021,13,263,394,2664,16,10,18,44,0,0,0,0,0,0,0,0,0,0,0,0,0,156.96,156.96,,17.0,,0.0,,0.0,,0.0,,0.0,,0.0,,65.0,,78.0,,653.0,,7.0,,105.3,,170.3,,0.0,,0.0,,0.0,,0.0,0
00-0036898,Davis Mills,QB,HOU,2022,15,292,479,3118,17,15,32,108,2,1,0,0,0,0,0,0,0,0,0,0,0,181.52,181.52,13.0,13.0,2664.0,2664.0,16.0,16.0,10.0,10.0,44.0,44.0,0.0,0.0,0.0,0.0,0.0,0.0,0.0,0.0,0.0,0.0,156.96,156.96,156.96,156.96,0.0,0.0,0.0,0.0,0.0,0.0,0.0,0.0,1
00-0036898,Davis Mills,QB,HOU,2023,5,18,39,173,2,0,2,9,0,0,0,0,0,0,0,0,0,0,0,0,0,17.82,17.82,15.0,14.0,3118.0,2891.0,17.0,16.5,15.0,12.5,108.0,76.0,2.0,1.0,0.0,0.0,0.0,0.0,0.0,0.0,0.0,0.0,181.52,169.24000000000007,181.52,169.24000000000015,0.0,0.0,0.0,0.0,0.0,0.0,0.0,0.0,2
00-0036898,Davis Mills,QB,HOU,2024,4,20,36,212,0,0,3,11,0,0,0,0,0,0,0,0,0,0,0,0,0,9.58,9.58,5.0,10.0,173.0,1645.5,2.0,9.5,0.0,7.5,9.0,58.5,0.0,1.0,0.0,0.0,0.0,0.0,0.0,0.0,0.0,0.0,17.82,99.67000000000006,17.82,99.67000000000014,0.0,0.0,0.0,0.0,0.0,0.0,0.0,0.0,3
00-0036898,Davis Mills,QB,HOU,2025,6,91,159,915,5,1,13,60,1,0,0,0,0,0,0,0,0,0,0,0,0,68.6,68.6,4.0,4.5,212.0,192.5,0.0,1.0,0.0,0.0,11.0,10.0,0.0,0.0,0.0,0.0,0.0,0.0,0.0,0.0,0.0,0.0,9.58,13.700000000000056,9.58,13.700000000000141,0.0,0.0,0.0,0.0,0.0,0.0,0.0,0.0,4
00-0036900,Ja'Marr Chase,WR,CIN,2021,17,0,0,0,0,0,7,21,0,0,81,128,1455,13,1,0,0,0,0,0,0,223.6,304.6,,4.0,,212.0,,0.0,,0.0,,11.0,,0.0,,0.0,,0.0,,0.0,,0.0,,9.58,,9.58,,0.0,,0.0,,0.0,,0.0,0
00-0036900,Ja'Marr Chase,WR,CIN,2022,12,0,0,0,0,0,5,8,0,0,87,134,1046,9,2,0,0,0,0,0,0,155.4,242.4,17.0,17.0,0.0,0.0,0.0,0.0,0.0,0.0,21.0,21.0,0.0,0.0,81.0,81.0,128.0,128.0,1455.0,1455.0,13.0,13.0,223.6,223.6,304.6,304.6,0.0,0.0,0.0,0.0,0.0,0.0,0.0,0.0,1
00-0036900,Ja'Marr Chase,WR,CIN,2023,16,1,1,-7,0,0,3,-6,0,0,100,145,1216,7,0,0,0,0,0,0,0,162.72,262.72,12.0,14.5,0.0,0.0,0.0,0.0,0.0,0.0,8.0,14.5,0.0,0.0,87.0,84.0,134.0,131.0,1046.0,1250.5,9.0,11.0,155.4,189.50000000000006,242.4,273.50000000000017,0.0,0.0,0.0,0.0,0.0,0.0,0.0,0.0,2
00-0036900,Ja'Marr Chase,WR,CIN,2024,17,0,0,0,0,0,3,32,0,0,127,175,1708,17,0,0,0,0,0,0,0,276.0,403.0,16.0,14.0,-7.0,-3.5,0.0,0.0,0.0,0.0,-6.0,1.0,0.0,0.0,100.0,93.5,145.0,139.5,1216.0,1131.0,7.0,8.0,162.72,159.06000000000006,262.72,252.56000000000017,0.0,0.0,0.0,0.0,0.0,0.0,0.0,0.0,3
00-0036900,Ja'Marr Chase,WR,CIN,2025,16,0,0,0,0,0,3,14,0,0,125,185,1412,8,1,0,0,0,0,0,0,188.6,313.6,17.0,16.5,0.0,-3.5,0.0,0.0,0.0,0.0,32.0,13.0,0.0,0.0,127.0,113.5,175.0,160.0,1708.0,1462.0,17.0,12.0,276.0,219.36000000000007,403.0,332.8600000000002,0.0,0.0,0.0,0.0,0.0,0.0,0.0,0.0,4
00-0036906,Khalil Herbert,RB,CHI,2021,16,0,0,0,0,0,103,433,2,0,14,16,96,0,0,0,0,0,0,0,0,64.9,78.9,,17.0,,0.0,,0.0,,0.0,,32.0,,0.0,,127.0,,175.0,,1708.0,,17.0,,276.0,,403.0,,0.0,,0.0,,0.0,,0.0,0
00-0036906,Khalil Herbert,RB,CHI,2022,13,0,0,0,0,0,129,731,4,0,9,12,57,1,0,0,0,0,0,0,0,108.8,117.8,16.0,16.0,0.0,0.0,0.0,0.0,0.0,0.0,433.0,433.0,2.0,2.0,14.0,14.0,16.0,16.0,96.0,96.0,0.0,0.0,64.9,64.9,78.9,78.9,0.0,0.0,0.0,0.0,0.0,0.0,0.0,0.0,1
00-0036906,Khalil Herbert,RB,CHI,2023,12,0,0,0,0,0,132,611,2,0,20,31,134,1,1,0,0,0,0,0,0,92.5,112.5,13.0,14.5,0.0,0.0,0.0,0.0,0.0,0.0,731.0,582.0,4.0,3.0,9.0,11.5,12.0,14.0,57.0,76.5,1.0,0.5,108.8,86.85000000000005,117.8,98.35000000000016,0.0,0.0,0.0,0.0,0.0,0.0,0.0,0.0,2
00-0036906,Khalil Herbert,RB,CIN,2024,11,0,0,0,0,0,36,130,1,0,10,11,25,0,0,0,0,0,0,0,0,21.5,31.5,12.0,12.5,0.0,0.0,0.0,0.0,0.0,0.0,611.0,671.0,2.0,3.0,20.0,14.5,31.0,21.5,134.0,95.5,1.0,1.0,92.5,100.65000000000006,112.5,115.15000000000018,0.0,0.0,0.0,0.0,0.0,0.0,0.0,0.0,3
00-0036906,Khalil Herbert,RB,NYJ,2025,5,0,0,0,0,0,16,52,0,0,1,4,4,0,0,0,0,0,0,0,0,5.6,6.6,11.0,11.5,0.0,0.0,0.0,0.0,0.0,0.0,130.0,370.5,1.0,1.5,10.0,15.0,11.0,21.0,25.0,79.5,0.0,0.5,21.5,57.00000000000006,31.5,72.00000000000017,0.0,0.0,0.0,0.0,0.0,0.0,0.0,0.0,4
00-0036907,Dazz Newsome,WR,CHI,2021,3,0,0,0,0,0,0,0,0,0,2,5,23,0,0,0,0,0,0,0,0,2.3,4.3,,11.0,,0.0,,0.0,,0.0,,130.0,,1.0,,10.0,,11.0,,25.0,,0.0,,21.5,,31.5,,0.0,,0.0,,0.0,,0.0,0
00-0036910,C.J. Saunders,WR,CAR,2021,1,0,0,0,0,0,0,0,0,0,2,2,11,0,0,0,0,0,0,0,0,1.1,3.1,,,,,,,,,,,,,,,,,,,,,,,,,,,,,,,,,0
00-0036912,DeVonta Smith,WR,PHI,2021,17,0,0,0,0,0,0,0,0,0,64,104,916,5,1,0,0,0,0,0,0,121.6,185.6,,,,,,,,,,,,,,,,,,,,,,,,,,,,,,,,,0
00-0036912,DeVonta Smith,WR,PHI,2022,17,0,0,0,0,0,0,0,0,0,95,136,1196,7,0,0,0,0,0,0,0,161.6,256.6,17.0,17.0,0.0,0.0,0.0,0.0,0.0,0.0,0.0,0.0,0.0,0.0,64.0,64.0,104.0,104.0,916.0,916.0,5.0,5.0,121.6,121.6,185.6,185.6,0.0,0.0,0.0,0.0,0.0,0.0,0.0,0.0,1
00-0036912,DeVonta Smith,WR,PHI,2023,16,0,0,0,0,0,0,0,0,0,81,112,1066,7,1,0,0,0,0,0,0,146.6,227.6,17.0,17.0,0.0,0.0,0.0,0.0,0.0,0.0,0.0,0.0,0.0,0.0,95.0,79.5,136.0,120.0,1196.0,1056.0,7.0,6.0,161.6,141.60000000000005,256.6,221.1000000000002,0.0,0.0,0.0,0.0,0.0,0.0,0.0,0.0,2
00-0036912,DeVonta Smith,WR,PHI,2024,13,0,0,0,0,0,1,1,0,0,68,89,833,8,0,0,0,0,0,0,0,131.4,199.4,16.0,16.5,0.0,0.0,0.0,0.0,0.0,0.0,0.0,0.0,0.0,0.0,81.0,88.0,112.0,124.0,1066.0,1131.0,7.0,7.0,146.6,154.10000000000005,227.6,242.1000000000002,0.0,0.0,0.0,0.0,0.0,0.0,0.0,0.0,3
00-0036912,DeVonta Smith,WR,PHI,2025,17,0,0,0,0,0,0,0,0,0,77,113,1008,4,0,0,0,0,0,0,0,124.8,201.8,13.0,14.5,0.0,0.0,0.0,0.0,0.0,0.0,1.0,0.5,0.0,0.0,68.0,74.5,89.0,100.5,833.0,949.5,8.0,7.5,131.4,139.00000000000006,199.4,213.50000000000017,0.0,0.0,0.0,0.0,0.0,0.0,0.0,0.0,4
00-0036913,Kadarius Toney,WR,NYG,2021,9,1,3,19,0,0,3,6,0,0,39,57,420,0,0,0,0,0,0,0,0,43.36,82.36,,13.0,,0.0,,0.0,,0.0,,1.0,,0.0,,68.0,,89.0,,833.0,,8.0,,131.4,,199.4,,0.0,,0.0,,0.0,,0.0,0
00-0036913,Kadarius Toney,WR,KC,2022,9,0,0,0,0,0,7,82,1,0,16,20,171,2,0,0,0,0,0,0,0,43.3,59.3,9.0,9.0,19.0,19.0,0.0,0.0,0.0,0.0,6.0,6.0,0.0,0.0,39.0,39.0,57.0,57.0,420.0,420.0,0.0,0.0,43.36,43.36,82.36,82.36,0.0,0.0,0.0,0.0,0.0,0.0,0.0,0.0,1
00-0036913,Kadarius Toney,WR,KC,2023,13,0,1,0,0,0,11,31,0,0,27,38,169,1,0,0,0,0,0,0,0,26.0,53.0,9.0,9.0,0.0,9.5,0.0,0.0,0.0,0.0,82.0,44.0,1.0,0.5,16.0,27.5,20.0,38.5,171.0,295.5,2.0,1.0,43.3,43.330000000000055,59.3,70.83000000000017,0.0,0.0,0.0,0.0,0.0,0.0,0.0,0.0,2
00-0036913,Kadarius Toney,WR,CLE,2024,3,0,0,0,0,0,2,-4,0,0,0,1,0,0,0,0,0,0,0,0,0,-0.4,-0.4,13.0,11.0,0.0,0.0,0.0,0.0,0.0,0.0,31.0,56.5,0.0,0.5,27.0,21.5,38.0,29.0,169.0,170.0,1.0,1.5,26.0,34.650000000000055,53.0,56.15000000000017,0.0,0.0,0.0,0.0,0.0,0.0,0.0,0.0,3
00-0036918,Jacob Harris,WR,LA,2021,2,0,0,0,0,0,0,0,0,0,0,0,0,0,0,0,0,0,0,0,0,0.0,0.0,,13.0,,0.0,,0.0,,0.0,,31.0,,0.0,,27.0,,38.0,,169.0,,1.0,,26.0,,53.0,,0.0,,0.0,,0.0,,0.0,0
00-0036918,Jacob Harris,WR,LA,2022,3,0,0,0,0,0,0,0,0,0,1,1,6,0,0,0,0,0,0,0,0,0.6,1.6,2.0,2.0,0.0,0.0,0.0,0.0,0.0,0.0,0.0,0.0,0.0,0.0,0.0,0.0,0.0,0.0,0.0,0.0,0.0,0.0,0.0,0.0,0.0,0.0,0.0,0.0,0.0,0.0,0.0,0.0,0.0,0.0,1
00-0036919,Kenny Gainwell,RB,PHI,2021,16,0,0,0,0,0,68,291,5,1,33,50,253,1,0,0,0,0,0,0,0,90.4,123.4,,2.0,,0.0,,0.0,,0.0,,0.0,,0.0,,0.0,,0.0,,0.0,,0.0,,0.0,,0.0,,0.0,,0.0,,0.0,,0.0,0
00-0036919,Kenny Gainwell,RB,PHI,2022,17,0,0,0,0,0,53,240,4,0,23,29,169,0,0,0,0,0,0,0,0,64.9,87.9,16.0,16.0,0.0,0.0,0.0,0.0,0.0,0.0,291.0,291.0,5.0,5.0,33.0,33.0,50.0,50.0,253.0,253.0,1.0,1.0,90.4,90.4,123.4,123.4,0.0,0.0,0.0,0.0,0.0,0.0,0.0,0.0,1
00-0036919,Kenny Gainwell,RB,PHI,2023,16,1,1,17,0,0,84,364,2,1,30,37,183,0,0,0,0,0,0,0,0,67.38,97.38,17.0,16.5,0.0,0.0,0.0,0.0,0.0,0.0,240.0,265.5,4.0,4.5,23.0,28.0,29.0,39.5,169.0,211.0,0.0,0.5,64.9,77.65000000000006,87.9,105.65000000000018,0.0,0.0,0.0,0.0,0.0,0.0,0.0,0.0,2
00-0036919,Kenny Gainwell,RB,PHI,2024,17,0,0,0,0,0,75,290,1,0,16,22,116,0,0,0,0,0,0,0,0,46.6,62.6,16.0,16.5,17.0,8.5,0.0,0.0,0.0,0.0,364.0,302.0,2.0,3.0,30.0,26.5,37.0,33.0,183.0,176.0,0.0,0.0,67.38,66.14000000000006,97.38,92.64000000000017,0.0,0.0,0.0,0.0,0.0,0.0,0.0,0.0,3
00-0036919,Kenny Gainwell,RB,PIT,2025,17,0,0,0,0,0,114,537,5,0,73,85,486,3,1,0,0,0,0,0,0,148.3,221.3,17.0,16.5,0.0,8.5,0.0,0.0,0.0,0.0,290.0,327.0,1.0,1.5,16.0,23.0,22.0,29.5,116.0,149.5,0.0,0.0,46.6,56.99000000000005,62.6,79.99000000000017,0.0,0.0,0.0,0.0,0.0,0.0,0.0,0.0,4
00-0036924,Michael Carter,RB,NYJ,2021,14,0,0,0,0,0,147,639,4,0,36,55,325,0,1,0,0,0,0,0,0,118.4,154.4,,17.0,,0.0,,0.0,,0.0,,290.0,,1.0,,16.0,,22.0,,116.0,,0.0,,46.6,,62.6,,0.0,,0.0,,0.0,,0.0,0
00-0036924,Michael Carter,RB,NYJ,2022,16,0,0,0,0,0,114,402,3,1,41,54,288,0,0,0,0,0,0,0,0,85.0,126.0,14.0,14.0,0.0,0.0,0.0,0.0,0.0,0.0,639.0,639.0,4.0,4.0,36.0,36.0,55.0,55.0,325.0,325.0,0.0,0.0,118.4,118.4,154.4,154.4,0.0,0.0,0.0,0.0,0.0,0.0,0.0,0.0,1
00-0036924,Michael Carter,RB,ARI,2023,15,0,0,0,0,0,30,187,0,0,24,31,101,1,0,0,0,0,0,0,0,34.8,58.8,16.0,15.0,0.0,0.0,0.0,0.0,0.0,0.0,402.0,520.5,3.0,3.5,41.0,38.5,54.0,54.5,288.0,306.5,0.0,0.0,85.0,101.70000000000006,126.0,140.20000000000016,0.0,0.0,0.0,0.0,0.0,0.0,0.0,0.0,2
00-0036924,Michael Carter,RB,ARI,2024,3,0,0,0,0,0,35,131,1,0,11,11,57,0,0,0,0,0,0,0,0,24.8,35.8,15.0,15.5,0.0,0.0,0.0,0.0,0.0,0.0,187.0,294.5,0.0,1.5,24.0,32.5,31.0,42.5,101.0,194.5,1.0,0.5,34.8,59.900000000000055,58.8,92.40000000000018,0.0,0.0,0.0,0.0,0.0,0.0,0.0,0.0,3
00-0036924,Michael Carter,RB,ARI,2025,13,0,0,0,0,0,92,333,1,0,33,45,267,0,0,0,0,0,0,0,0,66.0,99.0,3.0,9.0,0.0,0.0,0.0,0.0,0.0,0.0,131.0,159.0,1.0,0.5,11.0,17.5,11.0,21.0,57.0,79.0,0.0,0.5,24.8,29.800000000000054,35.8,47.30000000000017,0.0,0.0,0.0,0.0,0.0,0.0,0.0,0.0,4
00-0036928,Kyle Trask,QB,TB,2022,1,3,9,23,0,0,0,0,0,0,0,0,0,0,0,0,0,0,0,0,0,0.92,0.92,,3.0,,0.0,,0.0,,0.0,,131.0,,1.0,,11.0,,11.0,,57.0,,0.0,,24.8,,35.8,,0.0,,0.0,,0.0,,0.0,0
00-0036928,Kyle Trask,QB,TB,2023,2,0,1,0,0,0,1,-1,0,0,0,0,0,0,0,0,0,0,0,0,0,-0.1,-0.1,1.0,1.0,23.0,23.0,0.0,0.0,0.0,0.0,0.0,0.0,0.0,0.0,0.0,0.0,0.0,0.0,0.0,0.0,0.0,0.0,0.92,0.92,0.92,0.92,0.0,0.0,0.0,0.0,0.0,0.0,0.0,0.0,1
00-0036928,Kyle Trask,QB,TB,2024,3,1,1,5,0,0,5,-4,0,0,0,0,0,0,0,0,0,0,0,0,0,-0.2,-0.2,2.0,1.5,0.0,11.5,0.0,0.0,0.0,0.0,-1.0,-0.5,0.0,0.0,0.0,0.0,0.0,0.0,0.0,0.0,0.0,0.0,-0.1,0.4100000000000569,-0.1,0.41000000000017056,0.0,0.0,0.0,0.0,0.0,0.0,0.0,0.0,2
00-0036929,Ian Book,QB,NO,2021,1,12,20,135,0,2,3,6,0,0,0,0,0,0,0,0,0,0,0,0,0,2.0,2.0,,2.0,,0.0,,0.0,,0.0,,-1.0,,0.0,,0.0,,0.0,,0.0,,0.0,,-0.1,,-0.1,,0.0,,0.0,,0.0,,0.0,0
00-0036936,Rondale Moore,WR,ARI,2021,14,0,0,0,0,0,18,76,0,0,54,64,435,1,0,0,0,0,0,0,0,57.1,111.1,,,,,,,,,,,,,,,,,,,,,,,,,,,,,,,,,0
00-0036936,Rondale Moore,WR,ARI,2022,8,0,0,0,0,0,6,-5,0,0,41,56,414,1,0,0,0,0,0,0,0,46.9,87.9,14.0,14.0,0.0,0.0,0.0,0.0,0.0,0.0,76.0,76.0,0.0,0.0,54.0,54.0,64.0,64.0,435.0,435.0,1.0,1.0,57.1,57.1,111.1,111.1,0.0,0.0,0.0,0.0,0.0,0.0,0.0,0.0,1
00-0036936,Rondale Moore,WR,ARI,2023,17,0,0,0,0,0,28,178,1,0,40,62,352,1,0,0,0,0,0,0,0,65.0,105.0,8.0,11.0,0.0,0.0,0.0,0.0,0.0,0.0,-5.0,35.5,0.0,0.0,41.0,47.5,56.0,60.0,414.0,424.5,1.0,1.0,46.9,52.00000000000006,87.9,99.50000000000017,0.0,0.0,0.0,0.0,0.0,0.0,0.0,0.0,2
00-0036939,Kawaan Baker,WR,NO,2021,1,0,0,0,0,0,0,0,0,0,0,0,0,0,0,0,0,0,0,0,0,0.0,0.0,,8.0,,0.0,,0.0,,0.0,,-5.0,,0.0,,41.0,,56.0,,414.0,,1.0,,46.9,,87.9,,0.0,,0.0,,0.0,,0.0,0
00-0036945,Justin Fields,QB,CHI,2021,12,159,270,1870,7,10,72,420,2,1,0,0,0,0,0,0,0,0,0,0,0,126.8,126.8,,,,,,,,,,,,,,,,,,,,,,,,,,,,,,,,,0
00-0036945,Justin Fields,QB,CHI,2022,15,192,318,2242,17,11,160,1143,8,0,0,0,0,0,0,0,0,0,0,0,0,295.98,295.98,12.0,12.0,1870.0,1870.0,7.0,7.0,10.0,10.0,420.0,420.0,2.0,2.0,0.0,0.0,0.0,0.0,0.0,0.0,0.0,0.0,126.8,126.8,126.8,126.8,0.0,0.0,0.0,0.0,0.0,0.0,0.0,0.0,1
00-0036945,Justin Fields,QB,CHI,2023,13,227,370,2562,16,9,124,657,4,1,0,0,0,0,0,0,0,0,0,0,0,230.18,230.18,15.0,13.5,2242.0,2056.0,17.0,12.0,11.0,10.5,1143.0,781.5,8.0,5.0,0.0,0.0,0.0,0.0,0.0,0.0,0.0,0.0,295.98,211.39000000000007,295.98,211.39000000000019,0.0,0.0,0.0,0.0,0.0,0.0,0.0,0.0,2
00-0036945,Justin Fields,QB,PIT,2024,10,106,161,1106,5,1,62,289,5,0,0,0,0,0,0,0,0,0,0,0,0,119.14,119.14,13.0,14.0,2562.0,2402.0,16.0,16.5,9.0,10.0,657.0,900.0,4.0,6.0,0.0,0.0,0.0,0.0,0.0,0.0,0.0,0.0,230.18,263.08000000000004,230.18,263.08000000000015,0.0,0.0,0.0,0.0,0.0,0.0,0.0,0.0,3
00-0036945,Justin Fields,QB,NYJ,2025,9,128,204,1259,7,1,71,383,4,2,0,1,0,0,0,0,0,0,0,0,0,142.66,142.66,10.0,11.5,1106.0,1834.0,5.0,10.5,1.0,5.0,289.0,473.0,5.0,4.5,0.0,0.0,0.0,0.0,0.0,0.0,0.0,0.0,119.14,174.66000000000005,119.14,174.66000000000017,0.0,0.0,0.0,0.0,0.0,0.0,0.0,0.0,4
00-0036946,Kellen Mond,QB,MIN,2021,1,2,3,5,0,0,0,0,0,0,0,0,0,0,0,0,0,0,0,0,0,0.2,0.2,,10.0,,1106.0,,5.0,,1.0,,289.0,,5.0,,0.0,,0.0,,0.0,,0.0,,119.14,,119.14,,0.0,,0.0,,0.0,,0.0,0
00-0036950,Avery Williams,RB,ATL,2021,15,0,0,0,0,0,0,0,0,0,0,0,0,0,0,0,0,0,0,0,0,0.0,0.0,,,,,,,,,,,,,,,,,,,,,,,,,,,,,,,,,0
00-0036950,Avery Williams,RB,ATL,2022,17,0,0,0,0,0,22,109,1,0,13,14,61,0,0,0,0,0,0,0,0,23.0,36.0,15.0,15.0,0.0,0.0,0.0,0.0,0.0,0.0,0.0,0.0,0.0,0.0,0.0,0.0,0.0,0.0,0.0,0.0,0.0,0.0,0.0,0.0,0.0,0.0,0.0,0.0,0.0,0.0,0.0,0.0,0.0,0.0,1
00-0036950,Avery Williams,RB,ATL,2024,17,0,0,0,0,0,0,0,0,0,0,0,0,0,0,0,0,0,0,0,0,0.0,0.0,17.0,16.0,0.0,0.0,0.0,0.0,0.0,0.0,109.0,54.5,1.0,0.5,13.0,6.5,14.0,7.0,61.0,30.5,0.0,0.0,23.0,11.500000000000057,36.0,18.00000000000017,0.0,0.0,0.0,0.0,0.0,0.0,0.0,0.0,2
00-0036950,Avery Williams,RB,NYJ,2025,1,0,0,0,0,0,0,0,0,0,0,0,0,0,0,0,0,0,0,0,0,0.0,0.0,17.0,17.0,0.0,0.0,0.0,0.0,0.0,0.0,0.0,54.5,0.0,0.5,0.0,6.5,0.0,7.0,0.0,30.5,0.0,0.0,0.0,11.500000000000057,0.0,18.00000000000017,0.0,0.0,0.0,0.0,0.0,0.0,0.0,0.0,3
00-0036951,Frank Darby,WR,ATL,2021,4,0,0,0,0,0,0,0,0,0,1,4,14,0,0,0,0,0,0,0,0,1.4,2.4,,17.0,,0.0,,0.0,,0.0,,0.0,,0.0,,0.0,,0.0,,0.0,,0.0,,0.0,,0.0,,0.0,,0.0,,0.0,,0.0,0
00-0036951,Frank Darby,WR,ATL,2022,1,0,0,0,0,0,0,0,0,0,1,1,15,0,0,0,0,0,0,0,0,1.5,2.5,4.0,4.0,0.0,0.0,0.0,0.0,0.0,0.0,0.0,0.0,0.0,0.0,1.0,1.0,4.0,4.0,14.0,14.0,0.0,0.0,1.4,1.4,2.4,2.4,0.0,0.0,0.0,0.0,0.0,0.0,0.0,0.0,1
00-0036955,Terrace Marshall Jr.,WR,CAR,2021,12,0,0,0,0,0,0,0,0,0,17,30,138,0,0,0,0,0,0,0,0,15.8,32.8,,4.0,,0.0,,0.0,,0.0,,0.0,,0.0,,1.0,,4.0,,14.0,,0.0,,1.4,,2.4,,0.0,,0.0,,0.0,,0.0,0
00-0036955,Terrace Marshall Jr.,WR,CAR,2022,13,0,0,0,0,0,0,0,0,0,28,47,490,1,0,0,0,0,0,0,0,55.0,83.0,12.0,12.0,0.0,0.0,0.0,0.0,0.0,0.0,0.0,0.0,0.0,0.0,17.0,17.0,30.0,30.0,138.0,138.0,0.0,0.0,15.8,15.8,32.8,32.8,0.0,0.0,0.0,0.0,0.0,0.0,0.0,0.0,1
00-0036955,Terrace Marshall Jr.,WR,CAR,2023,8,0,0,0,0,0,0,0,0,0,19,33,139,0,0,0,0,0,0,0,0,13.9,32.9,13.0,12.5,0.0,0.0,0.0,0.0,0.0,0.0,0.0,0.0,0.0,0.0,28.0,22.5,47.0,38.5,490.0,314.0,1.0,0.5,55.0,35.400000000000055,83.0,57.90000000000017,0.0,0.0,0.0,0.0,0.0,0.0,0.0,0.0,2
00-0036955,Terrace Marshall Jr.,WR,LV,2024,5,0,0,0,0,0,0,0,0,0,3,6,41,0,0,0,0,0,0,0,0,4.1,7.1,8.0,10.5,0.0,0.0,0.0,0.0,0.0,0.0,0.0,0.0,0.0,0.0,19.0,23.5,33.0,40.0,139.0,314.5,0.0,0.5,13.9,34.45000000000006,32.9,57.95000000000017,0.0,0.0,0.0,0.0,0.0,0.0,0.0,0.0,3
00-0036959,Michael Bandy,WR,LAC,2021,1,0,0,0,0,0,0,0,0,0,0,0,0,0,0,0,0,0,0,0,0,0.0,0.0,,8.0,,0.0,,0.0,,0.0,,0.0,,0.0,,19.0,,33.0,,139.0,,0.0,,13.9,,32.9,,0.0,,0.0,,0.0,,0.0,0
00-0036959,Michael Bandy,WR,LAC,2022,8,0,0,0,0,0,0,0,0,0,10,21,89,0,0,0,0,0,0,0,0,8.9,18.9,1.0,1.0,0.0,0.0,0.0,0.0,0.0,0.0,0.0,0.0,0.0,0.0,0.0,0.0,0.0,0.0,0.0,0.0,0.0,0.0,0.0,0.0,0.0,0.0,0.0,0.0,0.0,0.0,0.0,0.0,0.0,0.0,1
00-0036959,Michael Bandy,WR,DEN,2023,1,0,0,0,0,0,0,0,0,0,0,0,0,0,0,0,0,0,0,0,0,0.0,0.0,8.0,4.5,0.0,0.0,0.0,0.0,0.0,0.0,0.0,0.0,0.0,0.0,10.0,5.0,21.0,10.5,89.0,44.5,0.0,0.0,8.9,4.450000000000057,18.9,9.45000000000017,0.0,0.0,0.0,0.0,0.0,0.0,0.0,0.0,2
00-0036959,Michael Bandy,WR,DEN,2025,4,0,0,0,0,0,0,0,0,0,4,4,50,1,0,0,0,0,0,0,0,11.0,15.0,1.0,4.5,0.0,0.0,0.0,0.0,0.0,0.0,0.0,0.0,0.0,0.0,0.0,5.0,0.0,10.5,0.0,44.5,0.0,0.0,0.0,4.450000000000057,0.0,9.45000000000017,0.0,0.0,0.0,0.0,0.0,0.0,0.0,0.0,3
00-0036963,Amon-Ra St. Brown,WR,DET,2021,16,0,0,0,0,0,7,61,1,0,90,119,912,5,0,0,0,0,0,0,0,137.3,227.3,,1.0,,0.0,,0.0,,0.0,,0.0,,0.0,,0.0,,0.0,,0.0,,0.0,,0.0,,0.0,,0.0,,0.0,,0.0,,0.0,0
00-0036963,Amon-Ra St. Brown,WR,DET,2022,16,0,0,0,0,0,9,95,0,0,106,146,1161,6,0,0,0,0,0,0,0,161.6,267.6,16.0,16.0,0.0,0.0,0.0,0.0,0.0,0.0,61.0,61.0,1.0,1.0,90.0,90.0,119.0,119.0,912.0,912.0,5.0,5.0,137.3,137.3,227.3,227.3,0.0,0.0,0.0,0.0,0.0,0.0,0.0,0.0,1
00-0036963,Amon-Ra St. Brown,WR,DET,2023,16,0,0,0,0,0,4,24,0,0,119,164,1515,10,1,0,0,0,0,0,0,211.9,330.9,16.0,16.0,0.0,0.0,0.0,0.0,0.0,0.0,95.0,78.0,0.0,0.5,106.0,98.0,146.0,132.5,1161.0,1036.5,6.0,5.5,161.6,149.45000000000005,267.6,247.4500000000002,0.0,0.0,0.0,0.0,0.0,0.0,0.0,0.0,2
00-0036963,Amon-Ra St. Brown,WR,DET,2024,17,1,1,7,1,0,2,6,0,0,115,141,1263,12,1,0,0,0,0,0,0,201.18,316.18,16.0,16.0,0.0,0.0,0.0,0.0,0.0,0.0,24.0,59.5,0.0,0.0,119.0,112.5,164.0,155.0,1515.0,1338.0,10.0,8.0,211.9,186.75000000000006,330.9,299.25000000000017,0.0,0.0,0.0,0.0,0.0,0.0,0.0,0.0,3
00-0036963,Amon-Ra St. Brown,WR,DET,2025,17,0,0,0,0,0,3,9,0,0,117,172,1401,11,0,0,0,0,0,0,0,207.0,324.0,17.0,16.5,7.0,3.5,1.0,0.5,0.0,0.0,6.0,15.0,0.0,0.0,115.0,117.0,141.0,152.5,1263.0,1389.0,12.0,11.0,201.18,206.54000000000008,316.18,323.5400000000002,0.0,0.0,0.0,0.0,0.0,0.0,0.0,0.0,4
00-0036970,Kyle Pitts,TE,ATL,2021,17,0,0,0,0,0,0,0,0,0,68,110,1026,1,0,0,0,0,0,0,0,108.6,176.6,,17.0,,7.0,,1.0,,0.0,,6.0,,0.0,,115.0,,141.0,,1263.0,,12.0,,201.18,,316.18,,0.0,,0.0,,0.0,,0.0,0
00-0036970,Kyle Pitts,TE,ATL,2022,10,0,0,0,0,0,0,0,0,0,28,59,356,2,0,0,0,0,0,0,0,47.6,75.6,17.0,17.0,0.0,0.0,0.0,0.0,0.0,0.0,0.0,0.0,0.0,0.0,68.0,68.0,110.0,110.0,1026.0,1026.0,1.0,1.0,108.6,108.6,176.6,176.6,0.0,0.0,0.0,0.0,0.0,0.0,0.0,0.0,1
00-0036970,Kyle Pitts,TE,ATL,2023,17,0,0,0,0,0,1,-4,0,0,53,90,667,3,0,0,0,0,0,0,0,84.3,137.3,10.0,13.5,0.0,0.0,0.0,0.0,0.0,0.0,0.0,0.0,0.0,0.0,28.0,48.0,59.0,84.5,356.0,691.0,2.0,1.5,47.6,78.10000000000005,75.6,126.10000000000016,0.0,0.0,0.0,0.0,0.0,0.0,0.0,0.0,2
00-0036970,Kyle Pitts,TE,ATL,2024,17,0,0,0,0,0,0,0,0,0,47,74,602,4,0,0,0,0,0,0,0,84.2,131.2,17.0,13.5,0.0,0.0,0.0,0.0,0.0,0.0,-4.0,-2.0,0.0,0.0,53.0,40.5,90.0,74.5,667.0,511.5,3.0,2.5,84.3,65.95000000000006,137.3,106.45000000000017,0.0,0.0,0.0,0.0,0.0,0.0,0.0,0.0,3
00-0036970,Kyle Pitts,TE,ATL,2025,17,0,0,0,0,0,0,0,0,0,88,118,928,5,0,0,0,0,0,0,0,122.8,210.8,17.0,17.0,0.0,0.0,0.0,0.0,0.0,0.0,0.0,-2.0,0.0,0.0,47.0,50.0,74.0,82.0,602.0,634.5,4.0,3.5,84.2,84.25000000000006,131.2,134.25000000000017,0.0,0.0,0.0,0.0,0.0,0.0,0.0,0.0,4
00-0036971,Trevor Lawrence,QB,JAX,2021,17,359,602,3641,12,17,73,334,2,0,0,0,0,0,0,0,0,0,0,0,0,199.04,199.04,,17.0,,0.0,,0.0,,0.0,,0.0,,0.0,,47.0,,74.0,,602.0,,4.0,,84.2,,131.2,,0.0,,0.0,,0.0,,0.0,0
00-0036971,Trevor Lawrence,QB,JAX,2022,17,387,584,4113,25,8,62,291,5,4,0,0,0,0,0,0,0,0,0,0,0,295.62,295.62,17.0,17.0,3641.0,3641.0,12.0,12.0,17.0,17.0,334.0,334.0,2.0,2.0,0.0,0.0,0.0,0.0,0.0,0.0,0.0,0.0,199.04,199.04,199.04,199.04,0.0,0.0,0.0,0.0,0.0,0.0,0.0,0.0,1
00-0036971,Trevor Lawrence,QB,JAX,2023,16,370,564,4016,21,14,70,339,4,2,0,0,0,0,0,0,0,0,0,0,0,262.54,262.54,17.0,17.0,4113.0,3877.0,25.0,18.5,8.0,12.5,291.0,312.5,5.0,3.5,0.0,0.0,0.0,0.0,0.0,0.0,0.0,0.0,295.62,247.33000000000007,295.62,247.33000000000015,0.0,0.0,0.0,0.0,0.0,0.0,0.0,0.0,2
00-0036971,Trevor Lawrence,QB,JAX,2024,10,172,284,2045,11,7,26,119,3,0,0,0,-5,0,0,0,0,0,0,0,0,145.2,145.2,16.0,16.5,4016.0,4064.5,21.0,23.0,14.0,11.0,339.0,315.0,4.0,4.5,0.0,0.0,0.0,0.0,0.0,0.0,0.0,0.0,262.54,279.08000000000004,262.54,279.08000000000015,0.0,0.0,0.0,0.0,0.0,0.0,0.0,0.0,3
00-0036971,Trevor Lawrence,QB,JAX,2025,17,341,560,4007,29,12,82,359,9,1,0,0,0,0,0,0,0,0,0,0,0,338.18,338.18,10.0,13.0,2045.0,3030.5,11.0,16.0,7.0,10.5,119.0,229.0,3.0,3.5,0.0,0.0,0.0,0.0,-5.0,-2.5,0.0,0.0,145.2,203.87000000000006,145.2,203.87000000000018,0.0,0.0,0.0,0.0,0.0,0.0,0.0,0.0,4
00-0036972,Mac Jones,QB,NE,2021,17,352,521,3801,22,13,44,129,0,1,0,0,0,0,0,0,0,0,0,0,0,224.94,224.94,,10.0,,2045.0,,11.0,,7.0,,119.0,,3.0,,0.0,,0.0,,-5.0,,0.0,,145.2,,145.2,,0.0,,0.0,,0.0,,0.0,0
00-0036972,Mac Jones,QB,NE,2022,14,288,442,2997,14,11,47,102,1,0,0,0,0,0,0,0,0,0,0,0,0,170.08,170.08,17.0,17.0,3801.0,3801.0,22.0,22.0,13.0,13.0,129.0,129.0,0.0,0.0,0.0,0.0,0.0,0.0,0.0,0.0,0.0,0.0,224.94,224.94,224.94,224.94,0.0,0.0,0.0,0.0,0.0,0.0,0.0,0.0,1
00-0036972,Mac Jones,QB,NE,2023,11,224,345,2120,10,12,26,96,0,1,0,0,0,0,0,0,0,0,0,0,0,106.4,106.4,14.0,15.5,2997.0,3399.0,14.0,18.0,11.0,12.0,102.0,115.5,1.0,0.5,0.0,0.0,0.0,0.0,0.0,0.0,0.0,0.0,170.08,197.51000000000005,170.08,197.51000000000016,0.0,0.0,0.0,0.0,0.0,0.0,0.0,0.0,2
00-0036972,Mac Jones,QB,JAX,2024,10,171,262,1672,8,8,28,92,1,1,0,0,0,0,0,0,0,0,0,0,0,96.08,96.08,11.0,12.5,2120.0,2558.5,10.0,12.0,12.0,11.5,96.0,99.0,0.0,0.5,0.0,0.0,0.0,0.0,0.0,0.0,0.0,0.0,106.4,138.24000000000007,106.4,138.24000000000018,0.0,0.0,0.0,0.0,0.0,0.0,0.0,0.0,3
00-0036972,Mac Jones,QB,SF,2025,11,201,289,2151,13,6,36,60,0,0,0,0,0,0,0,0,0,0,0,0,0,130.04,130.04,10.0,10.5,1672.0,1896.0,8.0,9.0,8.0,10.0,92.0,94.0,1.0,0.5,0.0,0.0,0.0,0.0,0.0,0.0,0.0,0.0,96.08,101.24000000000007,96.08,101.24000000000018,0.0,0.0,0.0,0.0,0.0,0.0,0.0,0.0,4
00-0036973,Travis Etienne,RB,JAX,2022,17,0,0,0,0,0,220,1125,5,3,35,45,316,0,0,0,0,0,0,0,0,170.1,205.1,,10.0,,1672.0,,8.0,,8.0,,92.0,,1.0,,0.0,,0.0,,0.0,,0.0,,96.08,,96.08,,0.0,,0.0,,0.0,,0.0,0
00-0036973,Travis Etienne,RB,JAX,2023,17,0,0,0,0,0,267,1008,11,0,58,73,476,1,0,0,0,0,0,0,0,224.4,282.4,17.0,17.0,0.0,0.0,0.0,0.0,0.0,0.0,1125.0,1125.0,5.0,5.0,35.0,35.0,45.0,45.0,316.0,316.0,0.0,0.0,170.1,170.1,205.1,205.1,0.0,0.0,0.0,0.0,0.0,0.0,0.0,0.0,1
00-0036973,Travis Etienne,RB,JAX,2024,15,0,0,0,0,0,150,558,2,1,39,52,254,0,0,0,0,0,0,0,0,91.2,130.2,17.0,17.0,0.0,0.0,0.0,0.0,0.0,0.0,1008.0,1066.5,11.0,8.0,58.0,46.5,73.0,59.0,476.0,396.0,1.0,0.5,224.4,197.25000000000006,282.4,243.75000000000014,0.0,0.0,0.0,0.0,0.0,0.0,0.0,0.0,2
00-0036973,Travis Etienne,RB,JAX,2025,17,0,0,0,0,0,260,1107,7,0,36,52,292,6,0,0,0,0,0,0,0,217.9,253.9,15.0,16.0,0.0,0.0,0.0,0.0,0.0,0.0,558.0,783.0,2.0,6.5,39.0,48.5,52.0,62.5,254.0,365.0,0.0,0.5,91.2,157.80000000000004,130.2,206.30000000000015,0.0,0.0,0.0,0.0,0.0,0.0,0.0,0.0,3
00-0036980,Elijah Moore,WR,NYJ,2021,11,0,0,0,0,0,5,54,1,0,43,77,538,5,0,0,0,0,0,0,0,95.2,138.2,,15.0,,0.0,,0.0,,0.0,,558.0,,2.0,,39.0,,52.0,,254.0,,0.0,,91.2,,130.2,,0.0,,0.0,,0.0,,0.0,0
00-0036980,Elijah Moore,WR,NYJ,2022,14,0,0,0,0,0,5,5,0,0,37,65,446,1,0,0,0,0,0,0,0,51.1,88.1,11.0,11.0,0.0,0.0,0.0,0.0,0.0,0.0,54.0,54.0,1.0,1.0,43.0,43.0,77.0,77.0,538.0,538.0,5.0,5.0,95.2,95.2,138.2,138.2,0.0,0.0,0.0,0.0,0.0,0.0,0.0,0.0,1
00-0036980,Elijah Moore,WR,CLE,2023,16,0,0,0,0,0,9,11,0,1,59,104,640,2,1,0,0,0,0,0,0,73.1,132.1,14.0,12.5,0.0,0.0,0.0,0.0,0.0,0.0,5.0,29.5,0.0,0.5,37.0,40.0,65.0,71.0,446.0,492.0,1.0,3.0,51.1,73.15000000000005,88.1,113.15000000000016,0.0,0.0,0.0,0.0,0.0,0.0,0.0,0.0,2
00-0036980,Elijah Moore,WR,CLE,2024,17,0,0,0,0,0,1,1,0,0,61,102,538,1,0,0,0,0,0,0,0,59.9,120.9,16.0,15.0,0.0,0.0,0.0,0.0,0.0,0.0,11.0,8.0,0.0,0.0,59.0,48.0,104.0,84.5,640.0,543.0,2.0,1.5,73.1,62.100000000000044,132.1,110.10000000000016,0.0,0.0,0.0,0.0,0.0,0.0,0.0,0.0,3
00-0036980,Elijah Moore,WR,BUF,2025,9,0,0,0,0,0,6,24,1,0,9,17,112,0,0,0,0,0,0,0,0,19.6,28.6,17.0,16.5,0.0,0.0,0.0,0.0,0.0,0.0,1.0,6.0,0.0,0.0,61.0,60.0,102.0,103.0,538.0,589.0,1.0,1.5,59.9,66.50000000000004,120.9,126.50000000000017,0.0,0.0,0.0,0.0,0.0,0.0,0.0,0.0,4
00-0036984,Trey Sermon,RB,SF,2021,6,0,0,0,0,0,41,167,1,0,3,4,26,0,0,0,0,0,0,0,0,25.3,28.3,,17.0,,0.0,,0.0,,0.0,,1.0,,0.0,,61.0,,102.0,,538.0,,1.0,,59.9,,120.9,,0.0,,0.0,,0.0,,0.0,0
00-0036984,Trey Sermon,RB,PHI,2022,1,0,0,0,0,0,2,19,0,0,0,0,0,0,0,0,0,0,0,0,0,1.9,1.9,6.0,6.0,0.0,0.0,0.0,0.0,0.0,0.0,167.0,167.0,1.0,1.0,3.0,3.0,4.0,4.0,26.0,26.0,0.0,0.0,25.3,25.3,28.3,28.3,0.0,0.0,0.0,0.0,0.0,0.0,0.0,0.0,1
00-0036984,Trey Sermon,RB,IND,2023,8,0,0,0,0,0,35,160,0,0,3,6,13,0,0,0,0,0,0,0,0,17.3,20.3,1.0,3.5,0.0,0.0,0.0,0.0,0.0,0.0,19.0,93.0,0.0,0.5,0.0,1.5,0.0,2.0,0.0,13.0,0.0,0.0,1.9,13.600000000000042,1.9,15.10000000000017,0.0,0.0,0.0,0.0,0.0,0.0,0.0,0.0,2
00-0036984,Trey Sermon,RB,IND,2024,15,0,0,0,0,0,56,159,2,0,16,19,99,0,0,0,0,0,0,0,0,37.8,53.8,8.0,4.5,0.0,0.0,0.0,0.0,0.0,0.0,160.0,89.5,0.0,0.0,3.0,1.5,6.0,3.0,13.0,6.5,0.0,0.0,17.3,9.600000000000042,20.3,11.10000000000017,0.0,0.0,0.0,0.0,0.0,0.0,0.0,0.0,3
00-0036984,Trey Sermon,RB,PIT,2025,3,0,0,0,0,0,0,0,0,0,0,0,0,0,0,0,0,0,0,0,0,0.0,0.0,15.0,11.5,0.0,0.0,0.0,0.0,0.0,0.0,159.0,159.5,2.0,1.0,16.0,9.5,19.0,12.5,99.0,56.0,0.0,0.0,37.8,27.55000000000004,53.8,37.05000000000017,0.0,0.0,0.0,0.0,0.0,0.0,0.0,0.0,4
00-0036988,Josh Palmer,WR,LAC,2021,15,0,0,0,0,0,1,6,0,0,33,49,353,4,0,0,0,0,0,0,0,59.9,92.9,,15.0,,0.0,,0.0,,0.0,,159.0,,2.0,,16.0,,19.0,,99.0,,0.0,,37.8,,53.8,,0.0,,0.0,,0.0,,0.0,0
00-0036988,Josh Palmer,WR,LAC,2022,16,0,0,0,0,0,1,4,0,0,72,107,769,3,0,0,0,0,0,0,0,97.3,169.3,15.0,15.0,0.0,0.0,0.0,0.0,0.0,0.0,6.0,6.0,0.0,0.0,33.0,33.0,49.0,49.0,353.0,353.0,4.0,4.0,59.9,59.9,92.9,92.9,0.0,0.0,0.0,0.0,0.0,0.0,0.0,0.0,1
00-0036988,Josh Palmer,WR,LAC,2023,10,0,0,0,0,0,1,6,0,0,38,61,581,2,1,0,0,0,0,0,0,68.7,106.7,16.0,15.5,0.0,0.0,0.0,0.0,0.0,0.0,4.0,5.0,0.0,0.0,72.0,52.5,107.0,78.0,769.0,561.0,3.0,3.5,97.3,78.60000000000004,169.3,131.1000000000002,0.0,0.0,0.0,0.0,0.0,0.0,0.0,0.0,2
00-0036988,Josh Palmer,WR,LAC,2024,15,0,0,0,0,0,0,0,0,0,39,65,584,1,0,0,0,0,0,0,0,68.4,107.4,10.0,13.0,0.0,0.0,0.0,0.0,0.0,0.0,6.0,5.0,0.0,0.0,38.0,55.0,61.0,84.0,581.0,675.0,2.0,2.5,68.7,83.00000000000004,106.7,138.00000000000017,0.0,0.0,0.0,0.0,0.0,0.0,0.0,0.0,3
00-0036988,Josh Palmer,WR,BUF,2025,12,0,0,0,0,0,0,0,0,0,22,37,303,0,0,0,0,0,0,0,0,30.3,52.3,15.0,12.5,0.0,0.0,0.0,0.0,0.0,0.0,0.0,3.0,0.0,0.0,39.0,38.5,65.0,63.0,584.0,582.5,1.0,1.5,68.4,68.55000000000005,107.4,107.05000000000018,0.0,0.0,0.0,0.0,0.0,0.0,0.0,0.0,4
00-0036991,Amari Rodgers,WR,GB,2021,16,0,0,0,0,0,1,11,0,0,4,8,45,0,0,0,0,0,0,0,0,5.6,9.6,,15.0,,0.0,,0.0,,0.0,,0.0,,0.0,,39.0,,65.0,,584.0,,1.0,,68.4,,107.4,,0.0,,0.0,,0.0,,0.0,0
00-0036991,Amari Rodgers,WR,HOU,2022,15,0,0,0,0,0,2,7,0,0,16,25,204,1,0,0,0,0,0,0,0,27.1,43.1,16.0,16.0,0.0,0.0,0.0,0.0,0.0,0.0,11.0,11.0,0.0,0.0,4.0,4.0,8.0,8.0,45.0,45.0,0.0,0.0,5.6,5.6,9.6,9.6,0.0,0.0,0.0,0.0,0.0,0.0,0.0,0.0,1
00-0036991,Amari Rodgers,WR,IND,2023,1,0,0,0,0,0,0,0,0,0,0,2,0,0,0,0,0,0,0,0,0,0.0,0.0,15.0,15.5,0.0,0.0,0.0,0.0,0.0,0.0,7.0,9.0,0.0,0.0,16.0,10.0,25.0,16.5,204.0,124.5,1.0,0.5,27.1,16.35000000000005,43.1,26.350000000000172,0.0,0.0,0.0,0.0,0.0,0.0,0.0,0.0,2
00-0036997,Javonte Williams,RB,DEN,2021,17,0,0,0,0,0,203,903,4,1,43,53,316,3,0,0,0,0,0,0,0,161.9,204.9,,15.0,,0.0,,0.0,,0.0,,7.0,,0.0,,16.0,,25.0,,204.0,,1.0,,27.1,,43.1,,0.0,,0.0,,0.0,,0.0,0
00-0036997,Javonte Williams,RB,DEN,2022,4,0,0,0,0,0,47,204,0,1,16,22,76,0,0,0,0,0,0,0,0,26.0,42.0,17.0,17.0,0.0,0.0,0.0,0.0,0.0,0.0,903.0,903.0,4.0,4.0,43.0,43.0,53.0,53.0,316.0,316.0,3.0,3.0,161.9,161.9,204.9,204.9,0.0,0.0,0.0,0.0,0.0,0.0,0.0,0.0,1
00-0036997,Javonte Williams,RB,DEN,2023,16,0,0,0,0,0,217,774,3,0,47,58,228,2,1,0,0,0,0,0,0,132.2,179.2,4.0,10.5,0.0,0.0,0.0,0.0,0.0,0.0,204.0,553.5,0.0,2.0,16.0,29.5,22.0,37.5,76.0,196.0,0.0,1.5,26.0,93.95000000000006,42.0,123.45000000000017,0.0,0.0,0.0,0.0,0.0,0.0,0.0,0.0,2
00-0036997,Javonte Williams,RB,DEN,2024,17,0,0,0,0,0,139,513,4,2,52,70,346,0,0,0,0,0,0,0,0,105.9,157.9,16.0,10.0,0.0,0.0,0.0,0.0,0.0,0.0,774.0,489.0,3.0,1.5,47.0,31.5,58.0,40.0,228.0,152.0,2.0,1.0,132.2,79.10000000000005,179.2,110.60000000000016,0.0,0.0,0.0,0.0,0.0,0.0,0.0,0.0,3
00-0036997,Javonte Williams,RB,DAL,2025,16,0,0,0,0,0,252,1201,11,1,35,51,137,2,1,0,0,0,0,0,0,207.8,242.8,17.0,16.5,0.0,0.0,0.0,0.0,0.0,0.0,513.0,643.5,4.0,3.5,52.0,49.5,70.0,64.0,346.0,287.0,0.0,1.0,105.9,119.05000000000005,157.9,168.55000000000018,0.0,0.0,0.0,0.0,0.0,0.0,0.0,0.0,4
00-0036999,Anthony Schwartz,WR,CLE,2021,13,0,0,0,0,0,6,39,0,0,10,23,135,1,0,0,0,0,0,0,0,23.4,33.4,,17.0,,0.0,,0.0,,0.0,,513.0,,4.0,,52.0,,70.0,,346.0,,0.0,,105.9,,157.9,,0.0,,0.0,,0.0,,0.0,0
00-0036999,Anthony Schwartz,WR,CLE,2022,7,0,0,0,0,0,4,57,1,0,4,10,51,0,1,0,0,0,0,0,0,14.8,18.8,13.0,13.0,0.0,0.0,0.0,0.0,0.0,0.0,39.0,39.0,0.0,0.0,10.0,10.0,23.0,23.0,135.0,135.0,1.0,1.0,23.4,23.4,33.4,33.4,0.0,0.0,0.0,0.0,0.0,0.0,0.0,0.0,1
00-0037004,Hunter Long,TE,MIA,2021,3,0,0,0,0,0,0,0,0,0,1,3,8,0,0,0,0,0,0,0,0,0.8,1.8,,13.0,,0.0,,0.0,,0.0,,39.0,,0.0,,10.0,,23.0,,135.0,,1.0,,23.4,,33.4,,0.0,,0.0,,0.0,,0.0,0
00-0037004,Hunter Long,TE,MIA,2022,1,0,0,0,0,0,0,0,0,0,0,0,0,0,0,0,0,0,0,0,0,0.0,0.0,3.0,3.0,0.0,0.0,0.0,0.0,0.0,0.0,0.0,0.0,0.0,0.0,1.0,1.0,3.0,3.0,8.0,8.0,0.0,0.0,0.8,0.8,1.8,1.8,0.0,0.0,0.0,0.0,0.0,0.0,0.0,0.0,1
00-0037004,Hunter Long,TE,LA,2023,1,0,0,0,0,0,0,0,0,0,0,0,0,0,0,0,0,0,0,0,0,0.0,0.0,1.0,2.0,0.0,0.0,0.0,0.0,0.0,0.0,0.0,0.0,0.0,0.0,0.0,0.5,0.0,1.5,0.0,4.0,0.0,0.0,0.0,0.40000000000005687,0.0,0.9000000000001706,0.0,0.0,0.0,0.0,0.0,0.0,0.0,0.0,2
00-0037004,Hunter Long,TE,LA,2024,11,0,0,0,0,0,0,0,0,0,7,9,60,0,0,0,0,0,0,0,0,12.0,19.0,1.0,1.0,0.0,0.0,0.0,0.0,0.0,0.0,0.0,0.0,0.0,0.0,0.0,0.0,0.0,0.0,0.0,0.0,0.0,0.0,0.0,0.0,0.0,0.0,0.0,0.0,0.0,0.0,0.0,0.0,0.0,0.0,3
00-0037004,Hunter Long,TE,JAX,2025,7,0,0,0,0,0,0,0,0,0,12,17,85,2,0,0,0,0,0,0,0,20.5,32.5,11.0,6.0,0.0,0.0,0.0,0.0,0.0,0.0,0.0,0.0,0.0,0.0,7.0,3.5,9.0,4.5,60.0,30.0,0.0,0.0,12.0,6.000000000000057,19.0,9.50000000000017,0.0,0.0,0.0,0.0,0.0,0.0,0.0,0.0,4
00-0037005,Tommy Tremble,TE,CAR,2021,15,0,0,0,0,0,3,11,1,0,20,35,180,1,0,0,0,0,0,0,0,33.1,53.1,,11.0,,0.0,,0.0,,0.0,,0.0,,0.0,,7.0,,9.0,,60.0,,0.0,,12.0,,19.0,,0.0,,0.0,,0.0,,0.0,0
00-0037005,Tommy Tremble,TE,CAR,2022,15,0,0,0,0,0,0,0,0,0,19,32,174,3,0,0,0,0,0,0,0,35.4,54.4,15.0,15.0,0.0,0.0,0.0,0.0,0.0,0.0,11.0,11.0,1.0,1.0,20.0,20.0,35.0,35.0,180.0,180.0,1.0,1.0,33.1,33.1,53.1,53.1,0.0,0.0,0.0,0.0,0.0,0.0,0.0,0.0,1
00-0037005,Tommy Tremble,TE,CAR,2023,15,0,0,0,0,0,0,0,0,0,23,32,194,3,0,0,0,0,0,0,0,37.4,60.4,15.0,15.0,0.0,0.0,0.0,0.0,0.0,0.0,0.0,5.5,0.0,0.5,19.0,19.5,32.0,33.5,174.0,177.0,3.0,2.0,35.4,34.25000000000006,54.4,53.75000000000017,0.0,0.0,0.0,0.0,0.0,0.0,0.0,0.0,2
00-0037005,Tommy Tremble,TE,CAR,2024,10,0,0,0,0,0,0,0,0,0,23,32,234,2,1,0,0,0,0,0,0,33.4,56.4,15.0,15.0,0.0,0.0,0.0,0.0,0.0,0.0,0.0,0.0,0.0,0.0,23.0,21.0,32.0,32.0,194.0,184.0,3.0,3.0,37.4,36.400000000000055,60.4,57.40000000000017,0.0,0.0,0.0,0.0,0.0,0.0,0.0,0.0,3
00-0037005,Tommy Tremble,TE,CAR,2025,15,0,0,0,0,0,0,0,0,0,27,37,249,2,0,0,0,0,0,0,0,36.9,63.9,10.0,12.5,0.0,0.0,0.0,0.0,0.0,0.0,0.0,0.0,0.0,0.0,23.0,23.0,32.0,32.0,234.0,214.0,2.0,2.5,33.4,35.400000000000055,56.4,58.40000000000017,0.0,0.0,0.0,0.0,0.0,0.0,0.0,0.0,4
00-0037011,Tre' McKitty,TE,LAC,2021,6,0,0,0,0,0,0,0,0,0,6,8,45,0,0,0,0,0,0,0,0,4.5,10.5,,10.0,,0.0,,0.0,,0.0,,0.0,,0.0,,23.0,,32.0,,234.0,,2.0,,33.4,,56.4,,0.0,,0.0,,0.0,,0.0,0
00-0037011,Tre' McKitty,TE,LAC,2022,13,0,0,0,0,0,0,0,0,0,10,18,72,0,0,0,0,0,0,0,0,7.2,17.2,6.0,6.0,0.0,0.0,0.0,0.0,0.0,0.0,0.0,0.0,0.0,0.0,6.0,6.0,8.0,8.0,45.0,45.0,0.0,0.0,4.5,4.5,10.5,10.5,0.0,0.0,0.0,0.0,0.0,0.0,0.0,0.0,1
00-0037011,Tre' McKitty,TE,LAC,2023,1,0,0,0,0,0,0,0,0,0,0,0,0,0,0,0,0,0,0,0,0,0.0,0.0,13.0,9.5,0.0,0.0,0.0,0.0,0.0,0.0,0.0,0.0,0.0,0.0,10.0,8.0,18.0,13.0,72.0,58.5,0.0,0.0,7.2,5.8500000000000565,17.2,13.85000000000017,0.0,0.0,0.0,0.0,0.0,0.0,0.0,0.0,2
00-0037012,Trey Lance,QB,SF,2021,6,41,71,603,5,2,38,168,1,0,0,0,0,0,0,0,0,0,0,0,0,64.92,64.92,,13.0,,0.0,,0.0,,0.0,,0.0,,0.0,,10.0,,18.0,,72.0,,0.0,,7.2,,17.2,,0.0,,0.0,,0.0,,0.0,0
00-0037012,Trey Lance,QB,SF,2022,2,15,31,194,0,1,16,67,0,0,0,0,0,0,0,0,0,0,0,0,0,12.46,12.46,6.0,6.0,603.0,603.0,5.0,5.0,2.0,2.0,168.0,168.0,1.0,1.0,0.0,0.0,0.0,0.0,0.0,0.0,0.0,0.0,64.92,64.92,64.92,64.92,0.0,0.0,0.0,0.0,0.0,0.0,0.0,0.0,1
00-0037012,Trey Lance,QB,DAL,2024,4,25,41,266,0,1,11,41,0,0,0,0,0,0,0,0,0,0,0,0,0,12.74,12.74,2.0,4.0,194.0,398.5,0.0,2.5,1.0,1.5,67.0,117.5,0.0,0.5,0.0,0.0,0.0,0.0,0.0,0.0,0.0,0.0,12.46,38.690000000000055,12.46,38.69000000000017,0.0,0.0,0.0,0.0,0.0,0.0,0.0,0.0,2
00-0037012,Trey Lance,QB,LAC,2025,4,27,57,226,0,1,17,85,0,0,0,0,0,0,0,0,0,0,0,0,0,13.54,13.54,4.0,3.0,266.0,230.0,0.0,0.0,1.0,1.0,41.0,54.0,0.0,0.0,0.0,0.0,0.0,0.0,0.0,0.0,0.0,0.0,12.74,12.600000000000058,12.74,12.600000000000172,0.0,0.0,0.0,0.0,0.0,0.0,0.0,0.0,3
00-0037013,Zach Wilson,QB,NYJ,2021,13,213,383,2334,9,11,29,185,4,0,0,1,0,0,0,0,0,0,0,0,0,151.86,151.86,,4.0,,266.0,,0.0,,1.0,,41.0,,0.0,,0.0,,0.0,,0.0,,0.0,,12.74,,12.74,,0.0,,0.0,,0.0,,0.0,0
00-0037013,Zach Wilson,QB,NYJ,2022,9,132,242,1688,6,7,28,102,1,0,1,1,2,1,0,0,0,0,0,0,0,97.92,98.92,13.0,13.0,2334.0,2334.0,9.0,9.0,11.0,11.0,185.0,185.0,4.0,4.0,0.0,0.0,1.0,1.0,0.0,0.0,0.0,0.0,151.86,151.86,151.86,151.86,0.0,0.0,0.0,0.0,0.0,0.0,0.0,0.0,1
00-0037013,Zach Wilson,QB,NYJ,2023,12,221,368,2271,8,7,36,211,0,3,0,0,0,0,0,0,0,0,0,0,0,119.94,119.94,9.0,11.0,1688.0,2011.0,6.0,7.5,7.0,9.0,102.0,143.5,1.0,2.5,1.0,0.5,1.0,1.0,2.0,1.0,1.0,0.5,97.92,124.89000000000007,98.92,125.39000000000019,0.0,0.0,0.0,0.0,0.0,0.0,0.0,0.0,2
00-0037013,Zach Wilson,QB,MIA,2025,4,6,11,32,0,0,3,1,0,0,0,0,0,0,0,0,0,0,0,0,0,1.38,1.38,12.0,10.5,2271.0,1979.5,8.0,7.0,7.0,7.0,211.0,156.5,0.0,0.5,0.0,0.5,0.0,0.5,0.0,1.0,0.0,0.5,119.94,108.93000000000006,119.94,109.43000000000018,0.0,0.0,0.0,0.0,0.0,0.0,0.0,0.0,3
00-0037015,Sal Cannella,TE,CLE,2025,2,0,0,0,0,0,0,0,0,0,2,5,11,0,0,0,0,0,0,0,0,1.1,3.1,,12.0,,2271.0,,8.0,,7.0,,211.0,,0.0,,0.0,,0.0,,0.0,,0.0,,119.94,,119.94,,0.0,,0.0,,0.0,,0.0,0
00-0037031,Nikola Kalinic,TE,IND,2022,1,0,0,0,0,0,0,0,0,0,0,0,0,0,0,0,0,0,0,0,0,0.0,0.0,,,,,,,,,,,,,,,,,,,,,,,,,,,,,,,,,0
00-0037031,Nikola Kalinic,TE,CHI,2025,2,0,0,0,0,0,0,0,0,0,0,0,0,0,0,0,0,0,0,0,0,0.0,0.0,1.0,1.0,0.0,0.0,0.0,0.0,0.0,0.0,0.0,0.0,0.0,0.0,0.0,0.0,0.0,0.0,0.0,0.0,0.0,0.0,0.0,0.0,0.0,0.0,0.0,0.0,0.0,0.0,0.0,0.0,0.0,0.0,1
00-0037039,Devon Allen,WR,PHI,2023,1,0,0,0,0,0,0,0,0,0,0,0,0,0,0,0,0,0,0,0,0,0.0,0.0,,1.0,,0.0,,0.0,,0.0,,0.0,,0.0,,0.0,,0.0,,0.0,,0.0,,0.0,,0.0,,0.0,,0.0,,0.0,,0.0,0
00-0037055,Lance McCutcheon,WR,LA,2022,4,0,0,0,0,0,0,0,0,0,0,5,0,0,0,0,0,0,0,0,0,0.0,0.0,,,,,,,,,,,,,,,,,,,,,,,,,,,,,,,,,0
00-0037077,Sam Howell,QB,WAS,2022,1,11,19,169,1,1,5,35,1,0,0,0,0,0,0,0,0,0,0,0,0,18.26,18.26,,,,,,,,,,,,,,,,,,,,,,,,,,,,,,,,,0
00-0037077,Sam Howell,QB,WAS,2023,17,388,612,3946,21,21,48,263,5,1,1,1,4,0,0,0,0,0,0,0,0,256.54,257.54,1.0,1.0,169.0,169.0,1.0,1.0,1.0,1.0,35.0,35.0,1.0,1.0,0.0,0.0,0.0,0.0,0.0,0.0,0.0,0.0,18.26,18.26,18.26,18.26,0.0,0.0,0.0,0.0,0.0,0.0,0.0,0.0,1
00-0037077,Sam Howell,QB,SEA,2024,1,5,14,24,0,1,1,2,0,0,0,0,0,0,0,0,0,0,0,0,0,-0.84,-0.84,17.0,9.0,3946.0,2057.5,21.0,11.0,21.0,11.0,263.0,149.0,5.0,3.0,1.0,0.5,1.0,0.5,4.0,2.0,0.0,0.0,256.54,137.40000000000006,257.54,137.90000000000018,0.0,0.0,0.0,0.0,0.0,0.0,0.0,0.0,2
00-0037078,Cole Turner,TE,WAS,2022,7,0,0,0,0,0,0,0,0,0,2,9,23,0,0,0,0,0,0,0,0,2.3,4.3,,17.0,,3946.0,,21.0,,21.0,,263.0,,5.0,,1.0,,1.0,,4.0,,0.0,,256.54,,257.54,,0.0,,0.0,,0.0,,0.0,0
00-0037078,Cole Turner,TE,WAS,2023,8,0,0,0,0,0,0,0,0,0,11,15,120,0,0,0,0,0,0,0,0,12.0,23.0,7.0,7.0,0.0,0.0,0.0,0.0,0.0,0.0,0.0,0.0,0.0,0.0,2.0,2.0,9.0,9.0,23.0,23.0,0.0,0.0,2.3,2.3,4.3,4.3,0.0,0.0,0.0,0.0,0.0,0.0,0.0,0.0,1
00-0037085,Tyler Badie,RB,DEN,2022,1,0,0,0,0,0,1,0,0,0,1,1,24,1,0,0,0,0,0,0,0,8.4,9.4,,7.0,,0.0,,0.0,,0.0,,0.0,,0.0,,2.0,,9.0,,23.0,,0.0,,2.3,,4.3,,0.0,,0.0,,0.0,,0.0,0
00-0037085,Tyler Badie,RB,DEN,2024,3,0,0,0,0,0,11,86,0,0,3,3,-2,0,1,0,0,0,0,0,0,6.4,9.4,1.0,1.0,0.0,0.0,0.0,0.0,0.0,0.0,0.0,0.0,0.0,0.0,1.0,1.0,1.0,1.0,24.0,24.0,1.0,1.0,8.4,8.4,9.4,9.4,0.0,0.0,0.0,0.0,0.0,0.0,0.0,0.0,1
00-0037085,Tyler Badie,RB,DEN,2025,16,0,0,0,0,0,8,23,0,0,19,31,141,0,0,0,0,0,0,0,0,16.4,35.4,3.0,2.0,0.0,0.0,0.0,0.0,0.0,0.0,86.0,43.0,0.0,0.0,3.0,2.0,3.0,2.0,-2.0,11.0,0.0,0.5,6.4,7.400000000000057,9.4,9.4,0.0,0.0,0.0,0.0,0.0,0.0,0.0,0.0,2
00-0037086,Grant Calcaterra,TE,PHI,2022,6,0,0,0,0,0,0,0,0,0,5,9,81,0,0,0,0,0,0,0,0,8.1,13.1,,3.0,,0.0,,0.0,,0.0,,86.0,,0.0,,3.0,,3.0,,-2.0,,0.0,,6.4,,9.4,,0.0,,0.0,,0.0,,0.0,0
00-0037086,Grant Calcaterra,TE,PHI,2023,3,0,0,0,0,0,0,0,0,0,4,4,39,0,0,0,0,0,0,0,0,3.9,7.9,6.0,6.0,0.0,0.0,0.0,0.0,0.0,0.0,0.0,0.0,0.0,0.0,5.0,5.0,9.0,9.0,81.0,81.0,0.0,0.0,8.1,8.1,13.1,13.1,0.0,0.0,0.0,0.0,0.0,0.0,0.0,0.0,1
00-0037086,Grant Calcaterra,TE,PHI,2024,15,0,0,0,0,0,0,0,0,0,24,30,298,1,0,0,0,0,0,0,0,35.8,59.8,3.0,4.5,0.0,0.0,0.0,0.0,0.0,0.0,0.0,0.0,0.0,0.0,4.0,4.5,4.0,6.5,39.0,60.0,0.0,0.0,3.9,6.000000000000057,7.9,10.50000000000017,0.0,0.0,0.0,0.0,0.0,0.0,0.0,0.0,2
00-0037086,Grant Calcaterra,TE,PHI,2025,9,0,0,0,0,0,0,0,0,0,9,13,76,1,0,0,0,0,0,0,0,13.6,22.6,15.0,9.0,0.0,0.0,0.0,0.0,0.0,0.0,0.0,0.0,0.0,0.0,24.0,14.0,30.0,17.0,298.0,168.5,1.0,0.5,35.8,19.850000000000055,59.8,33.85000000000017,0.0,0.0,0.0,0.0,0.0,0.0,0.0,0.0,3
00-0037087,Trestan Ebner,RB,CHI,2022,11,0,0,0,0,0,24,54,0,0,2,8,8,0,1,0,0,0,0,0,0,4.2,6.2,,15.0,,0.0,,0.0,,0.0,,0.0,,0.0,,24.0,,30.0,,298.0,,1.0,,35.8,,59.8,,0.0,,0.0,,0.0,,0.0,0
00-0037091,Bo Melton,WR,GB,2023,4,0,0,0,0,0,3,21,0,0,16,24,218,1,0,0,0,0,0,0,0,29.9,45.9,,,,,,,,,,,,,,,,,,,,,,,,,,,,,,,,,0
00-0037091,Bo Melton,WR,GB,2024,13,0,0,0,0,0,8,54,0,0,8,17,91,0,0,0,0,0,0,0,0,14.5,22.5,4.0,4.0,0.0,0.0,0.0,0.0,0.0,0.0,21.0,21.0,0.0,0.0,16.0,16.0,24.0,24.0,218.0,218.0,1.0,1.0,29.9,29.9,45.9,45.9,0.0,0.0,0.0,0.0,0.0,0.0,0.0,0.0,1
00-0037091,Bo Melton,WR,GB,2025,13,0,0,0,0,0,5,35,0,0,4,13,107,1,0,0,0,0,0,0,0,20.2,24.2,13.0,8.5,0.0,0.0,0.0,0.0,0.0,0.0,54.0,37.5,0.0,0.0,8.0,12.0,17.0,20.5,91.0,154.5,0.0,0.5,14.5,22.200000000000056,22.5,34.20000000000017,0.0,0.0,0.0,0.0,0.0,0.0,0.0,0.0,2
00-0037093,Dareke Young,WR,SEA,2022,6,0,0,0,0,0,0,0,0,0,2,2,24,0,0,0,0,0,0,0,0,2.4,4.4,,13.0,,0.0,,0.0,,0.0,,54.0,,0.0,,8.0,,17.0,,91.0,,0.0,,14.5,,22.5,,0.0,,0.0,,0.0,,0.0,0
00-0037093,Dareke Young,WR,SEA,2023,1,0,0,0,0,0,0,0,0,0,0,0,0,0,0,0,0,0,0,0,0,0.0,0.0,6.0,6.0,0.0,0.0,0.0,0.0,0.0,0.0,0.0,0.0,0.0,0.0,2.0,2.0,2.0,2.0,24.0,24.0,0.0,0.0,2.4,2.4,4.4,4.4,0.0,0.0,0.0,0.0,0.0,0.0,0.0,0.0,1
00-0037093,Dareke Young,WR,SEA,2024,7,0,0,0,0,0,0,0,0,0,0,1,0,0,0,0,0,0,0,0,0,0.0,0.0,1.0,3.5,0.0,0.0,0.0,0.0,0.0,0.0,0.0,0.0,0.0,0.0,0.0,1.0,0.0,1.0,0.0,12.0,0.0,0.0,0.0,1.2000000000000568,0.0,2.2000000000001707,0.0,0.0,0.0,0.0,0.0,0.0,0.0,0.0,2
00-0037093,Dareke Young,WR,SEA,2025,8,0,0,0,0,0,0,0,0,0,2,3,48,0,0,0,0,0,0,0,0,4.8,6.8,7.0,4.0,0.0,0.0,0.0,0.0,0.0,0.0,0.0,0.0,0.0,0.0,0.0,0.0,1.0,0.5,0.0,0.0,0.0,0.0,0.0,0.0,0.0,0.0,0.0,0.0,0.0,0.0,0.0,0.0,0.0,0.0,3
00-0037098,Samori Toure,WR,GB,2022,4,0,0,0,0,0,0,0,0,0,5,10,82,1,0,0,0,0,0,0,0,14.2,19.2,,7.0,,0.0,,0.0,,0.0,,0.0,,0.0,,0.0,,1.0,,0.0,,0.0,,0.0,,0.0,,0.0,,0.0,,0.0,,0.0,0
00-0037098,Samori Toure,WR,GB,2023,8,0,0,0,0,0,0,0,0,0,8,18,78,0,0,0,0,0,0,0,0,9.8,17.8,4.0,4.0,0.0,0.0,0.0,0.0,0.0,0.0,0.0,0.0,0.0,0.0,5.0,5.0,10.0,10.0,82.0,82.0,1.0,1.0,14.2,14.2,19.2,19.2,0.0,0.0,0.0,0.0,0.0,0.0,0.0,0.0,1
00-0037098,Samori Toure,WR,NO,2025,1,0,0,0,0,0,0,0,0,0,1,3,3,0,0,0,0,0,0,0,0,0.3,1.3,8.0,6.0,0.0,0.0,0.0,0.0,0.0,0.0,0.0,0.0,0.0,0.0,8.0,6.5,18.0,14.0,78.0,80.0,0.0,0.5,9.8,12.000000000000057,17.8,18.50000000000017,0.0,0.0,0.0,0.0,0.0,0.0,0.0,0.0,2
00-0037112,Jake Tonges,TE,CHI,2022,1,0,0,0,0,0,0,0,0,0,0,1,0,0,0,0,0,0,0,0,0,0.0,0.0,,8.0,,0.0,,0.0,,0.0,,0.0,,0.0,,8.0,,18.0,,78.0,,0.0,,9.8,,17.8,,0.0,,0.0,,0.0,,0.0,0
00-0037112,Jake Tonges,TE,SF,2024,2,0,0,0,0,0,0,0,0,0,0,0,0,0,0,0,0,0,0,0,0,0.0,0.0,1.0,1.0,0.0,0.0,0.0,0.0,0.0,0.0,0.0,0.0,0.0,0.0,0.0,0.0,1.0,1.0,0.0,0.0,0.0,0.0,0.0,0.0,0.0,0.0,0.0,0.0,0.0,0.0,0.0,0.0,0.0,0.0,1
00-0037112,Jake Tonges,TE,SF,2025,10,0,0,0,0,0,0,0,0,0,34,46,293,5,0,0,0,0,0,0,0,59.3,93.3,2.0,1.5,0.0,0.0,0.0,0.0,0.0,0.0,0.0,0.0,0.0,0.0,0.0,0.0,0.0,0.5,0.0,0.0,0.0,0.0,0.0,0.0,0.0,0.0,0.0,0.0,0.0,0.0,0.0,0.0,0.0,0.0,2
00-0037120,Tyler Goodson,RB,IND,2023,6,0,0,0,0,0,13,87,0,0,6,9,34,0,0,0,0,0,0,0,0,12.1,18.1,,2.0,,0.0,,0.0,,0.0,,0.0,,0.0,,0.0,,0.0,,0.0,,0.0,,0.0,,0.0,,0.0,,0.0,,0.0,,0.0,0
00-0037120,Tyler Goodson,RB,IND,2024,14,0,0,0,0,0,32,153,1,0,11,15,61,1,0,0,0,0,0,0,0,33.4,44.4,6.0,6.0,0.0,0.0,0.0,0.0,0.0,0.0,87.0,87.0,0.0,0.0,6.0,6.0,9.0,9.0,34.0,34.0,0.0,0.0,12.1,12.1,18.1,18.1,0.0,0.0,0.0,0.0,0.0,0.0,0.0,0.0,1
00-0037120,Tyler Goodson,RB,IND,2025,10,0,0,0,0,0,9,24,0,0,2,3,8,0,0,0,0,0,0,0,0,3.2,5.2,14.0,10.0,0.0,0.0,0.0,0.0,0.0,0.0,153.0,120.0,1.0,0.5,11.0,8.5,15.0,12.0,61.0,47.5,1.0,0.5,33.4,22.750000000000057,44.4,31.25000000000017,0.0,0.0,0.0,0.0,0.0,0.0,0.0,0.0,2
00-0037132,Britain Covey,WR,PHI,2022,17,0,0,0,0,0,0,0,0,0,0,0,0,0,0,0,0,0,0,0,0,0.0,0.0,,14.0,,0.0,,0.0,,0.0,,153.0,,1.0,,11.0,,15.0,,61.0,,1.0,,33.4,,44.4,,0.0,,0.0,,0.0,,0.0,0
00-0037132,Britain Covey,WR,PHI,2023,15,0,0,0,0,0,0,0,0,0,4,6,42,0,0,0,0,0,0,0,0,4.2,8.2,17.0,17.0,0.0,0.0,0.0,0.0,0.0,0.0,0.0,0.0,0.0,0.0,0.0,0.0,0.0,0.0,0.0,0.0,0.0,0.0,0.0,0.0,0.0,0.0,0.0,0.0,0.0,0.0,0.0,0.0,0.0,0.0,1
00-0037132,Britain Covey,WR,PHI,2024,5,0,0,0,0,0,0,0,0,0,7,8,34,0,0,0,0,0,0,0,0,3.4,10.4,15.0,16.0,0.0,0.0,0.0,0.0,0.0,0.0,0.0,0.0,0.0,0.0,4.0,2.0,6.0,3.0,42.0,21.0,0.0,0.0,4.2,2.100000000000057,8.2,4.10000000000017,0.0,0.0,0.0,0.0,0.0,0.0,0.0,0.0,2
00-0037132,Britain Covey,WR,PHI,2025,6,0,0,0,0,0,0,0,0,0,2,4,20,0,0,0,0,0,0,0,0,2.0,4.0,5.0,10.0,0.0,0.0,0.0,0.0,0.0,0.0,0.0,0.0,0.0,0.0,7.0,5.5,8.0,7.0,34.0,38.0,0.0,0.0,3.4,3.8000000000000567,10.4,9.300000000000171,0.0,0.0,0.0,0.0,0.0,0.0,0.0,0.0,3
00-0037156,Irvin Charles,WR,NYJ,2023,6,0,0,0,0,0,0,0,0,0,0,1,0,0,0,0,0,0,0,0,0,0.0,0.0,,5.0,,0.0,,0.0,,0.0,,0.0,,0.0,,7.0,,8.0,,34.0,,0.0,,3.4,,10.4,,0.0,,0.0,,0.0,,0.0,0
00-0037156,Irvin Charles,WR,NYJ,2024,8,0,0,0,0,0,0,0,0,0,0,1,0,0,0,0,0,0,0,0,0,0.0,0.0,6.0,6.0,0.0,0.0,0.0,0.0,0.0,0.0,0.0,0.0,0.0,0.0,0.0,0.0,1.0,1.0,0.0,0.0,0.0,0.0,0.0,0.0,0.0,0.0,0.0,0.0,0.0,0.0,0.0,0.0,0.0,0.0,1
00-0037157,Bam Knight,RB,NYJ,2022,7,0,0,0,0,0,85,300,1,0,13,14,100,0,0,0,0,0,0,0,0,46.0,59.0,,6.0,,0.0,,0.0,,0.0,,0.0,,0.0,,0.0,,1.0,,0.0,,0.0,,0.0,,0.0,,0.0,,0.0,,0.0,,0.0,0
00-0037157,Bam Knight,RB,DET,2023,2,0,0,0,0,0,3,13,0,0,1,1,8,0,0,0,0,0,0,0,0,2.1,3.1,7.0,7.0,0.0,0.0,0.0,0.0,0.0,0.0,300.0,300.0,1.0,1.0,13.0,13.0,14.0,14.0,100.0,100.0,0.0,0.0,46.0,46.0,59.0,59.0,0.0,0.0,0.0,0.0,0.0,0.0,0.0,0.0,1
00-0037157,Bam Knight,RB,ARI,2025,12,0,0,0,0,0,82,269,4,1,22,31,160,1,0,0,0,0,0,0,0,70.9,92.9,2.0,4.5,0.0,0.0,0.0,0.0,0.0,0.0,13.0,156.5,0.0,0.5,1.0,7.0,1.0,7.5,8.0,54.0,0.0,0.0,2.1,24.050000000000058,3.1,31.05000000000017,0.0,0.0,0.0,0.0,0.0,0.0,0.0,0.0,2
00-0037168,Armani Rogers,TE,WAS,2022,9,0,0,0,0,0,2,26,0,0,5,6,64,0,0,0,0,0,0,0,0,9.0,14.0,,2.0,,0.0,,0.0,,0.0,,13.0,,0.0,,1.0,,1.0,,8.0,,0.0,,2.1,,3.1,,0.0,,0.0,,0.0,,0.0,0
00-0037175,Anthony Brown,QB,BAL,2022,2,22,49,302,0,2,3,-5,0,0,0,0,0,0,0,0,0,0,0,0,0,5.58,5.58,,,,,,,,,,,,,,,,,,,,,,,,,,,,,,,,,0
00-0037185,Raleigh Webb,WR,NE,2022,3,0,0,0,0,0,0,0,0,0,0,0,0,0,0,0,0,0,0,0,0,0.0,0.0,,,,,,,,,,,,,,,,,,,,,,,,,,,,,,,,,0
00-0037197,Isiah Pacheco,RB,KC,2022,17,0,0,0,0,0,170,830,5,2,13,14,130,0,0,0,0,0,0,0,0,122.0,135.0,,,,,,,,,,,,,,,,,,,,,,,,,,,,,,,,,0
00-0037197,Isiah Pacheco,RB,KC,2023,14,0,0,0,0,0,205,935,7,1,44,49,244,2,0,0,0,0,0,0,0,169.9,213.9,17.0,17.0,0.0,0.0,0.0,0.0,0.0,0.0,830.0,830.0,5.0,5.0,13.0,13.0,14.0,14.0,130.0,130.0,0.0,0.0,122.0,122.0,135.0,135.0,0.0,0.0,0.0,0.0,0.0,0.0,0.0,0.0,1
00-0037197,Isiah Pacheco,RB,KC,2024,7,0,0,0,0,0,83,310,1,0,12,16,79,0,0,0,0,0,0,0,0,44.9,56.9,14.0,15.5,0.0,0.0,0.0,0.0,0.0,0.0,935.0,882.5,7.0,6.0,44.0,28.5,49.0,31.5,244.0,187.0,2.0,1.0,169.9,145.95000000000005,213.9,174.45000000000016,0.0,0.0,0.0,0.0,0.0,0.0,0.0,0.0,2
00-0037197,Isiah Pacheco,RB,KC,2025,13,0,0,0,0,0,118,462,1,0,19,26,101,1,0,0,0,0,0,0,0,68.3,87.3,7.0,10.5,0.0,0.0,0.0,0.0,0.0,0.0,310.0,622.5,1.0,4.0,12.0,28.0,16.0,32.5,79.0,161.5,0.0,1.0,44.9,107.40000000000006,56.9,135.40000000000018,0.0,0.0,0.0,0.0,0.0,0.0,0.0,0.0,3
00-0037216,Justyn Ross,WR,KC,2023,6,0,0,0,0,0,0,0,0,0,6,11,53,0,0,0,0,0,0,0,0,5.3,11.3,,7.0,,0.0,,0.0,,0.0,,310.0,,1.0,,12.0,,16.0,,79.0,,0.0,,44.9,,56.9,,0.0,,0.0,,0.0,,0.0,0
00-0037216,Justyn Ross,WR,KC,2024,1,0,0,0,0,0,0,0,0,0,0,1,0,0,0,0,0,0,0,0,0,0.0,0.0,6.0,6.0,0.0,0.0,0.0,0.0,0.0,0.0,0.0,0.0,0.0,0.0,6.0,6.0,11.0,11.0,53.0,53.0,0.0,0.0,5.3,5.3,11.3,11.3,0.0,0.0,0.0,0.0,0.0,0.0,0.0,0.0,1
00-0037224,Cameron Dicker,K,LAC,2022,11,0,0,0,0,0,0,0,0,0,0,0,0,0,0,21,22,0,0,24,24,0.0,0.0,,6.0,,0.0,,0.0,,0.0,,0.0,,0.0,,6.0,,11.0,,53.0,,0.0,,5.3,,11.3,,0.0,,0.0,,0.0,,0.0,0
00-0037224,Cameron Dicker,K,LAC,2023,17,0,0,0,0,0,0,0,0,0,0,0,0,0,0,31,33,7,0,35,35,0.0,0.0,11.0,11.0,0.0,0.0,0.0,0.0,0.0,0.0,0.0,0.0,0.0,0.0,0.0,0.0,0.0,0.0,0.0,0.0,0.0,0.0,0.0,0.0,0.0,0.0,21.0,21.0,22.0,22.0,24.0,24.0,24.0,24.0,1
00-0037224,Cameron Dicker,K,LAC,2024,17,0,0,0,0,0,0,0,0,0,0,0,0,0,0,39,42,9,0,33,36,0.0,0.0,17.0,14.0,0.0,0.0,0.0,0.0,0.0,0.0,0.0,0.0,0.0,0.0,0.0,0.0,0.0,0.0,0.0,0.0,0.0,0.0,0.0,0.0,0.0,0.0,31.0,26.0,33.0,27.5,35.0,29.5,35.0,29.5,2
00-0037224,Cameron Dicker,K,LAC,2025,17,0,0,0,0,0,0,0,0,0,0,0,0,0,0,38,41,5,0,34,35,0.0,0.0,17.0,17.0,0.0,0.0,0.0,0.0,0.0,0.0,0.0,0.0,0.0,0.0,0.0,0.0,0.0,0.0,0.0,0.0,0.0,0.0,0.0,0.0,0.0,0.0,39.0,35.0,42.0,37.5,33.0,34.0,36.0,35.5,3
00-0037228,Jaylen Warren,RB,PIT,2022,16,0,0,0,0,0,77,379,1,0,28,33,214,0,0,0,0,0,0,0,0,65.3,93.3,,17.0,,0.0,,0.0,,0.0,,0.0,,0.0,,0.0,,0.0,,0.0,,0.0,,0.0,,0.0,,39.0,,42.0,,33.0,,36.0,0
00-0037228,Jaylen Warren,RB,PIT,2023,17,0,0,0,0,0,149,784,4,1,61,74,370,0,1,0,0,0,0,0,0,135.4,196.4,16.0,16.0,0.0,0.0,0.0,0.0,0.0,0.0,379.0,379.0,1.0,1.0,28.0,28.0,33.0,33.0,214.0,214.0,0.0,0.0,65.3,65.3,93.3,93.3,0.0,0.0,0.0,0.0,0.0,0.0,0.0,0.0,1
00-0037228,Jaylen Warren,RB,PIT,2024,15,0,0,0,0,0,120,511,1,1,38,47,310,0,0,0,0,0,0,0,0,86.1,124.1,17.0,16.5,0.0,0.0,0.0,0.0,0.0,0.0,784.0,581.5,4.0,2.5,61.0,44.5,74.0,53.5,370.0,292.0,0.0,0.0,135.4,100.35000000000005,196.4,144.85000000000016,0.0,0.0,0.0,0.0,0.0,0.0,0.0,0.0,2
00-0037228,Jaylen Warren,RB,PIT,2025,16,0,0,0,0,0,211,958,6,0,40,45,333,2,0,0,0,0,0,0,0,177.1,217.1,15.0,16.0,0.0,0.0,0.0,0.0,0.0,0.0,511.0,647.5,1.0,2.5,38.0,49.5,47.0,60.5,310.0,340.0,0.0,0.0,86.1,110.75000000000006,124.1,160.25000000000017,0.0,0.0,0.0,0.0,0.0,0.0,0.0,0.0,3
00-0037231,Kevin Austin Jr.,WR,NO,2024,8,0,0,0,0,0,1,9,0,0,11,22,151,0,0,0,0,0,0,0,0,16.0,27.0,,15.0,,0.0,,0.0,,0.0,,511.0,,1.0,,38.0,,47.0,,310.0,,0.0,,86.1,,124.1,,0.0,,0.0,,0.0,,0.0,0
00-0037231,Kevin Austin Jr.,WR,NO,2025,5,0,0,0,0,0,0,0,0,0,13,23,140,1,0,0,0,0,0,0,0,20.0,33.0,8.0,8.0,0.0,0.0,0.0,0.0,0.0,0.0,9.0,9.0,0.0,0.0,11.0,11.0,22.0,22.0,151.0,151.0,0.0,0.0,16.0,16.0,27.0,27.0,0.0,0.0,0.0,0.0,0.0,0.0,0.0,0.0,1
00-0037238,Drake London,WR,ATL,2022,17,0,0,0,0,0,0,0,0,0,72,117,866,4,3,0,0,0,0,0,0,106.6,178.6,,8.0,,0.0,,0.0,,0.0,,9.0,,0.0,,11.0,,22.0,,151.0,,0.0,,16.0,,27.0,,0.0,,0.0,,0.0,,0.0,0
00-0037238,Drake London,WR,ATL,2023,16,1,1,22,0,0,0,0,0,0,69,110,905,2,0,0,0,0,0,0,0,105.38,174.38,17.0,17.0,0.0,0.0,0.0,0.0,0.0,0.0,0.0,0.0,0.0,0.0,72.0,72.0,117.0,117.0,866.0,866.0,4.0,4.0,106.6,106.6,178.6,178.6,0.0,0.0,0.0,0.0,0.0,0.0,0.0,0.0,1
00-0037238,Drake London,WR,ATL,2024,17,0,0,0,0,0,1,-3,0,0,100,158,1271,9,0,0,0,0,0,0,0,180.8,280.8,16.0,16.5,22.0,11.0,0.0,0.0,0.0,0.0,0.0,0.0,0.0,0.0,69.0,70.5,110.0,113.5,905.0,885.5,2.0,3.0,105.38,105.99000000000007,174.38,176.49000000000018,0.0,0.0,0.0,0.0,0.0,0.0,0.0,0.0,2
00-0037238,Drake London,WR,ATL,2025,12,0,0,0,0,0,0,0,0,0,68,112,919,7,1,0,0,0,0,0,0,133.9,201.9,17.0,16.5,0.0,11.0,0.0,0.0,0.0,0.0,-3.0,-1.5,0.0,0.0,100.0,84.5,158.0,134.0,1271.0,1088.0,9.0,5.5,180.8,143.0900000000001,280.8,227.5900000000002,0.0,0.0,0.0,0.0,0.0,0.0,0.0,0.0,3
00-0037239,Chris Olave,WR,NO,2022,15,0,0,0,0,0,0,0,0,0,72,119,1042,4,2,0,0,0,0,0,0,126.2,198.2,,17.0,,0.0,,0.0,,0.0,,-3.0,,0.0,,100.0,,158.0,,1271.0,,9.0,,180.8,,280.8,,0.0,,0.0,,0.0,,0.0,0
00-0037239,Chris Olave,WR,NO,2023,16,0,0,0,0,0,0,0,0,0,87,138,1123,5,0,0,0,0,0,0,0,144.3,231.3,15.0,15.0,0.0,0.0,0.0,0.0,0.0,0.0,0.0,0.0,0.0,0.0,72.0,72.0,119.0,119.0,1042.0,1042.0,4.0,4.0,126.2,126.2,198.2,198.2,0.0,0.0,0.0,0.0,0.0,0.0,0.0,0.0,1
00-0037239,Chris Olave,WR,NO,2024,8,0,0,0,0,0,1,7,0,0,32,44,400,1,1,0,0,0,0,0,0,44.7,76.7,16.0,15.5,0.0,0.0,0.0,0.0,0.0,0.0,0.0,0.0,0.0,0.0,87.0,79.5,138.0,128.5,1123.0,1082.5,5.0,4.5,144.3,135.25000000000009,231.3,214.75000000000017,0.0,0.0,0.0,0.0,0.0,0.0,0.0,0.0,2
00-0037239,Chris Olave,WR,NO,2025,16,0,1,0,0,1,1,-3,0,0,100,156,1163,9,0,0,0,0,0,0,0,168.0,268.0,8.0,12.0,0.0,0.0,0.0,0.0,0.0,0.0,7.0,3.5,0.0,0.0,32.0,59.5,44.0,91.0,400.0,761.5,1.0,3.0,44.7,94.50000000000009,76.7,154.00000000000017,0.0,0.0,0.0,0.0,0.0,0.0,0.0,0.0,3
00-0037240,Jameson Williams,WR,DET,2022,6,0,0,0,0,0,1,40,0,0,1,9,41,1,0,0,0,0,0,0,0,14.1,15.1,,8.0,,0.0,,0.0,,0.0,,7.0,,0.0,,32.0,,44.0,,400.0,,1.0,,44.7,,76.7,,0.0,,0.0,,0.0,,0.0,0
00-0037240,Jameson Williams,WR,DET,2023,12,0,0,0,0,0,3,29,1,0,24,42,354,2,0,0,0,0,0,0,0,56.3,80.3,6.0,6.0,0.0,0.0,0.0,0.0,0.0,0.0,40.0,40.0,0.0,0.0,1.0,1.0,9.0,9.0,41.0,41.0,1.0,1.0,14.1,14.1,15.1,15.1,0.0,0.0,0.0,0.0,0.0,0.0,0.0,0.0,1
00-0037240,Jameson Williams,WR,DET,2024,15,0,0,0,0,0,11,61,1,0,58,91,1001,7,0,0,0,0,0,0,0,154.2,212.2,12.0,9.0,0.0,0.0,0.0,0.0,0.0,0.0,29.0,34.5,1.0,0.5,24.0,12.5,42.0,25.5,354.0,197.5,2.0,1.5,56.3,35.20000000000008,80.3,47.700000000000166,0.0,0.0,0.0,0.0,0.0,0.0,0.0,0.0,2
00-0037240,Jameson Williams,WR,DET,2025,17,0,0,0,0,0,6,12,0,0,65,102,1117,7,0,0,0,0,0,0,0,154.9,219.9,15.0,13.5,0.0,0.0,0.0,0.0,0.0,0.0,61.0,45.0,1.0,1.0,58.0,41.0,91.0,66.5,1001.0,677.5,7.0,4.5,154.2,105.25000000000007,212.2,146.25000000000017,0.0,0.0,0.0,0.0,0.0,0.0,0.0,0.0,3
00-0037247,George Pickens,WR,PIT,2022,17,0,0,0,0,0,3,24,1,0,52,84,801,4,0,0,0,0,0,0,0,114.5,166.5,,15.0,,0.0,,0.0,,0.0,,61.0,,1.0,,58.0,,91.0,,1001.0,,7.0,,154.2,,212.2,,0.0,,0.0,,0.0,,0.0,0
00-0037247,George Pickens,WR,PIT,2023,17,0,0,0,0,0,3,18,0,0,63,106,1140,5,0,0,0,0,0,0,0,145.8,208.8,17.0,17.0,0.0,0.0,0.0,0.0,0.0,0.0,24.0,24.0,1.0,1.0,52.0,52.0,84.0,84.0,801.0,801.0,4.0,4.0,114.5,114.5,166.5,166.5,0.0,0.0,0.0,0.0,0.0,0.0,0.0,0.0,1
00-0037247,George Pickens,WR,PIT,2024,14,0,0,0,0,0,2,-6,0,0,59,103,900,3,1,0,0,0,0,0,0,105.4,164.4,17.0,17.0,0.0,0.0,0.0,0.0,0.0,0.0,18.0,21.0,0.0,0.5,63.0,57.5,106.0,95.0,1140.0,970.5,5.0,4.5,145.8,130.1500000000001,208.8,187.65000000000018,0.0,0.0,0.0,0.0,0.0,0.0,0.0,0.0,2
00-0037247,George Pickens,WR,DAL,2025,17,0,0,0,0,0,0,0,0,0,93,137,1429,9,0,0,0,0,0,0,0,198.9,291.9,14.0,15.5,0.0,0.0,0.0,0.0,0.0,0.0,-6.0,6.0,0.0,0.0,59.0,61.0,103.0,104.5,900.0,1020.0,3.0,4.0,105.4,125.6000000000001,164.4,186.6000000000002,0.0,0.0,0.0,0.0,0.0,0.0,0.0,0.0,3
00-0037248,James Cook,RB,BUF,2022,16,0,0,0,0,0,89,507,2,1,21,32,180,1,0,0,0,0,0,0,0,84.7,105.7,,14.0,,0.0,,0.0,,0.0,,-6.0,,0.0,,59.0,,103.0,,900.0,,3.0,,105.4,,164.4,,0.0,,0.0,,0.0,,0.0,0
00-0037248,James Cook,RB,BUF,2023,17,0,0,0,0,0,237,1122,2,1,44,54,445,4,1,0,0,0,0,0,0,188.7,232.7,16.0,16.0,0.0,0.0,0.0,0.0,0.0,0.0,507.0,507.0,2.0,2.0,21.0,21.0,32.0,32.0,180.0,180.0,1.0,1.0,84.7,84.7,105.7,105.7,0.0,0.0,0.0,0.0,0.0,0.0,0.0,0.0,1
00-0037248,James Cook,RB,BUF,2024,16,0,0,0,0,0,207,1009,16,0,32,38,258,2,0,0,0,0,0,0,0,234.7,266.7,17.0,16.5,0.0,0.0,0.0,0.0,0.0,0.0,1122.0,814.5,2.0,2.0,44.0,32.5,54.0,43.0,445.0,312.5,4.0,2.5,188.7,136.70000000000007,232.7,169.20000000000016,0.0,0.0,0.0,0.0,0.0,0.0,0.0,0.0,2
00-0037248,James Cook,RB,BUF,2025,17,0,0,0,0,0,309,1621,12,3,33,40,291,2,0,0,0,0,0,0,0,269.2,302.2,16.0,16.5,0.0,0.0,0.0,0.0,0.0,0.0,1009.0,1065.5,16.0,9.0,32.0,38.0,38.0,46.0,258.0,351.5,2.0,3.0,234.7,211.70000000000007,266.7,249.70000000000016,0.0,0.0,0.0,0.0,0.0,0.0,0.0,0.0,3
00-0037252,Greg Dulcich,TE,DEN,2022,10,0,0,0,0,0,0,0,0,0,33,55,411,2,0,0,0,0,0,0,0,53.1,86.1,,16.0,,0.0,,0.0,,0.0,,1009.0,,16.0,,32.0,,38.0,,258.0,,2.0,,234.7,,266.7,,0.0,,0.0,,0.0,,0.0,0
00-0037252,Greg Dulcich,TE,DEN,2023,2,0,0,0,0,0,0,0,0,0,3,4,25,0,0,0,0,0,0,0,0,2.5,5.5,10.0,10.0,0.0,0.0,0.0,0.0,0.0,0.0,0.0,0.0,0.0,0.0,33.0,33.0,55.0,55.0,411.0,411.0,2.0,2.0,53.1,53.1,86.1,86.1,0.0,0.0,0.0,0.0,0.0,0.0,0.0,0.0,1
00-0037252,Greg Dulcich,TE,NYG,2024,4,0,0,0,0,0,0,0,0,0,5,12,28,0,0,0,0,0,0,0,0,2.8,7.8,2.0,6.0,0.0,0.0,0.0,0.0,0.0,0.0,0.0,0.0,0.0,0.0,3.0,18.0,4.0,29.5,25.0,218.0,0.0,1.0,2.5,27.800000000000086,5.5,45.80000000000017,0.0,0.0,0.0,0.0,0.0,0.0,0.0,0.0,2
00-0037252,Greg Dulcich,TE,MIA,2025,9,0,0,0,0,0,1,-7,0,0,26,33,335,1,1,0,0,0,0,0,0,36.8,62.8,4.0,3.0,0.0,0.0,0.0,0.0,0.0,0.0,0.0,0.0,0.0,0.0,5.0,4.0,12.0,8.0,28.0,26.5,0.0,0.0,2.8,2.650000000000085,7.8,6.650000000000171,0.0,0.0,0.0,0.0,0.0,0.0,0.0,0.0,3
00-0037256,Rachaad White,RB,TB,2022,17,0,0,0,0,0,129,481,1,1,50,58,290,2,1,0,0,0,0,0,0,91.1,141.1,,4.0,,0.0,,0.0,,0.0,,0.0,,0.0,,5.0,,12.0,,28.0,,0.0,,2.8,,7.8,,0.0,,0.0,,0.0,,0.0,0
00-0037256,Rachaad White,RB,TB,2023,17,0,0,0,0,0,272,990,6,1,64,70,549,3,1,0,0,0,0,0,0,203.9,267.9,17.0,17.0,0.0,0.0,0.0,0.0,0.0,0.0,481.0,481.0,1.0,1.0,50.0,50.0,58.0,58.0,290.0,290.0,2.0,2.0,91.1,91.1,141.1,141.1,0.0,0.0,0.0,0.0,0.0,0.0,0.0,0.0,1
00-0037256,Rachaad White,RB,TB,2024,15,0,0,0,0,0,144,613,3,2,51,57,393,6,1,0,0,0,0,0,0,148.6,199.6,17.0,17.0,0.0,0.0,0.0,0.0,0.0,0.0,990.0,735.5,6.0,3.5,64.0,57.0,70.0,64.0,549.0,419.5,3.0,2.5,203.9,147.50000000000009,267.9,204.50000000000017,0.0,0.0,0.0,0.0,0.0,0.0,0.0,0.0,2
00-0037256,Rachaad White,RB,TB,2025,17,0,0,0,0,0,132,572,4,0,40,45,218,0,0,0,0,0,0,0,0,103.0,143.0,15.0,16.0,0.0,0.0,0.0,0.0,0.0,0.0,613.0,801.5,3.0,4.5,51.0,57.5,57.0,63.5,393.0,471.0,6.0,4.5,148.6,176.25000000000009,199.6,233.75000000000017,0.0,0.0,0.0,0.0,0.0,0.0,0.0,0.0,3
00-0037257,David Bell,WR,CLE,2022,15,0,0,0,0,0,0,0,0,0,24,35,214,0,0,0,0,0,0,0,0,21.4,45.4,,15.0,,0.0,,0.0,,0.0,,613.0,,3.0,,51.0,,57.0,,393.0,,6.0,,148.6,,199.6,,0.0,,0.0,,0.0,,0.0,0
00-0037257,David Bell,WR,CLE,2023,9,0,0,0,0,0,0,0,0,0,14,23,167,3,0,0,0,0,0,0,0,34.7,48.7,15.0,15.0,0.0,0.0,0.0,0.0,0.0,0.0,0.0,0.0,0.0,0.0,24.0,24.0,35.0,35.0,214.0,214.0,0.0,0.0,21.4,21.4,45.4,45.4,0.0,0.0,0.0,0.0,0.0,0.0,0.0,0.0,1
00-0037257,David Bell,WR,CLE,2024,1,0,0,0,0,0,0,0,0,0,3,3,27,0,0,0,0,0,0,0,0,2.7,5.7,9.0,12.0,0.0,0.0,0.0,0.0,0.0,0.0,0.0,0.0,0.0,0.0,14.0,19.0,23.0,29.0,167.0,190.5,3.0,1.5,34.7,28.050000000000086,48.7,47.05000000000017,0.0,0.0,0.0,0.0,0.0,0.0,0.0,0.0,2
00-0037258,Dameon Pierce,RB,HOU,2022,13,0,0,0,0,0,220,939,4,2,30,39,165,1,0,0,0,0,0,0,0,136.4,166.4,,9.0,,0.0,,0.0,,0.0,,0.0,,0.0,,14.0,,23.0,,167.0,,3.0,,34.7,,48.7,,0.0,,0.0,,0.0,,0.0,0
00-0037258,Dameon Pierce,RB,HOU,2023,14,0,0,0,0,0,145,416,2,0,13,17,101,0,0,0,0,0,0,0,0,69.7,82.7,13.0,13.0,0.0,0.0,0.0,0.0,0.0,0.0,939.0,939.0,4.0,4.0,30.0,30.0,39.0,39.0,165.0,165.0,1.0,1.0,136.4,136.4,166.4,166.4,0.0,0.0,0.0,0.0,0.0,0.0,0.0,0.0,1
00-0037258,Dameon Pierce,RB,HOU,2024,10,0,0,0,0,0,40,293,2,0,2,4,2,0,0,0,0,0,0,0,0,41.5,43.5,14.0,13.5,0.0,0.0,0.0,0.0,0.0,0.0,416.0,677.5,2.0,3.0,13.0,21.5,17.0,28.0,101.0,133.0,0.0,0.5,69.7,103.0500000000001,82.7,124.55000000000018,0.0,0.0,0.0,0.0,0.0,0.0,0.0,0.0,2
00-0037258,Dameon Pierce,RB,KC,2025,5,0,0,0,0,0,14,36,0,0,0,1,0,0,0,0,0,0,0,0,0,3.6,3.6,10.0,12.0,0.0,0.0,0.0,0.0,0.0,0.0,293.0,354.5,2.0,2.0,2.0,7.5,4.0,10.5,2.0,51.5,0.0,0.0,41.5,55.60000000000009,43.5,63.10000000000017,0.0,0.0,0.0,0.0,0.0,0.0,0.0,0.0,3
00-0037261,Khalil Shakir,WR,BUF,2022,10,0,0,0,0,0,0,0,0,0,10,20,161,1,0,0,0,0,0,0,0,24.1,34.1,,10.0,,0.0,,0.0,,0.0,,293.0,,2.0,,2.0,,4.0,,2.0,,0.0,,41.5,,43.5,,0.0,,0.0,,0.0,,0.0,0
00-0037261,Khalil Shakir,WR,BUF,2023,16,0,0,0,0,0,1,10,0,0,39,45,611,2,0,0,0,0,0,0,0,74.1,113.1,10.0,10.0,0.0,0.0,0.0,0.0,0.0,0.0,0.0,0.0,0.0,0.0,10.0,10.0,20.0,20.0,161.0,161.0,1.0,1.0,24.1,24.1,34.1,34.1,0.0,0.0,0.0,0.0,0.0,0.0,0.0,0.0,1
00-0037261,Khalil Shakir,WR,BUF,2024,15,0,0,0,0,0,2,4,0,0,76,100,821,4,0,0,0,0,0,0,0,106.5,182.5,16.0,13.0,0.0,0.0,0.0,0.0,0.0,0.0,10.0,5.0,0.0,0.0,39.0,24.5,45.0,32.5,611.0,386.0,2.0,1.5,74.1,49.10000000000008,113.1,73.60000000000016,0.0,0.0,0.0,0.0,0.0,0.0,0.0,0.0,2
00-0037261,Khalil Shakir,WR,BUF,2025,16,0,0,0,0,0,1,5,0,0,72,95,719,4,1,0,0,0,0,0,0,94.4,166.4,15.0,15.5,0.0,0.0,0.0,0.0,0.0,0.0,4.0,7.0,0.0,0.0,76.0,57.5,100.0,72.5,821.0,716.0,4.0,3.0,106.5,90.30000000000008,182.5,147.80000000000018,0.0,0.0,0.0,0.0,0.0,0.0,0.0,0.0,3
00-0037263,Tyler Allgeier,RB,ATL,2022,16,0,0,0,0,0,210,1035,3,0,16,17,139,1,0,0,0,0,0,0,0,143.4,159.4,,15.0,,0.0,,0.0,,0.0,,4.0,,0.0,,76.0,,100.0,,821.0,,4.0,,106.5,,182.5,,0.0,,0.0,,0.0,,0.0,0
00-0037263,Tyler Allgeier,RB,ATL,2023,17,0,0,0,0,0,186,683,4,0,18,23,193,1,0,0,0,0,0,0,0,119.6,137.6,16.0,16.0,0.0,0.0,0.0,0.0,0.0,0.0,1035.0,1035.0,3.0,3.0,16.0,16.0,17.0,17.0,139.0,139.0,1.0,1.0,143.4,143.4,159.4,159.4,0.0,0.0,0.0,0.0,0.0,0.0,0.0,0.0,1
00-0037263,Tyler Allgeier,RB,ATL,2024,17,0,0,0,0,0,137,644,3,0,13,13,88,0,0,0,0,0,0,0,0,93.2,106.2,17.0,16.5,0.0,0.0,0.0,0.0,0.0,0.0,683.0,859.0,4.0,3.5,18.0,17.0,23.0,20.0,193.0,166.0,1.0,1.0,119.6,131.50000000000009,137.6,148.50000000000017,0.0,0.0,0.0,0.0,0.0,0.0,0.0,0.0,2
00-0037263,Tyler Allgeier,RB,ATL,2025,17,0,0,0,0,0,143,514,8,0,14,16,96,0,0,0,0,0,0,0,0,109.0,123.0,17.0,17.0,0.0,0.0,0.0,0.0,0.0,0.0,644.0,663.5,3.0,3.5,13.0,15.5,13.0,18.0,88.0,140.5,0.0,0.5,93.2,106.40000000000009,106.2,121.90000000000018,0.0,0.0,0.0,0.0,0.0,0.0,0.0,0.0,3
00-0037265,Snoop Conner,RB,JAX,2022,5,0,0,0,0,0,12,42,1,0,0,0,0,0,0,0,0,0,0,0,0,10.2,10.2,,17.0,,0.0,,0.0,,0.0,,644.0,,3.0,,13.0,,13.0,,88.0,,0.0,,93.2,,106.2,,0.0,,0.0,,0.0,,0.0,0
00-0037267,Jerome Ford,RB,CLE,2022,13,0,0,0,0,0,8,12,0,0,0,0,0,0,0,0,0,0,0,0,0,1.2,1.2,,,,,,,,,,,,,,,,,,,,,,,,,,,,,,,,,0
00-0037267,Jerome Ford,RB,CLE,2023,17,0,0,0,0,0,204,813,4,1,44,63,319,5,0,0,0,0,0,0,0,167.2,211.2,13.0,13.0,0.0,0.0,0.0,0.0,0.0,0.0,12.0,12.0,0.0,0.0,0.0,0.0,0.0,0.0,0.0,0.0,0.0,0.0,1.2,1.2,1.2,1.2,0.0,0.0,0.0,0.0,0.0,0.0,0.0,0.0,1
00-0037267,Jerome Ford,RB,CLE,2024,14,0,0,0,0,0,104,565,3,0,37,43,225,0,0,0,0,0,0,0,0,97.0,134.0,17.0,15.0,0.0,0.0,0.0,0.0,0.0,0.0,813.0,412.5,4.0,2.0,44.0,22.0,63.0,31.5,319.0,159.5,5.0,2.5,167.2,84.20000000000007,211.2,106.20000000000016,0.0,0.0,0.0,0.0,0.0,0.0,0.0,0.0,2
00-0037267,Jerome Ford,RB,CLE,2025,13,0,0,0,0,0,24,73,0,0,26,32,103,0,0,0,0,0,0,0,0,17.6,43.6,14.0,15.5,0.0,0.0,0.0,0.0,0.0,0.0,565.0,689.0,3.0,3.5,37.0,40.5,43.0,53.0,225.0,272.0,0.0,2.5,97.0,132.10000000000008,134.0,172.60000000000016,0.0,0.0,0.0,0.0,0.0,0.0,0.0,0.0,3
00-0037272,Montrell Washington,WR,DEN,2022,15,0,0,0,0,0,5,30,0,0,4,9,2,0,0,0,0,0,0,0,0,3.2,7.2,,14.0,,0.0,,0.0,,0.0,,565.0,,3.0,,37.0,,43.0,,225.0,,0.0,,97.0,,134.0,,0.0,,0.0,,0.0,,0.0,0
00-0037272,Montrell Washington,WR,KC,2023,4,0,0,0,0,0,0,0,0,0,0,0,0,0,0,0,0,0,0,0,0,0.0,0.0,15.0,15.0,0.0,0.0,0.0,0.0,0.0,0.0,30.0,30.0,0.0,0.0,4.0,4.0,9.0,9.0,2.0,2.0,0.0,0.0,3.2,3.2,7.2,7.2,0.0,0.0,0.0,0.0,0.0,0.0,0.0,0.0,1
00-0037272,Montrell Washington,WR,KC,2024,1,0,0,0,0,0,0,0,0,0,0,0,0,0,0,0,0,0,0,0,0,0.0,0.0,4.0,9.5,0.0,0.0,0.0,0.0,0.0,0.0,0.0,15.0,0.0,0.0,0.0,2.0,0.0,4.5,0.0,1.0,0.0,0.0,0.0,1.6000000000000854,0.0,3.6000000000001706,0.0,0.0,0.0,0.0,0.0,0.0,0.0,0.0,2
00-0037273,Kyle Philips,WR,TEN,2022,4,0,0,0,0,0,0,0,0,0,8,13,78,0,0,0,0,0,0,0,0,7.8,15.8,,4.0,,0.0,,0.0,,0.0,,0.0,,0.0,,0.0,,0.0,,0.0,,0.0,,0.0,,0.0,,0.0,,0.0,,0.0,,0.0,0
00-0037273,Kyle Philips,WR,TEN,2023,8,0,0,0,0,0,0,0,0,0,15,22,181,0,0,0,0,0,0,0,0,18.1,33.1,4.0,4.0,0.0,0.0,0.0,0.0,0.0,0.0,0.0,0.0,0.0,0.0,8.0,8.0,13.0,13.0,78.0,78.0,0.0,0.0,7.8,7.8,15.8,15.8,0.0,0.0,0.0,0.0,0.0,0.0,0.0,0.0,1
00-0037276,Ty Chandler,RB,MIN,2022,2,0,0,0,0,0,6,20,0,0,0,0,0,0,0,0,0,0,0,0,0,2.0,2.0,,4.0,,0.0,,0.0,,0.0,,0.0,,0.0,,8.0,,13.0,,78.0,,0.0,,7.8,,15.8,,0.0,,0.0,,0.0,,0.0,0
00-0037276,Ty Chandler,RB,MIN,2023,16,0,0,0,0,0,102,461,3,0,21,25,159,0,0,0,0,0,0,0,0,80.0,101.0,2.0,2.0,0.0,0.0,0.0,0.0,0.0,0.0,20.0,20.0,0.0,0.0,0.0,0.0,0.0,0.0,0.0,0.0,0.0,0.0,2.0,2.0,2.0,2.0,0.0,0.0,0.0,0.0,0.0,0.0,0.0,0.0,1
00-0037276,Ty Chandler,RB,MIN,2024,14,0,0,0,0,0,56,182,0,0,6,6,42,0,0,0,0,0,0,0,0,22.4,28.4,16.0,9.0,0.0,0.0,0.0,0.0,0.0,0.0,461.0,240.5,3.0,1.5,21.0,10.5,25.0,12.5,159.0,79.5,0.0,0.0,80.0,41.000000000000085,101.0,51.50000000000017,0.0,0.0,0.0,0.0,0.0,0.0,0.0,0.0,2
00-0037276,Ty Chandler,RB,MIN,2025,3,0,0,0,0,0,17,47,0,0,3,4,11,0,0,0,0,0,0,0,0,5.8,8.8,14.0,15.0,0.0,0.0,0.0,0.0,0.0,0.0,182.0,321.5,0.0,1.5,6.0,13.5,6.0,15.5,42.0,100.5,0.0,0.0,22.4,51.20000000000009,28.4,64.70000000000017,0.0,0.0,0.0,0.0,0.0,0.0,0.0,0.0,3
00-0037277,Teagan Quitoriano,TE,HOU,2022,7,0,0,0,0,0,0,0,0,0,7,14,113,2,0,0,0,0,0,0,0,23.3,30.3,,14.0,,0.0,,0.0,,0.0,,182.0,,0.0,,6.0,,6.0,,42.0,,0.0,,22.4,,28.4,,0.0,,0.0,,0.0,,0.0,0
00-0037277,Teagan Quitoriano,TE,HOU,2023,3,0,0,0,0,0,0,0,0,0,2,3,33,0,0,0,0,0,0,0,0,3.3,5.3,7.0,7.0,0.0,0.0,0.0,0.0,0.0,0.0,0.0,0.0,0.0,0.0,7.0,7.0,14.0,14.0,113.0,113.0,2.0,2.0,23.3,23.3,30.3,30.3,0.0,0.0,0.0,0.0,0.0,0.0,0.0,0.0,1
00-0037277,Teagan Quitoriano,TE,ATL,2025,2,0,0,0,0,0,0,0,0,0,0,0,0,0,0,0,0,0,0,0,0,0.0,0.0,3.0,5.0,0.0,0.0,0.0,0.0,0.0,0.0,0.0,0.0,0.0,0.0,2.0,4.5,3.0,8.5,33.0,73.0,0.0,1.0,3.3,13.300000000000086,5.3,17.80000000000017,0.0,0.0,0.0,0.0,0.0,0.0,0.0,0.0,2
00-0037282,James Mitchell,TE,DET,2022,8,0,0,0,0,0,0,0,0,0,11,11,113,1,0,0,0,0,0,0,0,17.3,28.3,,3.0,,0.0,,0.0,,0.0,,0.0,,0.0,,2.0,,3.0,,33.0,,0.0,,3.3,,5.3,,0.0,,0.0,,0.0,,0.0,0
00-0037282,James Mitchell,TE,DET,2023,2,0,0,0,0,0,0,0,0,0,2,2,28,0,0,0,0,0,0,0,0,2.8,4.8,8.0,8.0,0.0,0.0,0.0,0.0,0.0,0.0,0.0,0.0,0.0,0.0,11.0,11.0,11.0,11.0,113.0,113.0,1.0,1.0,17.3,17.3,28.3,28.3,0.0,0.0,0.0,0.0,0.0,0.0,0.0,0.0,1
00-0037282,James Mitchell,TE,CAR,2025,2,0,0,0,0,0,0,0,0,0,3,3,28,0,0,0,0,0,0,0,0,2.8,5.8,2.0,5.0,0.0,0.0,0.0,0.0,0.0,0.0,0.0,0.0,0.0,0.0,2.0,6.5,2.0,6.5,28.0,70.5,0.0,0.5,2.8,10.050000000000086,4.8,16.55000000000017,0.0,0.0,0.0,0.0,0.0,0.0,0.0,0.0,2
00-0037286,Kevin Harris,RB,NE,2022,5,0,0,0,0,0,18,52,1,0,0,0,0,0,0,0,0,0,0,0,0,11.2,11.2,,2.0,,0.0,,0.0,,0.0,,0.0,,0.0,,2.0,,2.0,,28.0,,0.0,,2.8,,4.8,,0.0,,0.0,,0.0,,0.0,0
00-0037286,Kevin Harris,RB,NE,2023,4,0,0,0,0,0,16,65,1,0,3,3,58,0,0,0,0,0,0,0,0,18.3,21.3,5.0,5.0,0.0,0.0,0.0,0.0,0.0,0.0,52.0,52.0,1.0,1.0,0.0,0.0,0.0,0.0,0.0,0.0,0.0,0.0,11.2,11.2,11.2,11.2,0.0,0.0,0.0,0.0,0.0,0.0,0.0,0.0,1
00-0037291,Jalen Nailor,WR,MIN,2022,8,0,0,0,0,0,0,0,0,0,9,13,179,1,0,0,0,0,0,0,0,23.9,32.9,,5.0,,0.0,,0.0,,0.0,,52.0,,1.0,,0.0,,0.0,,0.0,,0.0,,11.2,,11.2,,0.0,,0.0,,0.0,,0.0,0
00-0037291,Jalen Nailor,WR,MIN,2023,3,0,0,0,0,0,0,0,0,0,3,6,29,0,0,0,0,0,0,0,0,2.9,5.9,8.0,8.0,0.0,0.0,0.0,0.0,0.0,0.0,0.0,0.0,0.0,0.0,9.0,9.0,13.0,13.0,179.0,179.0,1.0,1.0,23.9,23.9,32.9,32.9,0.0,0.0,0.0,0.0,0.0,0.0,0.0,0.0,1
00-0037291,Jalen Nailor,WR,MIN,2024,15,0,0,0,0,0,3,-4,0,0,28,42,414,6,0,0,0,0,0,0,0,77.0,105.0,3.0,5.5,0.0,0.0,0.0,0.0,0.0,0.0,0.0,0.0,0.0,0.0,3.0,6.0,6.0,9.5,29.0,104.0,0.0,0.5,2.9,13.400000000000084,5.9,19.40000000000017,0.0,0.0,0.0,0.0,0.0,0.0,0.0,0.0,2
00-0037291,Jalen Nailor,WR,MIN,2025,17,0,0,0,0,0,2,13,0,0,29,53,444,4,0,0,0,0,0,0,0,71.7,100.7,15.0,9.0,0.0,0.0,0.0,0.0,0.0,0.0,-4.0,-2.0,0.0,0.0,28.0,15.5,42.0,24.0,414.0,221.5,6.0,3.0,77.0,39.95000000000009,105.0,55.45000000000017,0.0,0.0,0.0,0.0,0.0,0.0,0.0,0.0,3
00-0037292,Andrew Ogletree,TE,IND,2023,11,0,0,0,0,0,0,0,0,0,9,21,147,2,0,0,0,0,0,0,0,26.7,35.7,,15.0,,0.0,,0.0,,0.0,,-4.0,,0.0,,28.0,,42.0,,414.0,,6.0,,77.0,,105.0,,0.0,,0.0,,0.0,,0.0,0
00-0037292,Andrew Ogletree,TE,IND,2024,12,0,0,0,0,0,0,0,0,0,9,14,109,1,0,0,0,0,0,0,0,16.9,25.9,11.0,11.0,0.0,0.0,0.0,0.0,0.0,0.0,0.0,0.0,0.0,0.0,9.0,9.0,21.0,21.0,147.0,147.0,2.0,2.0,26.7,26.7,35.7,35.7,0.0,0.0,0.0,0.0,0.0,0.0,0.0,0.0,1
00-0037292,Andrew Ogletree,TE,IND,2025,11,0,0,0,0,0,0,0,0,0,4,6,27,1,0,0,0,0,0,0,0,8.7,12.7,12.0,11.5,0.0,0.0,0.0,0.0,0.0,0.0,0.0,0.0,0.0,0.0,9.0,9.0,14.0,17.5,109.0,128.0,1.0,1.5,16.9,21.800000000000082,25.9,30.80000000000017,0.0,0.0,0.0,0.0,0.0,0.0,0.0,0.0,2
00-0037299,Keaontay Ingram,RB,ARI,2022,11,0,0,0,0,0,27,60,1,0,4,5,21,0,0,0,0,0,0,0,0,14.1,18.1,,12.0,,0.0,,0.0,,0.0,,0.0,,0.0,,9.0,,14.0,,109.0,,1.0,,16.9,,25.9,,0.0,,0.0,,0.0,,0.0,0
00-0037299,Keaontay Ingram,RB,ARI,2023,7,0,0,0,0,0,35,74,0,0,4,4,26,0,0,0,0,0,0,0,0,10.0,14.0,11.0,11.0,0.0,0.0,0.0,0.0,0.0,0.0,60.0,60.0,1.0,1.0,4.0,4.0,5.0,5.0,21.0,21.0,0.0,0.0,14.1,14.1,18.1,18.1,0.0,0.0,0.0,0.0,0.0,0.0,0.0,0.0,1
00-0037299,Keaontay Ingram,RB,KC,2024,1,0,0,0,0,0,0,0,0,0,0,0,0,0,0,0,0,0,0,0,0,0.0,0.0,7.0,9.0,0.0,0.0,0.0,0.0,0.0,0.0,74.0,67.0,0.0,0.5,4.0,4.0,4.0,4.5,26.0,23.5,0.0,0.0,10.0,12.050000000000086,14.0,16.05000000000017,0.0,0.0,0.0,0.0,0.0,0.0,0.0,0.0,2
00-0037300,Mike Woods,WR,CLE,2022,7,0,0,0,0,0,1,-5,0,0,5,10,45,0,0,0,0,0,0,0,0,4.0,9.0,,7.0,,0.0,,0.0,,0.0,,74.0,,0.0,,4.0,,4.0,,26.0,,0.0,,10.0,,14.0,,0.0,,0.0,,0.0,,0.0,0
00-0037300,Mike Woods,WR,CLE,2024,5,0,0,0,0,0,0,0,0,0,7,17,65,0,0,0,0,0,0,0,0,6.5,13.5,7.0,7.0,0.0,0.0,0.0,0.0,0.0,0.0,-5.0,-5.0,0.0,0.0,5.0,5.0,10.0,10.0,45.0,45.0,0.0,0.0,4.0,4.0,9.0,9.0,0.0,0.0,0.0,0.0,0.0,0.0,0.0,0.0,1
00-0037306,John FitzPatrick,TE,ATL,2023,3,0,0,0,0,0,0,0,0,0,1,1,12,0,0,0,0,0,0,0,0,1.2,2.2,,7.0,,0.0,,0.0,,0.0,,-5.0,,0.0,,5.0,,10.0,,45.0,,0.0,,4.0,,9.0,,0.0,,0.0,,0.0,,0.0,0
00-0037306,John FitzPatrick,TE,GB,2024,1,0,0,0,0,0,0,0,0,0,1,1,2,0,0,0,0,0,0,0,0,0.2,1.2,3.0,3.0,0.0,0.0,0.0,0.0,0.0,0.0,0.0,0.0,0.0,0.0,1.0,1.0,1.0,1.0,12.0,12.0,0.0,0.0,1.2,1.2,2.2,2.2,0.0,0.0,0.0,0.0,0.0,0.0,0.0,0.0,1
00-0037306,John FitzPatrick,TE,GB,2025,11,0,0,0,0,0,0,0,0,0,12,15,72,1,0,0,0,0,0,0,0,13.2,25.2,1.0,2.0,0.0,0.0,0.0,0.0,0.0,0.0,0.0,0.0,0.0,0.0,1.0,1.0,1.0,1.0,2.0,7.0,0.0,0.0,0.2,0.7000000000000852,1.2,1.7000000000001707,0.0,0.0,0.0,0.0,0.0,0.0,0.0,0.0,2
00-0037311,Ko Kieft,TE,TB,2022,13,0,0,0,0,0,0,0,0,0,7,10,80,1,0,0,0,0,0,0,0,14.0,21.0,,1.0,,0.0,,0.0,,0.0,,0.0,,0.0,,1.0,,1.0,,2.0,,0.0,,0.2,,1.2,,0.0,,0.0,,0.0,,0.0,0
00-0037311,Ko Kieft,TE,TB,2023,10,0,0,0,0,0,0,0,0,0,1,5,2,1,0,0,0,0,0,0,0,6.2,7.2,13.0,13.0,0.0,0.0,0.0,0.0,0.0,0.0,0.0,0.0,0.0,0.0,7.0,7.0,10.0,10.0,80.0,80.0,1.0,1.0,14.0,14.0,21.0,21.0,0.0,0.0,0.0,0.0,0.0,0.0,0.0,0.0,1
00-0037311,Ko Kieft,TE,TB,2024,3,0,0,0,0,0,0,0,0,0,0,0,0,0,0,0,0,0,0,0,0,0.0,0.0,10.0,11.5,0.0,0.0,0.0,0.0,0.0,0.0,0.0,0.0,0.0,0.0,1.0,4.0,5.0,7.5,2.0,41.0,1.0,1.0,6.2,10.100000000000085,7.2,14.10000000000017,0.0,0.0,0.0,0.0,0.0,0.0,0.0,0.0,2
00-0037311,Ko Kieft,TE,TB,2025,2,0,0,0,0,0,0,0,0,0,0,0,0,0,0,0,0,0,0,0,0,0.0,0.0,3.0,6.5,0.0,0.0,0.0,0.0,0.0,0.0,0.0,0.0,0.0,0.0,0.0,0.5,0.0,2.5,0.0,1.0,0.0,0.5,0.0,3.1000000000000854,0.0,3.6000000000001706,0.0,0.0,0.0,0.0,0.0,0.0,0.0,0.0,3
00-0037317,Nick Muse,TE,MIN,2023,1,0,0,0,0,0,0,0,0,0,1,1,22,0,0,0,0,0,0,0,0,2.2,3.2,,3.0,,0.0,,0.0,,0.0,,0.0,,0.0,,0.0,,0.0,,0.0,,0.0,,0.0,,0.0,,0.0,,0.0,,0.0,,0.0,0
00-0037324,Chris Oladokun,QB,KC,2024,1,0,0,0,0,0,1,5,0,0,0,0,0,0,0,0,0,0,0,0,0,0.5,0.5,,,,,,,,,,,,,,,,,,,,,,,,,,,,,,,,,0
00-0037324,Chris Oladokun,QB,KC,2025,3,35,55,235,1,0,5,18,0,1,0,0,0,0,0,0,0,0,0,0,0,11.2,11.2,1.0,1.0,0.0,0.0,0.0,0.0,0.0,0.0,5.0,5.0,0.0,0.0,0.0,0.0,0.0,0.0,0.0,0.0,0.0,0.0,0.5,0.5,0.5,0.5,0.0,0.0,0.0,0.0,0.0,0.0,0.0,0.0,1
00-0037327,Skylar Thompson,QB,MIA,2022,7,60,105,534,1,3,14,21,0,1,0,0,0,0,0,0,0,0,0,0,0,17.46,17.46,,1.0,,0.0,,0.0,,0.0,,5.0,,0.0,,0.0,,0.0,,0.0,,0.0,,0.5,,0.5,,0.0,,0.0,,0.0,,0.0,0
00-0037327,Skylar Thompson,QB,MIA,2024,2,21,33,187,0,0,1,4,0,0,0,0,0,0,0,0,0,0,0,0,0,7.88,7.88,7.0,7.0,534.0,534.0,1.0,1.0,3.0,3.0,21.0,21.0,0.0,0.0,0.0,0.0,0.0,0.0,0.0,0.0,0.0,0.0,17.46,17.46,17.46,17.46,0.0,0.0,0.0,0.0,0.0,0.0,0.0,0.0,1
00-0037329,Brittain Brown,RB,LV,2022,1,0,0,0,0,0,0,0,0,0,0,0,0,0,0,0,0,0,0,0,0,0.0,0.0,,7.0,,534.0,,1.0,,3.0,,21.0,,0.0,,0.0,,0.0,,0.0,,0.0,,17.46,,17.46,,0.0,,0.0,,0.0,,0.0,0
00-0037329,Brittain Brown,RB,CHI,2025,2,0,0,0,0,0,5,37,1,0,0,1,0,0,0,0,0,0,0,0,0,9.7,9.7,1.0,1.0,0.0,0.0,0.0,0.0,0.0,0.0,0.0,0.0,0.0,0.0,0.0,0.0,0.0,0.0,0.0,0.0,0.0,0.0,0.0,0.0,0.0,0.0,0.0,0.0,0.0,0.0,0.0,0.0,0.0,0.0,1
00-0037331,Zander Horvath,RB,LAC,2022,8,0,0,0,0,0,4,8,0,0,5,8,8,2,0,0,0,0,0,0,0,13.6,18.6,,1.0,,0.0,,0.0,,0.0,,0.0,,0.0,,0.0,,0.0,,0.0,,0.0,,0.0,,0.0,,0.0,,0.0,,0.0,,0.0,0
00-0037340,Zaire Mitchell-Paden,TE,NO,2025,3,0,0,0,0,0,0,0,0,0,2,3,17,0,0,0,0,0,0,0,0,1.7,3.7,,,,,,,,,,,,,,,,,,,,,,,,,,,,,,,,,0
00-0037348,Tanner Conner,TE,MIA,2022,2,0,0,0,0,0,0,0,0,0,0,3,0,0,0,0,0,0,0,0,0,0.0,0.0,,,,,,,,,,,,,,,,,,,,,,,,,,,,,,,,,0
00-0037348,Tanner Conner,TE,MIA,2024,4,0,0,0,0,0,0,0,0,0,3,4,16,0,0,0,0,0,0,0,0,1.6,4.6,2.0,2.0,0.0,0.0,0.0,0.0,0.0,0.0,0.0,0.0,0.0,0.0,0.0,0.0,3.0,3.0,0.0,0.0,0.0,0.0,0.0,0.0,0.0,0.0,0.0,0.0,0.0,0.0,0.0,0.0,0.0,0.0,1
00-0037348,Tanner Conner,TE,MIA,2025,8,0,0,0,0,0,0,0,0,0,9,15,91,0,0,0,0,0,0,0,0,9.1,18.1,4.0,3.0,0.0,0.0,0.0,0.0,0.0,0.0,0.0,0.0,0.0,0.0,3.0,1.5,4.0,3.5,16.0,8.0,0.0,0.0,1.6,0.8000000000000853,4.6,2.3000000000001704,0.0,0.0,0.0,0.0,0.0,0.0,0.0,0.0,2
00-0037355,Braylon Sanders,WR,MIA,2022,2,0,0,0,0,0,0,0,0,0,2,3,17,0,1,0,0,0,0,0,0,-0.3,1.7,,4.0,,0.0,,0.0,,0.0,,0.0,,0.0,,3.0,,4.0,,16.0,,0.0,,1.6,,4.6,,0.0,,0.0,,0.0,,0.0,0
00-0037380,Kaden Davis,WR,CLE,2024,1,0,0,0,0,0,0,0,0,0,0,0,0,0,0,0,0,0,0,0,0,0.0,0.0,,,,,,,,,,,,,,,,,,,,,,,,,,,,,,,,,0
00-0037380,Kaden Davis,WR,CLE,2025,1,0,0,0,0,0,0,0,0,0,0,0,0,0,0,0,0,0,0,0,0,0.0,0.0,1.0,1.0,0.0,0.0,0.0,0.0,0.0,0.0,0.0,0.0,0.0,0.0,0.0,0.0,0.0,0.0,0.0,0.0,0.0,0.0,0.0,0.0,0.0,0.0,0.0,0.0,0.0,0.0,0.0,0.0,0.0,0.0,1
00-0037382,Brandon Johnson,WR,DEN,2022,5,0,0,0,0,0,0,0,0,0,6,14,42,1,0,0,0,0,0,0,0,10.2,16.2,,1.0,,0.0,,0.0,,0.0,,0.0,,0.0,,0.0,,0.0,,0.0,,0.0,,0.0,,0.0,,0.0,,0.0,,0.0,,0.0,0
00-0037382,Brandon Johnson,WR,DEN,2023,10,0,0,0,0,0,0,0,0,0,19,30,284,4,0,0,0,0,0,0,0,54.4,73.4,5.0,5.0,0.0,0.0,0.0,0.0,0.0,0.0,0.0,0.0,0.0,0.0,6.0,6.0,14.0,14.0,42.0,42.0,1.0,1.0,10.2,10.2,16.2,16.2,0.0,0.0,0.0,0.0,0.0,0.0,0.0,0.0,1
00-0037382,Brandon Johnson,WR,PIT,2024,1,0,0,0,0,0,0,0,0,0,1,1,9,0,0,0,0,0,0,0,0,0.9,1.9,10.0,7.5,0.0,0.0,0.0,0.0,0.0,0.0,0.0,0.0,0.0,0.0,19.0,12.5,30.0,22.0,284.0,163.0,4.0,2.5,54.4,32.30000000000008,73.4,44.800000000000175,0.0,0.0,0.0,0.0,0.0,0.0,0.0,0.0,2
00-0037387,Jalen Virgil,WR,DEN,2022,7,0,0,0,0,0,0,0,0,0,2,5,75,1,0,0,0,0,0,0,0,13.5,15.5,,10.0,,0.0,,0.0,,0.0,,0.0,,0.0,,19.0,,30.0,,284.0,,4.0,,54.4,,73.4,,0.0,,0.0,,0.0,,0.0,0
00-0037387,Jalen Virgil,WR,BUF,2024,3,0,0,0,0,0,0,0,0,0,0,0,0,0,0,0,0,0,0,0,0,0.0,0.0,7.0,7.0,0.0,0.0,0.0,0.0,0.0,0.0,0.0,0.0,0.0,0.0,2.0,2.0,5.0,5.0,75.0,75.0,1.0,1.0,13.5,13.5,15.5,15.5,0.0,0.0,0.0,0.0,0.0,0.0,0.0,0.0,1
00-0037410,Jashaun Corbin,RB,NYG,2023,3,0,0,0,0,0,1,1,0,0,3,3,12,0,0,0,0,0,0,0,0,1.3,4.3,,7.0,,0.0,,0.0,,0.0,,0.0,,0.0,,2.0,,5.0,,75.0,,1.0,,13.5,,15.5,,0.0,,0.0,,0.0,,0.0,0
00-0037420,Kwamie Lassiter II,WR,CIN,2023,1,0,0,0,0,0,0,0,0,0,1,1,2,0,0,0,0,0,0,0,0,0.2,1.2,,,,,,,,,,,,,,,,,,,,,,,,,,,,,,,,,0
00-0037422,Kendric Pryor,WR,CIN,2024,1,0,0,0,0,0,0,0,0,0,1,1,9,0,0,0,0,0,0,0,0,0.9,1.9,,,,,,,,,,,,,,,,,,,,,,,,,,,,,,,,,0
00-0037429,Raheem Blackshear,RB,CAR,2022,13,0,0,0,0,0,23,77,3,0,10,12,93,0,0,0,0,0,0,0,0,35.0,45.0,,,,,,,,,,,,,,,,,,,,,,,,,,,,,,,,,0
00-0037429,Raheem Blackshear,RB,CAR,2023,9,0,0,0,0,0,14,46,0,0,6,7,45,0,0,0,0,0,0,0,0,11.1,17.1,13.0,13.0,0.0,0.0,0.0,0.0,0.0,0.0,77.0,77.0,3.0,3.0,10.0,10.0,12.0,12.0,93.0,93.0,0.0,0.0,35.0,35.0,45.0,45.0,0.0,0.0,0.0,0.0,0.0,0.0,0.0,0.0,1
00-0037429,Raheem Blackshear,RB,CAR,2024,16,0,0,0,0,0,15,80,0,0,0,0,0,0,0,0,0,0,0,0,0,8.0,8.0,9.0,11.0,0.0,0.0,0.0,0.0,0.0,0.0,46.0,61.5,0.0,1.5,6.0,8.0,7.0,9.5,45.0,69.0,0.0,0.0,11.1,23.05000000000009,17.1,31.05000000000017,0.0,0.0,0.0,0.0,0.0,0.0,0.0,0.0,2
00-0037450,Tyreik McAllister,WR,LV,2024,2,0,0,0,0,0,2,11,0,0,0,0,0,0,0,0,0,0,0,0,0,1.1,1.1,,9.0,,0.0,,0.0,,0.0,,46.0,,0.0,,6.0,,7.0,,45.0,,0.0,,11.1,,17.1,,0.0,,0.0,,0.0,,0.0,0
00-0037451,Rod Williams,TE,PIT,2023,6,0,0,0,0,0,0,0,0,0,0,2,0,0,0,0,0,0,0,0,0,0.0,0.0,,,,,,,,,,,,,,,,,,,,,,,,,,,,,,,,,0
00-0037451,Rod Williams,TE,PIT,2024,1,0,0,0,0,0,0,0,0,0,0,0,0,0,0,0,0,0,0,0,0,0.0,0.0,6.0,6.0,0.0,0.0,0.0,0.0,0.0,0.0,0.0,0.0,0.0,0.0,0.0,0.0,2.0,2.0,0.0,0.0,0.0,0.0,0.0,0.0,0.0,0.0,0.0,0.0,0.0,0.0,0.0,0.0,0.0,0.0,1
00-0037456,Troy Hairston,RB,HOU,2022,12,0,0,0,0,0,0,0,0,0,5,8,19,0,0,0,0,0,0,0,0,1.9,6.9,,6.0,,0.0,,0.0,,0.0,,0.0,,0.0,,0.0,,2.0,,0.0,,0.0,,0.0,,0.0,,0.0,,0.0,,0.0,,0.0,0
00-0037456,Troy Hairston,RB,HOU,2024,2,0,0,0,0,0,0,0,0,0,0,0,0,0,0,0,0,0,0,0,0,0.0,0.0,12.0,12.0,0.0,0.0,0.0,0.0,0.0,0.0,0.0,0.0,0.0,0.0,5.0,5.0,8.0,8.0,19.0,19.0,0.0,0.0,1.9,1.9,6.9,6.9,0.0,0.0,0.0,0.0,0.0,0.0,0.0,0.0,1
00-0037475,Stone Smartt,TE,LAC,2022,3,0,0,0,0,0,0,0,0,0,4,5,17,0,0,0,0,0,0,0,0,1.7,5.7,,12.0,,0.0,,0.0,,0.0,,0.0,,0.0,,5.0,,8.0,,19.0,,0.0,,1.9,,6.9,,0.0,,0.0,,0.0,,0.0,0
00-0037475,Stone Smartt,TE,LAC,2023,12,0,0,0,0,0,0,0,0,0,11,21,155,1,0,0,0,0,0,0,0,21.5,32.5,3.0,3.0,0.0,0.0,0.0,0.0,0.0,0.0,0.0,0.0,0.0,0.0,4.0,4.0,5.0,5.0,17.0,17.0,0.0,0.0,1.7,1.7,5.7,5.7,0.0,0.0,0.0,0.0,0.0,0.0,0.0,0.0,1
00-0037475,Stone Smartt,TE,LAC,2024,9,0,0,0,0,0,0,0,0,0,16,19,208,0,1,0,0,0,0,0,0,18.8,34.8,12.0,7.5,0.0,0.0,0.0,0.0,0.0,0.0,0.0,0.0,0.0,0.0,11.0,7.5,21.0,13.0,155.0,86.0,1.0,0.5,21.5,11.600000000000088,32.5,19.100000000000172,0.0,0.0,0.0,0.0,0.0,0.0,0.0,0.0,2
00-0037475,Stone Smartt,TE,NYJ,2025,6,0,0,0,0,0,0,0,0,0,7,9,52,0,0,0,0,0,0,0,0,5.2,12.2,9.0,10.5,0.0,0.0,0.0,0.0,0.0,0.0,0.0,0.0,0.0,0.0,16.0,13.5,19.0,20.0,208.0,181.5,0.0,0.5,18.8,20.15000000000009,34.8,33.65000000000017,0.0,0.0,0.0,0.0,0.0,0.0,0.0,0.0,3
00-0037487,Deven Thompkins,WR,TB,2022,5,0,0,0,0,0,2,26,0,0,5,10,32,0,0,0,0,0,0,0,0,5.8,10.8,,9.0,,0.0,,0.0,,0.0,,0.0,,0.0,,16.0,,19.0,,208.0,,0.0,,18.8,,34.8,,0.0,,0.0,,0.0,,0.0,0
00-0037487,Deven Thompkins,WR,TB,2023,17,0,0,0,0,0,8,56,0,0,17,25,83,1,1,0,0,0,0,0,0,17.9,34.9,5.0,5.0,0.0,0.0,0.0,0.0,0.0,0.0,26.0,26.0,0.0,0.0,5.0,5.0,10.0,10.0,32.0,32.0,0.0,0.0,5.8,5.8,10.8,10.8,0.0,0.0,0.0,0.0,0.0,0.0,0.0,0.0,1
00-0037487,Deven Thompkins,WR,CAR,2024,5,0,0,0,0,0,2,7,0,0,4,4,20,0,0,0,0,0,0,0,0,2.7,6.7,17.0,11.0,0.0,0.0,0.0,0.0,0.0,0.0,56.0,41.0,0.0,0.0,17.0,11.0,25.0,17.5,83.0,57.5,1.0,0.5,17.9,11.850000000000088,34.9,22.850000000000172,0.0,0.0,0.0,0.0,0.0,0.0,0.0,0.0,2
00-0037487,Deven Thompkins,WR,ATL,2025,7,0,0,0,0,0,1,5,0,0,3,3,27,0,0,0,0,0,0,0,0,3.2,6.2,5.0,11.0,0.0,0.0,0.0,0.0,0.0,0.0,7.0,31.5,0.0,0.0,4.0,10.5,4.0,14.5,20.0,51.5,0.0,0.5,2.7,10.300000000000088,6.7,20.80000000000017,0.0,0.0,0.0,0.0,0.0,0.0,0.0,0.0,3
00-0037506,Cole Fotheringham,TE,LV,2023,1,0,0,0,0,0,0,0,0,0,1,1,6,0,0,0,0,0,0,0,0,0.6,1.6,,5.0,,0.0,,0.0,,0.0,,7.0,,0.0,,4.0,,4.0,,20.0,,0.0,,2.7,,6.7,,0.0,,0.0,,0.0,,0.0,0
00-0037509,Sincere McCormick,RB,LV,2024,4,0,0,0,0,0,39,183,0,0,6,7,29,0,0,0,0,0,0,0,0,21.2,27.2,,,,,,,,,,,,,,,,,,,,,,,,,,,,,,,,,0
00-0037524,Tay Martin,WR,SF,2022,1,0,0,0,0,0,0,0,0,0,0,0,0,0,0,0,0,0,0,0,0,0.0,0.0,,,,,,,,,,,,,,,,,,,,,,,,,,,,,,,,,0
00-0037524,Tay Martin,WR,TEN,2024,1,0,0,0,0,0,0,0,0,0,1,2,49,1,0,0,0,0,0,0,0,10.9,11.9,1.0,1.0,0.0,0.0,0.0,0.0,0.0,0.0,0.0,0.0,0.0,0.0,0.0,0.0,0.0,0.0,0.0,0.0,0.0,0.0,0.0,0.0,0.0,0.0,0.0,0.0,0.0,0.0,0.0,0.0,0.0,0.0,1
00-0037524,Tay Martin,WR,WAS,2025,2,0,0,0,0,0,0,0,0,0,2,2,23,0,0,0,0,0,0,0,0,2.3,4.3,1.0,1.0,0.0,0.0,0.0,0.0,0.0,0.0,0.0,0.0,0.0,0.0,1.0,0.5,2.0,1.0,49.0,24.5,1.0,0.5,10.9,5.450000000000089,11.9,5.950000000000167,0.0,0.0,0.0,0.0,0.0,0.0,0.0,0.0,2
00-0037525,Jordan Mason,RB,SF,2022,12,0,0,0,0,0,43,258,1,0,0,0,0,0,0,0,0,0,0,0,0,31.8,31.8,,1.0,,0.0,,0.0,,0.0,,0.0,,0.0,,1.0,,2.0,,49.0,,1.0,,10.9,,11.9,,0.0,,0.0,,0.0,,0.0,0
00-0037525,Jordan Mason,RB,SF,2023,16,0,0,0,0,0,40,206,3,0,3,4,31,0,0,0,0,0,0,0,0,41.7,44.7,12.0,12.0,0.0,0.0,0.0,0.0,0.0,0.0,258.0,258.0,1.0,1.0,0.0,0.0,0.0,0.0,0.0,0.0,0.0,0.0,31.8,31.8,31.8,31.8,0.0,0.0,0.0,0.0,0.0,0.0,0.0,0.0,1
00-0037525,Jordan Mason,RB,SF,2024,12,0,0,0,0,0,153,789,3,1,11,14,91,0,0,0,0,0,0,0,0,104.0,115.0,16.0,14.0,0.0,0.0,0.0,0.0,0.0,0.0,206.0,232.0,3.0,2.0,3.0,1.5,4.0,2.0,31.0,15.5,0.0,0.0,41.7,36.75000000000009,44.7,38.25000000000017,0.0,0.0,0.0,0.0,0.0,0.0,0.0,0.0,2
00-0037525,Jordan Mason,RB,MIN,2025,16,0,0,0,0,0,159,758,6,1,14,16,51,0,0,0,0,0,0,0,0,114.9,128.9,12.0,14.0,0.0,0.0,0.0,0.0,0.0,0.0,789.0,497.5,3.0,3.0,11.0,7.0,14.0,9.0,91.0,61.0,0.0,0.0,104.0,72.8500000000001,115.0,79.85000000000016,0.0,0.0,0.0,0.0,0.0,0.0,0.0,0.0,3
00-0037539,Lucas Krull,TE,DEN,2023,7,0,0,0,0,0,0,0,0,0,8,14,95,1,0,0,0,0,0,0,0,15.5,23.5,,12.0,,0.0,,0.0,,0.0,,789.0,,3.0,,11.0,,14.0,,91.0,,0.0,,104.0,,115.0,,0.0,,0.0,,0.0,,0.0,0
00-0037539,Lucas Krull,TE,DEN,2024,10,0,0,0,0,0,0,0,0,0,19,23,152,0,0,0,0,0,0,0,0,15.2,34.2,7.0,7.0,0.0,0.0,0.0,0.0,0.0,0.0,0.0,0.0,0.0,0.0,8.0,8.0,14.0,14.0,95.0,95.0,1.0,1.0,15.5,15.5,23.5,23.5,0.0,0.0,0.0,0.0,0.0,0.0,0.0,0.0,1
00-0037539,Lucas Krull,TE,DEN,2025,2,0,0,0,0,0,0,0,0,0,2,4,15,0,0,0,0,0,0,0,0,1.5,3.5,10.0,8.5,0.0,0.0,0.0,0.0,0.0,0.0,0.0,0.0,0.0,0.0,19.0,13.5,23.0,18.5,152.0,123.5,0.0,0.5,15.2,15.350000000000092,34.2,28.850000000000172,0.0,0.0,0.0,0.0,0.0,0.0,0.0,0.0,2
00-0037542,John Parker Romo,K,MIN,2024,4,0,0,0,0,0,0,0,0,0,0,0,0,0,0,11,12,1,0,7,8,0.0,0.0,,10.0,,0.0,,0.0,,0.0,,0.0,,0.0,,19.0,,23.0,,152.0,,0.0,,15.2,,34.2,,0.0,,0.0,,0.0,,0.0,0
00-0037542,John Parker Romo,K,ATL,2025,7,0,0,0,0,0,0,0,0,0,0,0,0,0,0,11,14,1,0,12,13,0.0,0.0,4.0,4.0,0.0,0.0,0.0,0.0,0.0,0.0,0.0,0.0,0.0,0.0,0.0,0.0,0.0,0.0,0.0,0.0,0.0,0.0,0.0,0.0,0.0,0.0,11.0,11.0,12.0,12.0,7.0,7.0,8.0,8.0,1
00-0037545,Rashid Shaheed,WR,NO,2022,12,0,0,0,0,0,4,57,1,0,28,34,488,2,0,0,0,0,0,0,0,72.5,100.5,,4.0,,0.0,,0.0,,0.0,,0.0,,0.0,,0.0,,0.0,,0.0,,0.0,,0.0,,0.0,,11.0,,12.0,,7.0,,8.0,0
00-0037545,Rashid Shaheed,WR,NO,2023,15,0,0,0,0,0,7,37,0,0,46,75,719,5,0,0,0,0,0,0,0,111.6,157.6,12.0,12.0,0.0,0.0,0.0,0.0,0.0,0.0,57.0,57.0,1.0,1.0,28.0,28.0,34.0,34.0,488.0,488.0,2.0,2.0,72.5,72.5,100.5,100.5,0.0,0.0,0.0,0.0,0.0,0.0,0.0,0.0,1
00-0037545,Rashid Shaheed,WR,NO,2024,6,0,0,0,0,0,6,29,0,0,20,41,349,3,0,0,0,0,0,0,0,61.8,81.8,15.0,13.5,0.0,0.0,0.0,0.0,0.0,0.0,37.0,47.0,0.0,0.5,46.0,37.0,75.0,54.5,719.0,603.5,5.0,3.5,111.6,92.0500000000001,157.6,129.05000000000018,0.0,0.0,0.0,0.0,0.0,0.0,0.0,0.0,2
00-0037545,Rashid Shaheed,WR,SEA,2025,18,0,0,0,0,0,9,69,0,0,59,92,687,2,1,0,0,0,0,0,0,97.6,156.6,6.0,10.5,0.0,0.0,0.0,0.0,0.0,0.0,29.0,33.0,0.0,0.0,20.0,33.0,41.0,58.0,349.0,534.0,3.0,4.0,61.8,86.70000000000009,81.8,119.70000000000016,0.0,0.0,0.0,0.0,0.0,0.0,0.0,0.0,3
00-0037557,Ronnie Rivers,RB,LA,2022,2,0,0,0,0,0,9,21,0,0,5,5,29,0,0,0,0,0,0,0,0,5.0,10.0,,6.0,,0.0,,0.0,,0.0,,29.0,,0.0,,20.0,,41.0,,349.0,,3.0,,61.8,,81.8,,0.0,,0.0,,0.0,,0.0,0
00-0037557,Ronnie Rivers,RB,LA,2023,9,0,0,0,0,0,32,129,0,0,5,5,22,0,0,0,0,0,0,0,0,15.1,20.1,2.0,2.0,0.0,0.0,0.0,0.0,0.0,0.0,21.0,21.0,0.0,0.0,5.0,5.0,5.0,5.0,29.0,29.0,0.0,0.0,5.0,5.0,10.0,10.0,0.0,0.0,0.0,0.0,0.0,0.0,0.0,0.0,1
00-0037557,Ronnie Rivers,RB,LA,2024,6,0,0,0,0,0,22,99,0,0,5,6,34,0,0,0,0,0,0,0,0,13.3,18.3,9.0,5.5,0.0,0.0,0.0,0.0,0.0,0.0,129.0,75.0,0.0,0.0,5.0,5.0,5.0,5.0,22.0,25.5,0.0,0.0,15.1,10.050000000000093,20.1,15.050000000000171,0.0,0.0,0.0,0.0,0.0,0.0,0.0,0.0,2
00-0037557,Ronnie Rivers,RB,LA,2025,6,0,0,0,0,0,9,46,0,0,0,0,0,0,0,0,0,0,0,0,0,4.6,4.6,6.0,7.5,0.0,0.0,0.0,0.0,0.0,0.0,99.0,114.0,0.0,0.0,5.0,5.0,6.0,5.5,34.0,28.0,0.0,0.0,13.3,14.200000000000092,18.3,19.200000000000173,0.0,0.0,0.0,0.0,0.0,0.0,0.0,0.0,3
00-0037563,Malik Davis,RB,DAL,2022,6,0,0,0,0,0,38,161,1,0,6,7,63,0,0,0,0,0,0,0,0,28.4,34.4,,6.0,,0.0,,0.0,,0.0,,99.0,,0.0,,5.0,,6.0,,34.0,,0.0,,13.3,,18.3,,0.0,,0.0,,0.0,,0.0,0
00-0037563,Malik Davis,RB,DAL,2023,1,0,0,0,0,0,0,0,0,0,0,0,0,0,0,0,0,0,0,0,0,0.0,0.0,6.0,6.0,0.0,0.0,0.0,0.0,0.0,0.0,161.0,161.0,1.0,1.0,6.0,6.0,7.0,7.0,63.0,63.0,0.0,0.0,28.4,28.4,34.4,34.4,0.0,0.0,0.0,0.0,0.0,0.0,0.0,0.0,1
00-0037563,Malik Davis,RB,DAL,2025,10,0,0,0,0,0,52,250,2,0,2,5,16,0,0,0,0,0,0,0,0,38.6,40.6,1.0,3.5,0.0,0.0,0.0,0.0,0.0,0.0,0.0,80.5,0.0,0.5,0.0,3.0,0.0,3.5,0.0,31.5,0.0,0.0,0.0,14.200000000000092,0.0,17.200000000000166,0.0,0.0,0.0,0.0,0.0,0.0,0.0,0.0,2
00-0037569,Peyton Hendershot,TE,DAL,2022,12,0,0,0,0,0,1,2,1,0,11,16,103,2,0,0,0,0,0,0,0,28.5,39.5,,1.0,,0.0,,0.0,,0.0,,0.0,,0.0,,0.0,,0.0,,0.0,,0.0,,0.0,,0.0,,0.0,,0.0,,0.0,,0.0,0
00-0037569,Peyton Hendershot,TE,DAL,2023,8,0,0,0,0,0,1,0,0,0,4,7,38,0,0,0,0,0,0,0,0,3.8,7.8,12.0,12.0,0.0,0.0,0.0,0.0,0.0,0.0,2.0,2.0,1.0,1.0,11.0,11.0,16.0,16.0,103.0,103.0,2.0,2.0,28.5,28.5,39.5,39.5,0.0,0.0,0.0,0.0,0.0,0.0,0.0,0.0,1
00-0037569,Peyton Hendershot,TE,KC,2024,5,0,0,0,0,0,0,0,0,0,5,5,51,0,0,0,0,0,0,0,0,5.1,10.1,8.0,10.0,0.0,0.0,0.0,0.0,0.0,0.0,0.0,1.0,0.0,0.5,4.0,7.5,7.0,11.5,38.0,70.5,0.0,1.0,3.8,16.15000000000009,7.8,23.650000000000166,0.0,0.0,0.0,0.0,0.0,0.0,0.0,0.0,2
00-0037570,Dennis Houston,WR,DAL,2022,2,0,0,0,0,0,0,0,0,0,2,6,16,0,0,0,0,0,0,0,0,1.6,3.6,,8.0,,0.0,,0.0,,0.0,,0.0,,0.0,,4.0,,7.0,,38.0,,0.0,,3.8,,7.8,,0.0,,0.0,,0.0,,0.0,0
00-0037581,Stanley Berryhill,WR,DET,2022,1,0,0,0,0,0,0,0,0,0,0,0,0,0,0,0,0,0,0,0,0,0.0,0.0,,,,,,,,,,,,,,,,,,,,,,,,,,,,,,,,,0
00-0037594,Julius Chestnut,RB,TEN,2022,6,0,0,0,0,0,9,12,0,0,3,3,41,0,0,0,0,0,0,0,0,5.3,8.3,,,,,,,,,,,,,,,,,,,,,,,,,,,,,,,,,0
00-0037594,Julius Chestnut,RB,TEN,2023,1,0,0,0,0,0,0,0,0,0,0,0,0,0,0,0,0,0,0,0,0,0.0,0.0,6.0,6.0,0.0,0.0,0.0,0.0,0.0,0.0,12.0,12.0,0.0,0.0,3.0,3.0,3.0,3.0,41.0,41.0,0.0,0.0,5.3,5.3,8.3,8.3,0.0,0.0,0.0,0.0,0.0,0.0,0.0,0.0,1
00-0037594,Julius Chestnut,RB,TEN,2024,12,0,0,0,0,0,22,102,0,0,2,3,11,0,0,0,0,0,0,0,0,11.3,13.3,1.0,3.5,0.0,0.0,0.0,0.0,0.0,0.0,0.0,6.0,0.0,0.0,0.0,1.5,0.0,1.5,0.0,20.5,0.0,0.0,0.0,2.6500000000000923,0.0,4.150000000000167,0.0,0.0,0.0,0.0,0.0,0.0,0.0,0.0,2
00-0037594,Julius Chestnut,RB,TEN,2025,16,0,0,0,0,0,11,40,0,0,0,2,0,0,0,0,0,0,0,0,0,4.0,4.0,12.0,6.5,0.0,0.0,0.0,0.0,0.0,0.0,102.0,51.0,0.0,0.0,2.0,1.0,3.0,1.5,11.0,5.5,0.0,0.0,11.3,5.650000000000093,13.3,6.650000000000167,0.0,0.0,0.0,0.0,0.0,0.0,0.0,0.0,3
00-0037606,Caleb Shudak,K,TEN,2022,1,0,0,0,0,0,0,0,0,0,0,0,0,0,0,3,4,0,0,1,1,0.0,0.0,,12.0,,0.0,,0.0,,0.0,,102.0,,0.0,,2.0,,3.0,,11.0,,0.0,,11.3,,13.3,,0.0,,0.0,,0.0,,0.0,0
00-0037609,Aaron Shampklin,RB,PIT,2024,3,0,0,0,0,0,6,17,0,0,0,0,0,0,0,0,0,0,0,0,0,1.7,1.7,,,,,,,,,,,,,,,,,,,,,,,,,,,,,,,,,0
00-0037614,John Metchie III,WR,HOU,2023,14,0,0,0,0,0,1,4,0,0,16,30,158,0,0,0,0,0,0,0,0,16.2,32.2,,,,,,,,,,,,,,,,,,,,,,,,,,,,,,,,,0
00-0037614,John Metchie III,WR,HOU,2024,10,0,0,0,0,0,0,0,0,0,24,37,254,1,0,0,0,0,0,0,0,31.4,55.4,14.0,14.0,0.0,0.0,0.0,0.0,0.0,0.0,4.0,4.0,0.0,0.0,16.0,16.0,30.0,30.0,158.0,158.0,0.0,0.0,16.2,16.2,32.2,32.2,0.0,0.0,0.0,0.0,0.0,0.0,0.0,0.0,1
00-0037614,John Metchie III,WR,NYJ,2025,13,0,0,0,0,0,3,-5,0,0,33,48,274,2,0,0,0,0,0,0,0,38.9,71.9,10.0,12.0,0.0,0.0,0.0,0.0,0.0,0.0,0.0,2.0,0.0,0.0,24.0,20.0,37.0,33.5,254.0,206.0,1.0,0.5,31.4,23.80000000000009,55.4,43.80000000000017,0.0,0.0,0.0,0.0,0.0,0.0,0.0,0.0,2
00-0037617,Hassan Haskins,RB,TEN,2022,14,0,0,0,0,0,25,93,0,0,11,12,57,0,0,0,0,0,0,0,0,15.0,26.0,,10.0,,0.0,,0.0,,0.0,,0.0,,0.0,,24.0,,37.0,,254.0,,1.0,,31.4,,55.4,,0.0,,0.0,,0.0,,0.0,0
00-0037617,Hassan Haskins,RB,LAC,2024,12,0,0,0,0,0,34,89,2,1,3,3,49,1,0,0,0,0,0,0,0,29.8,32.8,14.0,14.0,0.0,0.0,0.0,0.0,0.0,0.0,93.0,93.0,0.0,0.0,11.0,11.0,12.0,12.0,57.0,57.0,0.0,0.0,15.0,15.0,26.0,26.0,0.0,0.0,0.0,0.0,0.0,0.0,0.0,0.0,1
00-0037617,Hassan Haskins,RB,LAC,2025,11,0,0,0,0,0,17,47,0,0,4,4,13,0,0,0,0,0,0,0,0,6.0,10.0,12.0,13.0,0.0,0.0,0.0,0.0,0.0,0.0,89.0,91.0,2.0,1.0,3.0,7.0,3.0,7.5,49.0,53.0,1.0,0.5,29.8,22.40000000000009,32.8,29.400000000000166,0.0,0.0,0.0,0.0,0.0,0.0,0.0,0.0,2
00-0037645,Nick Sciba,K,PIT,2022,1,0,0,0,0,0,0,0,0,0,0,0,0,0,0,2,2,0,0,1,1,0.0,0.0,,12.0,,0.0,,0.0,,0.0,,89.0,,2.0,,3.0,,3.0,,49.0,,1.0,,29.8,,32.8,,0.0,,0.0,,0.0,,0.0,0
00-0037654,Tucker Fisk,TE,ATL,2023,2,0,0,0,0,0,0,0,0,0,1,1,9,0,0,0,0,0,0,0,0,0.9,1.9,,,,,,,,,,,,,,,,,,,,,,,,,,,,,,,,,0
00-0037654,Tucker Fisk,TE,LAC,2024,7,0,0,0,0,0,0,0,0,0,7,8,39,0,0,0,0,0,0,0,0,3.9,10.9,2.0,2.0,0.0,0.0,0.0,0.0,0.0,0.0,0.0,0.0,0.0,0.0,1.0,1.0,1.0,1.0,9.0,9.0,0.0,0.0,0.9,0.9,1.9,1.9,0.0,0.0,0.0,0.0,0.0,0.0,0.0,0.0,1
00-0037654,Tucker Fisk,TE,LAC,2025,4,0,0,0,0,0,0,0,0,0,2,4,19,0,0,0,0,0,0,0,0,1.9,3.9,7.0,4.5,0.0,0.0,0.0,0.0,0.0,0.0,0.0,0.0,0.0,0.0,7.0,4.0,8.0,4.5,39.0,24.0,0.0,0.0,3.9,2.4000000000000923,10.9,6.400000000000167,0.0,0.0,0.0,0.0,0.0,0.0,0.0,0.0,2
00-0037664,Alec Pierce,WR,IND,2022,16,0,0,0,0,0,0,0,0,0,41,78,593,2,0,0,0,0,0,0,0,71.3,112.3,,7.0,,0.0,,0.0,,0.0,,0.0,,0.0,,7.0,,8.0,,39.0,,0.0,,3.9,,10.9,,0.0,,0.0,,0.0,,0.0,0
00-0037664,Alec Pierce,WR,IND,2023,17,0,0,0,0,0,0,0,0,0,32,65,514,2,0,0,0,0,0,0,0,63.4,95.4,16.0,16.0,0.0,0.0,0.0,0.0,0.0,0.0,0.0,0.0,0.0,0.0,41.0,41.0,78.0,78.0,593.0,593.0,2.0,2.0,71.3,71.3,112.3,112.3,0.0,0.0,0.0,0.0,0.0,0.0,0.0,0.0,1
00-0037664,Alec Pierce,WR,IND,2024,16,0,0,0,0,0,0,0,0,0,37,69,824,7,0,0,0,0,0,0,0,124.4,161.4,17.0,16.5,0.0,0.0,0.0,0.0,0.0,0.0,0.0,0.0,0.0,0.0,32.0,36.5,65.0,71.5,514.0,553.5,2.0,2.0,63.4,67.3500000000001,95.4,103.85000000000016,0.0,0.0,0.0,0.0,0.0,0.0,0.0,0.0,2
00-0037664,Alec Pierce,WR,IND,2025,15,0,0,0,0,0,0,0,0,0,47,84,1003,6,0,0,0,0,0,0,0,136.3,183.3,16.0,16.5,0.0,0.0,0.0,0.0,0.0,0.0,0.0,0.0,0.0,0.0,37.0,34.5,69.0,67.0,824.0,669.0,7.0,4.5,124.4,93.90000000000009,161.4,128.40000000000018,0.0,0.0,0.0,0.0,0.0,0.0,0.0,0.0,3
00-0037666,Jalen Tolbert,WR,DAL,2022,3,0,0,0,0,0,0,0,0,0,2,3,12,0,0,0,0,0,0,0,0,1.2,3.2,,16.0,,0.0,,0.0,,0.0,,0.0,,0.0,,37.0,,69.0,,824.0,,7.0,,124.4,,161.4,,0.0,,0.0,,0.0,,0.0,0
00-0037666,Jalen Tolbert,WR,DAL,2023,14,0,0,0,0,0,0,0,0,0,22,36,268,2,0,0,0,0,0,0,0,38.8,60.8,3.0,3.0,0.0,0.0,0.0,0.0,0.0,0.0,0.0,0.0,0.0,0.0,2.0,2.0,3.0,3.0,12.0,12.0,0.0,0.0,1.2,1.2,3.2,3.2,0.0,0.0,0.0,0.0,0.0,0.0,0.0,0.0,1
00-0037666,Jalen Tolbert,WR,DAL,2024,17,0,0,0,0,0,0,0,0,0,49,79,610,7,0,0,0,0,0,0,0,103.0,152.0,14.0,8.5,0.0,0.0,0.0,0.0,0.0,0.0,0.0,0.0,0.0,0.0,22.0,12.0,36.0,19.5,268.0,140.0,2.0,1.0,38.8,20.000000000000092,60.8,32.00000000000017,0.0,0.0,0.0,0.0,0.0,0.0,0.0,0.0,2
00-0037666,Jalen Tolbert,WR,DAL,2025,12,0,0,0,0,0,0,0,0,0,18,34,203,1,0,0,0,0,0,0,0,28.3,46.3,17.0,15.5,0.0,0.0,0.0,0.0,0.0,0.0,0.0,0.0,0.0,0.0,49.0,35.5,79.0,57.5,610.0,439.0,7.0,4.5,103.0,70.90000000000009,152.0,106.40000000000018,0.0,0.0,0.0,0.0,0.0,0.0,0.0,0.0,3
00-0037692,Brandon Aubrey,K,DAL,2023,17,0,0,0,0,0,0,0,0,0,0,0,0,0,0,36,38,9,1,49,52,0.0,0.0,,17.0,,0.0,,0.0,,0.0,,0.0,,0.0,,49.0,,79.0,,610.0,,7.0,,103.0,,152.0,,0.0,,0.0,,0.0,,0.0,0
00-0037692,Brandon Aubrey,K,DAL,2024,17,0,0,0,0,0,0,0,0,0,0,0,0,0,0,40,47,12,2,30,30,0.0,0.0,17.0,17.0,0.0,0.0,0.0,0.0,0.0,0.0,0.0,0.0,0.0,0.0,0.0,0.0,0.0,0.0,0.0,0.0,0.0,0.0,0.0,0.0,0.0,0.0,36.0,36.0,38.0,38.0,49.0,49.0,52.0,52.0,1
00-0037692,Brandon Aubrey,K,DAL,2025,17,0,0,0,0,0,1,6,0,0,0,0,0,0,0,36,42,8,3,47,48,0.6,0.6,17.0,17.0,0.0,0.0,0.0,0.0,0.0,0.0,0.0,0.0,0.0,0.0,0.0,0.0,0.0,0.0,0.0,0.0,0.0,0.0,0.0,0.0,0.0,0.0,40.0,38.0,47.0,42.5,30.0,39.5,30.0,41.0,2
00-0037708,Maurice Alexander,WR,DET,2022,3,0,0,0,0,0,0,0,0,0,1,1,7,0,0,0,0,0,0,0,0,0.7,1.7,,17.0,,0.0,,0.0,,0.0,,0.0,,0.0,,0.0,,0.0,,0.0,,0.0,,0.0,,0.0,,40.0,,47.0,,30.0,,30.0,0
00-0037708,Maurice Alexander,WR,DET,2024,2,0,0,0,0,0,0,0,0,0,0,0,0,0,0,0,0,0,0,0,0,0.0,0.0,3.0,3.0,0.0,0.0,0.0,0.0,0.0,0.0,0.0,0.0,0.0,0.0,1.0,1.0,1.0,1.0,7.0,7.0,0.0,0.0,0.7,0.7,1.7,1.7,0.0,0.0,0.0,0.0,0.0,0.0,0.0,0.0,1
00-0037740,Garrett Wilson,WR,NYJ,2022,17,0,1,0,0,0,4,4,0,0,83,147,1103,4,1,0,0,0,0,0,0,132.7,215.7,,3.0,,0.0,,0.0,,0.0,,0.0,,0.0,,1.0,,1.0,,7.0,,0.0,,0.7,,1.7,,0.0,,0.0,,0.0,,0.0,0
00-0037740,Garrett Wilson,WR,NYJ,2023,17,0,1,0,0,0,4,0,0,0,95,168,1042,3,2,0,0,0,0,0,0,118.2,213.2,17.0,17.0,0.0,0.0,0.0,0.0,0.0,0.0,4.0,4.0,0.0,0.0,83.0,83.0,147.0,147.0,1103.0,1103.0,4.0,4.0,132.7,132.7,215.7,215.7,0.0,0.0,0.0,0.0,0.0,0.0,0.0,0.0,1
00-0037740,Garrett Wilson,WR,NYJ,2024,17,0,0,0,0,0,2,5,0,0,101,154,1104,7,2,0,0,0,0,0,0,150.9,251.9,17.0,17.0,0.0,0.0,0.0,0.0,0.0,0.0,0.0,2.0,0.0,0.0,95.0,89.0,168.0,157.5,1042.0,1072.5,3.0,3.5,118.2,125.45000000000007,213.2,214.45000000000016,0.0,0.0,0.0,0.0,0.0,0.0,0.0,0.0,2
00-0037740,Garrett Wilson,WR,NYJ,2025,7,0,0,0,0,0,0,0,0,0,36,59,395,4,0,0,0,0,0,0,0,63.5,99.5,17.0,17.0,0.0,0.0,0.0,0.0,0.0,0.0,5.0,2.5,0.0,0.0,101.0,98.0,154.0,161.0,1104.0,1073.0,7.0,5.0,150.9,134.5500000000001,251.9,232.55000000000018,0.0,0.0,0.0,0.0,0.0,0.0,0.0,0.0,3
00-0037741,Jahan Dotson,WR,WAS,2022,12,0,0,0,0,0,2,-7,0,0,35,61,523,7,0,0,0,0,0,0,0,95.6,130.6,,17.0,,0.0,,0.0,,0.0,,5.0,,0.0,,101.0,,154.0,,1104.0,,7.0,,150.9,,251.9,,0.0,,0.0,,0.0,,0.0,0
00-0037741,Jahan Dotson,WR,WAS,2023,17,0,0,0,0,0,0,0,0,0,49,83,518,4,0,0,0,0,0,0,0,75.8,124.8,12.0,12.0,0.0,0.0,0.0,0.0,0.0,0.0,-7.0,-7.0,0.0,0.0,35.0,35.0,61.0,61.0,523.0,523.0,7.0,7.0,95.6,95.6,130.6,130.6,0.0,0.0,0.0,0.0,0.0,0.0,0.0,0.0,1
00-0037741,Jahan Dotson,WR,PHI,2024,14,0,0,0,0,0,1,13,0,0,19,33,216,0,0,0,0,0,0,0,0,22.9,41.9,17.0,14.5,0.0,0.0,0.0,0.0,0.0,0.0,0.0,-3.5,0.0,0.0,49.0,42.0,83.0,72.0,518.0,520.5,4.0,5.5,75.8,85.70000000000007,124.8,127.70000000000016,0.0,0.0,0.0,0.0,0.0,0.0,0.0,0.0,2
00-0037741,Jahan Dotson,WR,PHI,2025,15,0,0,0,0,0,0,0,0,0,18,36,262,1,0,0,0,0,0,0,0,32.2,50.2,14.0,15.5,0.0,0.0,0.0,0.0,0.0,0.0,13.0,6.5,0.0,0.0,19.0,34.0,33.0,58.0,216.0,367.0,0.0,2.0,22.9,49.35000000000008,41.9,83.35000000000016,0.0,0.0,0.0,0.0,0.0,0.0,0.0,0.0,3
00-0037742,Treylon Burks,WR,TEN,2022,11,0,0,0,0,0,4,47,0,0,33,54,444,1,0,0,0,0,0,0,0,55.1,88.1,,14.0,,0.0,,0.0,,0.0,,13.0,,0.0,,19.0,,33.0,,216.0,,0.0,,22.9,,41.9,,0.0,,0.0,,0.0,,0.0,0
00-0037742,Treylon Burks,WR,TEN,2023,9,0,0,0,0,0,5,18,0,0,16,30,221,0,0,0,0,0,0,0,0,23.9,39.9,11.0,11.0,0.0,0.0,0.0,0.0,0.0,0.0,47.0,47.0,0.0,0.0,33.0,33.0,54.0,54.0,444.0,444.0,1.0,1.0,55.1,55.1,88.1,88.1,0.0,0.0,0.0,0.0,0.0,0.0,0.0,0.0,1
00-0037742,Treylon Burks,WR,TEN,2024,5,0,0,0,0,0,2,1,0,0,4,8,34,0,0,0,0,0,0,0,0,3.5,7.5,9.0,10.0,0.0,0.0,0.0,0.0,0.0,0.0,18.0,32.5,0.0,0.0,16.0,24.5,30.0,42.0,221.0,332.5,0.0,0.5,23.9,39.500000000000085,39.9,64.00000000000017,0.0,0.0,0.0,0.0,0.0,0.0,0.0,0.0,2
00-0037742,Treylon Burks,WR,WAS,2025,8,0,0,0,0,0,0,0,0,0,10,22,130,1,0,0,0,0,0,0,0,19.0,29.0,5.0,7.0,0.0,0.0,0.0,0.0,0.0,0.0,1.0,9.5,0.0,0.0,4.0,10.0,8.0,19.0,34.0,127.5,0.0,0.0,3.5,13.700000000000085,7.5,23.70000000000017,0.0,0.0,0.0,0.0,0.0,0.0,0.0,0.0,3
00-0037744,Trey McBride,TE,ARI,2022,12,0,0,0,0,0,0,0,0,0,29,39,265,1,0,0,0,0,0,0,0,32.5,61.5,,5.0,,0.0,,0.0,,0.0,,1.0,,0.0,,4.0,,8.0,,34.0,,0.0,,3.5,,7.5,,0.0,,0.0,,0.0,,0.0,0
00-0037744,Trey McBride,TE,ARI,2023,17,0,0,0,0,0,0,0,0,0,81,106,825,3,0,0,0,0,0,0,0,100.5,181.5,12.0,12.0,0.0,0.0,0.0,0.0,0.0,0.0,0.0,0.0,0.0,0.0,29.0,29.0,39.0,39.0,265.0,265.0,1.0,1.0,32.5,32.5,61.5,61.5,0.0,0.0,0.0,0.0,0.0,0.0,0.0,0.0,1
00-0037744,Trey McBride,TE,ARI,2024,16,0,0,0,0,0,1,2,1,0,111,147,1146,2,0,0,0,0,0,0,0,132.8,243.8,17.0,14.5,0.0,0.0,0.0,0.0,0.0,0.0,0.0,0.0,0.0,0.0,81.0,55.0,106.0,72.5,825.0,545.0,3.0,2.0,100.5,66.50000000000009,181.5,121.50000000000017,0.0,0.0,0.0,0.0,0.0,0.0,0.0,0.0,2
00-0037744,Trey McBride,TE,ARI,2025,17,0,0,0,0,0,0,0,0,0,126,169,1239,11,0,0,0,0,0,0,0,189.9,315.9,16.0,16.5,0.0,0.0,0.0,0.0,0.0,0.0,2.0,1.0,1.0,0.5,111.0,96.0,147.0,126.5,1146.0,985.5,2.0,2.5,132.8,116.65000000000009,243.8,212.65000000000018,0.0,0.0,0.0,0.0,0.0,0.0,0.0,0.0,3
00-0037745,Velus Jones Jr.,WR,CHI,2022,11,0,0,0,0,0,9,103,1,1,7,14,107,1,0,0,0,0,0,0,0,31.0,38.0,,16.0,,0.0,,0.0,,0.0,,2.0,,1.0,,111.0,,147.0,,1146.0,,2.0,,132.8,,243.8,,0.0,,0.0,,0.0,,0.0,0
00-0037745,Velus Jones Jr.,WR,CHI,2023,13,0,0,0,0,0,8,51,0,0,4,7,20,0,0,0,0,0,0,0,0,7.1,11.1,11.0,11.0,0.0,0.0,0.0,0.0,0.0,0.0,103.0,103.0,1.0,1.0,7.0,7.0,14.0,14.0,107.0,107.0,1.0,1.0,31.0,31.0,38.0,38.0,0.0,0.0,0.0,0.0,0.0,0.0,0.0,0.0,1
00-0037745,Velus Jones Jr.,WR,CAR,2024,2,0,0,0,0,0,3,11,0,0,1,1,8,0,0,0,0,0,0,0,0,1.9,2.9,13.0,12.0,0.0,0.0,0.0,0.0,0.0,0.0,51.0,77.0,0.0,0.5,4.0,5.5,7.0,10.5,20.0,63.5,0.0,0.5,7.1,19.050000000000086,11.1,24.55000000000017,0.0,0.0,0.0,0.0,0.0,0.0,0.0,0.0,2
00-0037745,Velus Jones Jr.,WR,SEA,2025,5,0,0,0,0,0,4,32,0,0,0,0,0,0,0,0,0,0,0,0,0,3.2,3.2,2.0,7.5,0.0,0.0,0.0,0.0,0.0,0.0,11.0,31.0,0.0,0.0,1.0,2.5,1.0,4.0,8.0,14.0,0.0,0.0,1.9,4.500000000000085,2.9,7.0000000000001705,0.0,0.0,0.0,0.0,0.0,0.0,0.0,0.0,3
00-0037746,Brian Robinson,RB,WAS,2022,12,0,0,0,0,0,205,797,2,0,9,12,60,1,0,0,0,0,0,0,0,103.7,112.7,,2.0,,0.0,,0.0,,0.0,,11.0,,0.0,,1.0,,1.0,,8.0,,0.0,,1.9,,2.9,,0.0,,0.0,,0.0,,0.0,0
00-0037746,Brian Robinson,RB,WAS,2023,15,0,0,0,0,0,178,733,5,2,36,43,368,4,0,0,0,0,0,0,0,162.1,198.1,12.0,12.0,0.0,0.0,0.0,0.0,0.0,0.0,797.0,797.0,2.0,2.0,9.0,9.0,12.0,12.0,60.0,60.0,1.0,1.0,103.7,103.7,112.7,112.7,0.0,0.0,0.0,0.0,0.0,0.0,0.0,0.0,1
00-0037746,Brian Robinson,RB,WAS,2024,14,0,0,0,0,0,187,799,8,2,20,25,159,0,0,0,0,0,0,0,0,139.8,159.8,15.0,13.5,0.0,0.0,0.0,0.0,0.0,0.0,733.0,765.0,5.0,3.5,36.0,22.5,43.0,27.5,368.0,214.0,4.0,2.5,162.1,132.9000000000001,198.1,155.40000000000018,0.0,0.0,0.0,0.0,0.0,0.0,0.0,0.0,2
00-0037746,Brian Robinson,RB,SF,2025,17,0,0,0,0,0,92,400,2,0,8,12,25,0,0,0,0,0,0,0,0,54.5,62.5,14.0,14.5,0.0,0.0,0.0,0.0,0.0,0.0,799.0,766.0,8.0,6.5,20.0,28.0,25.0,34.0,159.0,263.5,0.0,2.0,139.8,150.9500000000001,159.8,178.95000000000016,0.0,0.0,0.0,0.0,0.0,0.0,0.0,0.0,3
00-0037755,Jelani Woods,TE,IND,2022,12,0,0,0,0,0,0,0,0,0,25,40,312,3,0,0,0,0,0,0,0,49.2,74.2,,14.0,,0.0,,0.0,,0.0,,799.0,,8.0,,20.0,,25.0,,159.0,,0.0,,139.8,,159.8,,0.0,,0.0,,0.0,,0.0,0
00-0037755,Jelani Woods,TE,NYJ,2025,2,0,0,0,0,0,0,0,0,0,1,3,4,0,0,0,0,0,0,0,0,0.4,1.4,12.0,12.0,0.0,0.0,0.0,0.0,0.0,0.0,0.0,0.0,0.0,0.0,25.0,25.0,40.0,40.0,312.0,312.0,3.0,3.0,49.2,49.2,74.2,74.2,0.0,0.0,0.0,0.0,0.0,0.0,0.0,0.0,1
00-0037801,KaVontae Turpin,WR,DAL,2022,17,0,0,0,0,0,3,17,0,0,1,2,9,0,0,0,0,0,0,0,0,2.6,3.6,,12.0,,0.0,,0.0,,0.0,,0.0,,0.0,,25.0,,40.0,,312.0,,3.0,,49.2,,74.2,,0.0,,0.0,,0.0,,0.0,0
00-0037801,KaVontae Turpin,WR,DAL,2023,16,0,0,0,0,0,11,110,1,0,12,18,127,3,0,0,0,0,0,0,0,47.7,59.7,17.0,17.0,0.0,0.0,0.0,0.0,0.0,0.0,17.0,17.0,0.0,0.0,1.0,1.0,2.0,2.0,9.0,9.0,0.0,0.0,2.6,2.6,3.6,3.6,0.0,0.0,0.0,0.0,0.0,0.0,0.0,0.0,1
00-0037801,KaVontae Turpin,WR,DAL,2024,17,0,0,0,0,0,16,92,0,0,31,52,420,2,1,0,0,0,0,0,0,73.2,104.2,16.0,16.5,0.0,0.0,0.0,0.0,0.0,0.0,110.0,63.5,1.0,0.5,12.0,6.5,18.0,10.0,127.0,68.0,3.0,1.5,47.7,25.150000000000073,59.7,31.65000000000016,0.0,0.0,0.0,0.0,0.0,0.0,0.0,0.0,2
00-0037801,KaVontae Turpin,WR,DAL,2025,15,0,0,0,0,0,17,89,0,1,26,38,396,2,0,0,0,0,0,0,0,58.5,84.5,17.0,16.5,0.0,0.0,0.0,0.0,0.0,0.0,92.0,101.0,0.0,0.5,31.0,21.5,52.0,35.0,420.0,273.5,2.0,2.5,73.2,60.450000000000074,104.2,81.95000000000016,0.0,0.0,0.0,0.0,0.0,0.0,0.0,0.0,3
00-0037805,Jeremy Ruckert,TE,NYJ,2022,2,0,0,0,0,0,0,0,0,0,1,2,8,0,0,0,0,0,0,0,0,0.8,1.8,,17.0,,0.0,,0.0,,0.0,,92.0,,0.0,,31.0,,52.0,,420.0,,2.0,,73.2,,104.2,,0.0,,0.0,,0.0,,0.0,0
00-0037805,Jeremy Ruckert,TE,NYJ,2023,10,0,0,0,0,0,0,0,0,0,16,22,151,0,0,0,0,0,0,0,0,15.1,31.1,2.0,2.0,0.0,0.0,0.0,0.0,0.0,0.0,0.0,0.0,0.0,0.0,1.0,1.0,2.0,2.0,8.0,8.0,0.0,0.0,0.8,0.8,1.8,1.8,0.0,0.0,0.0,0.0,0.0,0.0,0.0,0.0,1
00-0037805,Jeremy Ruckert,TE,NYJ,2024,14,0,0,0,0,0,0,0,0,0,18,28,105,0,0,0,0,0,0,0,0,10.5,28.5,10.0,6.0,0.0,0.0,0.0,0.0,0.0,0.0,0.0,0.0,0.0,0.0,16.0,8.5,22.0,12.0,151.0,79.5,0.0,0.0,15.1,7.950000000000071,31.1,16.450000000000156,0.0,0.0,0.0,0.0,0.0,0.0,0.0,0.0,2
00-0037805,Jeremy Ruckert,TE,NYJ,2025,14,0,0,0,0,0,0,0,0,0,23,29,179,1,0,0,0,0,0,0,0,23.9,46.9,14.0,12.0,0.0,0.0,0.0,0.0,0.0,0.0,0.0,0.0,0.0,0.0,18.0,17.0,28.0,25.0,105.0,128.0,0.0,0.0,10.5,12.800000000000072,28.5,29.800000000000157,0.0,0.0,0.0,0.0,0.0,0.0,0.0,0.0,3
00-0037809,Chig Okonkwo,TE,TEN,2022,16,0,0,0,0,0,3,2,0,0,32,46,450,3,0,0,0,0,0,0,0,65.2,97.2,,14.0,,0.0,,0.0,,0.0,,0.0,,0.0,,18.0,,28.0,,105.0,,0.0,,10.5,,28.5,,0.0,,0.0,,0.0,,0.0,0
00-0037809,Chig Okonkwo,TE,TEN,2023,17,0,0,0,0,0,2,6,0,0,54,77,528,1,0,0,0,0,0,0,0,59.4,113.4,16.0,16.0,0.0,0.0,0.0,0.0,0.0,0.0,2.0,2.0,0.0,0.0,32.0,32.0,46.0,46.0,450.0,450.0,3.0,3.0,65.2,65.2,97.2,97.2,0.0,0.0,0.0,0.0,0.0,0.0,0.0,0.0,1
00-0037809,Chig Okonkwo,TE,TEN,2024,16,0,0,0,0,0,1,17,0,0,52,70,479,2,1,0,0,0,0,0,0,61.6,113.6,17.0,16.5,0.0,0.0,0.0,0.0,0.0,0.0,6.0,4.0,0.0,0.0,54.0,43.0,77.0,61.5,528.0,489.0,1.0,2.0,59.4,62.30000000000007,113.4,105.30000000000015,0.0,0.0,0.0,0.0,0.0,0.0,0.0,0.0,2
00-0037809,Chig Okonkwo,TE,TEN,2025,17,0,0,0,0,0,0,0,0,0,56,79,560,2,0,0,0,0,0,0,0,68.0,124.0,16.0,16.5,0.0,0.0,0.0,0.0,0.0,0.0,17.0,11.5,0.0,0.0,52.0,53.0,70.0,73.5,479.0,503.5,2.0,1.5,61.6,60.50000000000007,113.6,113.50000000000016,0.0,0.0,0.0,0.0,0.0,0.0,0.0,0.0,3
00-0037816,Romeo Doubs,WR,GB,2022,13,0,0,0,0,0,1,11,0,0,42,67,425,3,1,0,0,0,0,0,0,59.6,101.6,,16.0,,0.0,,0.0,,0.0,,17.0,,0.0,,52.0,,70.0,,479.0,,2.0,,61.6,,113.6,,0.0,,0.0,,0.0,,0.0,0
00-0037816,Romeo Doubs,WR,GB,2023,17,0,0,0,0,0,0,0,0,0,59,96,674,8,0,0,0,0,0,0,0,115.4,174.4,13.0,13.0,0.0,0.0,0.0,0.0,0.0,0.0,11.0,11.0,0.0,0.0,42.0,42.0,67.0,67.0,425.0,425.0,3.0,3.0,59.6,59.6,101.6,101.6,0.0,0.0,0.0,0.0,0.0,0.0,0.0,0.0,1
00-0037816,Romeo Doubs,WR,GB,2024,13,0,0,0,0,0,0,0,0,0,46,72,601,4,0,0,0,0,0,0,0,86.1,132.1,17.0,15.0,0.0,0.0,0.0,0.0,0.0,0.0,0.0,5.5,0.0,0.0,59.0,50.5,96.0,81.5,674.0,549.5,8.0,5.5,115.4,87.50000000000007,174.4,138.00000000000017,0.0,0.0,0.0,0.0,0.0,0.0,0.0,0.0,2
00-0037816,Romeo Doubs,WR,GB,2025,16,0,0,0,0,0,0,0,0,0,55,85,724,6,0,0,0,0,0,0,0,110.4,165.4,13.0,15.0,0.0,0.0,0.0,0.0,0.0,0.0,0.0,0.0,0.0,0.0,46.0,52.5,72.0,84.0,601.0,637.5,4.0,6.0,86.1,100.75000000000007,132.1,153.25000000000017,0.0,0.0,0.0,0.0,0.0,0.0,0.0,0.0,3
00-0037827,Tyrion Davis-Price,RB,SF,2022,5,0,0,0,0,0,34,99,0,0,0,2,0,0,0,0,0,0,0,0,0,9.9,9.9,,13.0,,0.0,,0.0,,0.0,,0.0,,0.0,,46.0,,72.0,,601.0,,4.0,,86.1,,132.1,,0.0,,0.0,,0.0,,0.0,0
00-0037827,Tyrion Davis-Price,RB,SF,2023,1,0,0,0,0,0,6,21,0,0,0,0,0,0,0,0,0,0,0,0,0,2.1,2.1,5.0,5.0,0.0,0.0,0.0,0.0,0.0,0.0,99.0,99.0,0.0,0.0,0.0,0.0,2.0,2.0,0.0,0.0,0.0,0.0,9.9,9.9,9.9,9.9,0.0,0.0,0.0,0.0,0.0,0.0,0.0,0.0,1
00-0037827,Tyrion Davis-Price,RB,PHI,2024,1,0,0,0,0,0,3,7,0,0,0,0,0,0,0,0,0,0,0,0,0,0.7,0.7,1.0,3.0,0.0,0.0,0.0,0.0,0.0,0.0,21.0,60.0,0.0,0.0,0.0,0.0,0.0,1.0,0.0,0.0,0.0,0.0,2.1,6.000000000000071,2.1,6.000000000000156,0.0,0.0,0.0,0.0,0.0,0.0,0.0,0.0,2
00-0037828,Danny Gray,WR,SF,2022,7,0,0,0,0,0,1,9,0,0,1,7,10,0,0,0,0,0,0,0,0,1.9,2.9,,1.0,,0.0,,0.0,,0.0,,21.0,,0.0,,0.0,,0.0,,0.0,,0.0,,2.1,,2.1,,0.0,,0.0,,0.0,,0.0,0
00-0037834,Brock Purdy,QB,SF,2022,9,114,170,1374,13,4,22,13,1,0,0,0,0,0,0,0,0,0,0,0,0,106.26,106.26,,,,,,,,,,,,,,,,,,,,,,,,,,,,,,,,,0
00-0037834,Brock Purdy,QB,SF,2023,16,308,444,4280,31,11,39,144,2,0,0,0,0,0,0,0,0,0,0,0,0,295.6,295.6,9.0,9.0,1374.0,1374.0,13.0,13.0,4.0,4.0,13.0,13.0,1.0,1.0,0.0,0.0,0.0,0.0,0.0,0.0,0.0,0.0,106.26,106.26,106.26,106.26,0.0,0.0,0.0,0.0,0.0,0.0,0.0,0.0,1
00-0037834,Brock Purdy,QB,SF,2024,15,300,455,3864,20,12,66,323,5,0,0,0,0,0,0,0,0,0,0,0,0,266.86,266.86,16.0,12.5,4280.0,2827.0,31.0,22.0,11.0,7.5,144.0,78.5,2.0,1.5,0.0,0.0,0.0,0.0,0.0,0.0,0.0,0.0,295.6,200.9300000000001,295.6,200.93000000000018,0.0,0.0,0.0,0.0,0.0,0.0,0.0,0.0,2
00-0037834,Brock Purdy,QB,SF,2025,9,197,284,2167,20,10,33,147,3,0,0,0,0,0,0,0,0,0,0,0,0,177.38,177.38,15.0,15.5,3864.0,4072.0,20.0,25.5,12.0,11.5,323.0,233.5,5.0,3.5,0.0,0.0,0.0,0.0,0.0,0.0,0.0,0.0,266.86,281.23000000000013,266.86,281.2300000000002,0.0,0.0,0.0,0.0,0.0,0.0,0.0,0.0,3
00-0037837,Calvin Austin III,WR,PIT,2023,16,0,0,0,0,0,11,57,1,0,17,30,180,1,0,0,0,0,0,0,0,35.7,52.7,,15.0,,3864.0,,20.0,,12.0,,323.0,,5.0,,0.0,,0.0,,0.0,,0.0,,266.86,,266.86,,0.0,,0.0,,0.0,,0.0,0
00-0037837,Calvin Austin III,WR,PIT,2024,17,0,0,0,0,0,0,0,0,0,36,58,548,4,0,0,0,0,0,0,0,84.8,120.8,16.0,16.0,0.0,0.0,0.0,0.0,0.0,0.0,57.0,57.0,1.0,1.0,17.0,17.0,30.0,30.0,180.0,180.0,1.0,1.0,35.7,35.7,52.7,52.7,0.0,0.0,0.0,0.0,0.0,0.0,0.0,0.0,1
00-0037837,Calvin Austin III,WR,PIT,2025,14,0,0,0,0,0,0,0,0,0,31,55,372,3,0,0,0,0,0,0,0,55.2,86.2,17.0,16.5,0.0,0.0,0.0,0.0,0.0,0.0,0.0,28.5,0.0,0.5,36.0,26.5,58.0,44.0,548.0,364.0,4.0,2.5,84.8,60.250000000000085,120.8,86.75000000000017,0.0,0.0,0.0,0.0,0.0,0.0,0.0,0.0,2
00-0037838,Isaiah Likely,TE,BAL,2022,14,0,0,0,0,0,0,0,0,0,36,60,373,3,0,0,0,0,0,0,0,55.3,91.3,,17.0,,0.0,,0.0,,0.0,,0.0,,0.0,,36.0,,58.0,,548.0,,4.0,,84.8,,120.8,,0.0,,0.0,,0.0,,0.0,0
00-0037838,Isaiah Likely,TE,BAL,2023,14,0,0,0,0,0,0,0,0,0,30,40,411,5,0,0,0,0,0,0,0,71.1,101.1,14.0,14.0,0.0,0.0,0.0,0.0,0.0,0.0,0.0,0.0,0.0,0.0,36.0,36.0,60.0,60.0,373.0,373.0,3.0,3.0,55.3,55.3,91.3,91.3,0.0,0.0,0.0,0.0,0.0,0.0,0.0,0.0,1
00-0037838,Isaiah Likely,TE,BAL,2024,15,0,0,0,0,0,0,0,0,0,42,58,477,6,1,0,0,0,0,0,0,81.7,123.7,14.0,14.0,0.0,0.0,0.0,0.0,0.0,0.0,0.0,0.0,0.0,0.0,30.0,33.0,40.0,50.0,411.0,392.0,5.0,4.0,71.1,63.20000000000008,101.1,96.20000000000016,0.0,0.0,0.0,0.0,0.0,0.0,0.0,0.0,2
00-0037838,Isaiah Likely,TE,BAL,2025,12,0,0,0,0,0,0,0,0,0,27,36,307,1,1,0,0,0,0,0,0,34.7,61.7,15.0,14.5,0.0,0.0,0.0,0.0,0.0,0.0,0.0,0.0,0.0,0.0,42.0,36.0,58.0,49.0,477.0,444.0,6.0,5.5,81.7,76.40000000000009,123.7,112.40000000000018,0.0,0.0,0.0,0.0,0.0,0.0,0.0,0.0,3
00-0037840,Kyren Williams,RB,LA,2022,8,0,0,0,0,0,35,139,0,0,9,12,76,0,0,0,0,0,0,0,0,21.5,30.5,,15.0,,0.0,,0.0,,0.0,,0.0,,0.0,,42.0,,58.0,,477.0,,6.0,,81.7,,123.7,,0.0,,0.0,,0.0,,0.0,0
00-0037840,Kyren Williams,RB,LA,2023,12,0,0,0,0,0,228,1144,12,1,32,48,206,3,1,0,0,0,0,0,0,223.0,255.0,8.0,8.0,0.0,0.0,0.0,0.0,0.0,0.0,139.0,139.0,0.0,0.0,9.0,9.0,12.0,12.0,76.0,76.0,0.0,0.0,21.5,21.5,30.5,30.5,0.0,0.0,0.0,0.0,0.0,0.0,0.0,0.0,1
00-0037840,Kyren Williams,RB,LA,2024,16,0,0,0,0,0,316,1299,14,3,34,40,182,2,0,0,0,0,0,0,0,238.1,272.1,12.0,10.0,0.0,0.0,0.0,0.0,0.0,0.0,1144.0,641.5,12.0,6.0,32.0,20.5,48.0,30.0,206.0,141.0,3.0,1.5,223.0,122.25000000000009,255.0,142.75000000000017,0.0,0.0,0.0,0.0,0.0,0.0,0.0,0.0,2
00-0037840,Kyren Williams,RB,LA,2025,17,0,0,0,0,0,259,1252,10,2,36,50,281,3,0,0,0,0,0,0,0,227.3,263.3,16.0,14.0,0.0,0.0,0.0,0.0,0.0,0.0,1299.0,1221.5,14.0,13.0,34.0,33.0,40.0,44.0,182.0,194.0,2.0,2.5,238.1,230.55000000000007,272.1,263.5500000000002,0.0,0.0,0.0,0.0,0.0,0.0,0.0,0.0,3
00-0038040,Zamir White,RB,LV,2022,11,0,0,0,0,0,17,70,0,0,0,0,0,0,0,0,0,0,0,0,0,7.0,7.0,,16.0,,0.0,,0.0,,0.0,,1299.0,,14.0,,34.0,,40.0,,182.0,,2.0,,238.1,,272.1,,0.0,,0.0,,0.0,,0.0,0
00-0038040,Zamir White,RB,LV,2023,13,0,0,0,0,0,104,451,1,1,15,19,98,0,0,0,0,0,0,0,0,58.9,73.9,11.0,11.0,0.0,0.0,0.0,0.0,0.0,0.0,70.0,70.0,0.0,0.0,0.0,0.0,0.0,0.0,0.0,0.0,0.0,0.0,7.0,7.0,7.0,7.0,0.0,0.0,0.0,0.0,0.0,0.0,0.0,0.0,1
00-0038040,Zamir White,RB,LV,2024,8,0,0,0,0,0,65,183,1,2,6,8,30,0,0,0,0,0,0,0,0,23.3,29.3,13.0,12.0,0.0,0.0,0.0,0.0,0.0,0.0,451.0,260.5,1.0,0.5,15.0,7.5,19.0,9.5,98.0,49.0,0.0,0.0,58.9,32.95000000000009,73.9,40.45000000000017,0.0,0.0,0.0,0.0,0.0,0.0,0.0,0.0,2
00-0038040,Zamir White,RB,LV,2025,5,0,0,0,0,0,12,32,0,0,4,6,24,0,0,0,0,0,0,0,0,5.6,9.6,8.0,10.5,0.0,0.0,0.0,0.0,0.0,0.0,183.0,317.0,1.0,1.0,6.0,10.5,8.0,13.5,30.0,64.0,0.0,0.0,23.3,41.10000000000009,29.3,51.60000000000017,0.0,0.0,0.0,0.0,0.0,0.0,0.0,0.0,3
00-0038041,Jake Ferguson,TE,DAL,2022,11,0,0,0,0,0,0,0,0,0,19,22,174,2,0,0,0,0,0,0,0,29.4,48.4,,8.0,,0.0,,0.0,,0.0,,183.0,,1.0,,6.0,,8.0,,30.0,,0.0,,23.3,,29.3,,0.0,,0.0,,0.0,,0.0,0
00-0038041,Jake Ferguson,TE,DAL,2023,17,0,0,0,0,0,0,0,0,0,71,102,761,5,0,0,0,0,0,0,0,106.1,177.1,11.0,11.0,0.0,0.0,0.0,0.0,0.0,0.0,0.0,0.0,0.0,0.0,19.0,19.0,22.0,22.0,174.0,174.0,2.0,2.0,29.4,29.4,48.4,48.4,0.0,0.0,0.0,0.0,0.0,0.0,0.0,0.0,1
00-0038041,Jake Ferguson,TE,DAL,2024,14,0,0,0,0,0,0,0,0,0,59,86,494,0,2,0,0,0,0,0,0,45.4,104.4,17.0,14.0,0.0,0.0,0.0,0.0,0.0,0.0,0.0,0.0,0.0,0.0,71.0,45.0,102.0,62.0,761.0,467.5,5.0,3.5,106.1,67.75000000000009,177.1,112.75000000000017,0.0,0.0,0.0,0.0,0.0,0.0,0.0,0.0,2
00-0038041,Jake Ferguson,TE,DAL,2025,17,0,0,0,0,0,1,1,0,0,82,102,600,8,2,0,0,0,0,0,0,106.1,188.1,14.0,15.5,0.0,0.0,0.0,0.0,0.0,0.0,0.0,0.0,0.0,0.0,59.0,65.0,86.0,94.0,494.0,627.5,0.0,2.5,45.4,75.75000000000009,104.4,140.75000000000017,0.0,0.0,0.0,0.0,0.0,0.0,0.0,0.0,3
00-0038045,Isaiah Spiller,RB,LAC,2022,5,0,0,0,0,0,18,41,0,0,3,3,13,0,0,0,0,0,0,0,0,5.4,8.4,,14.0,,0.0,,0.0,,0.0,,0.0,,0.0,,59.0,,86.0,,494.0,,0.0,,45.4,,104.4,,0.0,,0.0,,0.0,,0.0,0
00-0038045,Isaiah Spiller,RB,LAC,2023,9,0,0,0,0,0,37,96,0,0,6,6,34,0,0,0,0,0,0,0,0,13.0,19.0,5.0,5.0,0.0,0.0,0.0,0.0,0.0,0.0,41.0,41.0,0.0,0.0,3.0,3.0,3.0,3.0,13.0,13.0,0.0,0.0,5.4,5.4,8.4,8.4,0.0,0.0,0.0,0.0,0.0,0.0,0.0,0.0,1
00-0038046,Charlie Kolar,TE,BAL,2022,1,0,0,0,0,0,0,0,0,0,4,6,49,0,0,0,0,0,0,0,0,4.9,8.9,,5.0,,0.0,,0.0,,0.0,,41.0,,0.0,,3.0,,3.0,,13.0,,0.0,,5.4,,8.4,,0.0,,0.0,,0.0,,0.0,0
00-0038046,Charlie Kolar,TE,BAL,2023,9,0,0,0,0,0,0,0,0,0,7,9,87,1,0,0,0,0,0,0,0,14.7,21.7,1.0,1.0,0.0,0.0,0.0,0.0,0.0,0.0,0.0,0.0,0.0,0.0,4.0,4.0,6.0,6.0,49.0,49.0,0.0,0.0,4.9,4.9,8.9,8.9,0.0,0.0,0.0,0.0,0.0,0.0,0.0,0.0,1
00-0038046,Charlie Kolar,TE,BAL,2024,10,0,0,0,0,0,1,2,0,0,9,11,131,1,0,0,0,0,0,0,0,19.3,28.3,9.0,5.0,0.0,0.0,0.0,0.0,0.0,0.0,0.0,0.0,0.0,0.0,7.0,5.5,9.0,7.5,87.0,68.0,1.0,0.5,14.7,9.800000000000086,21.7,15.300000000000171,0.0,0.0,0.0,0.0,0.0,0.0,0.0,0.0,2
00-0038046,Charlie Kolar,TE,BAL,2025,13,0,0,0,0,0,0,0,0,0,10,15,142,2,0,0,0,0,0,0,0,26.2,36.2,10.0,9.5,0.0,0.0,0.0,0.0,0.0,0.0,2.0,1.0,0.0,0.0,9.0,8.0,11.0,10.0,131.0,109.0,1.0,1.0,19.3,17.000000000000085,28.3,25.00000000000017,0.0,0.0,0.0,0.0,0.0,0.0,0.0,0.0,3
00-0038090,Skyy Moore,WR,KC,2022,16,0,0,0,0,0,3,24,0,0,22,33,250,0,0,0,0,0,0,0,0,27.4,49.4,,10.0,,0.0,,0.0,,0.0,,2.0,,0.0,,9.0,,11.0,,131.0,,1.0,,19.3,,28.3,,0.0,,0.0,,0.0,,0.0,0
00-0038090,Skyy Moore,WR,KC,2023,13,0,0,0,0,0,3,23,0,0,21,38,244,1,0,0,0,0,0,0,0,32.7,53.7,16.0,16.0,0.0,0.0,0.0,0.0,0.0,0.0,24.0,24.0,0.0,0.0,22.0,22.0,33.0,33.0,250.0,250.0,0.0,0.0,27.4,27.4,49.4,49.4,0.0,0.0,0.0,0.0,0.0,0.0,0.0,0.0,1
00-0038090,Skyy Moore,WR,KC,2024,3,0,0,0,0,0,0,0,0,0,0,3,0,0,0,0,0,0,0,0,0,0.0,0.0,13.0,14.5,0.0,0.0,0.0,0.0,0.0,0.0,23.0,23.5,0.0,0.0,21.0,21.5,38.0,35.5,244.0,247.0,1.0,0.5,32.7,30.050000000000086,53.7,51.55000000000017,0.0,0.0,0.0,0.0,0.0,0.0,0.0,0.0,2
00-0038090,Skyy Moore,WR,SF,2025,17,0,0,0,0,0,2,11,0,0,5,7,87,0,0,0,0,0,0,0,0,9.8,14.8,3.0,8.0,0.0,0.0,0.0,0.0,0.0,0.0,0.0,11.5,0.0,0.0,0.0,10.5,3.0,20.5,0.0,122.0,0.0,0.5,0.0,16.350000000000087,0.0,26.850000000000172,0.0,0.0,0.0,0.0,0.0,0.0,0.0,0.0,3
00-0038092,Erik Ezukanma,WR,MIA,2022,1,0,0,0,0,0,0,0,0,0,1,1,3,0,0,0,0,0,0,0,0,0.3,1.3,,3.0,,0.0,,0.0,,0.0,,0.0,,0.0,,0.0,,3.0,,0.0,,0.0,,0.0,,0.0,,0.0,,0.0,,0.0,,0.0,0
00-0038092,Erik Ezukanma,WR,MIA,2023,2,0,0,0,0,0,5,22,0,0,0,1,0,0,0,0,0,0,0,0,0,2.2,2.2,1.0,1.0,0.0,0.0,0.0,0.0,0.0,0.0,0.0,0.0,0.0,0.0,1.0,1.0,1.0,1.0,3.0,3.0,0.0,0.0,0.3,0.3,1.3,1.3,0.0,0.0,0.0,0.0,0.0,0.0,0.0,0.0,1
00-0038092,Erik Ezukanma,WR,MIA,2024,1,0,0,0,0,0,0,0,0,0,0,2,0,0,0,0,0,0,0,0,0,0.0,0.0,2.0,1.5,0.0,0.0,0.0,0.0,0.0,0.0,22.0,11.0,0.0,0.0,0.0,0.5,1.0,1.0,0.0,1.5,0.0,0.0,2.2,1.2500000000000853,2.2,1.7500000000001705,0.0,0.0,0.0,0.0,0.0,0.0,0.0,0.0,2
00-0038097,Cade York,K,CLE,2022,17,0,0,0,0,0,0,0,0,0,0,0,0,0,0,24,32,4,0,35,37,0.0,0.0,,2.0,,0.0,,0.0,,0.0,,22.0,,0.0,,0.0,,1.0,,0.0,,0.0,,2.2,,2.2,,0.0,,0.0,,0.0,,0.0,0
00-0038097,Cade York,K,CIN,2024,6,0,0,0,0,0,0,0,0,0,0,0,0,0,0,9,13,1,0,16,17,0.0,0.0,17.0,17.0,0.0,0.0,0.0,0.0,0.0,0.0,0.0,0.0,0.0,0.0,0.0,0.0,0.0,0.0,0.0,0.0,0.0,0.0,0.0,0.0,0.0,0.0,24.0,24.0,32.0,32.0,35.0,35.0,37.0,37.0,1
00-0038098,Pierre Strong,RB,NE,2022,10,0,0,0,0,0,10,100,1,0,7,7,42,0,0,0,0,0,0,0,0,20.2,27.2,,17.0,,0.0,,0.0,,0.0,,0.0,,0.0,,0.0,,0.0,,0.0,,0.0,,0.0,,0.0,,24.0,,32.0,,35.0,,37.0,0
00-0038098,Pierre Strong,RB,CLE,2023,16,0,0,0,0,0,63,291,1,1,5,8,47,0,0,0,0,0,0,0,0,37.8,42.8,10.0,10.0,0.0,0.0,0.0,0.0,0.0,0.0,100.0,100.0,1.0,1.0,7.0,7.0,7.0,7.0,42.0,42.0,0.0,0.0,20.2,20.2,27.2,27.2,0.0,0.0,0.0,0.0,0.0,0.0,0.0,0.0,1
00-0038098,Pierre Strong,RB,CLE,2024,13,0,0,0,0,0,26,108,0,0,14,22,104,0,0,0,0,0,0,0,0,21.2,35.2,16.0,13.0,0.0,0.0,0.0,0.0,0.0,0.0,291.0,195.5,1.0,1.0,5.0,6.0,8.0,7.5,47.0,44.5,0.0,0.0,37.8,29.000000000000085,42.8,35.00000000000017,0.0,0.0,0.0,0.0,0.0,0.0,0.0,0.0,2
00-0038102,Kenny Pickett,QB,PIT,2022,13,245,389,2404,7,9,55,237,3,0,0,0,0,0,0,0,0,0,0,0,0,149.86,149.86,,16.0,,0.0,,0.0,,0.0,,291.0,,1.0,,5.0,,8.0,,47.0,,0.0,,37.8,,42.8,,0.0,,0.0,,0.0,,0.0,0
00-0038102,Kenny Pickett,QB,PIT,2023,12,201,324,2070,6,4,42,54,1,0,0,0,0,0,0,0,0,0,0,0,0,110.2,110.2,13.0,13.0,2404.0,2404.0,7.0,7.0,9.0,9.0,237.0,237.0,3.0,3.0,0.0,0.0,0.0,0.0,0.0,0.0,0.0,0.0,149.86,149.86,149.86,149.86,0.0,0.0,0.0,0.0,0.0,0.0,0.0,0.0,1
00-0038102,Kenny Pickett,QB,PHI,2024,5,25,42,291,2,1,9,15,1,0,0,0,0,0,0,0,0,0,0,0,0,25.14,25.14,12.0,12.5,2070.0,2237.0,6.0,6.5,4.0,6.5,54.0,145.5,1.0,2.0,0.0,0.0,0.0,0.0,0.0,0.0,0.0,0.0,110.2,130.0300000000001,110.2,130.03000000000017,0.0,0.0,0.0,0.0,0.0,0.0,0.0,0.0,2
00-0038102,Kenny Pickett,QB,LV,2025,6,28,45,188,1,2,5,22,0,1,0,0,0,0,0,0,0,0,0,0,0,7.72,7.72,5.0,8.5,291.0,1180.5,2.0,4.0,1.0,2.5,15.0,34.5,1.0,1.0,0.0,0.0,0.0,0.0,0.0,0.0,0.0,0.0,25.14,67.67000000000009,25.14,67.67000000000017,0.0,0.0,0.0,0.0,0.0,0.0,0.0,0.0,3
00-0038104,Tyquan Thornton,WR,NE,2022,12,0,0,0,0,0,3,16,1,0,22,45,247,2,0,0,0,0,0,0,0,44.3,66.3,,5.0,,291.0,,2.0,,1.0,,15.0,,1.0,,0.0,,0.0,,0.0,,0.0,,25.14,,25.14,,0.0,,0.0,,0.0,,0.0,0
00-0038104,Tyquan Thornton,WR,NE,2023,9,0,0,0,0,0,3,51,0,0,13,23,91,0,0,0,0,0,0,0,0,14.2,27.2,12.0,12.0,0.0,0.0,0.0,0.0,0.0,0.0,16.0,16.0,1.0,1.0,22.0,22.0,45.0,45.0,247.0,247.0,2.0,2.0,44.3,44.3,66.3,66.3,0.0,0.0,0.0,0.0,0.0,0.0,0.0,0.0,1
00-0038104,Tyquan Thornton,WR,NE,2024,4,0,0,0,0,0,0,0,0,0,4,8,47,0,0,0,0,0,0,0,0,4.7,8.7,9.0,10.5,0.0,0.0,0.0,0.0,0.0,0.0,51.0,33.5,0.0,0.5,13.0,17.5,23.0,34.0,91.0,169.0,0.0,1.0,14.2,29.250000000000085,27.2,46.75000000000017,0.0,0.0,0.0,0.0,0.0,0.0,0.0,0.0,2
00-0038104,Tyquan Thornton,WR,KC,2025,12,0,0,0,0,0,0,0,0,0,19,37,438,3,0,0,0,0,0,0,0,61.8,80.8,4.0,6.5,0.0,0.0,0.0,0.0,0.0,0.0,0.0,25.5,0.0,0.0,4.0,8.5,8.0,15.5,47.0,69.0,0.0,0.0,4.7,9.450000000000085,8.7,17.95000000000017,0.0,0.0,0.0,0.0,0.0,0.0,0.0,0.0,3
00-0038108,Bailey Zappe,QB,NE,2022,4,65,92,781,5,3,10,0,0,1,1,1,-6,0,0,0,0,0,0,0,0,38.64,39.64,,4.0,,0.0,,0.0,,0.0,,0.0,,0.0,,4.0,,8.0,,47.0,,0.0,,4.7,,8.7,,0.0,,0.0,,0.0,,0.0,0
00-0038108,Bailey Zappe,QB,NE,2023,10,127,212,1272,6,9,17,83,1,0,0,0,0,0,0,0,0,0,0,0,0,69.18,69.18,4.0,4.0,781.0,781.0,5.0,5.0,3.0,3.0,0.0,0.0,0.0,0.0,1.0,1.0,1.0,1.0,-6.0,-6.0,0.0,0.0,38.64,38.64,39.64,39.64,0.0,0.0,0.0,0.0,0.0,0.0,0.0,0.0,1
00-0038108,Bailey Zappe,QB,CLE,2024,1,16,31,170,1,2,2,2,0,0,0,0,0,0,0,0,0,0,0,0,0,7.0,7.0,10.0,7.0,1272.0,1026.5,6.0,5.5,9.0,6.0,83.0,41.5,1.0,0.5,0.0,0.5,0.0,0.5,0.0,-3.0,0.0,0.0,69.18,53.91000000000009,69.18,54.410000000000174,0.0,0.0,0.0,0.0,0.0,0.0,0.0,0.0,2
00-0038115,Daniel Bellinger,TE,NYG,2022,11,0,0,0,0,0,1,2,1,0,30,35,268,2,1,0,0,0,0,0,0,45.0,75.0,,10.0,,1272.0,,6.0,,9.0,,83.0,,1.0,,0.0,,0.0,,0.0,,0.0,,69.18,,69.18,,0.0,,0.0,,0.0,,0.0,0
00-0038115,Daniel Bellinger,TE,NYG,2023,14,0,0,0,0,0,0,0,0,0,25,28,255,0,0,0,0,0,0,0,0,25.5,50.5,11.0,11.0,0.0,0.0,0.0,0.0,0.0,0.0,2.0,2.0,1.0,1.0,30.0,30.0,35.0,35.0,268.0,268.0,2.0,2.0,45.0,45.0,75.0,75.0,0.0,0.0,0.0,0.0,0.0,0.0,0.0,0.0,1
00-0038115,Daniel Bellinger,TE,NYG,2024,12,0,0,0,0,0,0,0,0,0,14,17,125,0,0,0,0,0,0,0,0,12.5,26.5,14.0,12.5,0.0,0.0,0.0,0.0,0.0,0.0,0.0,1.0,0.0,0.5,25.0,27.5,28.0,31.5,255.0,261.5,0.0,1.0,25.5,35.250000000000085,50.5,62.75000000000017,0.0,0.0,0.0,0.0,0.0,0.0,0.0,0.0,2
00-0038115,Daniel Bellinger,TE,NYG,2025,13,0,0,0,0,0,0,0,0,0,19,26,286,2,0,0,0,0,0,0,0,40.6,59.6,12.0,13.0,0.0,0.0,0.0,0.0,0.0,0.0,0.0,0.0,0.0,0.0,14.0,19.5,17.0,22.5,125.0,190.0,0.0,0.0,12.5,19.000000000000085,26.5,38.50000000000017,0.0,0.0,0.0,0.0,0.0,0.0,0.0,0.0,3
00-0038117,Wan'Dale Robinson,WR,NYG,2022,6,0,0,0,0,0,2,-1,0,0,23,31,227,1,0,0,0,0,0,0,0,28.6,51.6,,12.0,,0.0,,0.0,,0.0,,0.0,,0.0,,14.0,,17.0,,125.0,,0.0,,12.5,,26.5,,0.0,,0.0,,0.0,,0.0,0
00-0038117,Wan'Dale Robinson,WR,NYG,2023,15,0,0,0,0,0,9,87,1,0,60,78,525,1,0,0,0,0,0,0,0,73.2,133.2,6.0,6.0,0.0,0.0,0.0,0.0,0.0,0.0,-1.0,-1.0,0.0,0.0,23.0,23.0,31.0,31.0,227.0,227.0,1.0,1.0,28.6,28.6,51.6,51.6,0.0,0.0,0.0,0.0,0.0,0.0,0.0,0.0,1
00-0038117,Wan'Dale Robinson,WR,NYG,2024,17,0,0,0,0,0,3,18,0,0,93,140,699,3,0,0,0,0,0,0,0,89.7,182.7,15.0,10.5,0.0,0.0,0.0,0.0,0.0,0.0,87.0,43.0,1.0,0.5,60.0,41.5,78.0,54.5,525.0,376.0,1.0,1.0,73.2,50.90000000000009,133.2,92.40000000000016,0.0,0.0,0.0,0.0,0.0,0.0,0.0,0.0,2
00-0038117,Wan'Dale Robinson,WR,NYG,2025,16,0,0,0,0,0,3,5,0,0,92,140,1014,4,0,0,0,0,0,0,0,125.9,217.9,17.0,16.0,0.0,0.0,0.0,0.0,0.0,0.0,18.0,52.5,0.0,0.5,93.0,76.5,140.0,109.0,699.0,612.0,3.0,2.0,89.7,81.45000000000009,182.7,157.95000000000016,0.0,0.0,0.0,0.0,0.0,0.0,0.0,0.0,3
00-0038120,Breece Hall,RB,NYJ,2022,7,0,0,0,0,0,80,463,4,0,19,31,218,1,1,0,0,0,0,0,0,96.1,115.1,,17.0,,0.0,,0.0,,0.0,,18.0,,0.0,,93.0,,140.0,,699.0,,3.0,,89.7,,182.7,,0.0,,0.0,,0.0,,0.0,0
00-0038120,Breece Hall,RB,NYJ,2023,17,0,0,0,0,0,223,994,5,0,76,95,591,4,0,0,0,0,0,0,0,214.5,290.5,7.0,7.0,0.0,0.0,0.0,0.0,0.0,0.0,463.0,463.0,4.0,4.0,19.0,19.0,31.0,31.0,218.0,218.0,1.0,1.0,96.1,96.1,115.1,115.1,0.0,0.0,0.0,0.0,0.0,0.0,0.0,0.0,1
00-0038120,Breece Hall,RB,NYJ,2024,16,0,0,0,0,0,209,876,5,1,57,76,483,3,1,0,0,0,0,0,0,183.9,240.9,17.0,12.0,0.0,0.0,0.0,0.0,0.0,0.0,994.0,728.5,5.0,4.5,76.0,47.5,95.0,63.0,591.0,404.5,4.0,2.5,214.5,155.30000000000007,290.5,202.80000000000018,0.0,0.0,0.0,0.0,0.0,0.0,0.0,0.0,2
00-0038120,Breece Hall,RB,NYJ,2025,16,1,1,4,1,0,243,1065,4,2,36,48,350,1,0,0,0,0,0,0,0,171.66,207.66,16.0,16.5,0.0,0.0,0.0,0.0,0.0,0.0,876.0,935.0,5.0,5.0,57.0,66.5,76.0,85.5,483.0,537.0,3.0,3.5,183.9,199.20000000000007,240.9,265.70000000000016,0.0,0.0,0.0,0.0,0.0,0.0,0.0,0.0,3
00-0038122,Desmond Ridder,QB,ATL,2022,4,73,115,708,2,0,16,64,0,1,0,0,0,0,0,0,0,0,0,0,0,38.72,38.72,,16.0,,0.0,,0.0,,0.0,,876.0,,5.0,,57.0,,76.0,,483.0,,3.0,,183.9,,240.9,,0.0,,0.0,,0.0,,0.0,0
00-0038122,Desmond Ridder,QB,ATL,2023,15,249,388,2836,12,12,53,193,5,3,1,1,-6,0,0,0,0,0,0,0,0,176.14,177.14,4.0,4.0,708.0,708.0,2.0,2.0,0.0,0.0,64.0,64.0,0.0,0.0,0.0,0.0,0.0,0.0,0.0,0.0,0.0,0.0,38.72,38.72,38.72,38.72,0.0,0.0,0.0,0.0,0.0,0.0,0.0,0.0,1
00-0038122,Desmond Ridder,QB,LV,2024,5,52,85,458,2,2,9,36,0,0,0,0,0,0,0,0,0,0,0,0,0,21.92,21.92,15.0,9.5,2836.0,1772.0,12.0,7.0,12.0,6.0,193.0,128.5,5.0,2.5,1.0,0.5,1.0,0.5,-6.0,-3.0,0.0,0.0,176.14,107.43000000000006,177.14,107.93000000000016,0.0,0.0,0.0,0.0,0.0,0.0,0.0,0.0,2
00-0038124,Christian Watson,WR,GB,2022,14,0,0,0,0,0,7,80,2,0,41,66,611,7,0,0,0,0,0,0,0,123.1,164.1,,15.0,,2836.0,,12.0,,12.0,,193.0,,5.0,,1.0,,1.0,,-6.0,,0.0,,176.14,,177.14,,0.0,,0.0,,0.0,,0.0,0
00-0038124,Christian Watson,WR,GB,2023,9,0,0,0,0,0,4,11,0,0,28,53,422,5,0,0,0,0,0,0,0,73.3,101.3,14.0,14.0,0.0,0.0,0.0,0.0,0.0,0.0,80.0,80.0,2.0,2.0,41.0,41.0,66.0,66.0,611.0,611.0,7.0,7.0,123.1,123.1,164.1,164.1,0.0,0.0,0.0,0.0,0.0,0.0,0.0,0.0,1
00-0038124,Christian Watson,WR,GB,2024,14,0,0,0,0,0,4,23,0,0,29,53,620,2,1,0,0,0,0,0,0,76.3,105.3,9.0,11.5,0.0,0.0,0.0,0.0,0.0,0.0,11.0,45.5,0.0,1.0,28.0,34.5,53.0,59.5,422.0,516.5,5.0,6.0,73.3,98.20000000000007,101.3,132.70000000000016,0.0,0.0,0.0,0.0,0.0,0.0,0.0,0.0,2
00-0038124,Christian Watson,WR,GB,2025,10,0,0,0,0,0,1,3,0,0,35,55,611,6,0,0,0,0,0,0,0,97.4,132.4,14.0,11.5,0.0,0.0,0.0,0.0,0.0,0.0,23.0,17.0,0.0,0.0,29.0,28.5,53.0,53.0,620.0,521.0,2.0,3.5,76.3,74.80000000000007,105.3,103.30000000000017,0.0,0.0,0.0,0.0,0.0,0.0,0.0,0.0,3
00-0038128,Malik Willis,QB,TEN,2022,7,31,61,276,0,3,27,123,1,2,0,0,0,0,0,0,0,0,0,0,0,19.34,19.34,,14.0,,0.0,,0.0,,0.0,,23.0,,0.0,,29.0,,53.0,,620.0,,2.0,,76.3,,105.3,,0.0,,0.0,,0.0,,0.0,0
00-0038128,Malik Willis,QB,TEN,2023,2,4,5,74,0,0,5,21,0,1,0,0,0,0,0,0,0,0,0,0,0,3.06,3.06,7.0,7.0,276.0,276.0,0.0,0.0,3.0,3.0,123.0,123.0,1.0,1.0,0.0,0.0,0.0,0.0,0.0,0.0,0.0,0.0,19.34,19.34,19.34,19.34,0.0,0.0,0.0,0.0,0.0,0.0,0.0,0.0,1
00-0038128,Malik Willis,QB,GB,2024,6,40,54,550,3,0,20,138,1,0,0,0,0,0,0,0,0,0,0,0,0,51.8,51.8,2.0,4.5,74.0,175.0,0.0,0.0,0.0,1.5,21.0,72.0,0.0,0.5,0.0,0.0,0.0,0.0,0.0,0.0,0.0,0.0,3.06,11.20000000000007,3.06,11.20000000000017,0.0,0.0,0.0,0.0,0.0,0.0,0.0,0.0,2
00-0038128,Malik Willis,QB,GB,2025,4,30,35,422,3,0,22,123,2,1,0,0,0,0,0,0,0,0,0,0,0,51.18,51.18,6.0,4.0,550.0,312.0,3.0,1.5,0.0,0.0,138.0,79.5,1.0,0.5,0.0,0.0,0.0,0.0,0.0,0.0,0.0,0.0,51.8,27.43000000000007,51.8,27.43000000000017,0.0,0.0,0.0,0.0,0.0,0.0,0.0,0.0,3
00-0038129,Cade Otton,TE,TB,2022,16,0,0,0,0,0,0,0,0,0,42,65,391,2,0,0,0,0,0,0,0,51.1,93.1,,6.0,,550.0,,3.0,,0.0,,138.0,,1.0,,0.0,,0.0,,0.0,,0.0,,51.8,,51.8,,0.0,,0.0,,0.0,,0.0,0
00-0038129,Cade Otton,TE,TB,2023,17,0,0,0,0,0,0,0,0,0,47,67,455,4,0,0,0,0,0,0,0,71.5,118.5,16.0,16.0,0.0,0.0,0.0,0.0,0.0,0.0,0.0,0.0,0.0,0.0,42.0,42.0,65.0,65.0,391.0,391.0,2.0,2.0,51.1,51.1,93.1,93.1,0.0,0.0,0.0,0.0,0.0,0.0,0.0,0.0,1
00-0038129,Cade Otton,TE,TB,2024,14,0,0,0,0,0,1,-4,0,0,59,87,600,4,1,0,0,0,0,0,0,81.6,140.6,17.0,16.5,0.0,0.0,0.0,0.0,0.0,0.0,0.0,0.0,0.0,0.0,47.0,44.5,67.0,66.0,455.0,423.0,4.0,3.0,71.5,61.30000000000007,118.5,105.80000000000017,0.0,0.0,0.0,0.0,0.0,0.0,0.0,0.0,2
00-0038129,Cade Otton,TE,TB,2025,15,0,0,0,0,0,0,0,0,0,59,81,572,1,0,0,0,0,0,0,0,63.2,122.2,14.0,15.5,0.0,0.0,0.0,0.0,0.0,0.0,-4.0,-2.0,0.0,0.0,59.0,53.0,87.0,77.0,600.0,527.5,4.0,4.0,81.6,76.55000000000007,140.6,129.55000000000018,0.0,0.0,0.0,0.0,0.0,0.0,0.0,0.0,3
00-0038134,Kenneth Walker III,RB,SEA,2022,15,0,0,0,0,0,228,1050,9,0,27,35,165,0,0,0,0,0,0,0,0,175.5,202.5,,14.0,,0.0,,0.0,,0.0,,-4.0,,0.0,,59.0,,87.0,,600.0,,4.0,,81.6,,140.6,,0.0,,0.0,,0.0,,0.0,0
00-0038134,Kenneth Walker III,RB,SEA,2023,15,0,0,0,0,0,219,905,8,0,29,37,259,1,0,0,0,0,0,0,0,170.4,199.4,15.0,15.0,0.0,0.0,0.0,0.0,0.0,0.0,1050.0,1050.0,9.0,9.0,27.0,27.0,35.0,35.0,165.0,165.0,0.0,0.0,175.5,175.5,202.5,202.5,0.0,0.0,0.0,0.0,0.0,0.0,0.0,0.0,1
00-0038134,Kenneth Walker III,RB,SEA,2024,11,0,0,0,0,0,153,573,7,0,46,53,299,1,0,0,0,0,0,0,0,135.2,181.2,15.0,15.0,0.0,0.0,0.0,0.0,0.0,0.0,905.0,977.5,8.0,8.5,29.0,28.0,37.0,36.0,259.0,212.0,1.0,0.5,170.4,172.95000000000007,199.4,200.95000000000016,0.0,0.0,0.0,0.0,0.0,0.0,0.0,0.0,2
00-0038134,Kenneth Walker III,RB,SEA,2025,17,0,0,0,0,0,221,1027,5,0,31,36,282,0,0,0,0,0,0,0,0,160.9,191.9,11.0,13.0,0.0,0.0,0.0,0.0,0.0,0.0,573.0,739.0,7.0,7.5,46.0,37.5,53.0,45.0,299.0,279.0,1.0,1.0,135.2,152.80000000000007,181.2,190.30000000000018,0.0,0.0,0.0,0.0,0.0,0.0,0.0,0.0,3
00-0038147,Daylen Baldwin,WR,CLE,2022,1,0,0,0,0,0,0,0,0,0,2,2,25,0,0,0,0,0,0,0,0,2.5,4.5,,11.0,,0.0,,0.0,,0.0,,573.0,,7.0,,46.0,,53.0,,299.0,,1.0,,135.2,,181.2,,0.0,,0.0,,0.0,,0.0,0
00-0038149,Josh Ali,WR,ATL,2022,1,0,0,0,0,0,0,0,0,0,0,1,0,0,0,0,0,0,0,0,0,0.0,0.0,,,,,,,,,,,,,,,,,,,,,,,,,,,,,,,,,0
00-0038152,Lucas Havrisik,K,LA,2023,9,0,0,0,0,0,0,0,0,0,0,0,0,0,0,15,20,2,0,19,22,0.0,0.0,,,,,,,,,,,,,,,,,,,,,,,,,,,,,,,,,0
00-0038152,Lucas Havrisik,K,GB,2025,3,0,0,0,0,0,0,0,0,0,0,0,0,0,0,4,4,0,1,7,9,0.0,0.0,9.0,9.0,0.0,0.0,0.0,0.0,0.0,0.0,0.0,0.0,0.0,0.0,0.0,0.0,0.0,0.0,0.0,0.0,0.0,0.0,0.0,0.0,0.0,0.0,15.0,15.0,20.0,20.0,19.0,19.0,22.0,22.0,1
00-0038359,Xavier Smith,WR,LA,2024,14,0,0,0,0,0,4,36,0,0,2,2,6,0,0,0,0,0,0,0,0,4.2,6.2,,9.0,,0.0,,0.0,,0.0,,0.0,,0.0,,0.0,,0.0,,0.0,,0.0,,0.0,,0.0,,15.0,,20.0,,19.0,,22.0,0
00-0038359,Xavier Smith,WR,LA,2025,16,0,0,0,0,0,0,0,0,0,18,24,303,0,0,0,0,0,0,0,0,30.3,48.3,14.0,14.0,0.0,0.0,0.0,0.0,0.0,0.0,36.0,36.0,0.0,0.0,2.0,2.0,2.0,2.0,6.0,6.0,0.0,0.0,4.2,4.2,6.2,6.2,0.0,0.0,0.0,0.0,0.0,0.0,0.0,0.0,1
00-0038389,Israel Abanikanda,RB,NYJ,2023,6,0,0,0,0,0,22,70,0,0,7,11,43,0,0,0,0,0,0,0,0,11.3,18.3,,14.0,,0.0,,0.0,,0.0,,36.0,,0.0,,2.0,,2.0,,6.0,,0.0,,4.2,,6.2,,0.0,,0.0,,0.0,,0.0,0
00-0038391,Sean Clifford,QB,GB,2023,2,1,1,37,0,0,3,-2,0,0,0,0,0,0,0,0,0,0,0,0,0,1.28,1.28,,,,,,,,,,,,,,,,,,,,,,,,,,,,,,,,,0
00-0038393,Dontayvion Wicks,WR,GB,2023,15,1,1,14,0,0,1,1,0,0,39,58,581,4,1,0,0,0,0,0,0,80.76,119.76,,,,,,,,,,,,,,,,,,,,,,,,,,,,,,,,,0
00-0038393,Dontayvion Wicks,WR,GB,2024,17,0,0,0,0,0,0,0,0,0,39,76,415,5,0,0,0,0,0,0,0,71.5,110.5,15.0,15.0,14.0,14.0,0.0,0.0,0.0,0.0,1.0,1.0,0.0,0.0,39.0,39.0,58.0,58.0,581.0,581.0,4.0,4.0,80.76,80.76,119.76,119.76,0.0,0.0,0.0,0.0,0.0,0.0,0.0,0.0,1
00-0038393,Dontayvion Wicks,WR,GB,2025,13,0,0,0,0,0,1,6,0,0,30,46,332,2,0,0,0,0,0,0,0,45.8,75.8,17.0,16.0,0.0,7.0,0.0,0.0,0.0,0.0,0.0,0.5,0.0,0.0,39.0,39.0,76.0,67.0,415.0,498.0,5.0,4.5,71.5,76.13000000000008,110.5,115.13000000000017,0.0,0.0,0.0,0.0,0.0,0.0,0.0,0.0,2
00-0038394,Will Mallory,TE,IND,2023,11,0,0,0,0,0,0,0,0,0,18,26,207,0,0,0,0,0,0,0,0,20.7,38.7,,17.0,,0.0,,0.0,,0.0,,0.0,,0.0,,39.0,,76.0,,415.0,,5.0,,71.5,,110.5,,0.0,,0.0,,0.0,,0.0,0
00-0038394,Will Mallory,TE,IND,2024,7,0,0,0,0,0,0,0,0,0,4,8,29,0,0,0,0,0,0,0,0,2.9,6.9,11.0,11.0,0.0,0.0,0.0,0.0,0.0,0.0,0.0,0.0,0.0,0.0,18.0,18.0,26.0,26.0,207.0,207.0,0.0,0.0,20.7,20.7,38.7,38.7,0.0,0.0,0.0,0.0,0.0,0.0,0.0,0.0,1
00-0038394,Will Mallory,TE,IND,2025,1,0,0,0,0,0,0,0,0,0,1,1,16,0,0,0,0,0,0,0,0,1.6,2.6,7.0,9.0,0.0,0.0,0.0,0.0,0.0,0.0,0.0,0.0,0.0,0.0,4.0,11.0,8.0,17.0,29.0,118.0,0.0,0.0,2.9,11.80000000000007,6.9,22.80000000000017,0.0,0.0,0.0,0.0,0.0,0.0,0.0,0.0,2
00-0038396,Eric Gray,RB,NYG,2023,10,0,0,0,0,0,17,48,0,0,6,7,22,0,0,0,0,0,0,0,0,7.0,13.0,,7.0,,0.0,,0.0,,0.0,,0.0,,0.0,,4.0,,8.0,,29.0,,0.0,,2.9,,6.9,,0.0,,0.0,,0.0,,0.0,0
00-0038396,Eric Gray,RB,NYG,2024,14,0,0,0,0,0,14,31,0,1,10,11,82,0,0,0,0,0,0,0,0,9.3,19.3,10.0,10.0,0.0,0.0,0.0,0.0,0.0,0.0,48.0,48.0,0.0,0.0,6.0,6.0,7.0,7.0,22.0,22.0,0.0,0.0,7.0,7.0,13.0,13.0,0.0,0.0,0.0,0.0,0.0,0.0,0.0,0.0,1
00-0038396,Eric Gray,RB,NYG,2025,1,0,0,0,0,0,0,0,0,0,0,0,0,0,0,0,0,0,0,0,0,0.0,0.0,14.0,12.0,0.0,0.0,0.0,0.0,0.0,0.0,31.0,39.5,0.0,0.0,10.0,8.0,11.0,9.0,82.0,52.0,0.0,0.0,9.3,8.150000000000071,19.3,16.15000000000017,0.0,0.0,0.0,0.0,0.0,0.0,0.0,0.0,2
00-0038397,Evan Hull,RB,IND,2023,1,0,0,0,0,0,1,1,0,0,1,1,6,0,0,0,0,0,0,0,0,0.7,1.7,,14.0,,0.0,,0.0,,0.0,,31.0,,0.0,,10.0,,11.0,,82.0,,0.0,,9.3,,19.3,,0.0,,0.0,,0.0,,0.0,0
00-0038397,Evan Hull,RB,NO,2025,6,0,0,0,0,0,19,48,0,0,1,1,6,0,0,0,0,0,0,0,0,5.4,6.4,1.0,1.0,0.0,0.0,0.0,0.0,0.0,0.0,1.0,1.0,0.0,0.0,1.0,1.0,1.0,1.0,6.0,6.0,0.0,0.0,0.7,0.7,1.7,1.7,0.0,0.0,0.0,0.0,0.0,0.0,0.0,0.0,1
00-0038400,Tanner McKee,QB,PHI,2024,2,30,45,323,4,0,5,-1,0,0,0,0,0,0,0,0,0,0,0,0,0,28.82,28.82,,1.0,,0.0,,0.0,,0.0,,1.0,,0.0,,1.0,,1.0,,6.0,,0.0,,0.7,,1.7,,0.0,,0.0,,0.0,,0.0,0
00-0038400,Tanner McKee,QB,PHI,2025,4,24,43,274,1,1,8,8,0,0,0,0,0,0,0,0,0,0,0,0,0,13.76,13.76,2.0,2.0,323.0,323.0,4.0,4.0,0.0,0.0,-1.0,-1.0,0.0,0.0,0.0,0.0,0.0,0.0,0.0,0.0,0.0,0.0,28.82,28.82,28.82,28.82,0.0,0.0,0.0,0.0,0.0,0.0,0.0,0.0,1
00-0038402,Anders Carlson,K,GB,2023,17,0,0,0,0,0,0,0,0,0,0,0,0,0,0,27,33,3,0,34,39,0.0,0.0,,2.0,,323.0,,4.0,,0.0,,-1.0,,0.0,,0.0,,0.0,,0.0,,0.0,,28.82,,28.82,,0.0,,0.0,,0.0,,0.0,0
00-0038402,Anders Carlson,K,NYJ,2024,7,0,0,0,0,0,0,0,0,0,0,0,0,0,0,13,15,3,0,12,15,0.0,0.0,17.0,17.0,0.0,0.0,0.0,0.0,0.0,0.0,0.0,0.0,0.0,0.0,0.0,0.0,0.0,0.0,0.0,0.0,0.0,0.0,0.0,0.0,0.0,0.0,27.0,27.0,33.0,33.0,34.0,34.0,39.0,39.0,1
00-0038409,Lew Nichols III,RB,PIT,2025,1,0,0,0,0,0,0,0,0,0,0,0,0,0,0,0,0,0,0,0,0,0.0,0.0,,17.0,,0.0,,0.0,,0.0,,0.0,,0.0,,0.0,,0.0,,0.0,,0.0,,0.0,,0.0,,27.0,,33.0,,34.0,,39.0,0
00-0038416,Tyson Bagent,QB,CHI,2023,5,94,143,859,3,6,23,109,2,0,0,0,0,0,0,0,0,0,0,0,0,53.26,53.26,,,,,,,,,,,,,,,,,,,,,,,,,,,,,,,,,0
00-0038416,Tyson Bagent,QB,CHI,2024,4,2,2,11,0,0,6,-7,0,0,0,0,0,0,0,0,0,0,0,0,0,-0.26,-0.26,5.0,5.0,859.0,859.0,3.0,3.0,6.0,6.0,109.0,109.0,2.0,2.0,0.0,0.0,0.0,0.0,0.0,0.0,0.0,0.0,53.26,53.26,53.26,53.26,0.0,0.0,0.0,0.0,0.0,0.0,0.0,0.0,1
00-0038416,Tyson Bagent,QB,CHI,2025,2,3,4,47,0,0,2,7,0,0,0,0,0,0,0,0,0,0,0,0,0,2.58,2.58,4.0,4.5,11.0,435.0,0.0,1.5,0.0,3.0,-7.0,51.0,0.0,1.0,0.0,0.0,0.0,0.0,0.0,0.0,0.0,0.0,-0.26,26.50000000000007,-0.26,26.50000000000017,0.0,0.0,0.0,0.0,0.0,0.0,0.0,0.0,2
00-0038428,Andre Szmyt,K,CLE,2025,17,0,0,0,0,0,0,0,0,0,0,0,0,0,0,24,27,5,0,25,26,0.0,0.0,,4.0,,11.0,,0.0,,0.0,,-7.0,,0.0,,0.0,,0.0,,0.0,,0.0,,-0.26,,-0.26,,0.0,,0.0,,0.0,,0.0,0
00-0038440,Zavier Scott,RB,MIN,2025,11,0,0,0,0,0,32,114,0,1,14,16,98,1,0,0,0,0,0,0,0,25.2,39.2,,,,,,,,,,,,,,,,,,,,,,,,,,,,,,,,,0
00-0038454,Keaton Mitchell,RB,BAL,2023,7,0,0,0,0,0,47,396,2,0,9,11,93,0,0,0,0,0,0,0,0,60.9,69.9,,,,,,,,,,,,,,,,,,,,,,,,,,,,,,,,,0
00-0038454,Keaton Mitchell,RB,BAL,2024,4,0,0,0,0,0,15,30,0,0,1,1,28,0,0,0,0,0,0,0,0,5.8,6.8,7.0,7.0,0.0,0.0,0.0,0.0,0.0,0.0,396.0,396.0,2.0,2.0,9.0,9.0,11.0,11.0,93.0,93.0,0.0,0.0,60.9,60.9,69.9,69.9,0.0,0.0,0.0,0.0,0.0,0.0,0.0,0.0,1
00-0038454,Keaton Mitchell,RB,BAL,2025,13,0,0,0,0,0,59,341,1,0,9,12,63,0,0,0,0,0,0,0,0,46.4,55.4,4.0,5.5,0.0,0.0,0.0,0.0,0.0,0.0,30.0,213.0,0.0,1.0,1.0,5.0,1.0,6.0,28.0,60.5,0.0,0.0,5.8,33.35000000000007,6.8,38.35000000000017,0.0,0.0,0.0,0.0,0.0,0.0,0.0,0.0,2
00-0038456,Travis Vokolek,TE,ARI,2025,1,0,0,0,0,0,0,0,0,0,0,0,0,0,0,0,0,0,0,0,0,0.0,0.0,,4.0,,0.0,,0.0,,0.0,,30.0,,0.0,,1.0,,1.0,,28.0,,0.0,,5.8,,6.8,,0.0,,0.0,,0.0,,0.0,0
00-0038458,Owen Wright,RB,TB,2025,2,0,0,0,0,0,3,6,0,0,0,0,0,0,0,0,0,0,0,0,0,0.6,0.6,,,,,,,,,,,,,,,,,,,,,,,,,,,,,,,,,0
00-0038465,Malik Heath,WR,GB,2023,12,0,0,0,0,0,0,0,0,0,15,24,125,1,0,0,0,0,0,0,0,18.5,33.5,,,,,,,,,,,,,,,,,,,,,,,,,,,,,,,,,0
00-0038465,Malik Heath,WR,GB,2024,5,0,0,0,0,0,0,0,0,0,10,13,97,2,0,0,0,0,0,0,0,21.7,31.7,12.0,12.0,0.0,0.0,0.0,0.0,0.0,0.0,0.0,0.0,0.0,0.0,15.0,15.0,24.0,24.0,125.0,125.0,1.0,1.0,18.5,18.5,33.5,33.5,0.0,0.0,0.0,0.0,0.0,0.0,0.0,0.0,1
00-0038465,Malik Heath,WR,GB,2025,7,0,0,0,0,0,0,0,0,0,6,7,86,0,0,0,0,0,0,0,0,8.6,14.6,5.0,8.5,0.0,0.0,0.0,0.0,0.0,0.0,0.0,0.0,0.0,0.0,10.0,12.5,13.0,18.5,97.0,111.0,2.0,1.5,21.7,20.100000000000072,31.7,32.60000000000017,0.0,0.0,0.0,0.0,0.0,0.0,0.0,0.0,2
00-0038468,Henry Pearson,TE,GB,2023,1,0,0,0,0,0,0,0,0,0,0,0,0,0,0,0,0,0,0,0,0,0.0,0.0,,5.0,,0.0,,0.0,,0.0,,0.0,,0.0,,10.0,,13.0,,97.0,,2.0,,21.7,,31.7,,0.0,,0.0,,0.0,,0.0,0
00-0038476,Tommy DeVito,QB,NYG,2023,9,114,178,1101,8,3,36,195,1,1,0,0,0,0,0,0,0,0,0,0,0,93.54,93.54,,,,,,,,,,,,,,,,,,,,,,,,,,,,,,,,,0
00-0038476,Tommy DeVito,QB,NYG,2024,2,31,44,257,0,0,8,32,0,0,0,0,0,0,0,0,0,0,0,0,0,13.48,13.48,9.0,9.0,1101.0,1101.0,8.0,8.0,3.0,3.0,195.0,195.0,1.0,1.0,0.0,0.0,0.0,0.0,0.0,0.0,0.0,0.0,93.54,93.54,93.54,93.54,0.0,0.0,0.0,0.0,0.0,0.0,0.0,0.0,1
00-0038477,Bryce Ford-Wheaton,WR,NYG,2024,5,0,0,0,0,0,0,0,0,0,0,0,0,0,0,0,0,0,0,0,0,6.0,6.0,,9.0,,1101.0,,8.0,,3.0,,195.0,,1.0,,0.0,,0.0,,0.0,,0.0,,93.54,,93.54,,0.0,,0.0,,0.0,,0.0,0
00-0038488,Brady Russell,RB,SEA,2023,6,0,0,0,0,0,0,0,0,0,0,0,0,0,0,0,0,0,0,0,0,0.0,0.0,,,,,,,,,,,,,,,,,,,,,,,,,,,,,,,,,0
00-0038488,Brady Russell,RB,SEA,2024,8,0,0,0,0,0,0,0,0,0,0,0,0,0,0,0,0,0,0,0,0,0.0,0.0,6.0,6.0,0.0,0.0,0.0,0.0,0.0,0.0,0.0,0.0,0.0,0.0,0.0,0.0,0.0,0.0,0.0,0.0,0.0,0.0,0.0,0.0,0.0,0.0,0.0,0.0,0.0,0.0,0.0,0.0,0.0,0.0,1
00-0038488,Brady Russell,RB,SEA,2025,10,0,0,0,0,0,0,0,0,0,0,1,0,0,0,0,0,0,0,0,0,0.0,0.0,8.0,7.0,0.0,0.0,0.0,0.0,0.0,0.0,0.0,0.0,0.0,0.0,0.0,0.0,0.0,0.0,0.0,0.0,0.0,0.0,0.0,0.0,0.0,0.0,0.0,0.0,0.0,0.0,0.0,0.0,0.0,0.0,2
00-0038489,Ben VanSumeren,RB,PHI,2023,5,0,0,0,0,0,0,0,0,0,0,0,0,0,0,0,0,0,0,0,0,0.0,0.0,,8.0,,0.0,,0.0,,0.0,,0.0,,0.0,,0.0,,0.0,,0.0,,0.0,,0.0,,0.0,,0.0,,0.0,,0.0,,0.0,0
00-0038489,Ben VanSumeren,RB,PHI,2024,3,0,0,0,0,0,0,0,0,0,1,1,0,0,0,0,0,0,0,0,0,0.0,1.0,5.0,5.0,0.0,0.0,0.0,0.0,0.0,0.0,0.0,0.0,0.0,0.0,0.0,0.0,0.0,0.0,0.0,0.0,0.0,0.0,0.0,0.0,0.0,0.0,0.0,0.0,0.0,0.0,0.0,0.0,0.0,0.0,1
00-0038492,Jason Brownlee,WR,NYJ,2023,4,0,0,0,0,0,0,0,0,0,5,8,56,1,0,0,0,0,0,0,0,11.6,16.6,,5.0,,0.0,,0.0,,0.0,,0.0,,0.0,,0.0,,0.0,,0.0,,0.0,,0.0,,0.0,,0.0,,0.0,,0.0,,0.0,0
00-0038492,Jason Brownlee,WR,KC,2025,3,0,0,0,0,0,0,0,0,0,0,1,0,0,0,0,0,0,0,0,0,0.0,0.0,4.0,4.0,0.0,0.0,0.0,0.0,0.0,0.0,0.0,0.0,0.0,0.0,5.0,5.0,8.0,8.0,56.0,56.0,1.0,1.0,11.6,11.6,16.6,16.6,0.0,0.0,0.0,0.0,0.0,0.0,0.0,0.0,1
00-0038496,Xavier Gipson,WR,NYJ,2023,17,0,0,0,0,0,8,68,1,0,21,38,229,0,0,0,0,0,0,0,0,41.7,62.7,,4.0,,0.0,,0.0,,0.0,,0.0,,0.0,,5.0,,8.0,,56.0,,1.0,,11.6,,16.6,,0.0,,0.0,,0.0,,0.0,0
00-0038496,Xavier Gipson,WR,NYJ,2024,17,0,0,0,0,0,1,5,0,0,6,10,39,1,0,0,0,0,0,0,0,10.4,16.4,17.0,17.0,0.0,0.0,0.0,0.0,0.0,0.0,68.0,68.0,1.0,1.0,21.0,21.0,38.0,38.0,229.0,229.0,0.0,0.0,41.7,41.7,62.7,62.7,0.0,0.0,0.0,0.0,0.0,0.0,0.0,0.0,1
00-0038496,Xavier Gipson,WR,PHI,2025,6,0,0,0,0,0,0,0,0,0,2,2,6,0,0,0,0,0,0,0,0,0.6,2.6,17.0,17.0,0.0,0.0,0.0,0.0,0.0,0.0,5.0,36.5,0.0,0.5,6.0,13.5,10.0,24.0,39.0,134.0,1.0,0.5,10.4,26.05000000000007,16.4,39.55000000000017,0.0,0.0,0.0,0.0,0.0,0.0,0.0,0.0,2
00-0038498,E.J. Jenkins,TE,PHI,2024,2,0,0,0,0,0,0,0,0,0,1,2,7,1,0,0,0,0,0,0,0,6.7,7.7,,17.0,,0.0,,0.0,,0.0,,5.0,,0.0,,6.0,,10.0,,39.0,,1.0,,10.4,,16.4,,0.0,,0.0,,0.0,,0.0,0
00-0038498,E.J. Jenkins,TE,PHI,2025,1,0,0,0,0,0,0,0,0,0,0,0,0,0,0,0,0,0,0,0,0,0.0,0.0,2.0,2.0,0.0,0.0,0.0,0.0,0.0,0.0,0.0,0.0,0.0,0.0,1.0,1.0,2.0,2.0,7.0,7.0,1.0,1.0,6.7,6.7,7.7,7.7,0.0,0.0,0.0,0.0,0.0,0.0,0.0,0.0,1
00-0038507,Grant DuBose,WR,MIA,2024,2,0,0,0,0,0,0,0,0,0,2,4,11,0,0,0,0,0,0,0,0,1.1,3.1,,2.0,,0.0,,0.0,,0.0,,0.0,,0.0,,1.0,,2.0,,7.0,,1.0,,6.7,,7.7,,0.0,,0.0,,0.0,,0.0,0
00-0038519,Nikko Remigio,WR,KC,2024,5,0,0,0,0,0,0,0,0,0,2,6,48,0,0,0,0,0,0,0,0,4.8,6.8,,,,,,,,,,,,,,,,,,,,,,,,,,,,,,,,,0
00-0038519,Nikko Remigio,WR,KC,2025,14,0,0,0,0,0,1,11,0,0,1,1,21,0,0,0,0,0,0,0,0,3.2,4.2,5.0,5.0,0.0,0.0,0.0,0.0,0.0,0.0,0.0,0.0,0.0,0.0,2.0,2.0,6.0,6.0,48.0,48.0,0.0,0.0,4.8,4.8,6.8,6.8,0.0,0.0,0.0,0.0,0.0,0.0,0.0,0.0,1
00-0038542,Bijan Robinson,RB,ATL,2023,17,0,0,0,0,0,214,976,4,3,58,86,487,4,0,0,0,0,0,0,0,188.3,246.3,,5.0,,0.0,,0.0,,0.0,,0.0,,0.0,,2.0,,6.0,,48.0,,0.0,,4.8,,6.8,,0.0,,0.0,,0.0,,0.0,0
00-0038542,Bijan Robinson,RB,ATL,2024,17,0,0,0,0,0,304,1456,14,0,61,72,431,1,0,0,0,0,0,0,0,280.7,341.7,17.0,17.0,0.0,0.0,0.0,0.0,0.0,0.0,976.0,976.0,4.0,4.0,58.0,58.0,86.0,86.0,487.0,487.0,4.0,4.0,188.3,188.3,246.3,246.3,0.0,0.0,0.0,0.0,0.0,0.0,0.0,0.0,1
00-0038542,Bijan Robinson,RB,ATL,2025,17,0,0,0,0,0,287,1478,7,2,79,103,820,4,1,0,0,0,0,0,0,291.8,370.8,17.0,17.0,0.0,0.0,0.0,0.0,0.0,0.0,1456.0,1216.0,14.0,9.0,61.0,59.5,72.0,79.0,431.0,459.0,1.0,2.5,280.7,234.50000000000006,341.7,294.00000000000017,0.0,0.0,0.0,0.0,0.0,0.0,0.0,0.0,2
00-0038543,Jaxon Smith-Njigba,WR,SEA,2023,17,0,0,0,0,0,0,0,0,0,63,93,628,4,0,0,0,0,0,0,0,86.8,149.8,,17.0,,0.0,,0.0,,0.0,,1456.0,,14.0,,61.0,,72.0,,431.0,,1.0,,280.7,,341.7,,0.0,,0.0,,0.0,,0.0,0
00-0038543,Jaxon Smith-Njigba,WR,SEA,2024,17,1,1,35,0,0,5,26,0,0,100,137,1130,6,0,0,0,0,0,0,0,153.0,253.0,17.0,17.0,0.0,0.0,0.0,0.0,0.0,0.0,0.0,0.0,0.0,0.0,63.0,63.0,93.0,93.0,628.0,628.0,4.0,4.0,86.8,86.8,149.8,149.8,0.0,0.0,0.0,0.0,0.0,0.0,0.0,0.0,1
00-0038543,Jaxon Smith-Njigba,WR,SEA,2025,17,0,0,0,0,0,7,36,0,0,119,163,1793,10,1,0,0,0,0,0,0,240.9,359.9,17.0,17.0,35.0,17.5,0.0,0.0,0.0,0.0,26.0,13.0,0.0,0.0,100.0,81.5,137.0,115.0,1130.0,879.0,6.0,5.0,153.0,119.90000000000009,253.0,201.40000000000018,0.0,0.0,0.0,0.0,0.0,0.0,0.0,0.0,2
00-0038544,Quentin Johnston,WR,LAC,2023,17,0,0,0,0,0,3,9,0,0,38,67,431,2,0,0,0,0,0,0,0,56.0,94.0,,17.0,,35.0,,0.0,,0.0,,26.0,,0.0,,100.0,,137.0,,1130.0,,6.0,,153.0,,253.0,,0.0,,0.0,,0.0,,0.0,0
00-0038544,Quentin Johnston,WR,LAC,2024,15,0,0,0,0,0,3,6,0,0,55,91,711,8,0,0,0,0,0,0,0,119.7,174.7,17.0,17.0,0.0,0.0,0.0,0.0,0.0,0.0,9.0,9.0,0.0,0.0,38.0,38.0,67.0,67.0,431.0,431.0,2.0,2.0,56.0,56.0,94.0,94.0,0.0,0.0,0.0,0.0,0.0,0.0,0.0,0.0,1
00-0038544,Quentin Johnston,WR,LAC,2025,13,0,0,0,0,0,2,7,0,0,51,84,735,8,1,0,0,0,0,0,0,120.2,171.2,15.0,16.0,0.0,0.0,0.0,0.0,0.0,0.0,6.0,7.5,0.0,0.0,55.0,46.5,91.0,79.0,711.0,571.0,8.0,5.0,119.7,87.85000000000008,174.7,134.35000000000016,0.0,0.0,0.0,0.0,0.0,0.0,0.0,0.0,2
00-0038547,Luke Schoonmaker,TE,DAL,2023,12,0,0,0,0,0,0,0,0,0,8,15,65,2,0,0,0,0,0,0,0,18.5,26.5,,15.0,,0.0,,0.0,,0.0,,6.0,,0.0,,55.0,,91.0,,711.0,,8.0,,119.7,,174.7,,0.0,,0.0,,0.0,,0.0,0
00-0038547,Luke Schoonmaker,TE,DAL,2024,12,0,0,0,0,0,0,0,0,0,27,36,241,1,0,0,0,0,0,0,0,30.1,57.1,12.0,12.0,0.0,0.0,0.0,0.0,0.0,0.0,0.0,0.0,0.0,0.0,8.0,8.0,15.0,15.0,65.0,65.0,2.0,2.0,18.5,18.5,26.5,26.5,0.0,0.0,0.0,0.0,0.0,0.0,0.0,0.0,1
00-0038547,Luke Schoonmaker,TE,DAL,2025,14,0,0,0,0,0,0,0,0,0,14,23,132,0,0,0,0,0,0,0,0,13.2,27.2,12.0,12.0,0.0,0.0,0.0,0.0,0.0,0.0,0.0,0.0,0.0,0.0,27.0,17.5,36.0,25.5,241.0,153.0,1.0,1.5,30.1,24.300000000000086,57.1,41.80000000000017,0.0,0.0,0.0,0.0,0.0,0.0,0.0,0.0,2
00-0038550,Hendon Hooker,QB,DET,2024,3,6,9,62,0,0,5,2,0,0,0,0,0,0,0,0,0,0,0,0,0,2.68,2.68,,12.0,,0.0,,0.0,,0.0,,0.0,,0.0,,27.0,,36.0,,241.0,,1.0,,30.1,,57.1,,0.0,,0.0,,0.0,,0.0,0
00-0038551,Kendre Miller,RB,NO,2023,7,0,0,0,0,0,41,156,1,0,10,11,117,0,0,0,0,0,0,0,0,33.3,43.3,,,,,,,,,,,,,,,,,,,,,,,,,,,,,,,,,0
00-0038551,Kendre Miller,RB,NO,2024,6,0,0,0,0,0,39,148,1,0,5,8,33,0,0,0,0,0,0,0,0,24.1,29.1,7.0,7.0,0.0,0.0,0.0,0.0,0.0,0.0,156.0,156.0,1.0,1.0,10.0,10.0,11.0,11.0,117.0,117.0,0.0,0.0,33.3,33.3,43.3,43.3,0.0,0.0,0.0,0.0,0.0,0.0,0.0,0.0,1
00-0038551,Kendre Miller,RB,NO,2025,7,0,0,0,0,0,47,193,1,0,5,5,30,0,0,0,0,0,0,0,0,28.3,33.3,6.0,6.5,0.0,0.0,0.0,0.0,0.0,0.0,148.0,152.0,1.0,1.0,5.0,7.5,8.0,9.5,33.0,75.0,0.0,0.0,24.1,28.700000000000085,29.1,36.20000000000017,0.0,0.0,0.0,0.0,0.0,0.0,0.0,0.0,2
00-0038555,Tank Bigsby,RB,JAX,2023,13,0,0,0,0,0,50,132,2,1,1,4,6,0,0,0,0,0,0,0,0,23.8,24.8,,6.0,,0.0,,0.0,,0.0,,148.0,,1.0,,5.0,,8.0,,33.0,,0.0,,24.1,,29.1,,0.0,,0.0,,0.0,,0.0,0
00-0038555,Tank Bigsby,RB,JAX,2024,16,0,0,0,0,0,168,766,7,1,7,12,54,0,0,0,0,0,0,0,0,122.0,129.0,13.0,13.0,0.0,0.0,0.0,0.0,0.0,0.0,132.0,132.0,2.0,2.0,1.0,1.0,4.0,4.0,6.0,6.0,0.0,0.0,23.8,23.8,24.8,24.8,0.0,0.0,0.0,0.0,0.0,0.0,0.0,0.0,1
00-0038555,Tank Bigsby,RB,PHI,2025,15,0,0,0,0,0,63,356,2,0,3,4,32,0,0,0,0,0,0,0,0,50.8,53.8,16.0,14.5,0.0,0.0,0.0,0.0,0.0,0.0,766.0,449.0,7.0,4.5,7.0,4.0,12.0,8.0,54.0,30.0,0.0,0.0,122.0,72.90000000000009,129.0,76.90000000000018,0.0,0.0,0.0,0.0,0.0,0.0,0.0,0.0,2
00-0038558,Darnell Washington,TE,PIT,2023,8,0,0,0,0,0,0,0,0,0,7,10,61,0,0,0,0,0,0,0,0,6.1,13.1,,16.0,,0.0,,0.0,,0.0,,766.0,,7.0,,7.0,,12.0,,54.0,,0.0,,122.0,,129.0,,0.0,,0.0,,0.0,,0.0,0
00-0038558,Darnell Washington,TE,PIT,2024,13,0,0,0,0,0,0,0,0,0,19,25,200,1,0,0,0,0,0,0,0,26.0,45.0,8.0,8.0,0.0,0.0,0.0,0.0,0.0,0.0,0.0,0.0,0.0,0.0,7.0,7.0,10.0,10.0,61.0,61.0,0.0,0.0,6.1,6.1,13.1,13.1,0.0,0.0,0.0,0.0,0.0,0.0,0.0,0.0,1
00-0038558,Darnell Washington,TE,PIT,2025,13,0,0,0,0,0,0,0,0,0,31,43,364,1,1,0,0,0,0,0,0,42.4,73.4,13.0,10.5,0.0,0.0,0.0,0.0,0.0,0.0,0.0,0.0,0.0,0.0,19.0,13.0,25.0,17.5,200.0,130.5,1.0,0.5,26.0,16.050000000000086,45.0,29.05000000000017,0.0,0.0,0.0,0.0,0.0,0.0,0.0,0.0,2
00-0038559,Michael Wilson,WR,ARI,2023,13,0,0,0,0,0,0,0,0,0,38,58,565,3,0,0,0,0,0,0,0,76.5,114.5,,13.0,,0.0,,0.0,,0.0,,0.0,,0.0,,19.0,,25.0,,200.0,,1.0,,26.0,,45.0,,0.0,,0.0,,0.0,,0.0,0
00-0038559,Michael Wilson,WR,ARI,2024,16,0,0,0,0,0,1,7,0,0,47,71,548,4,1,0,0,0,0,0,0,77.5,124.5,13.0,13.0,0.0,0.0,0.0,0.0,0.0,0.0,0.0,0.0,0.0,0.0,38.0,38.0,58.0,58.0,565.0,565.0,3.0,3.0,76.5,76.5,114.5,114.5,0.0,0.0,0.0,0.0,0.0,0.0,0.0,0.0,1
00-0038559,Michael Wilson,WR,ARI,2025,17,0,0,0,0,0,0,0,0,0,78,126,1006,7,0,0,0,0,0,0,0,142.6,220.6,16.0,14.5,0.0,0.0,0.0,0.0,0.0,0.0,7.0,3.5,0.0,0.0,47.0,42.5,71.0,64.5,548.0,556.5,4.0,3.5,77.5,77.00000000000009,124.5,119.50000000000017,0.0,0.0,0.0,0.0,0.0,0.0,0.0,0.0,2
00-0038562,Jake Moody,K,SF,2023,17,0,0,0,0,0,0,0,0,0,0,0,0,0,0,21,25,2,0,60,61,0.0,0.0,,16.0,,0.0,,0.0,,0.0,,7.0,,0.0,,47.0,,71.0,,548.0,,4.0,,77.5,,124.5,,0.0,,0.0,,0.0,,0.0,0
00-0038562,Jake Moody,K,SF,2024,14,0,0,0,0,0,0,0,0,0,0,0,0,0,0,24,34,4,0,32,33,0.0,0.0,17.0,17.0,0.0,0.0,0.0,0.0,0.0,0.0,0.0,0.0,0.0,0.0,0.0,0.0,0.0,0.0,0.0,0.0,0.0,0.0,0.0,0.0,0.0,0.0,21.0,21.0,25.0,25.0,60.0,60.0,61.0,61.0,1
00-0038562,Jake Moody,K,WAS,2025,9,0,0,0,0,0,0,0,0,0,0,0,0,0,0,19,23,2,0,15,16,0.0,0.0,14.0,15.5,0.0,0.0,0.0,0.0,0.0,0.0,0.0,0.0,0.0,0.0,0.0,0.0,0.0,0.0,0.0,0.0,0.0,0.0,0.0,0.0,0.0,0.0,24.0,22.5,34.0,29.5,32.0,46.0,33.0,47.0,2
00-0038563,Tre Tucker,WR,LV,2023,13,0,0,0,0,0,10,77,0,0,19,34,331,2,0,0,0,0,0,0,0,52.8,71.8,,14.0,,0.0,,0.0,,0.0,,0.0,,0.0,,0.0,,0.0,,0.0,,0.0,,0.0,,0.0,,24.0,,34.0,,32.0,,33.0,0
00-0038563,Tre Tucker,WR,LV,2024,17,0,0,0,0,0,9,44,1,0,47,81,539,3,0,0,0,0,0,0,0,82.3,129.3,13.0,13.0,0.0,0.0,0.0,0.0,0.0,0.0,77.0,77.0,0.0,0.0,19.0,19.0,34.0,34.0,331.0,331.0,2.0,2.0,52.8,52.8,71.8,71.8,0.0,0.0,0.0,0.0,0.0,0.0,0.0,0.0,1
00-0038563,Tre Tucker,WR,LV,2025,17,0,0,0,0,0,11,51,0,0,57,92,696,5,0,0,0,0,0,0,0,104.7,161.7,17.0,15.0,0.0,0.0,0.0,0.0,0.0,0.0,44.0,60.5,1.0,0.5,47.0,33.0,81.0,57.5,539.0,435.0,3.0,2.5,82.3,67.55000000000008,129.3,100.55000000000018,0.0,0.0,0.0,0.0,0.0,0.0,0.0,0.0,2
00-0038564,Cameron Latu,TE,PHI,2025,10,0,0,0,0,0,0,0,0,0,0,0,0,0,0,0,0,0,0,0,0,0.0,0.0,,17.0,,0.0,,0.0,,0.0,,44.0,,1.0,,47.0,,81.0,,539.0,,3.0,,82.3,,129.3,,0.0,,0.0,,0.0,,0.0,0
00-0038567,Chad Ryland,K,NE,2023,17,0,0,0,0,0,0,0,0,0,0,0,0,0,0,16,25,2,0,24,25,0.0,0.0,,,,,,,,,,,,,,,,,,,,,,,,,,,,,,,,,0
00-0038567,Chad Ryland,K,ARI,2024,13,0,0,0,0,0,0,0,0,0,0,0,0,0,0,28,32,4,0,26,27,0.0,0.0,17.0,17.0,0.0,0.0,0.0,0.0,0.0,0.0,0.0,0.0,0.0,0.0,0.0,0.0,0.0,0.0,0.0,0.0,0.0,0.0,0.0,0.0,0.0,0.0,16.0,16.0,25.0,25.0,24.0,24.0,25.0,25.0,1
00-0038567,Chad Ryland,K,ARI,2025,17,0,0,0,0,0,0,0,0,0,0,0,0,0,0,25,33,6,0,36,36,0.0,0.0,13.0,15.0,0.0,0.0,0.0,0.0,0.0,0.0,0.0,0.0,0.0,0.0,0.0,0.0,0.0,0.0,0.0,0.0,0.0,0.0,0.0,0.0,0.0,0.0,28.0,22.0,32.0,28.5,26.0,25.0,27.0,26.0,2
00-0038573,Derius Davis,WR,LAC,2023,17,0,0,0,0,0,14,101,0,0,15,17,66,0,0,0,0,0,0,0,0,22.7,37.7,,13.0,,0.0,,0.0,,0.0,,0.0,,0.0,,0.0,,0.0,,0.0,,0.0,,0.0,,0.0,,28.0,,32.0,,26.0,,27.0,0
00-0038573,Derius Davis,WR,LAC,2024,15,0,0,0,0,0,12,39,0,0,13,17,112,2,0,0,0,0,0,0,0,27.1,40.1,17.0,17.0,0.0,0.0,0.0,0.0,0.0,0.0,101.0,101.0,0.0,0.0,15.0,15.0,17.0,17.0,66.0,66.0,0.0,0.0,22.7,22.7,37.7,37.7,0.0,0.0,0.0,0.0,0.0,0.0,0.0,0.0,1
00-0038573,Derius Davis,WR,LAC,2025,11,0,0,0,0,0,2,5,0,0,2,3,10,0,0,0,0,0,0,0,0,1.5,3.5,15.0,16.0,0.0,0.0,0.0,0.0,0.0,0.0,39.0,70.0,0.0,0.0,13.0,14.0,17.0,17.0,112.0,89.0,2.0,1.0,27.1,24.900000000000084,40.1,38.900000000000176,0.0,0.0,0.0,0.0,0.0,0.0,0.0,0.0,2
00-0038576,Charlie Jones,WR,CIN,2023,11,0,0,0,0,0,2,13,0,0,7,9,64,0,0,0,0,0,0,0,0,13.7,20.7,,15.0,,0.0,,0.0,,0.0,,39.0,,0.0,,13.0,,17.0,,112.0,,2.0,,27.1,,40.1,,0.0,,0.0,,0.0,,0.0,0
00-0038576,Charlie Jones,WR,CIN,2024,7,0,0,0,0,0,0,0,0,0,1,1,5,0,0,0,0,0,0,0,0,6.5,7.5,11.0,11.0,0.0,0.0,0.0,0.0,0.0,0.0,13.0,13.0,0.0,0.0,7.0,7.0,9.0,9.0,64.0,64.0,0.0,0.0,13.7,13.7,20.7,20.7,0.0,0.0,0.0,0.0,0.0,0.0,0.0,0.0,1
00-0038576,Charlie Jones,WR,CIN,2025,14,0,0,0,0,0,0,0,0,0,0,1,0,0,0,0,0,0,0,0,0,6.0,6.0,7.0,9.0,0.0,0.0,0.0,0.0,0.0,0.0,0.0,6.5,0.0,0.0,1.0,4.0,1.0,5.0,5.0,34.5,0.0,0.0,6.5,10.100000000000085,7.5,14.10000000000017,0.0,0.0,0.0,0.0,0.0,0.0,0.0,0.0,2
00-0038579,Aidan O'Connell,QB,LV,2023,11,213,343,2218,12,7,17,11,1,0,0,0,0,0,0,0,0,0,0,0,0,125.82,125.82,,7.0,,0.0,,0.0,,0.0,,0.0,,0.0,,1.0,,1.0,,5.0,,0.0,,6.5,,7.5,,0.0,,0.0,,0.0,,0.0,0
00-0038579,Aidan O'Connell,QB,LV,2024,9,154,243,1612,8,4,21,30,1,2,0,0,0,0,0,0,0,0,0,0,0,93.48,93.48,11.0,11.0,2218.0,2218.0,12.0,12.0,7.0,7.0,11.0,11.0,1.0,1.0,0.0,0.0,0.0,0.0,0.0,0.0,0.0,0.0,125.82,125.82,125.82,125.82,0.0,0.0,0.0,0.0,0.0,0.0,0.0,0.0,1
00-0038579,Aidan O'Connell,QB,LV,2025,1,10,22,102,0,0,1,7,0,0,0,0,0,0,0,0,0,0,0,0,0,4.78,4.78,9.0,10.0,1612.0,1915.0,8.0,10.0,4.0,5.5,30.0,20.5,1.0,1.0,0.0,0.0,0.0,0.0,0.0,0.0,0.0,0.0,93.48,109.65000000000009,93.48,109.65000000000018,0.0,0.0,0.0,0.0,0.0,0.0,0.0,0.0,2
00-0038582,Clayton Tune,QB,ARI,2023,6,12,21,62,0,2,8,30,1,0,0,0,0,0,0,0,0,0,0,0,0,7.48,7.48,,9.0,,1612.0,,8.0,,4.0,,30.0,,1.0,,0.0,,0.0,,0.0,,0.0,,93.48,,93.48,,0.0,,0.0,,0.0,,0.0,0
00-0038582,Clayton Tune,QB,ARI,2024,5,2,2,8,0,0,7,-4,0,1,0,0,0,0,0,0,0,0,0,0,0,-2.08,-2.08,6.0,6.0,62.0,62.0,0.0,0.0,2.0,2.0,30.0,30.0,1.0,1.0,0.0,0.0,0.0,0.0,0.0,0.0,0.0,0.0,7.48,7.48,7.48,7.48,0.0,0.0,0.0,0.0,0.0,0.0,0.0,0.0,1
00-0038582,Clayton Tune,QB,GB,2025,2,7,15,42,0,1,5,23,0,0,0,0,0,0,0,0,0,0,0,0,0,1.98,1.98,5.0,5.5,8.0,35.0,0.0,0.0,0.0,1.0,-4.0,13.0,0.0,0.5,0.0,0.0,0.0,0.0,0.0,0.0,0.0,0.0,-2.08,2.7000000000000854,-2.08,2.7000000000001707,0.0,0.0,0.0,0.0,0.0,0.0,0.0,0.0,2
00-0038583,Dorian Thompson-Robinson,QB,CLE,2023,7,60,112,440,1,4,14,65,0,0,0,0,0,0,0,0,0,0,0,0,0,22.1,22.1,,5.0,,8.0,,0.0,,0.0,,-4.0,,0.0,,0.0,,0.0,,0.0,,0.0,,-2.08,,-2.08,,0.0,,0.0,,0.0,,0.0,0
00-0038583,Dorian Thompson-Robinson,QB,CLE,2024,6,61,118,440,0,6,21,122,0,0,0,0,0,0,0,0,0,0,0,0,0,15.8,15.8,7.0,7.0,440.0,440.0,1.0,1.0,4.0,4.0,65.0,65.0,0.0,0.0,0.0,0.0,0.0,0.0,0.0,0.0,0.0,0.0,22.1,22.1,22.1,22.1,0.0,0.0,0.0,0.0,0.0,0.0,0.0,0.0,1
00-0038589,Josh Whyle,TE,TEN,2023,9,0,0,0,0,0,0,0,0,0,9,15,94,1,0,0,0,0,0,0,0,15.4,24.4,,7.0,,440.0,,1.0,,4.0,,65.0,,0.0,,0.0,,0.0,,0.0,,0.0,,22.1,,22.1,,0.0,,0.0,,0.0,,0.0,0
00-0038589,Josh Whyle,TE,TEN,2024,15,0,0,0,0,0,0,0,0,0,28,37,248,1,0,0,0,0,0,0,0,32.8,60.8,9.0,9.0,0.0,0.0,0.0,0.0,0.0,0.0,0.0,0.0,0.0,0.0,9.0,9.0,15.0,15.0,94.0,94.0,1.0,1.0,15.4,15.4,24.4,24.4,0.0,0.0,0.0,0.0,0.0,0.0,0.0,0.0,1
00-0038589,Josh Whyle,TE,GB,2025,6,0,0,0,0,0,0,0,0,0,5,6,36,1,0,0,0,0,0,0,0,9.6,14.6,15.0,12.0,0.0,0.0,0.0,0.0,0.0,0.0,0.0,0.0,0.0,0.0,28.0,18.5,37.0,26.0,248.0,171.0,1.0,1.0,32.8,24.100000000000083,60.8,42.600000000000165,0.0,0.0,0.0,0.0,0.0,0.0,0.0,0.0,2
00-0038590,Justin Shorter,TE,LV,2024,1,0,0,0,0,0,0,0,0,0,0,0,0,0,0,0,0,0,0,0,0,0.0,0.0,,15.0,,0.0,,0.0,,0.0,,0.0,,0.0,,28.0,,37.0,,248.0,,1.0,,32.8,,60.8,,0.0,,0.0,,0.0,,0.0,0
00-0038590,Justin Shorter,TE,LV,2025,3,0,0,0,0,0,0,0,0,0,0,0,0,0,0,0,0,0,0,0,0,0.0,0.0,1.0,1.0,0.0,0.0,0.0,0.0,0.0,0.0,0.0,0.0,0.0,0.0,0.0,0.0,0.0,0.0,0.0,0.0,0.0,0.0,0.0,0.0,0.0,0.0,0.0,0.0,0.0,0.0,0.0,0.0,0.0,0.0,1
00-0038597,Chase Brown,RB,CIN,2023,12,0,0,0,0,0,44,179,0,0,14,15,156,1,0,0,0,0,0,0,0,39.5,53.5,,1.0,,0.0,,0.0,,0.0,,0.0,,0.0,,0.0,,0.0,,0.0,,0.0,,0.0,,0.0,,0.0,,0.0,,0.0,,0.0,0
00-0038597,Chase Brown,RB,CIN,2024,16,0,0,0,0,0,229,990,7,1,54,65,360,4,0,0,0,0,0,0,0,201.0,255.0,12.0,12.0,0.0,0.0,0.0,0.0,0.0,0.0,179.0,179.0,0.0,0.0,14.0,14.0,15.0,15.0,156.0,156.0,1.0,1.0,39.5,39.5,53.5,53.5,0.0,0.0,0.0,0.0,0.0,0.0,0.0,0.0,1
00-0038597,Chase Brown,RB,CIN,2025,17,0,0,0,0,0,232,1019,6,0,69,88,437,5,0,0,0,0,0,0,0,213.6,282.6,16.0,14.0,0.0,0.0,0.0,0.0,0.0,0.0,990.0,584.5,7.0,3.5,54.0,34.0,65.0,40.0,360.0,258.0,4.0,2.5,201.0,120.25000000000009,255.0,154.25000000000017,0.0,0.0,0.0,0.0,0.0,0.0,0.0,0.0,2
00-0038598,Jaren Hall,QB,MIN,2023,3,13,20,168,0,1,6,14,0,0,0,0,0,0,0,0,0,0,0,0,0,2.12,2.12,,16.0,,0.0,,0.0,,0.0,,990.0,,7.0,,54.0,,65.0,,360.0,,4.0,,201.0,,255.0,,0.0,,0.0,,0.0,,0.0,0
00-0038606,Parker Washington,WR,JAX,2023,8,0,0,0,0,0,0,0,0,0,16,21,132,2,1,0,0,0,0,0,0,23.2,39.2,,,,,,,,,,,,,,,,,,,,,,,,,,,,,,,,,0
00-0038606,Parker Washington,WR,JAX,2024,14,0,0,0,0,0,0,0,0,0,32,51,390,3,0,0,0,0,0,0,0,65.0,97.0,8.0,8.0,0.0,0.0,0.0,0.0,0.0,0.0,0.0,0.0,0.0,0.0,16.0,16.0,21.0,21.0,132.0,132.0,2.0,2.0,23.2,23.2,39.2,39.2,0.0,0.0,0.0,0.0,0.0,0.0,0.0,0.0,1
00-0038606,Parker Washington,WR,JAX,2025,16,0,0,0,0,0,7,0,0,0,58,95,847,5,0,0,0,0,0,0,0,126.7,184.7,14.0,11.0,0.0,0.0,0.0,0.0,0.0,0.0,0.0,0.0,0.0,0.0,32.0,24.0,51.0,36.0,390.0,261.0,3.0,2.5,65.0,44.10000000000009,97.0,68.10000000000016,0.0,0.0,0.0,0.0,0.0,0.0,0.0,0.0,2
00-0038608,Kayshon Boutte,WR,NE,2023,3,0,0,0,0,0,0,0,0,0,2,7,19,0,0,0,0,0,0,0,0,1.9,3.9,,14.0,,0.0,,0.0,,0.0,,0.0,,0.0,,32.0,,51.0,,390.0,,3.0,,65.0,,97.0,,0.0,,0.0,,0.0,,0.0,0
00-0038608,Kayshon Boutte,WR,NE,2024,15,0,0,0,0,0,0,0,0,0,43,68,589,3,0,0,0,0,0,0,0,78.9,121.9,3.0,3.0,0.0,0.0,0.0,0.0,0.0,0.0,0.0,0.0,0.0,0.0,2.0,2.0,7.0,7.0,19.0,19.0,0.0,0.0,1.9,1.9,3.9,3.9,0.0,0.0,0.0,0.0,0.0,0.0,0.0,0.0,1
00-0038608,Kayshon Boutte,WR,NE,2025,14,0,0,0,0,0,0,0,0,0,33,46,551,6,0,0,0,0,0,0,0,91.1,124.1,15.0,9.0,0.0,0.0,0.0,0.0,0.0,0.0,0.0,0.0,0.0,0.0,43.0,22.5,68.0,37.5,589.0,304.0,3.0,1.5,78.9,40.40000000000009,121.9,62.900000000000176,0.0,0.0,0.0,0.0,0.0,0.0,0.0,0.0,2
00-0038611,Chris Rodriguez Jr.,RB,WAS,2023,9,0,0,0,0,0,51,247,2,1,2,2,12,0,0,0,0,0,0,0,0,35.9,37.9,,15.0,,0.0,,0.0,,0.0,,0.0,,0.0,,43.0,,68.0,,589.0,,3.0,,78.9,,121.9,,0.0,,0.0,,0.0,,0.0,0
00-0038611,Chris Rodriguez Jr.,RB,WAS,2024,7,0,0,0,0,0,35,173,2,0,1,1,12,0,0,0,0,0,0,0,0,30.5,31.5,9.0,9.0,0.0,0.0,0.0,0.0,0.0,0.0,247.0,247.0,2.0,2.0,2.0,2.0,2.0,2.0,12.0,12.0,0.0,0.0,35.9,35.9,37.9,37.9,0.0,0.0,0.0,0.0,0.0,0.0,0.0,0.0,1
00-0038611,Chris Rodriguez Jr.,RB,WAS,2025,12,0,0,0,0,0,112,500,6,0,3,4,30,0,0,0,0,0,0,0,0,89.0,92.0,7.0,8.0,0.0,0.0,0.0,0.0,0.0,0.0,173.0,210.0,2.0,2.0,1.0,1.5,1.0,1.5,12.0,12.0,0.0,0.0,30.5,33.20000000000009,31.5,34.70000000000017,0.0,0.0,0.0,0.0,0.0,0.0,0.0,0.0,2
00-0038612,A.T. Perry,WR,NO,2023,8,0,0,0,0,0,0,0,0,0,12,18,246,4,0,0,0,0,0,0,0,48.6,60.6,,7.0,,0.0,,0.0,,0.0,,173.0,,2.0,,1.0,,1.0,,12.0,,0.0,,30.5,,31.5,,0.0,,0.0,,0.0,,0.0,0
00-0038618,Xavier Hutchinson,WR,HOU,2023,12,0,0,0,0,0,5,49,0,0,8,19,90,0,0,0,0,0,0,0,0,13.9,21.9,,,,,,,,,,,,,,,,,,,,,,,,,,,,,,,,,0
00-0038618,Xavier Hutchinson,WR,HOU,2024,14,0,0,0,0,0,0,0,0,0,12,26,117,0,0,0,0,0,0,0,0,11.7,23.7,12.0,12.0,0.0,0.0,0.0,0.0,0.0,0.0,49.0,49.0,0.0,0.0,8.0,8.0,19.0,19.0,90.0,90.0,0.0,0.0,13.9,13.9,21.9,21.9,0.0,0.0,0.0,0.0,0.0,0.0,0.0,0.0,1
00-0038618,Xavier Hutchinson,WR,HOU,2025,16,0,0,0,0,0,3,22,0,0,35,57,428,3,0,0,0,0,0,0,0,63.0,98.0,14.0,13.0,0.0,0.0,0.0,0.0,0.0,0.0,0.0,24.5,0.0,0.0,12.0,10.0,26.0,22.5,117.0,103.5,0.0,0.0,11.7,12.800000000000086,23.7,22.800000000000168,0.0,0.0,0.0,0.0,0.0,0.0,0.0,0.0,2
00-0038619,Andrei Iosivas,WR,CIN,2023,11,0,0,0,0,0,0,0,0,0,15,25,116,4,0,0,0,0,0,0,0,35.6,50.6,,14.0,,0.0,,0.0,,0.0,,0.0,,0.0,,12.0,,26.0,,117.0,,0.0,,11.7,,23.7,,0.0,,0.0,,0.0,,0.0,0
00-0038619,Andrei Iosivas,WR,CIN,2024,17,0,0,0,0,0,0,0,0,0,36,61,479,6,0,0,0,0,0,0,0,83.9,119.9,11.0,11.0,0.0,0.0,0.0,0.0,0.0,0.0,0.0,0.0,0.0,0.0,15.0,15.0,25.0,25.0,116.0,116.0,4.0,4.0,35.6,35.6,50.6,50.6,0.0,0.0,0.0,0.0,0.0,0.0,0.0,0.0,1
00-0038619,Andrei Iosivas,WR,CIN,2025,15,0,0,0,0,0,3,14,0,0,33,58,435,2,0,0,0,0,0,0,0,56.9,89.9,17.0,14.0,0.0,0.0,0.0,0.0,0.0,0.0,0.0,0.0,0.0,0.0,36.0,25.5,61.0,43.0,479.0,297.5,6.0,5.0,83.9,59.750000000000085,119.9,85.25000000000017,0.0,0.0,0.0,0.0,0.0,0.0,0.0,0.0,2
00-0038621,DeMario Douglas,WR,NE,2023,14,0,0,0,0,0,8,41,0,0,49,79,561,0,1,0,0,0,0,0,0,58.2,107.2,,17.0,,0.0,,0.0,,0.0,,0.0,,0.0,,36.0,,61.0,,479.0,,6.0,,83.9,,119.9,,0.0,,0.0,,0.0,,0.0,0
00-0038621,DeMario Douglas,WR,NE,2024,16,0,0,0,0,0,3,16,0,0,66,87,621,3,0,0,0,0,0,0,0,81.7,147.7,14.0,14.0,0.0,0.0,0.0,0.0,0.0,0.0,41.0,41.0,0.0,0.0,49.0,49.0,79.0,79.0,561.0,561.0,0.0,0.0,58.2,58.2,107.2,107.2,0.0,0.0,0.0,0.0,0.0,0.0,0.0,0.0,1
00-0038621,DeMario Douglas,WR,NE,2025,16,0,0,0,0,0,7,21,0,0,31,46,447,3,0,0,0,0,0,0,0,64.8,95.8,16.0,15.0,0.0,0.0,0.0,0.0,0.0,0.0,16.0,28.5,0.0,0.0,66.0,57.5,87.0,83.0,621.0,591.0,3.0,1.5,81.7,69.95000000000009,147.7,127.45000000000017,0.0,0.0,0.0,0.0,0.0,0.0,0.0,0.0,2
00-0038622,Deuce Vaughn,RB,DAL,2023,6,0,0,0,0,0,23,40,0,0,7,7,40,0,0,0,0,0,0,0,0,8.0,15.0,,16.0,,0.0,,0.0,,0.0,,16.0,,0.0,,66.0,,87.0,,621.0,,3.0,,81.7,,147.7,,0.0,,0.0,,0.0,,0.0,0
00-0038622,Deuce Vaughn,RB,DAL,2024,5,0,0,0,0,0,17,70,0,0,3,5,18,0,0,0,0,0,0,0,0,8.8,11.8,6.0,6.0,0.0,0.0,0.0,0.0,0.0,0.0,40.0,40.0,0.0,0.0,7.0,7.0,7.0,7.0,40.0,40.0,0.0,0.0,8.0,8.0,15.0,15.0,0.0,0.0,0.0,0.0,0.0,0.0,0.0,0.0,1
00-0038627,Antoine Green,WR,DET,2023,2,0,0,0,0,0,0,0,0,0,1,2,2,0,0,0,0,0,0,0,0,0.2,1.2,,6.0,,0.0,,0.0,,0.0,,40.0,,0.0,,7.0,,7.0,,40.0,,0.0,,8.0,,15.0,,0.0,,0.0,,0.0,,0.0,0
00-0038632,Colton Dowell,WR,TEN,2023,4,0,0,0,0,0,0,0,0,0,1,2,3,0,0,0,0,0,0,0,0,0.3,1.3,,,,,,,,,,,,,,,,,,,,,,,,,,,,,,,,,0
00-0038636,Kenny McIntosh,RB,SEA,2024,11,0,0,0,0,0,31,172,0,0,3,4,22,0,0,0,0,0,0,0,0,19.4,22.4,,,,,,,,,,,,,,,,,,,,,,,,,,,,,,,,,0
00-0038640,Jalen Brooks,WR,DAL,2023,3,0,0,0,0,0,0,0,0,0,6,6,64,0,0,0,0,0,0,0,0,6.4,12.4,,,,,,,,,,,,,,,,,,,,,,,,,,,,,,,,,0
00-0038640,Jalen Brooks,WR,DAL,2024,12,0,0,0,0,0,0,0,0,0,12,30,177,1,0,0,0,0,0,0,0,23.7,35.7,3.0,3.0,0.0,0.0,0.0,0.0,0.0,0.0,0.0,0.0,0.0,0.0,6.0,6.0,6.0,6.0,64.0,64.0,0.0,0.0,6.4,6.4,12.4,12.4,0.0,0.0,0.0,0.0,0.0,0.0,0.0,0.0,1
00-0038640,Jalen Brooks,WR,ARI,2025,5,0,0,0,0,0,0,0,0,0,3,6,51,0,0,0,0,0,0,0,0,5.1,8.1,12.0,7.5,0.0,0.0,0.0,0.0,0.0,0.0,0.0,0.0,0.0,0.0,12.0,9.0,30.0,18.0,177.0,120.5,1.0,0.5,23.7,15.050000000000086,35.7,24.05000000000017,0.0,0.0,0.0,0.0,0.0,0.0,0.0,0.0,2
00-0038643,Brayden Willis,TE,SF,2023,1,0,0,0,0,0,0,0,0,0,0,0,0,0,0,0,0,0,0,0,0,0.0,0.0,,12.0,,0.0,,0.0,,0.0,,0.0,,0.0,,12.0,,30.0,,177.0,,1.0,,23.7,,35.7,,0.0,,0.0,,0.0,,0.0,0
00-0038643,Brayden Willis,TE,SF,2024,5,0,0,0,0,0,0,0,0,0,0,2,0,0,0,0,0,0,0,0,0,0.0,0.0,1.0,1.0,0.0,0.0,0.0,0.0,0.0,0.0,0.0,0.0,0.0,0.0,0.0,0.0,0.0,0.0,0.0,0.0,0.0,0.0,0.0,0.0,0.0,0.0,0.0,0.0,0.0,0.0,0.0,0.0,0.0,0.0,1
00-0038643,Brayden Willis,TE,SF,2025,6,0,0,0,0,0,0,0,0,0,0,1,0,0,0,0,0,0,0,0,0,0.0,0.0,5.0,3.0,0.0,0.0,0.0,0.0,0.0,0.0,0.0,0.0,0.0,0.0,0.0,0.0,2.0,1.0,0.0,0.0,0.0,0.0,0.0,0.0,0.0,0.0,0.0,0.0,0.0,0.0,0.0,0.0,0.0,0.0,2
00-0038647,Ronnie Bell,WR,SF,2023,13,0,0,0,0,0,0,0,0,0,6,13,68,3,0,0,0,0,0,0,0,24.8,30.8,,5.0,,0.0,,0.0,,0.0,,0.0,,0.0,,0.0,,2.0,,0.0,,0.0,,0.0,,0.0,,0.0,,0.0,,0.0,,0.0,0
00-0038647,Ronnie Bell,WR,SF,2024,4,0,0,0,0,0,0,0,0,0,2,6,22,0,0,0,0,0,0,0,0,2.2,4.2,13.0,13.0,0.0,0.0,0.0,0.0,0.0,0.0,0.0,0.0,0.0,0.0,6.0,6.0,13.0,13.0,68.0,68.0,3.0,3.0,24.8,24.8,30.8,30.8,0.0,0.0,0.0,0.0,0.0,0.0,0.0,0.0,1
00-0038647,Ronnie Bell,WR,NO,2025,2,0,0,0,0,0,0,0,0,0,2,4,23,1,0,0,0,0,0,0,0,8.3,10.3,4.0,8.5,0.0,0.0,0.0,0.0,0.0,0.0,0.0,0.0,0.0,0.0,2.0,4.0,6.0,9.5,22.0,45.0,0.0,1.5,2.2,13.500000000000083,4.2,17.50000000000017,0.0,0.0,0.0,0.0,0.0,0.0,0.0,0.0,2
00-0038656,Mohamed Ibrahim,RB,DET,2023,1,0,0,0,0,0,0,0,0,0,0,0,0,0,0,0,0,0,0,0,0,0.0,0.0,,4.0,,0.0,,0.0,,0.0,,0.0,,0.0,,2.0,,6.0,,22.0,,0.0,,2.2,,4.2,,0.0,,0.0,,0.0,,0.0,0
00-0038658,Adrian Martinez,QB,SF,2025,1,0,0,0,0,0,1,-1,0,0,0,0,0,0,0,0,0,0,0,0,0,-0.1,-0.1,,,,,,,,,,,,,,,,,,,,,,,,,,,,,,,,,0
00-0038667,Elijah Cooks,WR,JAX,2023,4,0,0,0,0,0,0,0,0,0,3,4,38,0,0,0,0,0,0,0,0,3.8,6.8,,,,,,,,,,,,,,,,,,,,,,,,,,,,,,,,,0
00-0038678,Jordan Mims,RB,NO,2023,2,0,0,0,0,0,0,0,0,0,0,2,0,0,0,0,0,0,0,0,0,0.0,0.0,,,,,,,,,,,,,,,,,,,,,,,,,,,,,,,,,0
00-0038678,Jordan Mims,RB,NO,2024,8,0,0,0,0,0,20,70,0,0,12,18,71,0,0,0,0,0,0,0,0,14.1,26.1,2.0,2.0,0.0,0.0,0.0,0.0,0.0,0.0,0.0,0.0,0.0,0.0,0.0,0.0,2.0,2.0,0.0,0.0,0.0,0.0,0.0,0.0,0.0,0.0,0.0,0.0,0.0,0.0,0.0,0.0,0.0,0.0,1
00-0038678,Jordan Mims,RB,TEN,2025,1,0,0,0,0,0,0,0,0,0,0,0,0,0,0,0,0,0,0,0,0,0.0,0.0,8.0,5.0,0.0,0.0,0.0,0.0,0.0,0.0,70.0,35.0,0.0,0.0,12.0,6.0,18.0,10.0,71.0,35.5,0.0,0.0,14.1,7.050000000000083,26.1,13.050000000000171,0.0,0.0,0.0,0.0,0.0,0.0,0.0,0.0,2
00-0038679,Tyrell Shavers,WR,BUF,2024,1,0,0,0,0,0,0,0,0,0,1,1,69,1,0,0,0,0,0,0,0,12.9,13.9,,8.0,,0.0,,0.0,,0.0,,70.0,,0.0,,12.0,,18.0,,71.0,,0.0,,14.1,,26.1,,0.0,,0.0,,0.0,,0.0,0
00-0038679,Tyrell Shavers,WR,BUF,2025,11,0,0,0,0,0,0,0,0,0,15,23,245,1,0,0,0,0,0,0,0,30.5,45.5,1.0,1.0,0.0,0.0,0.0,0.0,0.0,0.0,0.0,0.0,0.0,0.0,1.0,1.0,1.0,1.0,69.0,69.0,1.0,1.0,12.9,12.9,13.9,13.9,0.0,0.0,0.0,0.0,0.0,0.0,0.0,0.0,1
00-0038685,Chris Brooks,RB,MIA,2023,3,0,0,0,0,0,19,106,0,0,0,0,0,0,0,0,0,0,0,0,0,10.6,10.6,,1.0,,0.0,,0.0,,0.0,,0.0,,0.0,,1.0,,1.0,,69.0,,1.0,,12.9,,13.9,,0.0,,0.0,,0.0,,0.0,0
00-0038685,Chris Brooks,RB,GB,2024,11,0,0,0,0,0,36,183,1,0,11,13,69,0,0,0,0,0,0,0,0,31.2,42.2,3.0,3.0,0.0,0.0,0.0,0.0,0.0,0.0,106.0,106.0,0.0,0.0,0.0,0.0,0.0,0.0,0.0,0.0,0.0,0.0,10.6,10.6,10.6,10.6,0.0,0.0,0.0,0.0,0.0,0.0,0.0,0.0,1
00-0038685,Chris Brooks,RB,GB,2025,17,0,0,0,0,0,27,106,0,0,13,17,91,0,0,0,0,0,0,0,0,19.7,32.7,11.0,7.0,0.0,0.0,0.0,0.0,0.0,0.0,183.0,144.5,1.0,0.5,11.0,5.5,13.0,6.5,69.0,34.5,0.0,0.0,31.2,20.900000000000084,42.2,26.400000000000173,0.0,0.0,0.0,0.0,0.0,0.0,0.0,0.0,2
00-0038705,Emari Demercado,RB,ARI,2023,11,0,0,0,0,0,58,284,2,0,21,30,119,0,0,0,0,0,0,0,0,52.3,73.3,,11.0,,0.0,,0.0,,0.0,,183.0,,1.0,,11.0,,13.0,,69.0,,0.0,,31.2,,42.2,,0.0,,0.0,,0.0,,0.0,0
00-0038705,Emari Demercado,RB,ARI,2024,13,0,0,0,0,0,24,223,1,0,16,20,104,0,0,0,0,0,0,0,0,38.7,54.7,11.0,11.0,0.0,0.0,0.0,0.0,0.0,0.0,284.0,284.0,2.0,2.0,21.0,21.0,30.0,30.0,119.0,119.0,0.0,0.0,52.3,52.3,73.3,73.3,0.0,0.0,0.0,0.0,0.0,0.0,0.0,0.0,1
00-0038705,Emari Demercado,RB,ARI,2025,12,0,0,0,0,0,44,312,0,1,13,20,101,1,0,0,0,0,0,0,0,45.3,58.3,13.0,12.0,0.0,0.0,0.0,0.0,0.0,0.0,223.0,253.5,1.0,1.5,16.0,18.5,20.0,25.0,104.0,111.5,0.0,0.0,38.7,45.500000000000085,54.7,64.00000000000017,0.0,0.0,0.0,0.0,0.0,0.0,0.0,0.0,2
00-0038710,Blake Whiteheart,TE,CLE,2024,7,0,0,0,0,0,0,0,0,0,6,9,51,1,0,0,0,0,0,0,0,11.1,17.1,,13.0,,0.0,,0.0,,0.0,,223.0,,1.0,,16.0,,20.0,,104.0,,0.0,,38.7,,54.7,,0.0,,0.0,,0.0,,0.0,0
00-0038710,Blake Whiteheart,TE,CLE,2025,9,0,0,0,0,0,0,0,0,0,2,6,4,0,0,0,0,0,0,0,0,0.4,2.4,7.0,7.0,0.0,0.0,0.0,0.0,0.0,0.0,0.0,0.0,0.0,0.0,6.0,6.0,9.0,9.0,51.0,51.0,1.0,1.0,11.1,11.1,17.1,17.1,0.0,0.0,0.0,0.0,0.0,0.0,0.0,0.0,1
00-0038720,Julian Hill,TE,MIA,2023,10,0,0,0,0,0,0,0,0,0,6,9,48,0,1,0,0,0,0,0,0,2.8,8.8,,7.0,,0.0,,0.0,,0.0,,0.0,,0.0,,6.0,,9.0,,51.0,,1.0,,11.1,,17.1,,0.0,,0.0,,0.0,,0.0,0
00-0038720,Julian Hill,TE,MIA,2024,14,0,0,0,0,0,0,0,0,0,12,19,100,0,0,0,0,0,0,0,0,10.0,22.0,10.0,10.0,0.0,0.0,0.0,0.0,0.0,0.0,0.0,0.0,0.0,0.0,6.0,6.0,9.0,9.0,48.0,48.0,0.0,0.0,2.8,2.8,8.8,8.8,0.0,0.0,0.0,0.0,0.0,0.0,0.0,0.0,1
00-0038720,Julian Hill,TE,MIA,2025,11,0,0,0,0,0,0,0,0,0,15,20,140,0,0,0,0,0,0,0,0,16.0,31.0,14.0,12.0,0.0,0.0,0.0,0.0,0.0,0.0,0.0,0.0,0.0,0.0,12.0,9.0,19.0,14.0,100.0,74.0,0.0,0.0,10.0,6.400000000000086,22.0,15.40000000000017,0.0,0.0,0.0,0.0,0.0,0.0,0.0,0.0,2
00-0038728,Jared Wayne,WR,HOU,2025,1,0,0,0,0,0,0,0,0,0,2,2,20,0,0,0,0,0,0,0,0,2.0,4.0,,14.0,,0.0,,0.0,,0.0,,0.0,,0.0,,12.0,,19.0,,100.0,,0.0,,10.0,,22.0,,0.0,,0.0,,0.0,,0.0,0
00-0038735,Princeton Fant,TE,DAL,2024,1,0,0,0,0,0,0,0,0,0,0,0,0,0,0,0,0,0,0,0,0,0.0,0.0,,,,,,,,,,,,,,,,,,,,,,,,,,,,,,,,,0
00-0038735,Princeton Fant,TE,DAL,2025,1,0,0,0,0,0,0,0,0,0,0,0,0,0,0,0,0,0,0,0,0,0.0,0.0,1.0,1.0,0.0,0.0,0.0,0.0,0.0,0.0,0.0,0.0,0.0,0.0,0.0,0.0,0.0,0.0,0.0,0.0,0.0,0.0,0.0,0.0,0.0,0.0,0.0,0.0,0.0,0.0,0.0,0.0,0.0,0.0,1
00-0038738,Hunter Luepke,RB,DAL,2023,10,0,0,0,0,0,6,19,1,0,3,4,18,0,0,0,0,0,0,0,0,9.7,12.7,,1.0,,0.0,,0.0,,0.0,,0.0,,0.0,,0.0,,0.0,,0.0,,0.0,,0.0,,0.0,,0.0,,0.0,,0.0,,0.0,0
00-0038738,Hunter Luepke,RB,DAL,2024,14,0,0,0,0,0,12,38,0,0,12,16,111,0,0,0,0,0,0,0,0,14.9,26.9,10.0,10.0,0.0,0.0,0.0,0.0,0.0,0.0,19.0,19.0,1.0,1.0,3.0,3.0,4.0,4.0,18.0,18.0,0.0,0.0,9.7,9.7,12.7,12.7,0.0,0.0,0.0,0.0,0.0,0.0,0.0,0.0,1
00-0038738,Hunter Luepke,RB,DAL,2025,14,0,0,0,0,0,16,71,0,0,13,15,109,1,0,0,0,0,0,0,0,24.0,37.0,14.0,12.0,0.0,0.0,0.0,0.0,0.0,0.0,38.0,28.5,0.0,0.5,12.0,7.5,16.0,10.0,111.0,64.5,0.0,0.0,14.9,12.300000000000086,26.9,19.800000000000168,0.0,0.0,0.0,0.0,0.0,0.0,0.0,0.0,2
00-0038740,Jalen Moreno-Cropper,WR,DAL,2025,2,0,0,0,0,0,0,0,0,0,0,0,0,0,0,0,0,0,0,0,0,0.0,0.0,,14.0,,0.0,,0.0,,0.0,,38.0,,0.0,,12.0,,16.0,,111.0,,0.0,,14.9,,26.9,,0.0,,0.0,,0.0,,0.0,0
00-0038752,Jake Bobo,WR,SEA,2023,14,0,0,0,0,0,1,3,1,0,19,25,196,2,0,0,0,0,0,0,0,37.9,56.9,,,,,,,,,,,,,,,,,,,,,,,,,,,,,,,,,0
00-0038752,Jake Bobo,WR,SEA,2024,12,0,0,0,0,0,0,0,0,0,13,17,107,1,0,0,0,0,0,0,0,16.7,29.7,14.0,14.0,0.0,0.0,0.0,0.0,0.0,0.0,3.0,3.0,1.0,1.0,19.0,19.0,25.0,25.0,196.0,196.0,2.0,2.0,37.9,37.9,56.9,56.9,0.0,0.0,0.0,0.0,0.0,0.0,0.0,0.0,1
00-0038752,Jake Bobo,WR,SEA,2025,5,0,0,0,0,0,0,0,0,0,2,2,20,0,0,0,0,0,0,0,0,2.0,4.0,12.0,13.0,0.0,0.0,0.0,0.0,0.0,0.0,0.0,1.5,0.0,0.5,13.0,16.0,17.0,21.0,107.0,151.5,1.0,1.5,16.7,27.300000000000082,29.7,43.300000000000175,0.0,0.0,0.0,0.0,0.0,0.0,0.0,0.0,2
00-0038783,Nate Adkins,TE,DEN,2023,5,0,0,0,0,0,0,0,0,0,4,5,22,0,0,0,0,0,0,0,0,2.2,6.2,,12.0,,0.0,,0.0,,0.0,,0.0,,0.0,,13.0,,17.0,,107.0,,1.0,,16.7,,29.7,,0.0,,0.0,,0.0,,0.0,0
00-0038783,Nate Adkins,TE,DEN,2024,15,0,0,0,0,0,0,0,0,0,14,15,115,3,0,0,0,0,0,0,0,29.5,43.5,5.0,5.0,0.0,0.0,0.0,0.0,0.0,0.0,0.0,0.0,0.0,0.0,4.0,4.0,5.0,5.0,22.0,22.0,0.0,0.0,2.2,2.2,6.2,6.2,0.0,0.0,0.0,0.0,0.0,0.0,0.0,0.0,1
00-0038783,Nate Adkins,TE,DEN,2025,6,0,0,0,0,0,0,0,0,0,6,11,48,1,0,0,0,0,0,0,0,10.8,16.8,15.0,10.0,0.0,0.0,0.0,0.0,0.0,0.0,0.0,0.0,0.0,0.0,14.0,9.0,15.0,10.0,115.0,68.5,3.0,1.5,29.5,15.850000000000085,43.5,24.850000000000176,0.0,0.0,0.0,0.0,0.0,0.0,0.0,0.0,2
00-0038794,Jaleel McLaughlin,RB,DEN,2023,17,0,0,0,0,0,76,410,1,0,31,36,160,2,0,0,0,0,0,0,0,75.0,106.0,,15.0,,0.0,,0.0,,0.0,,0.0,,0.0,,14.0,,15.0,,115.0,,3.0,,29.5,,43.5,,0.0,,0.0,,0.0,,0.0,0
00-0038794,Jaleel McLaughlin,RB,DEN,2024,16,0,0,0,0,0,113,496,1,0,24,27,76,2,1,0,0,0,0,0,0,73.2,97.2,17.0,17.0,0.0,0.0,0.0,0.0,0.0,0.0,410.0,410.0,1.0,1.0,31.0,31.0,36.0,36.0,160.0,160.0,2.0,2.0,75.0,75.0,106.0,106.0,0.0,0.0,0.0,0.0,0.0,0.0,0.0,0.0,1
00-0038794,Jaleel McLaughlin,RB,DEN,2025,8,0,0,0,0,0,37,187,1,0,4,6,27,0,0,0,0,0,0,0,0,27.4,31.4,16.0,16.5,0.0,0.0,0.0,0.0,0.0,0.0,496.0,453.0,1.0,1.0,24.0,27.5,27.0,31.5,76.0,118.0,2.0,2.0,73.2,74.10000000000008,97.2,101.60000000000016,0.0,0.0,0.0,0.0,0.0,0.0,0.0,0.0,2
00-0038797,Emanuel Wilson,RB,GB,2023,5,0,0,0,0,0,14,85,0,0,4,5,23,0,0,0,0,0,0,0,0,10.8,14.8,,16.0,,0.0,,0.0,,0.0,,496.0,,1.0,,24.0,,27.0,,76.0,,2.0,,73.2,,97.2,,0.0,,0.0,,0.0,,0.0,0
00-0038797,Emanuel Wilson,RB,GB,2024,17,0,0,0,0,0,103,502,4,0,11,14,48,1,0,0,0,0,0,0,0,85.0,96.0,5.0,5.0,0.0,0.0,0.0,0.0,0.0,0.0,85.0,85.0,0.0,0.0,4.0,4.0,5.0,5.0,23.0,23.0,0.0,0.0,10.8,10.8,14.8,14.8,0.0,0.0,0.0,0.0,0.0,0.0,0.0,0.0,1
00-0038797,Emanuel Wilson,RB,GB,2025,17,0,0,0,0,0,125,496,3,0,15,17,99,0,0,0,0,0,0,0,0,79.5,94.5,17.0,11.0,0.0,0.0,0.0,0.0,0.0,0.0,502.0,293.5,4.0,2.0,11.0,7.5,14.0,9.5,48.0,35.5,1.0,0.5,85.0,47.900000000000084,96.0,55.40000000000017,0.0,0.0,0.0,0.0,0.0,0.0,0.0,0.0,2
00-0038809,Ben Sims,TE,GB,2023,6,0,0,0,0,0,0,0,0,0,4,6,21,1,0,0,0,0,0,0,0,8.1,12.1,,17.0,,0.0,,0.0,,0.0,,502.0,,4.0,,11.0,,14.0,,48.0,,1.0,,85.0,,96.0,,0.0,,0.0,,0.0,,0.0,0
00-0038809,Ben Sims,TE,GB,2024,4,0,0,0,0,0,0,0,0,0,4,5,42,0,0,0,0,0,0,0,0,4.2,8.2,6.0,6.0,0.0,0.0,0.0,0.0,0.0,0.0,0.0,0.0,0.0,0.0,4.0,4.0,6.0,6.0,21.0,21.0,1.0,1.0,8.1,8.1,12.1,12.1,0.0,0.0,0.0,0.0,0.0,0.0,0.0,0.0,1
00-0038809,Ben Sims,TE,MIN,2025,3,0,0,0,0,0,0,0,0,0,3,6,30,0,0,0,0,0,0,0,0,3.0,6.0,4.0,5.0,0.0,0.0,0.0,0.0,0.0,0.0,0.0,0.0,0.0,0.0,4.0,4.0,5.0,5.5,42.0,31.5,0.0,0.5,4.2,6.150000000000086,8.2,10.150000000000169,0.0,0.0,0.0,0.0,0.0,0.0,0.0,0.0,2
00-0038821,Rakim Jarrett,WR,TB,2023,7,0,0,0,0,0,1,0,0,0,4,9,60,0,0,0,0,0,0,0,0,6.0,10.0,,4.0,,0.0,,0.0,,0.0,,0.0,,0.0,,4.0,,5.0,,42.0,,0.0,,4.2,,8.2,,0.0,,0.0,,0.0,,0.0,0
00-0038821,Rakim Jarrett,WR,TB,2024,8,0,0,0,0,0,0,0,0,0,9,11,124,0,0,0,0,0,0,0,0,12.4,21.4,7.0,7.0,0.0,0.0,0.0,0.0,0.0,0.0,0.0,0.0,0.0,0.0,4.0,4.0,9.0,9.0,60.0,60.0,0.0,0.0,6.0,6.0,10.0,10.0,0.0,0.0,0.0,0.0,0.0,0.0,0.0,0.0,1
00-0038824,Ryan Miller,WR,TB,2024,9,0,0,0,0,0,0,0,0,0,12,20,128,2,0,0,0,0,0,0,0,24.8,36.8,,7.0,,0.0,,0.0,,0.0,,0.0,,0.0,,4.0,,9.0,,60.0,,0.0,,6.0,,10.0,,0.0,,0.0,,0.0,,0.0,0
00-0038824,Ryan Miller,WR,TB,2025,9,0,0,0,0,0,0,0,0,0,2,4,34,1,0,0,0,0,0,0,0,9.4,11.4,9.0,9.0,0.0,0.0,0.0,0.0,0.0,0.0,0.0,0.0,0.0,0.0,12.0,12.0,20.0,20.0,128.0,128.0,2.0,2.0,24.8,24.8,36.8,36.8,0.0,0.0,0.0,0.0,0.0,0.0,0.0,0.0,1
00-0038839,Mitchell Tinsley,WR,CIN,2025,8,0,0,0,0,0,0,0,0,0,8,24,116,2,0,0,0,0,0,0,0,23.6,31.6,,9.0,,0.0,,0.0,,0.0,,0.0,,0.0,,12.0,,20.0,,128.0,,2.0,,24.8,,36.8,,0.0,,0.0,,0.0,,0.0,0
00-0038840,Brycen Tremayne,WR,WAS,2024,2,0,0,0,0,0,0,0,0,0,1,1,-2,0,0,0,0,0,0,0,0,-0.2,0.8,,,,,,,,,,,,,,,,,,,,,,,,,,,,,,,,,0
00-0038840,Brycen Tremayne,WR,CAR,2025,15,0,0,0,0,0,0,0,0,0,14,18,160,0,0,0,0,0,0,0,0,16.0,30.0,2.0,2.0,0.0,0.0,0.0,0.0,0.0,0.0,0.0,0.0,0.0,0.0,1.0,1.0,1.0,1.0,-2.0,-2.0,0.0,0.0,-0.2,-0.2,0.8,0.8,0.0,0.0,0.0,0.0,0.0,0.0,0.0,0.0,1
00-0038862,Elijah Dotson,RB,LAC,2023,1,0,0,0,0,0,4,6,0,0,2,2,13,0,0,0,0,0,0,0,0,1.9,3.9,,2.0,,0.0,,0.0,,0.0,,0.0,,0.0,,1.0,,1.0,,-2.0,,0.0,,-0.2,,0.8,,0.0,,0.0,,0.0,,0.0,0
00-0038891,Shedrick Jackson,WR,CIN,2023,2,0,0,0,0,0,0,0,0,0,0,1,0,0,0,0,0,0,0,0,0,0.0,0.0,,,,,,,,,,,,,,,,,,,,,,,,,,,,,,,,,0
00-0038891,Shedrick Jackson,WR,LV,2025,3,0,0,0,0,0,1,3,0,0,4,5,56,1,0,0,0,0,0,0,0,11.9,15.9,2.0,2.0,0.0,0.0,0.0,0.0,0.0,0.0,0.0,0.0,0.0,0.0,0.0,0.0,1.0,1.0,0.0,0.0,0.0,0.0,0.0,0.0,0.0,0.0,0.0,0.0,0.0,0.0,0.0,0.0,0.0,0.0,1
00-0038896,Jacob Saylors,RB,DET,2025,11,0,0,0,0,0,2,11,0,0,0,0,0,0,0,0,0,0,0,0,0,1.1,1.1,,2.0,,0.0,,0.0,,0.0,,0.0,,0.0,,0.0,,1.0,,0.0,,0.0,,0.0,,0.0,,0.0,,0.0,,0.0,,0.0,0
00-0038905,Blake Grupe,K,NO,2023,17,0,0,0,0,0,0,0,0,0,0,0,0,0,0,30,37,6,0,40,40,0.0,0.0,,,,,,,,,,,,,,,,,,,,,,,,,,,,,,,,,0
00-0038905,Blake Grupe,K,NO,2024,17,0,0,0,0,0,0,0,0,0,0,0,0,0,0,27,31,6,0,31,33,0.0,0.0,17.0,17.0,0.0,0.0,0.0,0.0,0.0,0.0,0.0,0.0,0.0,0.0,0.0,0.0,0.0,0.0,0.0,0.0,0.0,0.0,0.0,0.0,0.0,0.0,30.0,30.0,37.0,37.0,40.0,40.0,40.0,40.0,1
00-0038905,Blake Grupe,K,IND,2025,16,0,0,0,0,0,0,0,0,0,0,0,0,0,0,29,37,6,1,25,25,0.0,0.0,17.0,17.0,0.0,0.0,0.0,0.0,0.0,0.0,0.0,0.0,0.0,0.0,0.0,0.0,0.0,0.0,0.0,0.0,0.0,0.0,0.0,0.0,0.0,0.0,27.0,28.5,31.0,34.0,31.0,35.5,33.0,36.5,2
00-0038911,Malik Cunningham,WR,NE,2023,1,0,0,0,0,0,0,0,0,0,0,0,0,0,0,0,0,0,0,0,0,0.0,0.0,,17.0,,0.0,,0.0,,0.0,,0.0,,0.0,,0.0,,0.0,,0.0,,0.0,,0.0,,0.0,,27.0,,31.0,,31.0,,33.0,0
00-0038911,Malik Cunningham,WR,DET,2025,1,0,0,0,0,0,1,1,0,0,0,0,0,0,0,0,0,0,0,0,0,0.1,0.1,1.0,1.0,0.0,0.0,0.0,0.0,0.0,0.0,0.0,0.0,0.0,0.0,0.0,0.0,0.0,0.0,0.0,0.0,0.0,0.0,0.0,0.0,0.0,0.0,0.0,0.0,0.0,0.0,0.0,0.0,0.0,0.0,1
00-0038920,John Shenker,TE,LV,2024,3,0,0,0,0,0,0,0,0,0,1,1,7,0,0,0,0,0,0,0,0,0.7,1.7,,1.0,,0.0,,0.0,,0.0,,0.0,,0.0,,0.0,,0.0,,0.0,,0.0,,0.0,,0.0,,0.0,,0.0,,0.0,,0.0,0
00-0038933,Dalton Kincaid,TE,BUF,2023,16,0,0,0,0,0,0,0,0,0,73,91,673,2,1,0,0,0,0,0,0,77.3,150.3,,,,,,,,,,,,,,,,,,,,,,,,,,,,,,,,,0
00-0038933,Dalton Kincaid,TE,BUF,2024,13,0,0,0,0,0,0,0,0,0,44,75,448,2,0,0,0,0,0,0,0,56.8,100.8,16.0,16.0,0.0,0.0,0.0,0.0,0.0,0.0,0.0,0.0,0.0,0.0,73.0,73.0,91.0,91.0,673.0,673.0,2.0,2.0,77.3,77.3,150.3,150.3,0.0,0.0,0.0,0.0,0.0,0.0,0.0,0.0,1
00-0038933,Dalton Kincaid,TE,BUF,2025,12,0,0,0,0,0,0,0,0,0,39,49,571,5,0,0,0,0,0,0,0,87.1,126.1,13.0,14.5,0.0,0.0,0.0,0.0,0.0,0.0,0.0,0.0,0.0,0.0,44.0,58.5,75.0,83.0,448.0,560.5,2.0,2.0,56.8,67.05000000000008,100.8,125.55000000000018,0.0,0.0,0.0,0.0,0.0,0.0,0.0,0.0,2
00-0038935,Brenton Strange,TE,JAX,2023,7,0,0,0,0,0,0,0,0,0,5,9,35,1,0,0,0,0,0,0,0,9.5,14.5,,13.0,,0.0,,0.0,,0.0,,0.0,,0.0,,44.0,,75.0,,448.0,,2.0,,56.8,,100.8,,0.0,,0.0,,0.0,,0.0,0
00-0038935,Brenton Strange,TE,JAX,2024,14,0,0,0,0,0,0,0,0,0,40,53,411,2,1,0,0,0,0,0,0,51.1,91.1,7.0,7.0,0.0,0.0,0.0,0.0,0.0,0.0,0.0,0.0,0.0,0.0,5.0,5.0,9.0,9.0,35.0,35.0,1.0,1.0,9.5,9.5,14.5,14.5,0.0,0.0,0.0,0.0,0.0,0.0,0.0,0.0,1
00-0038935,Brenton Strange,TE,JAX,2025,12,0,0,0,0,0,0,0,0,0,46,60,540,3,0,0,0,0,0,0,0,72.0,118.0,14.0,10.5,0.0,0.0,0.0,0.0,0.0,0.0,0.0,0.0,0.0,0.0,40.0,22.5,53.0,31.0,411.0,223.0,2.0,1.5,51.1,30.300000000000086,91.1,52.80000000000017,0.0,0.0,0.0,0.0,0.0,0.0,0.0,0.0,2
00-0038938,Jalin Hyatt,WR,NYG,2023,13,0,0,0,0,0,0,0,0,0,23,40,373,0,0,0,0,0,0,0,0,37.3,60.3,,14.0,,0.0,,0.0,,0.0,,0.0,,0.0,,40.0,,53.0,,411.0,,2.0,,51.1,,91.1,,0.0,,0.0,,0.0,,0.0,0
00-0038938,Jalin Hyatt,WR,NYG,2024,10,0,0,0,0,0,0,0,0,0,8,19,62,0,0,0,0,0,0,0,0,6.2,14.2,13.0,13.0,0.0,0.0,0.0,0.0,0.0,0.0,0.0,0.0,0.0,0.0,23.0,23.0,40.0,40.0,373.0,373.0,0.0,0.0,37.3,37.3,60.3,60.3,0.0,0.0,0.0,0.0,0.0,0.0,0.0,0.0,1
00-0038938,Jalin Hyatt,WR,NYG,2025,6,0,0,0,0,0,0,0,0,0,5,14,35,0,0,0,0,0,0,0,0,3.5,8.5,10.0,11.5,0.0,0.0,0.0,0.0,0.0,0.0,0.0,0.0,0.0,0.0,8.0,15.5,19.0,29.5,62.0,217.5,0.0,0.0,6.2,21.750000000000085,14.2,37.25000000000017,0.0,0.0,0.0,0.0,0.0,0.0,0.0,0.0,2
00-0038941,Tyler Scott,WR,CHI,2023,13,0,0,0,0,0,7,41,0,0,17,32,168,0,1,0,0,0,0,0,0,18.9,35.9,,10.0,,0.0,,0.0,,0.0,,0.0,,0.0,,8.0,,19.0,,62.0,,0.0,,6.2,,14.2,,0.0,,0.0,,0.0,,0.0,0
00-0038941,Tyler Scott,WR,CHI,2024,4,0,0,0,0,0,0,0,0,0,1,1,5,0,0,0,0,0,0,0,0,0.5,1.5,13.0,13.0,0.0,0.0,0.0,0.0,0.0,0.0,41.0,41.0,0.0,0.0,17.0,17.0,32.0,32.0,168.0,168.0,0.0,0.0,18.9,18.9,35.9,35.9,0.0,0.0,0.0,0.0,0.0,0.0,0.0,0.0,1
00-0038951,Sean Tucker,RB,TB,2023,3,0,0,0,0,0,15,23,0,0,2,2,9,0,0,0,0,0,0,0,0,3.2,5.2,,13.0,,0.0,,0.0,,0.0,,41.0,,0.0,,17.0,,32.0,,168.0,,0.0,,18.9,,35.9,,0.0,,0.0,,0.0,,0.0,0
00-0038951,Sean Tucker,RB,TB,2024,17,0,0,0,0,0,50,308,2,0,9,12,109,1,0,0,0,0,0,0,0,59.7,68.7,3.0,3.0,0.0,0.0,0.0,0.0,0.0,0.0,23.0,23.0,0.0,0.0,2.0,2.0,2.0,2.0,9.0,9.0,0.0,0.0,3.2,3.2,5.2,5.2,0.0,0.0,0.0,0.0,0.0,0.0,0.0,0.0,1
00-0038951,Sean Tucker,RB,TB,2025,17,0,0,0,0,0,86,320,7,0,8,11,34,1,0,0,0,0,0,0,0,83.4,91.4,17.0,10.0,0.0,0.0,0.0,0.0,0.0,0.0,308.0,165.5,2.0,1.0,9.0,5.5,12.0,7.0,109.0,59.0,1.0,0.5,59.7,31.450000000000088,68.7,36.950000000000166,0.0,0.0,0.0,0.0,0.0,0.0,0.0,0.0,2
00-0038953,Dylan Drummond,WR,ATL,2025,6,0,0,0,0,0,0,0,0,0,7,11,42,0,0,0,0,0,0,0,0,4.2,11.2,,17.0,,0.0,,0.0,,0.0,,308.0,,2.0,,9.0,,12.0,,109.0,,1.0,,59.7,,68.7,,0.0,,0.0,,0.0,,0.0,0
00-0038969,Kearis Jackson,WR,TEN,2023,2,0,0,0,0,0,0,0,0,0,0,0,0,0,0,0,0,0,0,0,0,0.0,0.0,,,,,,,,,,,,,,,,,,,,,,,,,,,,,,,,,0
00-0038976,Marvin Mims Jr.,WR,DEN,2023,16,0,0,0,0,0,9,30,0,0,22,33,377,1,0,0,0,0,0,0,0,52.7,74.7,,,,,,,,,,,,,,,,,,,,,,,,,,,,,,,,,0
00-0038976,Marvin Mims Jr.,WR,DEN,2024,17,0,0,0,0,0,13,42,0,0,39,52,503,6,0,0,0,0,0,0,0,90.5,129.5,16.0,16.0,0.0,0.0,0.0,0.0,0.0,0.0,30.0,30.0,0.0,0.0,22.0,22.0,33.0,33.0,377.0,377.0,1.0,1.0,52.7,52.7,74.7,74.7,0.0,0.0,0.0,0.0,0.0,0.0,0.0,0.0,1
00-0038976,Marvin Mims Jr.,WR,DEN,2025,15,0,0,0,0,0,12,78,1,0,37,51,322,1,0,0,0,0,0,0,0,58.0,95.0,17.0,16.5,0.0,0.0,0.0,0.0,0.0,0.0,42.0,36.0,0.0,0.0,39.0,30.5,52.0,42.5,503.0,440.0,6.0,3.5,90.5,71.60000000000008,129.5,102.10000000000016,0.0,0.0,0.0,0.0,0.0,0.0,0.0,0.0,2
00-0038977,Tank Dell,WR,HOU,2023,10,0,0,0,0,0,11,51,0,0,47,75,709,7,0,0,0,0,0,0,0,118.0,165.0,,17.0,,0.0,,0.0,,0.0,,42.0,,0.0,,39.0,,52.0,,503.0,,6.0,,90.5,,129.5,,0.0,,0.0,,0.0,,0.0,0
00-0038977,Tank Dell,WR,HOU,2024,14,0,0,0,0,0,9,43,0,0,51,81,667,3,0,0,0,0,0,0,0,89.0,140.0,10.0,10.0,0.0,0.0,0.0,0.0,0.0,0.0,51.0,51.0,0.0,0.0,47.0,47.0,75.0,75.0,709.0,709.0,7.0,7.0,118.0,118.0,165.0,165.0,0.0,0.0,0.0,0.0,0.0,0.0,0.0,0.0,1
00-0038979,Cedric Tillman,WR,CLE,2023,11,0,0,0,0,0,1,8,0,0,21,44,224,0,0,0,0,0,0,0,0,23.2,44.2,,10.0,,0.0,,0.0,,0.0,,51.0,,0.0,,47.0,,75.0,,709.0,,7.0,,118.0,,165.0,,0.0,,0.0,,0.0,,0.0,0
00-0038979,Cedric Tillman,WR,CLE,2024,9,0,0,0,0,0,1,-5,0,0,29,49,339,3,1,0,0,0,0,0,0,51.4,80.4,11.0,11.0,0.0,0.0,0.0,0.0,0.0,0.0,8.0,8.0,0.0,0.0,21.0,21.0,44.0,44.0,224.0,224.0,0.0,0.0,23.2,23.2,44.2,44.2,0.0,0.0,0.0,0.0,0.0,0.0,0.0,0.0,1
00-0038979,Cedric Tillman,WR,CLE,2025,12,0,0,0,0,0,0,0,0,0,21,39,270,2,0,0,0,0,0,0,0,39.0,60.0,9.0,10.0,0.0,0.0,0.0,0.0,0.0,0.0,-5.0,1.5,0.0,0.0,29.0,25.0,49.0,46.5,339.0,281.5,3.0,1.5,51.4,37.30000000000008,80.4,62.300000000000175,0.0,0.0,0.0,0.0,0.0,0.0,0.0,0.0,2
00-0038994,Jordan Addison,WR,MIN,2023,17,0,0,0,0,0,1,2,0,0,70,108,911,10,0,0,0,0,0,0,0,151.3,221.3,,9.0,,0.0,,0.0,,0.0,,-5.0,,0.0,,29.0,,49.0,,339.0,,3.0,,51.4,,80.4,,0.0,,0.0,,0.0,,0.0,0
00-0038994,Jordan Addison,WR,MIN,2024,15,0,0,0,0,0,3,20,1,0,63,99,875,9,0,0,0,0,0,0,0,149.5,212.5,17.0,17.0,0.0,0.0,0.0,0.0,0.0,0.0,2.0,2.0,0.0,0.0,70.0,70.0,108.0,108.0,911.0,911.0,10.0,10.0,151.3,151.3,221.3,221.3,0.0,0.0,0.0,0.0,0.0,0.0,0.0,0.0,1
00-0038994,Jordan Addison,WR,MIN,2025,14,0,0,0,0,0,2,81,1,0,42,79,610,3,0,0,0,0,0,0,0,93.1,135.1,15.0,16.0,0.0,0.0,0.0,0.0,0.0,0.0,20.0,11.0,1.0,0.5,63.0,66.5,99.0,103.5,875.0,893.0,9.0,9.5,149.5,150.4000000000001,212.5,216.90000000000018,0.0,0.0,0.0,0.0,0.0,0.0,0.0,0.0,2
00-0038996,Tucker Kraft,TE,GB,2023,14,0,0,0,0,0,0,0,0,0,31,40,355,2,0,0,0,0,0,0,0,47.5,78.5,,15.0,,0.0,,0.0,,0.0,,20.0,,1.0,,63.0,,99.0,,875.0,,9.0,,149.5,,212.5,,0.0,,0.0,,0.0,,0.0,0
00-0038996,Tucker Kraft,TE,GB,2024,17,0,0,0,0,0,3,6,0,0,50,70,707,7,1,0,0,0,0,0,0,113.3,163.3,14.0,14.0,0.0,0.0,0.0,0.0,0.0,0.0,0.0,0.0,0.0,0.0,31.0,31.0,40.0,40.0,355.0,355.0,2.0,2.0,47.5,47.5,78.5,78.5,0.0,0.0,0.0,0.0,0.0,0.0,0.0,0.0,1
00-0038996,Tucker Kraft,TE,GB,2025,8,0,0,0,0,0,1,3,0,0,32,44,489,6,0,0,0,0,0,0,0,85.2,117.2,17.0,15.5,0.0,0.0,0.0,0.0,0.0,0.0,6.0,3.0,0.0,0.0,50.0,40.5,70.0,55.0,707.0,531.0,7.0,4.5,113.3,80.40000000000009,163.3,120.90000000000018,0.0,0.0,0.0,0.0,0.0,0.0,0.0,0.0,2
00-0038997,Josh Downs,WR,IND,2023,17,0,0,0,0,0,0,0,0,0,68,98,771,2,0,0,0,0,0,0,0,89.1,157.1,,17.0,,0.0,,0.0,,0.0,,6.0,,0.0,,50.0,,70.0,,707.0,,7.0,,113.3,,163.3,,0.0,,0.0,,0.0,,0.0,0
00-0038997,Josh Downs,WR,IND,2024,14,0,0,0,0,0,1,12,0,0,72,107,803,5,0,0,0,0,0,0,0,111.5,183.5,17.0,17.0,0.0,0.0,0.0,0.0,0.0,0.0,0.0,0.0,0.0,0.0,68.0,68.0,98.0,98.0,771.0,771.0,2.0,2.0,89.1,89.1,157.1,157.1,0.0,0.0,0.0,0.0,0.0,0.0,0.0,0.0,1
00-0038997,Josh Downs,WR,IND,2025,16,0,0,0,0,0,2,-2,0,0,58,88,566,4,0,0,0,0,0,0,0,80.4,138.4,14.0,15.5,0.0,0.0,0.0,0.0,0.0,0.0,12.0,6.0,0.0,0.0,72.0,70.0,107.0,102.5,803.0,787.0,5.0,3.5,111.5,100.30000000000008,183.5,170.30000000000018,0.0,0.0,0.0,0.0,0.0,0.0,0.0,0.0,2
00-0038998,Jake Haener,QB,NO,2024,8,18,39,226,1,1,11,22,0,0,0,0,0,0,0,0,0,0,0,0,0,13.24,13.24,,14.0,,0.0,,0.0,,0.0,,12.0,,0.0,,72.0,,107.0,,803.0,,5.0,,111.5,,183.5,,0.0,,0.0,,0.0,,0.0,0
00-0039021,Roschon Johnson,RB,CHI,2023,15,0,0,0,0,0,81,352,2,0,34,40,209,0,0,0,0,0,0,0,0,68.1,102.1,,,,,,,,,,,,,,,,,,,,,,,,,,,,,,,,,0
00-0039021,Roschon Johnson,RB,CHI,2024,13,0,0,0,0,0,55,150,6,0,16,20,104,0,0,0,0,0,0,0,0,61.4,77.4,15.0,15.0,0.0,0.0,0.0,0.0,0.0,0.0,352.0,352.0,2.0,2.0,34.0,34.0,40.0,40.0,209.0,209.0,0.0,0.0,68.1,68.1,102.1,102.1,0.0,0.0,0.0,0.0,0.0,0.0,0.0,0.0,1
00-0039021,Roschon Johnson,RB,CHI,2025,6,0,0,0,0,0,2,17,0,0,0,0,0,0,0,0,0,0,0,0,0,1.7,1.7,13.0,14.0,0.0,0.0,0.0,0.0,0.0,0.0,150.0,251.0,6.0,4.0,16.0,25.0,20.0,30.0,104.0,156.5,0.0,0.0,61.4,64.75000000000009,77.4,89.75000000000017,0.0,0.0,0.0,0.0,0.0,0.0,0.0,0.0,2
00-0039032,Tyjae Spears,RB,TEN,2023,17,0,0,0,0,0,100,453,2,0,52,70,385,1,0,0,0,0,0,0,0,101.8,153.8,,13.0,,0.0,,0.0,,0.0,,150.0,,6.0,,16.0,,20.0,,104.0,,0.0,,61.4,,77.4,,0.0,,0.0,,0.0,,0.0,0
00-0039032,Tyjae Spears,RB,TEN,2024,12,0,0,0,0,0,84,312,4,0,30,35,224,1,0,0,0,0,0,0,0,83.6,113.6,17.0,17.0,0.0,0.0,0.0,0.0,0.0,0.0,453.0,453.0,2.0,2.0,52.0,52.0,70.0,70.0,385.0,385.0,1.0,1.0,101.8,101.8,153.8,153.8,0.0,0.0,0.0,0.0,0.0,0.0,0.0,0.0,1
00-0039032,Tyjae Spears,RB,TEN,2025,13,0,0,0,0,0,72,283,2,0,45,50,264,0,0,0,0,0,0,0,0,66.7,111.7,12.0,14.5,0.0,0.0,0.0,0.0,0.0,0.0,312.0,382.5,4.0,3.0,30.0,41.0,35.0,52.5,224.0,304.5,1.0,1.0,83.6,92.70000000000007,113.6,133.70000000000016,0.0,0.0,0.0,0.0,0.0,0.0,0.0,0.0,2
00-0039040,De'Von Achane,RB,MIA,2023,11,0,0,0,0,0,103,800,8,1,27,37,197,3,0,0,0,0,0,0,0,163.7,190.7,,12.0,,0.0,,0.0,,0.0,,312.0,,4.0,,30.0,,35.0,,224.0,,1.0,,83.6,,113.6,,0.0,,0.0,,0.0,,0.0,0
00-0039040,De'Von Achane,RB,MIA,2024,17,0,0,0,0,0,203,907,6,0,78,87,592,6,0,0,0,0,0,0,0,221.9,299.9,11.0,11.0,0.0,0.0,0.0,0.0,0.0,0.0,800.0,800.0,8.0,8.0,27.0,27.0,37.0,37.0,197.0,197.0,3.0,3.0,163.7,163.7,190.7,190.7,0.0,0.0,0.0,0.0,0.0,0.0,0.0,0.0,1
00-0039040,De'Von Achane,RB,MIA,2025,16,0,0,0,0,0,238,1350,8,0,67,85,488,4,0,0,0,0,0,0,0,255.8,322.8,17.0,14.0,0.0,0.0,0.0,0.0,0.0,0.0,907.0,853.5,6.0,7.0,78.0,52.5,87.0,62.0,592.0,394.5,6.0,4.5,221.9,192.80000000000007,299.9,245.30000000000015,0.0,0.0,0.0,0.0,0.0,0.0,0.0,0.0,2
00-0039041,Elijah Higgins,TE,ARI,2023,11,0,0,0,0,0,0,0,0,0,14,19,163,1,0,0,0,0,0,0,0,22.3,36.3,,17.0,,0.0,,0.0,,0.0,,907.0,,6.0,,78.0,,87.0,,592.0,,6.0,,221.9,,299.9,,0.0,,0.0,,0.0,,0.0,0
00-0039041,Elijah Higgins,TE,ARI,2024,15,0,0,0,0,0,0,0,0,0,20,24,172,2,0,0,0,0,0,0,0,29.2,49.2,11.0,11.0,0.0,0.0,0.0,0.0,0.0,0.0,0.0,0.0,0.0,0.0,14.0,14.0,19.0,19.0,163.0,163.0,1.0,1.0,22.3,22.3,36.3,36.3,0.0,0.0,0.0,0.0,0.0,0.0,0.0,0.0,1
00-0039041,Elijah Higgins,TE,ARI,2025,17,0,0,0,0,0,0,0,0,0,30,37,301,0,1,0,0,0,0,0,0,28.1,58.1,15.0,13.0,0.0,0.0,0.0,0.0,0.0,0.0,0.0,0.0,0.0,0.0,20.0,17.0,24.0,21.5,172.0,167.5,2.0,1.5,29.2,25.750000000000085,49.2,42.75000000000017,0.0,0.0,0.0,0.0,0.0,0.0,0.0,0.0,2
00-0039050,Payne Durham,TE,TB,2023,6,0,0,0,0,0,0,0,0,0,5,7,58,0,0,0,0,0,0,0,0,5.8,10.8,,15.0,,0.0,,0.0,,0.0,,0.0,,0.0,,20.0,,24.0,,172.0,,2.0,,29.2,,49.2,,0.0,,0.0,,0.0,,0.0,0
00-0039050,Payne Durham,TE,TB,2024,8,0,0,0,0,0,0,0,0,0,11,14,115,2,0,0,0,0,0,0,0,23.5,34.5,6.0,6.0,0.0,0.0,0.0,0.0,0.0,0.0,0.0,0.0,0.0,0.0,5.0,5.0,7.0,7.0,58.0,58.0,0.0,0.0,5.8,5.8,10.8,10.8,0.0,0.0,0.0,0.0,0.0,0.0,0.0,0.0,1
00-0039050,Payne Durham,TE,TB,2025,8,0,0,0,0,0,0,0,0,0,1,4,11,0,0,0,0,0,0,0,0,1.1,2.1,8.0,7.0,0.0,0.0,0.0,0.0,0.0,0.0,0.0,0.0,0.0,0.0,11.0,8.0,14.0,10.5,115.0,86.5,2.0,1.0,23.5,14.650000000000086,34.5,22.65000000000017,0.0,0.0,0.0,0.0,0.0,0.0,0.0,0.0,2
00-0039052,Trey Palmer,WR,TB,2023,17,0,0,0,0,0,3,22,0,0,39,68,385,3,1,0,0,0,0,0,0,56.7,95.7,,8.0,,0.0,,0.0,,0.0,,0.0,,0.0,,11.0,,14.0,,115.0,,2.0,,23.5,,34.5,,0.0,,0.0,,0.0,,0.0,0
00-0039052,Trey Palmer,WR,TB,2024,15,0,0,0,0,0,0,0,0,0,12,22,172,1,0,0,0,0,0,0,0,23.2,35.2,17.0,17.0,0.0,0.0,0.0,0.0,0.0,0.0,22.0,22.0,0.0,0.0,39.0,39.0,68.0,68.0,385.0,385.0,3.0,3.0,56.7,56.7,95.7,95.7,0.0,0.0,0.0,0.0,0.0,0.0,0.0,0.0,1
00-0039062,Jonathan Mingo,WR,CAR,2023,15,0,0,0,0,0,0,0,0,0,43,85,418,0,0,0,0,0,0,0,0,41.8,84.8,,17.0,,0.0,,0.0,,0.0,,22.0,,0.0,,39.0,,68.0,,385.0,,3.0,,56.7,,95.7,,0.0,,0.0,,0.0,,0.0,0
00-0039062,Jonathan Mingo,WR,DAL,2024,14,0,0,0,0,0,2,5,0,1,17,42,167,0,0,0,0,0,0,0,0,15.2,32.2,15.0,15.0,0.0,0.0,0.0,0.0,0.0,0.0,0.0,0.0,0.0,0.0,43.0,43.0,85.0,85.0,418.0,418.0,0.0,0.0,41.8,41.8,84.8,84.8,0.0,0.0,0.0,0.0,0.0,0.0,0.0,0.0,1
00-0039062,Jonathan Mingo,WR,DAL,2025,5,0,0,0,0,0,0,0,0,0,1,5,25,0,0,0,0,0,0,0,0,2.5,3.5,14.0,14.5,0.0,0.0,0.0,0.0,0.0,0.0,5.0,2.5,0.0,0.0,17.0,30.0,42.0,63.5,167.0,292.5,0.0,0.0,15.2,28.500000000000085,32.2,58.50000000000017,0.0,0.0,0.0,0.0,0.0,0.0,0.0,0.0,2
00-0039064,Zay Flowers,WR,BAL,2023,16,0,0,0,0,0,8,56,1,0,77,108,858,5,0,0,0,0,0,0,0,129.4,206.4,,14.0,,0.0,,0.0,,0.0,,5.0,,0.0,,17.0,,42.0,,167.0,,0.0,,15.2,,32.2,,0.0,,0.0,,0.0,,0.0,0
00-0039064,Zay Flowers,WR,BAL,2024,17,0,0,0,0,0,9,56,0,0,74,116,1059,4,0,0,0,0,0,0,0,135.5,209.5,16.0,16.0,0.0,0.0,0.0,0.0,0.0,0.0,56.0,56.0,1.0,1.0,77.0,77.0,108.0,108.0,858.0,858.0,5.0,5.0,129.4,129.4,206.4,206.4,0.0,0.0,0.0,0.0,0.0,0.0,0.0,0.0,1
00-0039064,Zay Flowers,WR,BAL,2025,17,0,0,0,0,0,10,62,1,0,86,118,1211,5,3,0,0,0,0,0,0,157.3,243.3,17.0,16.5,0.0,0.0,0.0,0.0,0.0,0.0,56.0,56.0,0.0,0.5,74.0,75.5,116.0,112.0,1059.0,958.5,4.0,4.5,135.5,132.4500000000001,209.5,207.95000000000016,0.0,0.0,0.0,0.0,0.0,0.0,0.0,0.0,2
00-0039065,Sam LaPorta,TE,DET,2023,17,0,0,0,0,0,1,4,0,0,86,120,889,10,0,0,0,0,0,0,0,153.3,239.3,,17.0,,0.0,,0.0,,0.0,,56.0,,0.0,,74.0,,116.0,,1059.0,,4.0,,135.5,,209.5,,0.0,,0.0,,0.0,,0.0,0
00-0039065,Sam LaPorta,TE,DET,2024,16,0,0,0,0,0,0,0,0,0,60,83,726,7,0,0,0,0,0,0,0,114.6,174.6,17.0,17.0,0.0,0.0,0.0,0.0,0.0,0.0,4.0,4.0,0.0,0.0,86.0,86.0,120.0,120.0,889.0,889.0,10.0,10.0,153.3,153.3,239.3,239.3,0.0,0.0,0.0,0.0,0.0,0.0,0.0,0.0,1
00-0039065,Sam LaPorta,TE,DET,2025,9,0,0,0,0,0,0,0,0,0,40,49,489,3,0,0,0,0,0,0,0,66.9,106.9,16.0,16.5,0.0,0.0,0.0,0.0,0.0,0.0,0.0,2.0,0.0,0.0,60.0,73.0,83.0,101.5,726.0,807.5,7.0,8.5,114.6,133.9500000000001,174.6,206.95000000000016,0.0,0.0,0.0,0.0,0.0,0.0,0.0,0.0,2
00-0039066,Michael Mayer,TE,LV,2023,13,0,0,0,0,0,0,0,0,0,27,40,304,2,0,0,0,0,0,0,0,44.4,71.4,,16.0,,0.0,,0.0,,0.0,,0.0,,0.0,,60.0,,83.0,,726.0,,7.0,,114.6,,174.6,,0.0,,0.0,,0.0,,0.0,0
00-0039066,Michael Mayer,TE,LV,2024,11,0,0,0,0,0,0,0,0,0,21,32,156,0,0,0,0,0,0,0,0,15.6,36.6,13.0,13.0,0.0,0.0,0.0,0.0,0.0,0.0,0.0,0.0,0.0,0.0,27.0,27.0,40.0,40.0,304.0,304.0,2.0,2.0,44.4,44.4,71.4,71.4,0.0,0.0,0.0,0.0,0.0,0.0,0.0,0.0,1
00-0039066,Michael Mayer,TE,LV,2025,13,0,0,0,0,0,0,0,0,0,35,50,328,1,0,0,0,0,0,0,0,38.8,73.8,11.0,12.0,0.0,0.0,0.0,0.0,0.0,0.0,0.0,0.0,0.0,0.0,21.0,24.0,32.0,36.0,156.0,230.0,0.0,1.0,15.6,30.000000000000085,36.6,54.00000000000017,0.0,0.0,0.0,0.0,0.0,0.0,0.0,0.0,2
00-0039067,Rashee Rice,WR,KC,2023,16,0,0,0,0,0,1,-3,0,0,79,102,938,7,1,0,0,0,0,0,0,133.5,212.5,,11.0,,0.0,,0.0,,0.0,,0.0,,0.0,,21.0,,32.0,,156.0,,0.0,,15.6,,36.6,,0.0,,0.0,,0.0,,0.0,0
00-0039067,Rashee Rice,WR,KC,2024,4,0,0,0,0,0,1,1,0,0,24,29,288,2,0,0,0,0,0,0,0,40.9,64.9,16.0,16.0,0.0,0.0,0.0,0.0,0.0,0.0,-3.0,-3.0,0.0,0.0,79.0,79.0,102.0,102.0,938.0,938.0,7.0,7.0,133.5,133.5,212.5,212.5,0.0,0.0,0.0,0.0,0.0,0.0,0.0,0.0,1
00-0039067,Rashee Rice,WR,KC,2025,8,0,0,0,0,0,5,20,1,0,53,78,571,5,0,0,0,0,0,0,0,97.1,150.1,4.0,10.0,0.0,0.0,0.0,0.0,0.0,0.0,1.0,-1.0,0.0,0.0,24.0,51.5,29.0,65.5,288.0,613.0,2.0,4.5,40.9,87.20000000000009,64.9,138.70000000000016,0.0,0.0,0.0,0.0,0.0,0.0,0.0,0.0,2
00-0039074,Davis Allen,TE,LA,2023,7,0,0,0,0,0,0,0,0,0,10,11,95,1,0,0,0,0,0,0,0,15.5,25.5,,4.0,,0.0,,0.0,,0.0,,1.0,,0.0,,24.0,,29.0,,288.0,,2.0,,40.9,,64.9,,0.0,,0.0,,0.0,,0.0,0
00-0039074,Davis Allen,TE,LA,2024,7,0,0,0,0,0,0,0,0,0,6,13,39,0,0,0,0,0,0,0,0,3.9,9.9,7.0,7.0,0.0,0.0,0.0,0.0,0.0,0.0,0.0,0.0,0.0,0.0,10.0,10.0,11.0,11.0,95.0,95.0,1.0,1.0,15.5,15.5,25.5,25.5,0.0,0.0,0.0,0.0,0.0,0.0,0.0,0.0,1
00-0039074,Davis Allen,TE,LA,2025,15,0,0,0,0,0,0,0,0,0,24,33,208,3,0,0,0,0,0,0,0,38.8,62.8,7.0,7.0,0.0,0.0,0.0,0.0,0.0,0.0,0.0,0.0,0.0,0.0,6.0,8.0,13.0,12.0,39.0,67.0,0.0,0.5,3.9,9.700000000000085,9.9,17.70000000000017,0.0,0.0,0.0,0.0,0.0,0.0,0.0,0.0,2
00-0039075,Puka Nacua,WR,LA,2023,17,0,0,0,0,0,12,89,0,0,105,160,1486,6,0,0,0,0,0,0,0,193.5,298.5,,7.0,,0.0,,0.0,,0.0,,0.0,,0.0,,6.0,,13.0,,39.0,,0.0,,3.9,,9.9,,0.0,,0.0,,0.0,,0.0,0
00-0039075,Puka Nacua,WR,LA,2024,11,0,0,0,0,0,11,46,1,0,79,106,990,3,0,0,0,0,0,0,0,127.6,206.6,17.0,17.0,0.0,0.0,0.0,0.0,0.0,0.0,89.0,89.0,0.0,0.0,105.0,105.0,160.0,160.0,1486.0,1486.0,6.0,6.0,193.5,193.5,298.5,298.5,0.0,0.0,0.0,0.0,0.0,0.0,0.0,0.0,1
00-0039075,Puka Nacua,WR,LA,2025,16,0,0,0,0,0,10,105,1,0,129,166,1715,10,1,0,0,0,0,0,0,246.0,375.0,11.0,14.0,0.0,0.0,0.0,0.0,0.0,0.0,46.0,67.5,1.0,0.5,79.0,92.0,106.0,133.0,990.0,1238.0,3.0,4.5,127.6,160.55000000000007,206.6,252.55000000000018,0.0,0.0,0.0,0.0,0.0,0.0,0.0,0.0,2
00-0039136,Zach Evans,RB,LA,2023,4,0,0,0,0,0,9,19,0,0,0,0,0,0,0,0,0,0,0,0,0,1.9,1.9,,11.0,,0.0,,0.0,,0.0,,46.0,,1.0,,79.0,,106.0,,990.0,,3.0,,127.6,,206.6,,0.0,,0.0,,0.0,,0.0,0
00-0039139,Jahmyr Gibbs,RB,DET,2023,15,0,0,0,0,0,182,945,10,1,52,71,316,1,0,0,0,0,0,0,0,190.1,242.1,,,,,,,,,,,,,,,,,,,,,,,,,,,,,,,,,0
00-0039139,Jahmyr Gibbs,RB,DET,2024,17,0,0,0,0,0,250,1412,16,0,52,63,517,4,1,0,0,0,0,0,0,310.9,362.9,15.0,15.0,0.0,0.0,0.0,0.0,0.0,0.0,945.0,945.0,10.0,10.0,52.0,52.0,71.0,71.0,316.0,316.0,1.0,1.0,190.1,190.1,242.1,242.1,0.0,0.0,0.0,0.0,0.0,0.0,0.0,0.0,1
00-0039139,Jahmyr Gibbs,RB,DET,2025,17,0,0,0,0,0,243,1223,13,1,77,94,616,5,0,0,0,0,0,0,0,289.9,366.9,17.0,16.0,0.0,0.0,0.0,0.0,0.0,0.0,1412.0,1178.5,16.0,13.0,52.0,52.0,63.0,67.0,517.0,416.5,4.0,2.5,310.9,250.50000000000006,362.9,302.50000000000017,0.0,0.0,0.0,0.0,0.0,0.0,0.0,0.0,2
00-0039144,Luke Musgrave,TE,GB,2023,11,0,0,0,0,0,0,0,0,0,34,46,352,1,0,0,0,0,0,0,0,41.2,75.2,,17.0,,0.0,,0.0,,0.0,,1412.0,,16.0,,52.0,,63.0,,517.0,,4.0,,310.9,,362.9,,0.0,,0.0,,0.0,,0.0,0
00-0039144,Luke Musgrave,TE,GB,2024,7,0,0,0,0,0,0,0,0,0,7,10,45,0,0,0,0,0,0,0,0,4.5,11.5,11.0,11.0,0.0,0.0,0.0,0.0,0.0,0.0,0.0,0.0,0.0,0.0,34.0,34.0,46.0,46.0,352.0,352.0,1.0,1.0,41.2,41.2,75.2,75.2,0.0,0.0,0.0,0.0,0.0,0.0,0.0,0.0,1
00-0039144,Luke Musgrave,TE,GB,2025,13,0,0,0,0,0,0,0,0,0,24,31,252,0,0,0,0,0,0,0,0,25.2,49.2,7.0,9.0,0.0,0.0,0.0,0.0,0.0,0.0,0.0,0.0,0.0,0.0,7.0,20.5,10.0,28.0,45.0,198.5,0.0,0.5,4.5,22.85000000000006,11.5,43.35000000000017,0.0,0.0,0.0,0.0,0.0,0.0,0.0,0.0,2
00-0039146,Jayden Reed,WR,GB,2023,16,0,0,0,0,0,11,119,2,0,64,94,793,8,0,0,0,0,0,0,0,153.2,217.2,,7.0,,0.0,,0.0,,0.0,,0.0,,0.0,,7.0,,10.0,,45.0,,0.0,,4.5,,11.5,,0.0,,0.0,,0.0,,0.0,0
00-0039146,Jayden Reed,WR,GB,2024,17,0,0,0,0,0,20,163,1,1,55,75,857,6,0,0,0,0,0,0,0,142.0,197.0,16.0,16.0,0.0,0.0,0.0,0.0,0.0,0.0,119.0,119.0,2.0,2.0,64.0,64.0,94.0,94.0,793.0,793.0,8.0,8.0,153.2,153.2,217.2,217.2,0.0,0.0,0.0,0.0,0.0,0.0,0.0,0.0,1
00-0039146,Jayden Reed,WR,GB,2025,5,0,0,0,0,0,3,28,0,0,19,22,207,1,0,0,0,0,0,0,0,29.5,48.5,17.0,16.5,0.0,0.0,0.0,0.0,0.0,0.0,163.0,141.0,1.0,1.5,55.0,59.5,75.0,84.5,857.0,825.0,6.0,7.0,142.0,147.60000000000005,197.0,207.10000000000016,0.0,0.0,0.0,0.0,0.0,0.0,0.0,0.0,2
00-0039150,Bryce Young,QB,CAR,2023,16,315,527,2877,11,10,39,253,0,0,0,0,0,0,0,0,0,0,0,0,0,156.38,156.38,,17.0,,0.0,,0.0,,0.0,,163.0,,1.0,,55.0,,75.0,,857.0,,6.0,,142.0,,197.0,,0.0,,0.0,,0.0,,0.0,0
00-0039150,Bryce Young,QB,CAR,2024,14,234,384,2403,15,9,43,249,6,1,0,0,0,0,0,0,0,0,0,0,0,195.02,195.02,16.0,16.0,2877.0,2877.0,11.0,11.0,10.0,10.0,253.0,253.0,0.0,0.0,0.0,0.0,0.0,0.0,0.0,0.0,0.0,0.0,156.38,156.38,156.38,156.38,0.0,0.0,0.0,0.0,0.0,0.0,0.0,0.0,1
00-0039150,Bryce Young,QB,CAR,2025,16,304,478,3011,23,11,54,216,2,2,0,0,0,0,0,0,0,0,0,0,0,218.04,218.04,14.0,15.0,2403.0,2640.0,15.0,13.0,9.0,9.5,249.0,251.0,6.0,3.0,0.0,0.0,0.0,0.0,0.0,0.0,0.0,0.0,195.02,175.70000000000005,195.02,175.70000000000016,0.0,0.0,0.0,0.0,0.0,0.0,0.0,0.0,2
00-0039152,Will Levis,QB,TEN,2023,9,149,255,1808,8,4,25,57,1,2,0,0,0,0,0,0,0,0,0,0,0,102.02,102.02,,14.0,,2403.0,,15.0,,9.0,,249.0,,6.0,,0.0,,0.0,,0.0,,0.0,,195.02,,195.02,,0.0,,0.0,,0.0,,0.0,0
00-0039152,Will Levis,QB,TEN,2024,12,190,301,2091,13,12,45,183,0,3,0,0,0,0,0,0,0,0,0,0,0,119.94,119.94,9.0,9.0,1808.0,1808.0,8.0,8.0,4.0,4.0,57.0,57.0,1.0,1.0,0.0,0.0,0.0,0.0,0.0,0.0,0.0,0.0,102.02,102.02,102.02,102.02,0.0,0.0,0.0,0.0,0.0,0.0,0.0,0.0,1
00-0039163,C.J. Stroud,QB,HOU,2023,15,319,499,4108,23,5,39,167,3,1,1,1,0,0,0,0,0,0,0,0,0,275.02,276.02,,9.0,,1808.0,,8.0,,4.0,,57.0,,1.0,,0.0,,0.0,,0.0,,0.0,,102.02,,102.02,,0.0,,0.0,,0.0,,0.0,0
00-0039163,C.J. Stroud,QB,HOU,2024,17,336,532,3727,20,12,52,233,0,2,0,1,0,0,0,0,0,0,0,0,0,220.38,220.38,15.0,15.0,4108.0,4108.0,23.0,23.0,5.0,5.0,167.0,167.0,3.0,3.0,1.0,1.0,1.0,1.0,0.0,0.0,0.0,0.0,275.02,275.02,276.02,276.02,0.0,0.0,0.0,0.0,0.0,0.0,0.0,0.0,1
00-0039163,C.J. Stroud,QB,HOU,2025,14,273,423,3041,19,8,48,209,1,0,0,0,0,0,0,0,0,0,0,0,0,208.54,208.54,17.0,16.0,3727.0,3917.5,20.0,21.5,12.0,8.5,233.0,200.0,0.0,1.5,0.0,0.5,1.0,1.0,0.0,0.0,0.0,0.0,220.38,247.70000000000005,220.38,248.20000000000016,0.0,0.0,0.0,0.0,0.0,0.0,0.0,0.0,2
00-0039164,Anthony Richardson,QB,IND,2023,4,50,84,577,3,1,25,136,4,1,0,0,0,0,0,0,0,0,0,0,0,72.68,72.68,,17.0,,3727.0,,20.0,,12.0,,233.0,,0.0,,0.0,,1.0,,0.0,,0.0,,220.38,,220.38,,0.0,,0.0,,0.0,,0.0,0
00-0039164,Anthony Richardson,QB,IND,2024,11,126,264,1814,8,12,86,499,6,1,1,1,-1,0,0,0,0,0,0,0,0,162.36,163.36,4.0,4.0,577.0,577.0,3.0,3.0,1.0,1.0,136.0,136.0,4.0,4.0,0.0,0.0,0.0,0.0,0.0,0.0,0.0,0.0,72.68,72.68,72.68,72.68,0.0,0.0,0.0,0.0,0.0,0.0,0.0,0.0,1
00-0039164,Anthony Richardson,QB,IND,2025,2,1,2,9,0,0,4,-1,0,0,1,1,9,0,0,0,0,0,0,0,0,1.16,2.16,11.0,7.5,1814.0,1195.5,8.0,5.5,12.0,6.5,499.0,317.5,6.0,5.0,1.0,0.5,1.0,0.5,-1.0,-0.5,0.0,0.0,162.36,117.52000000000007,163.36,118.02000000000018,0.0,0.0,0.0,0.0,0.0,0.0,0.0,0.0,2
00-0039165,Zach Charbonnet,RB,SEA,2023,16,0,0,0,0,0,108,462,1,0,33,40,209,0,0,0,0,0,0,0,0,73.1,106.1,,11.0,,1814.0,,8.0,,12.0,,499.0,,6.0,,1.0,,1.0,,-1.0,,0.0,,162.36,,163.36,,0.0,,0.0,,0.0,,0.0,0
00-0039165,Zach Charbonnet,RB,SEA,2024,17,0,0,0,0,0,135,569,8,0,42,52,340,1,0,0,0,0,0,0,0,144.9,186.9,16.0,16.0,0.0,0.0,0.0,0.0,0.0,0.0,462.0,462.0,1.0,1.0,33.0,33.0,40.0,40.0,209.0,209.0,0.0,0.0,73.1,73.1,106.1,106.1,0.0,0.0,0.0,0.0,0.0,0.0,0.0,0.0,1
00-0039165,Zach Charbonnet,RB,SEA,2025,16,0,0,0,0,0,184,730,12,0,20,24,144,0,0,0,0,0,0,0,0,161.4,181.4,17.0,16.5,0.0,0.0,0.0,0.0,0.0,0.0,569.0,515.5,8.0,4.5,42.0,37.5,52.0,46.0,340.0,274.5,1.0,0.5,144.9,109.00000000000006,186.9,146.50000000000017,0.0,0.0,0.0,0.0,0.0,0.0,0.0,0.0,2
00-0039172,Jake Bates,K,DET,2024,17,0,0,0,0,0,0,0,0,0,0,0,0,0,0,26,29,6,0,64,67,0.0,0.0,,17.0,,0.0,,0.0,,0.0,,569.0,,8.0,,42.0,,52.0,,340.0,,1.0,,144.9,,186.9,,0.0,,0.0,,0.0,,0.0,0
00-0039172,Jake Bates,K,DET,2025,17,0,0,0,0,0,0,0,0,0,0,0,0,0,0,27,34,4,0,54,56,0.0,0.0,17.0,17.0,0.0,0.0,0.0,0.0,0.0,0.0,0.0,0.0,0.0,0.0,0.0,0.0,0.0,0.0,0.0,0.0,0.0,0.0,0.0,0.0,0.0,0.0,26.0,26.0,29.0,29.0,64.0,64.0,67.0,67.0,1
00-0039229,Charlie Smyth,K,NO,2025,6,0,0,0,0,0,0,0,0,0,0,0,0,0,0,12,16,4,0,13,13,0.0,0.0,,17.0,,0.0,,0.0,,0.0,,0.0,,0.0,,0.0,,0.0,,0.0,,0.0,,0.0,,0.0,,26.0,,29.0,,64.0,,67.0,0
00-0039230,Dante Miller,RB,NYG,2024,1,0,0,0,0,0,0,0,0,0,0,0,0,0,0,0,0,0,0,0,0,0.0,0.0,,,,,,,,,,,,,,,,,,,,,,,,,,,,,,,,,0
00-0039236,Johnny Wilson,WR,PHI,2024,10,0,0,0,0,0,0,0,0,0,5,15,38,1,0,0,0,0,0,0,0,9.8,14.8,,,,,,,,,,,,,,,,,,,,,,,,,,,,,,,,,0
00-0039244,Chris Collier,RB,LV,2024,6,0,0,0,0,0,5,12,0,0,1,2,-4,0,0,0,0,0,0,0,0,0.8,1.8,,,,,,,,,,,,,,,,,,,,,,,,,,,,,,,,,0
00-0039266,Kendall Milton,RB,CIN,2025,1,0,0,0,0,0,2,2,0,0,0,0,0,0,0,0,0,0,0,0,0,0.2,0.2,,,,,,,,,,,,,,,,,,,,,,,,,,,,,,,,,0
00-0039299,George Holani,RB,SEA,2024,3,0,0,0,0,0,3,10,0,0,1,1,-1,0,0,0,0,0,0,0,0,0.9,1.9,,,,,,,,,,,,,,,,,,,,,,,,,,,,,,,,,0
00-0039299,George Holani,RB,SEA,2025,10,0,0,0,0,0,22,73,1,1,2,2,15,0,0,0,0,0,0,0,0,18.8,20.8,3.0,3.0,0.0,0.0,0.0,0.0,0.0,0.0,10.0,10.0,0.0,0.0,1.0,1.0,1.0,1.0,-1.0,-1.0,0.0,0.0,0.9,0.9,1.9,1.9,0.0,0.0,0.0,0.0,0.0,0.0,0.0,0.0,1
00-0039305,Jack Westover,TE,NE,2025,4,0,0,0,0,0,0,0,0,0,1,2,0,0,0,0,0,0,0,0,0,0.0,1.0,,3.0,,0.0,,0.0,,0.0,,10.0,,0.0,,1.0,,1.0,,-1.0,,0.0,,0.9,,1.9,,0.0,,0.0,,0.0,,0.0,0
00-0039316,Baylor Cupp,TE,KC,2024,1,0,0,0,0,0,0,0,0,0,0,1,0,0,0,0,0,0,0,0,0,0.0,0.0,,,,,,,,,,,,,,,,,,,,,,,,,,,,,,,,,0
00-0039325,Carson Steele,RB,KC,2024,13,0,0,0,0,0,56,183,0,2,7,11,26,0,0,0,0,0,0,0,0,16.9,23.9,,,,,,,,,,,,,,,,,,,,,,,,,,,,,,,,,0
00-0039337,Malik Nabers,WR,NYG,2024,15,0,1,0,0,0,5,2,0,0,109,170,1204,7,0,0,0,0,0,0,0,164.6,273.6,,,,,,,,,,,,,,,,,,,,,,,,,,,,,,,,,0
00-0039337,Malik Nabers,WR,NYG,2025,4,0,0,0,0,0,0,0,0,0,18,35,271,2,0,0,0,0,0,0,0,39.1,57.1,15.0,15.0,0.0,0.0,0.0,0.0,0.0,0.0,2.0,2.0,0.0,0.0,109.0,109.0,170.0,170.0,1204.0,1204.0,7.0,7.0,164.6,164.6,273.6,273.6,0.0,0.0,0.0,0.0,0.0,0.0,0.0,0.0,1
00-0039338,Brock Bowers,TE,LV,2024,17,0,0,0,0,0,5,13,0,0,112,153,1194,5,0,0,0,0,0,0,0,150.7,262.7,,15.0,,0.0,,0.0,,0.0,,2.0,,0.0,,109.0,,170.0,,1204.0,,7.0,,164.6,,273.6,,0.0,,0.0,,0.0,,0.0,0
00-0039338,Brock Bowers,TE,LV,2025,12,0,0,0,0,0,2,2,0,0,64,86,680,7,0,0,0,0,0,0,0,112.2,176.2,17.0,17.0,0.0,0.0,0.0,0.0,0.0,0.0,13.0,13.0,0.0,0.0,112.0,112.0,153.0,153.0,1194.0,1194.0,5.0,5.0,150.7,150.7,262.7,262.7,0.0,0.0,0.0,0.0,0.0,0.0,0.0,0.0,1
00-0039342,Xavier Legette,WR,CAR,2024,15,0,0,0,0,0,6,24,0,0,49,84,497,4,0,0,0,0,0,0,0,76.1,125.1,,17.0,,0.0,,0.0,,0.0,,13.0,,0.0,,112.0,,153.0,,1194.0,,5.0,,150.7,,262.7,,0.0,,0.0,,0.0,,0.0,0
00-0039342,Xavier Legette,WR,CAR,2025,15,0,0,0,0,0,1,0,0,0,35,64,363,3,0,0,0,0,0,0,0,54.3,89.3,15.0,15.0,0.0,0.0,0.0,0.0,0.0,0.0,24.0,24.0,0.0,0.0,49.0,49.0,84.0,84.0,497.0,497.0,4.0,4.0,76.1,76.1,125.1,125.1,0.0,0.0,0.0,0.0,0.0,0.0,0.0,0.0,1
00-0039344,Jonathon Brooks,RB,CAR,2024,3,0,0,0,0,0,9,22,0,0,3,3,23,0,0,0,0,0,0,0,0,4.5,7.5,,15.0,,0.0,,0.0,,0.0,,24.0,,0.0,,49.0,,84.0,,497.0,,4.0,,76.1,,125.1,,0.0,,0.0,,0.0,,0.0,0
00-0039355,Luke McCaffrey,WR,WAS,2024,13,0,0,0,0,0,0,0,0,0,18,24,168,0,0,0,0,0,0,0,0,16.8,34.8,,,,,,,,,,,,,,,,,,,,,,,,,,,,,,,,,0
00-0039355,Luke McCaffrey,WR,WAS,2025,9,0,0,0,0,0,0,0,0,0,11,15,203,3,0,0,0,0,0,0,0,40.3,51.3,13.0,13.0,0.0,0.0,0.0,0.0,0.0,0.0,0.0,0.0,0.0,0.0,18.0,18.0,24.0,24.0,168.0,168.0,0.0,0.0,16.8,16.8,34.8,34.8,0.0,0.0,0.0,0.0,0.0,0.0,0.0,0.0,1
00-0039356,Ja'Tavion Sanders,TE,CAR,2024,15,0,0,0,0,0,0,0,0,0,33,43,342,1,0,0,0,0,0,0,0,40.2,73.2,,13.0,,0.0,,0.0,,0.0,,0.0,,0.0,,18.0,,24.0,,168.0,,0.0,,16.8,,34.8,,0.0,,0.0,,0.0,,0.0,0
00-0039356,Ja'Tavion Sanders,TE,CAR,2025,12,0,0,0,0,0,0,0,0,0,29,34,190,1,0,0,0,0,0,0,0,25.0,54.0,15.0,15.0,0.0,0.0,0.0,0.0,0.0,0.0,0.0,0.0,0.0,0.0,33.0,33.0,43.0,43.0,342.0,342.0,1.0,1.0,40.2,40.2,73.2,73.2,0.0,0.0,0.0,0.0,0.0,0.0,0.0,0.0,1
00-0039359,Cade Stover,TE,HOU,2024,14,0,0,0,0,0,0,0,0,0,15,22,133,1,0,0,0,0,0,0,0,19.3,34.3,,15.0,,0.0,,0.0,,0.0,,0.0,,0.0,,33.0,,43.0,,342.0,,1.0,,40.2,,73.2,,0.0,,0.0,,0.0,,0.0,0
00-0039359,Cade Stover,TE,HOU,2025,6,0,0,0,0,0,4,3,0,0,12,16,76,0,0,0,0,0,0,0,0,7.9,19.9,14.0,14.0,0.0,0.0,0.0,0.0,0.0,0.0,0.0,0.0,0.0,0.0,15.0,15.0,22.0,22.0,133.0,133.0,1.0,1.0,19.3,19.3,34.3,34.3,0.0,0.0,0.0,0.0,0.0,0.0,0.0,0.0,1
00-0039361,Bucky Irving,RB,TB,2024,17,0,0,0,0,0,207,1122,8,1,47,52,392,0,0,0,0,0,0,0,0,197.4,244.4,,14.0,,0.0,,0.0,,0.0,,0.0,,0.0,,15.0,,22.0,,133.0,,1.0,,19.3,,34.3,,0.0,,0.0,,0.0,,0.0,0
00-0039361,Bucky Irving,RB,TB,2025,10,0,0,0,0,0,173,588,1,1,30,35,277,3,0,0,0,0,0,0,0,108.5,138.5,17.0,17.0,0.0,0.0,0.0,0.0,0.0,0.0,1122.0,1122.0,8.0,8.0,47.0,47.0,52.0,52.0,392.0,392.0,0.0,0.0,197.4,197.4,244.4,244.4,0.0,0.0,0.0,0.0,0.0,0.0,0.0,0.0,1
00-0039363,Isaac Guerendo,RB,SF,2024,16,0,0,0,0,0,84,420,4,0,15,16,152,0,0,0,0,0,0,0,0,81.2,96.2,,17.0,,0.0,,0.0,,0.0,,1122.0,,8.0,,47.0,,52.0,,392.0,,0.0,,197.4,,244.4,,0.0,,0.0,,0.0,,0.0,0
00-0039363,Isaac Guerendo,RB,SF,2025,7,0,0,0,0,0,0,0,0,0,0,0,0,0,0,0,0,0,0,0,0,0.0,0.0,16.0,16.0,0.0,0.0,0.0,0.0,0.0,0.0,420.0,420.0,4.0,4.0,15.0,15.0,16.0,16.0,152.0,152.0,0.0,0.0,81.2,81.2,96.2,96.2,0.0,0.0,0.0,0.0,0.0,0.0,0.0,0.0,1
00-0039364,Sione Vaki,RB,DET,2024,9,0,0,0,0,0,6,14,0,0,3,3,37,0,0,0,0,0,0,0,0,5.1,8.1,,16.0,,0.0,,0.0,,0.0,,420.0,,4.0,,15.0,,16.0,,152.0,,0.0,,81.2,,96.2,,0.0,,0.0,,0.0,,0.0,0
00-0039364,Sione Vaki,RB,DET,2025,8,0,0,0,0,0,1,4,0,0,0,0,0,0,0,0,0,0,0,0,0,0.4,0.4,9.0,9.0,0.0,0.0,0.0,0.0,0.0,0.0,14.0,14.0,0.0,0.0,3.0,3.0,3.0,3.0,37.0,37.0,0.0,0.0,5.1,5.1,8.1,8.1,0.0,0.0,0.0,0.0,0.0,0.0,0.0,0.0,1
00-0039365,Jacob Cowing,WR,SF,2024,15,0,0,0,0,0,1,7,0,0,4,6,80,0,0,0,0,0,0,0,0,8.7,12.7,,9.0,,0.0,,0.0,,0.0,,14.0,,0.0,,3.0,,3.0,,37.0,,0.0,,5.1,,8.1,,0.0,,0.0,,0.0,,0.0,0
00-0039373,Audric Estimé,RB,DEN,2024,13,0,0,0,0,0,76,310,2,1,5,5,27,0,0,0,0,0,0,0,0,43.7,48.7,,,,,,,,,,,,,,,,,,,,,,,,,,,,,,,,,0
00-0039373,Audric Estimé,RB,NO,2025,5,0,0,0,0,0,46,198,1,0,12,13,103,0,0,0,0,0,0,0,0,36.1,48.1,13.0,13.0,0.0,0.0,0.0,0.0,0.0,0.0,310.0,310.0,2.0,2.0,5.0,5.0,5.0,5.0,27.0,27.0,0.0,0.0,43.7,43.7,48.7,48.7,0.0,0.0,0.0,0.0,0.0,0.0,0.0,0.0,1
00-0039376,Spencer Rattler,QB,NO,2024,7,130,228,1317,4,5,18,146,0,0,0,0,0,0,0,0,0,0,0,0,0,67.28,67.28,,13.0,,0.0,,0.0,,0.0,,310.0,,2.0,,5.0,,5.0,,27.0,,0.0,,43.7,,48.7,,0.0,,0.0,,0.0,,0.0,0
00-0039376,Spencer Rattler,QB,NO,2025,9,174,257,1586,8,5,31,167,0,1,1,2,0,0,0,0,0,0,0,0,0,98.14,99.14,7.0,7.0,1317.0,1317.0,4.0,4.0,5.0,5.0,146.0,146.0,0.0,0.0,0.0,0.0,0.0,0.0,0.0,0.0,0.0,0.0,67.28,67.28,67.28,67.28,0.0,0.0,0.0,0.0,0.0,0.0,0.0,0.0,1
00-0039379,Jamari Thrash,WR,CLE,2024,6,0,0,0,0,0,0,0,0,0,3,7,22,0,0,0,0,0,0,0,0,2.2,5.2,,7.0,,1317.0,,4.0,,5.0,,146.0,,0.0,,0.0,,0.0,,0.0,,0.0,,67.28,,67.28,,0.0,,0.0,,0.0,,0.0,0
00-0039379,Jamari Thrash,WR,CLE,2025,8,0,0,0,0,0,0,0,0,0,10,15,107,0,0,0,0,0,0,0,0,10.7,20.7,6.0,6.0,0.0,0.0,0.0,0.0,0.0,0.0,0.0,0.0,0.0,0.0,3.0,3.0,7.0,7.0,22.0,22.0,0.0,0.0,2.2,2.2,5.2,5.2,0.0,0.0,0.0,0.0,0.0,0.0,0.0,0.0,1
00-0039384,Tyrone Tracy Jr.,RB,NYG,2024,17,0,0,0,0,0,192,839,5,2,38,53,284,1,0,0,0,0,0,0,0,144.3,182.3,,6.0,,0.0,,0.0,,0.0,,0.0,,0.0,,3.0,,7.0,,22.0,,0.0,,2.2,,5.2,,0.0,,0.0,,0.0,,0.0,0
00-0039384,Tyrone Tracy Jr.,RB,NYG,2025,15,0,0,0,0,0,176,740,2,0,36,48,288,2,1,0,0,0,0,0,0,124.8,160.8,17.0,17.0,0.0,0.0,0.0,0.0,0.0,0.0,839.0,839.0,5.0,5.0,38.0,38.0,53.0,53.0,284.0,284.0,1.0,1.0,144.3,144.3,182.3,182.3,0.0,0.0,0.0,0.0,0.0,0.0,0.0,0.0,1
00-0039385,Keilan Robinson,RB,JAX,2024,1,0,0,0,0,0,0,0,0,0,0,0,0,0,0,0,0,0,0,0,0,0.0,0.0,,17.0,,0.0,,0.0,,0.0,,839.0,,5.0,,38.0,,53.0,,284.0,,1.0,,144.3,,182.3,,0.0,,0.0,,0.0,,0.0,0
00-0039386,Bub Means,WR,NO,2024,4,0,0,0,0,0,0,0,0,0,9,15,118,1,0,0,0,0,0,0,0,17.8,26.8,,,,,,,,,,,,,,,,,,,,,,,,,,,,,,,,,0
00-0039391,Kimani Vidal,RB,LAC,2024,9,0,0,0,0,0,43,155,0,0,5,9,62,1,0,0,0,0,0,0,0,27.7,32.7,,,,,,,,,,,,,,,,,,,,,,,,,,,,,,,,,0
00-0039391,Kimani Vidal,RB,LAC,2025,13,0,0,0,0,0,155,643,3,0,16,22,136,1,0,0,0,0,0,0,0,101.9,117.9,9.0,9.0,0.0,0.0,0.0,0.0,0.0,0.0,155.0,155.0,0.0,0.0,5.0,5.0,9.0,9.0,62.0,62.0,1.0,1.0,27.7,27.7,32.7,32.7,0.0,0.0,0.0,0.0,0.0,0.0,0.0,0.0,1
00-0039392,Jha'Quan Jackson,WR,TEN,2024,12,0,0,0,0,0,1,-5,0,0,1,3,8,0,0,0,0,0,0,0,0,0.3,1.3,,9.0,,0.0,,0.0,,0.0,,155.0,,0.0,,5.0,,9.0,,62.0,,1.0,,27.7,,32.7,,0.0,,0.0,,0.0,,0.0,0
00-0039393,Jase McClellan,RB,ATL,2024,2,0,0,0,0,0,13,32,0,0,0,0,0,0,0,0,0,0,0,0,0,3.2,3.2,,,,,,,,,,,,,,,,,,,,,,,,,,,,,,,,,0
00-0039394,Casey Washington,WR,ATL,2024,2,0,0,0,0,0,0,0,0,0,1,2,14,0,0,0,0,0,0,0,0,1.4,2.4,,,,,,,,,,,,,,,,,,,,,,,,,,,,,,,,,0
00-0039394,Casey Washington,WR,ATL,2025,5,0,0,0,0,0,0,0,0,0,6,14,94,0,0,0,0,0,0,0,0,9.4,15.4,2.0,2.0,0.0,0.0,0.0,0.0,0.0,0.0,0.0,0.0,0.0,0.0,1.0,1.0,2.0,2.0,14.0,14.0,0.0,0.0,1.4,1.4,2.4,2.4,0.0,0.0,0.0,0.0,0.0,0.0,0.0,0.0,1
00-0039398,Joe Milton III,QB,NE,2024,1,22,29,241,1,0,10,16,1,1,0,0,0,0,0,0,0,0,0,0,0,19.24,19.24,,2.0,,0.0,,0.0,,0.0,,0.0,,0.0,,1.0,,2.0,,14.0,,0.0,,1.4,,2.4,,0.0,,0.0,,0.0,,0.0,0
00-0039398,Joe Milton III,QB,DAL,2025,4,15,24,183,1,2,5,50,0,1,0,0,0,0,0,0,0,0,0,0,0,10.32,10.32,1.0,1.0,241.0,241.0,1.0,1.0,0.0,0.0,16.0,16.0,1.0,1.0,0.0,0.0,0.0,0.0,0.0,0.0,0.0,0.0,19.24,19.24,19.24,19.24,0.0,0.0,0.0,0.0,0.0,0.0,0.0,0.0,1
00-0039404,Will Reichard,K,MIN,2024,13,0,0,0,0,0,0,0,0,0,0,0,0,0,0,24,30,8,0,38,38,0.0,0.0,,1.0,,241.0,,1.0,,0.0,,16.0,,1.0,,0.0,,0.0,,0.0,,0.0,,19.24,,19.24,,0.0,,0.0,,0.0,,0.0,0
00-0039404,Will Reichard,K,MIN,2025,17,0,0,0,0,0,0,0,0,0,0,0,0,0,0,33,35,10,1,31,31,0.0,0.0,13.0,13.0,0.0,0.0,0.0,0.0,0.0,0.0,0.0,0.0,0.0,0.0,0.0,0.0,0.0,0.0,0.0,0.0,0.0,0.0,0.0,0.0,0.0,0.0,24.0,24.0,30.0,30.0,38.0,38.0,38.0,38.0,1
00-0039405,Jawhar Jordan,RB,HOU,2025,4,0,0,0,0,0,43,193,0,0,7,7,34,0,0,0,0,0,0,0,0,22.7,29.7,,13.0,,0.0,,0.0,,0.0,,0.0,,0.0,,0.0,,0.0,,0.0,,0.0,,0.0,,0.0,,24.0,,30.0,,38.0,,38.0,0
00-0039407,Dylan Laube,RB,LV,2024,6,0,0,0,0,0,1,0,0,1,0,0,0,0,0,0,0,0,0,0,0,-2.0,-2.0,,,,,,,,,,,,,,,,,,,,,,,,,,,,,,,,,0
00-0039407,Dylan Laube,RB,LV,2025,17,0,0,0,0,0,7,9,0,0,3,4,18,0,0,0,0,0,0,0,0,2.7,5.7,6.0,6.0,0.0,0.0,0.0,0.0,0.0,0.0,0.0,0.0,0.0,0.0,0.0,0.0,0.0,0.0,0.0,0.0,0.0,0.0,-2.0,-2.0,-2.0,-2.0,0.0,0.0,0.0,0.0,0.0,0.0,0.0,0.0,1
00-0039409,Cam Little,K,JAX,2024,17,0,0,0,0,0,0,0,0,0,0,0,0,0,0,27,29,5,0,27,27,0.0,0.0,,6.0,,0.0,,0.0,,0.0,,0.0,,0.0,,0.0,,0.0,,0.0,,0.0,,-2.0,,-2.0,,0.0,,0.0,,0.0,,0.0,0
00-0039409,Cam Little,K,JAX,2025,17,0,0,0,0,0,0,0,0,0,0,0,0,0,0,30,34,6,2,50,51,0.0,0.0,17.0,17.0,0.0,0.0,0.0,0.0,0.0,0.0,0.0,0.0,0.0,0.0,0.0,0.0,0.0,0.0,0.0,0.0,0.0,0.0,0.0,0.0,0.0,0.0,27.0,27.0,29.0,29.0,27.0,27.0,27.0,27.0,1
00-0039410,Ryan Flournoy,WR,DAL,2024,9,0,0,0,0,0,0,0,0,0,10,14,102,0,1,0,0,0,0,0,0,8.2,18.2,,17.0,,0.0,,0.0,,0.0,,0.0,,0.0,,0.0,,0.0,,0.0,,0.0,,0.0,,0.0,,27.0,,29.0,,27.0,,27.0,0
00-0039410,Ryan Flournoy,WR,DAL,2025,15,0,0,0,0,0,4,25,0,0,40,56,475,4,0,0,0,0,0,0,0,74.0,114.0,9.0,9.0,0.0,0.0,0.0,0.0,0.0,0.0,0.0,0.0,0.0,0.0,10.0,10.0,14.0,14.0,102.0,102.0,0.0,0.0,8.2,8.2,18.2,18.2,0.0,0.0,0.0,0.0,0.0,0.0,0.0,0.0,1
00-0039420,Jaheim Bell,TE,NE,2024,4,0,0,0,0,0,0,0,0,0,2,3,20,0,0,0,0,0,0,0,0,2.0,4.0,,9.0,,0.0,,0.0,,0.0,,0.0,,0.0,,10.0,,14.0,,102.0,,0.0,,8.2,,18.2,,0.0,,0.0,,0.0,,0.0,0
00-0039424,Devaughn Vele,WR,DEN,2024,13,0,0,0,0,0,0,0,0,0,41,55,475,3,0,0,0,0,0,0,0,65.5,106.5,,,,,,,,,,,,,,,,,,,,,,,,,,,,,,,,,0
00-0039424,Devaughn Vele,WR,NO,2025,9,0,0,0,0,0,0,0,0,0,25,39,293,2,0,0,0,0,0,0,0,41.3,66.3,13.0,13.0,0.0,0.0,0.0,0.0,0.0,0.0,0.0,0.0,0.0,0.0,41.0,41.0,55.0,55.0,475.0,475.0,3.0,3.0,65.5,65.5,106.5,106.5,0.0,0.0,0.0,0.0,0.0,0.0,0.0,0.0,1
00-0039451,Isaiah Williams,WR,CIN,2024,8,0,0,0,0,0,0,0,0,0,2,3,6,0,0,0,0,0,0,0,0,0.6,2.6,,13.0,,0.0,,0.0,,0.0,,0.0,,0.0,,41.0,,55.0,,475.0,,3.0,,65.5,,106.5,,0.0,,0.0,,0.0,,0.0,0
00-0039451,Isaiah Williams,WR,NYJ,2025,15,0,1,0,0,0,3,34,0,0,26,36,193,0,0,0,0,0,0,0,0,34.7,60.7,8.0,8.0,0.0,0.0,0.0,0.0,0.0,0.0,0.0,0.0,0.0,0.0,2.0,2.0,3.0,3.0,6.0,6.0,0.0,0.0,0.6,0.6,2.6,2.6,0.0,0.0,0.0,0.0,0.0,0.0,0.0,0.0,1
00-0039458,Brenden Bates,TE,CLE,2024,1,0,0,0,0,0,0,0,0,0,0,1,0,0,0,0,0,0,0,0,0,0.0,0.0,,8.0,,0.0,,0.0,,0.0,,0.0,,0.0,,2.0,,3.0,,6.0,,0.0,,0.6,,2.6,,0.0,,0.0,,0.0,,0.0,0
00-0039458,Brenden Bates,TE,CLE,2025,5,0,0,0,0,0,0,0,0,0,4,5,48,0,0,0,0,0,0,0,0,4.8,8.8,1.0,1.0,0.0,0.0,0.0,0.0,0.0,0.0,0.0,0.0,0.0,0.0,0.0,0.0,1.0,1.0,0.0,0.0,0.0,0.0,0.0,0.0,0.0,0.0,0.0,0.0,0.0,0.0,0.0,0.0,0.0,0.0,1
00-0039489,Hayden Rucci,TE,MIA,2025,1,0,0,0,0,0,0,0,0,0,0,0,0,0,0,0,0,0,0,0,0,0.0,0.0,,1.0,,0.0,,0.0,,0.0,,0.0,,0.0,,0.0,,1.0,,0.0,,0.0,,0.0,,0.0,,0.0,,0.0,,0.0,,0.0,0
00-0039491,Jalen Coker,WR,CAR,2024,11,1,1,19,0,0,0,0,0,0,32,46,478,2,0,0,0,0,0,0,0,60.56,92.56,,,,,,,,,,,,,,,,,,,,,,,,,,,,,,,,,0
00-0039491,Jalen Coker,WR,CAR,2025,11,0,0,0,0,0,0,0,0,0,33,43,394,3,1,0,0,0,0,0,0,57.4,90.4,11.0,11.0,19.0,19.0,0.0,0.0,0.0,0.0,0.0,0.0,0.0,0.0,32.0,32.0,46.0,46.0,478.0,478.0,2.0,2.0,60.56,60.56,92.56,92.56,0.0,0.0,0.0,0.0,0.0,0.0,0.0,0.0,1
00-0039498,Harrison Mevis,K,LA,2025,9,0,0,0,0,0,0,0,0,0,0,0,0,0,0,12,13,1,0,39,39,0.0,0.0,,11.0,,19.0,,0.0,,0.0,,0.0,,0.0,,32.0,,46.0,,478.0,,2.0,,60.56,,92.56,,0.0,,0.0,,0.0,,0.0,0
00-0039521,Xavier Weaver,WR,ARI,2024,2,0,0,0,0,0,0,0,0,0,0,2,0,0,0,0,0,0,0,0,0,0.0,0.0,,,,,,,,,,,,,,,,,,,,,,,,,,,,,,,,,0
00-0039521,Xavier Weaver,WR,ARI,2025,7,0,0,0,0,0,0,0,0,0,7,13,67,0,0,0,0,0,0,0,0,6.7,13.7,2.0,2.0,0.0,0.0,0.0,0.0,0.0,0.0,0.0,0.0,0.0,0.0,0.0,0.0,2.0,2.0,0.0,0.0,0.0,0.0,0.0,0.0,0.0,0.0,0.0,0.0,0.0,0.0,0.0,0.0,0.0,0.0,1
00-0039530,Brevyn Spann-Ford,TE,DAL,2024,11,0,0,0,0,0,0,0,0,0,9,14,88,0,0,0,0,0,0,0,0,8.8,17.8,,2.0,,0.0,,0.0,,0.0,,0.0,,0.0,,0.0,,2.0,,0.0,,0.0,,0.0,,0.0,,0.0,,0.0,,0.0,,0.0,0
00-0039530,Brevyn Spann-Ford,TE,DAL,2025,16,0,0,0,0,0,0,0,0,0,9,13,90,1,0,0,0,0,0,0,0,15.0,24.0,11.0,11.0,0.0,0.0,0.0,0.0,0.0,0.0,0.0,0.0,0.0,0.0,9.0,9.0,14.0,14.0,88.0,88.0,0.0,0.0,8.8,8.8,17.8,17.8,0.0,0.0,0.0,0.0,0.0,0.0,0.0,0.0,1
00-0039543,Ramel Keyton,WR,LV,2024,3,0,0,0,0,0,0,0,0,0,1,3,7,0,0,0,0,0,0,0,0,0.7,1.7,,11.0,,0.0,,0.0,,0.0,,0.0,,0.0,,9.0,,14.0,,88.0,,0.0,,8.8,,17.8,,0.0,,0.0,,0.0,,0.0,0
00-0039573,Blake Watson,RB,DEN,2024,1,0,0,0,0,0,4,10,0,0,1,2,13,0,0,0,0,0,0,0,0,2.3,3.3,,,,,,,,,,,,,,,,,,,,,,,,,,,,,,,,,0
00-0039576,Spencer Shrader,K,KC,2024,4,0,0,0,0,0,0,0,0,0,0,0,0,0,0,5,5,0,0,9,9,0.0,0.0,,,,,,,,,,,,,,,,,,,,,,,,,,,,,,,,,0
00-0039576,Spencer Shrader,K,IND,2025,5,0,0,0,0,0,0,0,0,0,0,0,0,0,0,13,14,1,0,14,14,0.0,0.0,4.0,4.0,0.0,0.0,0.0,0.0,0.0,0.0,0.0,0.0,0.0,0.0,0.0,0.0,0.0,0.0,0.0,0.0,0.0,0.0,0.0,0.0,0.0,0.0,5.0,5.0,5.0,5.0,9.0,9.0,9.0,9.0,1
00-0039577,Kedon Slovis,QB,ARI,2025,2,1,2,-2,0,0,0,0,0,0,0,0,0,0,0,0,0,0,0,0,0,-0.08,-0.08,,4.0,,0.0,,0.0,,0.0,,0.0,,0.0,,0.0,,0.0,,0.0,,0.0,,0.0,,0.0,,5.0,,5.0,,9.0,,9.0,0
00-0039589,Kameron Johnson,WR,TB,2024,4,0,0,0,0,0,2,11,0,0,0,1,0,0,0,0,0,0,0,0,0,1.1,1.1,,,,,,,,,,,,,,,,,,,,,,,,,,,,,,,,,0
00-0039589,Kameron Johnson,WR,TB,2025,17,0,0,0,0,0,2,13,0,0,4,7,64,1,0,0,0,0,0,0,0,13.7,17.7,4.0,4.0,0.0,0.0,0.0,0.0,0.0,0.0,11.0,11.0,0.0,0.0,0.0,0.0,1.0,1.0,0.0,0.0,0.0,0.0,1.1,1.1,1.1,1.1,0.0,0.0,0.0,0.0,0.0,0.0,0.0,0.0,1
00-0039595,D.J. Williams,RB,TB,2024,1,0,0,0,0,0,0,0,0,0,0,0,0,0,0,0,0,0,0,0,0,0.0,0.0,,4.0,,0.0,,0.0,,0.0,,11.0,,0.0,,0.0,,1.0,,0.0,,0.0,,1.1,,1.1,,0.0,,0.0,,0.0,,0.0,0
00-0039603,British Brooks,RB,HOU,2024,2,0,0,0,0,0,1,2,0,0,0,0,0,0,0,0,0,0,0,0,0,0.2,0.2,,,,,,,,,,,,,,,,,,,,,,,,,,,,,,,,,0
00-0039603,British Brooks,RB,HOU,2025,8,0,0,0,0,0,17,78,0,0,0,0,0,0,0,0,0,0,0,0,0,7.8,7.8,2.0,2.0,0.0,0.0,0.0,0.0,0.0,0.0,2.0,2.0,0.0,0.0,0.0,0.0,0.0,0.0,0.0,0.0,0.0,0.0,0.2,0.2,0.2,0.2,0.0,0.0,0.0,0.0,0.0,0.0,0.0,0.0,1
00-0039613,Dallin Holker,TE,NO,2024,3,0,0,0,0,0,0,0,0,0,3,4,21,0,0,0,0,0,0,0,0,2.1,5.1,,2.0,,0.0,,0.0,,0.0,,2.0,,0.0,,0.0,,0.0,,0.0,,0.0,,0.2,,0.2,,0.0,,0.0,,0.0,,0.0,0
00-0039614,Jermaine Jackson,WR,NO,2024,4,0,0,0,0,0,1,-1,0,0,0,0,0,0,0,0,0,0,0,0,0,-0.1,-0.1,,,,,,,,,,,,,,,,,,,,,,,,,,,,,,,,,0
00-0039617,Jacob Kibodi,RB,CLE,2024,1,0,0,0,0,0,5,24,0,0,1,3,15,0,0,0,0,0,0,0,0,3.9,4.9,,,,,,,,,,,,,,,,,,,,,,,,,,,,,,,,,0
00-0039623,Mason Tipton,WR,NO,2024,9,0,0,0,0,0,0,0,0,0,14,26,99,0,0,0,0,0,0,0,0,9.9,23.9,,,,,,,,,,,,,,,,,,,,,,,,,,,,,,,,,0
00-0039623,Mason Tipton,WR,NO,2025,8,0,0,0,0,0,4,18,0,0,11,17,76,0,0,0,0,0,0,0,0,9.4,20.4,9.0,9.0,0.0,0.0,0.0,0.0,0.0,0.0,0.0,0.0,0.0,0.0,14.0,14.0,26.0,26.0,99.0,99.0,0.0,0.0,9.9,9.9,23.9,23.9,0.0,0.0,0.0,0.0,0.0,0.0,0.0,0.0,1
00-0039631,Cam Grandy,TE,CIN,2024,4,0,0,0,0,0,0,0,0,0,5,5,28,0,0,0,0,0,0,0,0,2.8,7.8,,9.0,,0.0,,0.0,,0.0,,0.0,,0.0,,14.0,,26.0,,99.0,,0.0,,9.9,,23.9,,0.0,,0.0,,0.0,,0.0,0
00-0039631,Cam Grandy,TE,CIN,2025,2,0,0,0,0,0,0,0,0,0,2,2,7,0,0,0,0,0,0,0,0,0.7,2.7,4.0,4.0,0.0,0.0,0.0,0.0,0.0,0.0,0.0,0.0,0.0,0.0,5.0,5.0,5.0,5.0,28.0,28.0,0.0,0.0,2.8,2.8,7.8,7.8,0.0,0.0,0.0,0.0,0.0,0.0,0.0,0.0,1
00-0039648,David Martin-Robinson,TE,TEN,2024,4,0,0,0,0,0,0,0,0,0,1,2,6,0,0,0,0,0,0,0,0,0.6,1.6,,4.0,,0.0,,0.0,,0.0,,0.0,,0.0,,5.0,,5.0,,28.0,,0.0,,2.8,,7.8,,0.0,,0.0,,0.0,,0.0,0
00-0039648,David Martin-Robinson,TE,TEN,2025,11,0,0,0,0,0,0,0,0,0,4,6,30,1,0,0,0,0,0,0,0,9.0,13.0,4.0,4.0,0.0,0.0,0.0,0.0,0.0,0.0,0.0,0.0,0.0,0.0,1.0,1.0,2.0,2.0,6.0,6.0,0.0,0.0,0.6,0.6,1.6,1.6,0.0,0.0,0.0,0.0,0.0,0.0,0.0,0.0,1
00-0039649,Brayden Narveson,K,TEN,2024,7,0,0,0,0,0,0,0,0,0,0,0,0,0,0,12,18,0,0,18,18,0.0,0.0,,4.0,,0.0,,0.0,,0.0,,0.0,,0.0,,1.0,,2.0,,6.0,,0.0,,0.6,,1.6,,0.0,,0.0,,0.0,,0.0,0
00-0039650,Bryce Oliver,WR,TEN,2024,8,0,0,0,0,0,0,0,0,0,6,9,95,0,0,0,0,0,0,0,0,9.5,15.5,,,,,,,,,,,,,,,,,,,,,,,,,,,,,,,,,0
00-0039650,Bryce Oliver,WR,TEN,2025,2,0,0,0,0,0,0,0,0,0,1,1,8,0,0,0,0,0,0,0,0,0.8,1.8,8.0,8.0,0.0,0.0,0.0,0.0,0.0,0.0,0.0,0.0,0.0,0.0,6.0,6.0,9.0,9.0,95.0,95.0,0.0,0.0,9.5,9.5,15.5,15.5,0.0,0.0,0.0,0.0,0.0,0.0,0.0,0.0,1
00-0039686,Colson Yankoff,TE,WAS,2024,4,0,0,0,0,0,0,0,0,0,0,0,0,0,0,0,0,0,0,0,0,0.0,0.0,,8.0,,0.0,,0.0,,0.0,,0.0,,0.0,,6.0,,9.0,,95.0,,0.0,,9.5,,15.5,,0.0,,0.0,,0.0,,0.0,0
00-0039686,Colson Yankoff,TE,WAS,2025,10,0,0,0,0,0,0,0,0,0,2,3,18,0,0,0,0,0,0,0,0,1.8,3.8,4.0,4.0,0.0,0.0,0.0,0.0,0.0,0.0,0.0,0.0,0.0,0.0,0.0,0.0,0.0,0.0,0.0,0.0,0.0,0.0,0.0,0.0,0.0,0.0,0.0,0.0,0.0,0.0,0.0,0.0,0.0,0.0,1
00-0039703,Cody Schrader,RB,LA,2024,1,0,0,0,0,0,1,3,0,0,1,1,6,0,0,0,0,0,0,0,0,0.9,1.9,,4.0,,0.0,,0.0,,0.0,,0.0,,0.0,,0.0,,0.0,,0.0,,0.0,,0.0,,0.0,,0.0,,0.0,,0.0,,0.0,0
00-0039710,Jeshaun Jones,WR,MIN,2025,1,0,0,0,0,0,0,0,0,0,0,0,0,0,0,0,0,0,0,0,0,0.0,0.0,,,,,,,,,,,,,,,,,,,,,,,,,,,,,,,,,0
00-0039732,Bo Nix,QB,DEN,2024,17,376,567,3775,29,12,92,430,4,0,1,1,2,1,0,0,0,0,0,0,0,316.2,317.2,,,,,,,,,,,,,,,,,,,,,,,,,,,,,,,,,0
00-0039732,Bo Nix,QB,DEN,2025,17,388,612,3931,25,11,83,356,5,1,0,1,0,0,0,0,0,0,0,0,0,304.84,304.84,17.0,17.0,3775.0,3775.0,29.0,29.0,12.0,12.0,430.0,430.0,4.0,4.0,1.0,1.0,1.0,1.0,2.0,2.0,1.0,1.0,316.2,316.2,317.2,317.2,0.0,0.0,0.0,0.0,0.0,0.0,0.0,0.0,1
00-0039737,Tip Reiman,TE,ARI,2024,8,0,0,0,0,0,0,0,0,0,6,7,37,0,0,0,0,0,0,0,0,3.7,9.7,,17.0,,3775.0,,29.0,,12.0,,430.0,,4.0,,1.0,,1.0,,2.0,,1.0,,316.2,,317.2,,0.0,,0.0,,0.0,,0.0,0
00-0039737,Tip Reiman,TE,ARI,2025,3,0,0,0,0,0,0,0,0,0,3,5,18,0,0,0,0,0,0,0,0,1.8,4.8,8.0,8.0,0.0,0.0,0.0,0.0,0.0,0.0,0.0,0.0,0.0,0.0,6.0,6.0,7.0,7.0,37.0,37.0,0.0,0.0,3.7,3.7,9.7,9.7,0.0,0.0,0.0,0.0,0.0,0.0,0.0,0.0,1
00-0039738,Blake Corum,RB,LA,2024,15,0,0,0,0,0,58,207,0,0,7,8,58,0,0,0,0,0,0,0,0,26.5,33.5,,8.0,,0.0,,0.0,,0.0,,0.0,,0.0,,6.0,,7.0,,37.0,,0.0,,3.7,,9.7,,0.0,,0.0,,0.0,,0.0,0
00-0039738,Blake Corum,RB,LA,2025,17,0,0,0,0,0,145,746,6,0,8,14,36,0,0,0,0,0,0,0,0,114.2,122.2,15.0,15.0,0.0,0.0,0.0,0.0,0.0,0.0,207.0,207.0,0.0,0.0,7.0,7.0,8.0,8.0,58.0,58.0,0.0,0.0,26.5,26.5,33.5,33.5,0.0,0.0,0.0,0.0,0.0,0.0,0.0,0.0,1
00-0039739,Roman Wilson,WR,PIT,2025,9,0,0,0,0,0,0,0,0,0,12,21,166,2,1,0,0,0,0,0,0,26.6,38.6,,15.0,,0.0,,0.0,,0.0,,207.0,,0.0,,7.0,,8.0,,58.0,,0.0,,26.5,,33.5,,0.0,,0.0,,0.0,,0.0,0
00-0039746,Will Shipley,RB,PHI,2024,13,0,0,0,0,0,30,82,0,0,4,4,35,0,0,0,0,0,0,0,0,11.7,15.7,,,,,,,,,,,,,,,,,,,,,,,,,,,,,,,,,0
00-0039746,Will Shipley,RB,PHI,2025,14,0,0,0,0,0,14,49,0,0,9,12,56,0,0,0,0,0,0,0,0,10.5,19.5,13.0,13.0,0.0,0.0,0.0,0.0,0.0,0.0,82.0,82.0,0.0,0.0,4.0,4.0,4.0,4.0,35.0,35.0,0.0,0.0,11.7,11.7,15.7,15.7,0.0,0.0,0.0,0.0,0.0,0.0,0.0,0.0,1
00-0039747,Ainias Smith,WR,PHI,2024,3,0,0,0,0,0,2,6,0,0,7,9,41,1,0,0,0,0,0,0,0,10.7,17.7,,13.0,,0.0,,0.0,,0.0,,82.0,,0.0,,4.0,,4.0,,35.0,,0.0,,11.7,,15.7,,0.0,,0.0,,0.0,,0.0,0
00-0039750,Joshua Karty,K,LA,2024,17,0,0,0,0,0,0,0,0,0,0,0,0,0,0,29,34,6,0,32,36,0.0,0.0,,,,,,,,,,,,,,,,,,,,,,,,,,,,,,,,,0
00-0039750,Joshua Karty,K,LA,2025,8,0,1,0,0,0,0,0,0,0,0,0,0,0,0,10,15,1,0,23,26,0.0,0.0,17.0,17.0,0.0,0.0,0.0,0.0,0.0,0.0,0.0,0.0,0.0,0.0,0.0,0.0,0.0,0.0,0.0,0.0,0.0,0.0,0.0,0.0,0.0,0.0,29.0,29.0,34.0,34.0,32.0,32.0,36.0,36.0,1
00-0039751,Jordan Whittington,WR,LA,2024,14,0,0,0,0,0,2,12,0,0,22,28,293,0,0,0,0,0,0,0,0,30.5,52.5,,17.0,,0.0,,0.0,,0.0,,0.0,,0.0,,0.0,,0.0,,0.0,,0.0,,0.0,,0.0,,29.0,,34.0,,32.0,,36.0,0
00-0039751,Jordan Whittington,WR,LA,2025,15,0,0,0,0,0,3,12,0,0,18,25,171,0,0,0,0,0,0,0,0,18.3,36.3,14.0,14.0,0.0,0.0,0.0,0.0,0.0,0.0,12.0,12.0,0.0,0.0,22.0,22.0,28.0,28.0,293.0,293.0,0.0,0.0,30.5,30.5,52.5,52.5,0.0,0.0,0.0,0.0,0.0,0.0,0.0,0.0,1
00-0039754,Devin Culp,TE,TB,2024,2,0,0,0,0,0,0,0,0,0,5,6,88,0,0,0,0,0,0,0,0,8.8,13.8,,14.0,,0.0,,0.0,,0.0,,12.0,,0.0,,22.0,,28.0,,293.0,,0.0,,30.5,,52.5,,0.0,,0.0,,0.0,,0.0,0
00-0039754,Devin Culp,TE,TB,2025,4,0,0,0,0,0,0,0,0,0,1,1,6,1,0,0,0,0,0,0,0,6.6,7.6,2.0,2.0,0.0,0.0,0.0,0.0,0.0,0.0,0.0,0.0,0.0,0.0,5.0,5.0,6.0,6.0,88.0,88.0,0.0,0.0,8.8,8.8,13.8,13.8,0.0,0.0,0.0,0.0,0.0,0.0,0.0,0.0,1
00-0039757,Terrell Jennings,RB,NE,2024,2,0,0,0,0,0,13,33,0,0,0,1,0,0,0,0,0,0,0,0,0,3.3,3.3,,2.0,,0.0,,0.0,,0.0,,0.0,,0.0,,5.0,,6.0,,88.0,,0.0,,8.8,,13.8,,0.0,,0.0,,0.0,,0.0,0
00-0039757,Terrell Jennings,RB,NE,2025,6,0,0,0,0,0,23,73,1,0,1,1,9,0,0,0,0,0,0,0,0,14.2,15.2,2.0,2.0,0.0,0.0,0.0,0.0,0.0,0.0,33.0,33.0,0.0,0.0,0.0,0.0,1.0,1.0,0.0,0.0,0.0,0.0,3.3,3.3,3.3,3.3,0.0,0.0,0.0,0.0,0.0,0.0,0.0,0.0,1
00-0039792,Devontez Walker,WR,BAL,2024,3,0,0,0,0,0,0,0,0,0,1,3,21,1,0,0,0,0,0,0,0,8.1,9.1,,2.0,,0.0,,0.0,,0.0,,33.0,,0.0,,0.0,,1.0,,0.0,,0.0,,3.3,,3.3,,0.0,,0.0,,0.0,,0.0,0
00-0039792,Devontez Walker,WR,BAL,2025,8,0,0,0,0,0,0,0,0,0,6,8,136,3,0,0,0,0,0,0,0,31.6,37.6,3.0,3.0,0.0,0.0,0.0,0.0,0.0,0.0,0.0,0.0,0.0,0.0,1.0,1.0,3.0,3.0,21.0,21.0,1.0,1.0,8.1,8.1,9.1,9.1,0.0,0.0,0.0,0.0,0.0,0.0,0.0,0.0,1
00-0039793,AJ Barner,TE,SEA,2024,15,0,0,0,0,0,0,0,0,0,30,38,245,4,0,0,0,0,0,0,0,48.5,78.5,,3.0,,0.0,,0.0,,0.0,,0.0,,0.0,,1.0,,3.0,,21.0,,1.0,,8.1,,9.1,,0.0,,0.0,,0.0,,0.0,0
00-0039793,AJ Barner,TE,SEA,2025,17,0,0,0,0,0,10,14,1,0,52,68,519,6,0,0,0,0,0,0,0,95.3,147.3,15.0,15.0,0.0,0.0,0.0,0.0,0.0,0.0,0.0,0.0,0.0,0.0,30.0,30.0,38.0,38.0,245.0,245.0,4.0,4.0,48.5,48.5,78.5,78.5,0.0,0.0,0.0,0.0,0.0,0.0,0.0,0.0,1
00-0039794,Braelon Allen,RB,NYJ,2024,17,0,0,0,0,0,92,334,2,0,19,27,148,1,0,0,0,0,0,0,0,66.2,85.2,,15.0,,0.0,,0.0,,0.0,,0.0,,0.0,,30.0,,38.0,,245.0,,4.0,,48.5,,78.5,,0.0,,0.0,,0.0,,0.0,0
00-0039794,Braelon Allen,RB,NYJ,2025,4,0,0,0,0,0,18,76,1,1,2,3,17,0,0,0,0,0,0,0,0,13.3,15.3,17.0,17.0,0.0,0.0,0.0,0.0,0.0,0.0,334.0,334.0,2.0,2.0,19.0,19.0,27.0,27.0,148.0,148.0,1.0,1.0,66.2,66.2,85.2,85.2,0.0,0.0,0.0,0.0,0.0,0.0,0.0,0.0,1
00-0039796,Rasheen Ali,RB,BAL,2024,5,0,0,0,0,0,10,31,0,0,0,2,0,0,0,0,0,0,0,0,0,3.1,3.1,,17.0,,0.0,,0.0,,0.0,,334.0,,2.0,,19.0,,27.0,,148.0,,1.0,,66.2,,85.2,,0.0,,0.0,,0.0,,0.0,0
00-0039796,Rasheen Ali,RB,BAL,2025,15,0,0,0,0,0,7,24,0,0,9,11,68,1,0,0,0,0,0,0,0,15.2,24.2,5.0,5.0,0.0,0.0,0.0,0.0,0.0,0.0,31.0,31.0,0.0,0.0,0.0,0.0,2.0,2.0,0.0,0.0,0.0,0.0,3.1,3.1,3.1,3.1,0.0,0.0,0.0,0.0,0.0,0.0,0.0,0.0,1
00-0039798,Isaiah Davis,RB,NYJ,2024,13,0,0,0,0,0,30,174,1,0,9,12,75,1,0,0,0,0,0,0,0,36.9,45.9,,5.0,,0.0,,0.0,,0.0,,31.0,,0.0,,0.0,,2.0,,0.0,,0.0,,3.1,,3.1,,0.0,,0.0,,0.0,,0.0,0
00-0039798,Isaiah Davis,RB,NYJ,2025,16,0,0,0,0,0,43,236,1,0,21,28,186,0,0,0,0,0,0,0,0,50.2,71.2,13.0,13.0,0.0,0.0,0.0,0.0,0.0,0.0,174.0,174.0,1.0,1.0,9.0,9.0,12.0,12.0,75.0,75.0,1.0,1.0,36.9,36.9,45.9,45.9,0.0,0.0,0.0,0.0,0.0,0.0,0.0,0.0,1
00-0039810,Jermaine Burton,WR,CIN,2024,8,0,0,0,0,0,0,0,0,0,4,14,107,0,0,0,0,0,0,0,0,10.7,14.7,,13.0,,0.0,,0.0,,0.0,,174.0,,1.0,,9.0,,12.0,,75.0,,1.0,,36.9,,45.9,,0.0,,0.0,,0.0,,0.0,0
00-0039811,MarShawn Lloyd,RB,GB,2024,1,0,0,0,0,0,6,15,0,0,1,1,3,0,0,0,0,0,0,0,0,1.8,2.8,,,,,,,,,,,,,,,,,,,,,,,,,,,,,,,,,0
00-0039814,Erick All,TE,CIN,2024,8,0,0,0,0,0,0,0,0,0,20,22,158,0,0,0,0,0,0,0,0,15.8,35.8,,,,,,,,,,,,,,,,,,,,,,,,,,,,,,,,,0
00-0039816,Anthony Gould,WR,IND,2024,8,0,0,0,0,0,0,0,0,0,1,1,23,0,0,0,0,0,0,0,0,2.3,3.3,,,,,,,,,,,,,,,,,,,,,,,,,,,,,,,,,0
00-0039816,Anthony Gould,WR,IND,2025,11,0,0,0,0,0,0,0,0,0,2,2,6,0,0,0,0,0,0,0,0,0.6,2.6,8.0,8.0,0.0,0.0,0.0,0.0,0.0,0.0,0.0,0.0,0.0,0.0,1.0,1.0,1.0,1.0,23.0,23.0,0.0,0.0,2.3,2.3,3.3,3.3,0.0,0.0,0.0,0.0,0.0,0.0,0.0,0.0,1
00-0039824,Jared Wiley,TE,KC,2024,1,0,0,0,0,0,0,0,0,0,1,1,7,0,0,0,0,0,0,0,0,0.7,1.7,,8.0,,0.0,,0.0,,0.0,,0.0,,0.0,,1.0,,1.0,,23.0,,0.0,,2.3,,3.3,,0.0,,0.0,,0.0,,0.0,0
00-0039824,Jared Wiley,TE,KC,2025,2,0,0,0,0,0,0,0,0,0,1,1,4,0,0,0,0,0,0,0,0,0.4,1.4,1.0,1.0,0.0,0.0,0.0,0.0,0.0,0.0,0.0,0.0,0.0,0.0,1.0,1.0,1.0,1.0,7.0,7.0,0.0,0.0,0.7,0.7,1.7,1.7,0.0,0.0,0.0,0.0,0.0,0.0,0.0,0.0,1
00-0039847,Theo Johnson,TE,NYG,2024,11,0,0,0,0,0,0,0,0,0,29,43,331,1,0,0,0,0,0,0,0,39.1,68.1,,1.0,,0.0,,0.0,,0.0,,0.0,,0.0,,1.0,,1.0,,7.0,,0.0,,0.7,,1.7,,0.0,,0.0,,0.0,,0.0,0
00-0039847,Theo Johnson,TE,NYG,2025,15,0,0,0,0,0,0,0,0,0,45,74,528,5,0,0,0,0,0,0,0,82.8,127.8,11.0,11.0,0.0,0.0,0.0,0.0,0.0,0.0,0.0,0.0,0.0,0.0,29.0,29.0,43.0,43.0,331.0,331.0,1.0,1.0,39.1,39.1,68.1,68.1,0.0,0.0,0.0,0.0,0.0,0.0,0.0,0.0,1
00-0039849,Marvin Harrison Jr.,WR,ARI,2024,17,0,0,0,0,0,0,0,0,0,62,116,885,8,1,0,0,0,0,0,0,134.5,196.5,,11.0,,0.0,,0.0,,0.0,,0.0,,0.0,,29.0,,43.0,,331.0,,1.0,,39.1,,68.1,,0.0,,0.0,,0.0,,0.0,0
00-0039849,Marvin Harrison Jr.,WR,ARI,2025,12,0,0,0,0,0,0,0,0,0,41,73,608,4,0,0,0,0,0,0,0,86.8,127.8,17.0,17.0,0.0,0.0,0.0,0.0,0.0,0.0,0.0,0.0,0.0,0.0,62.0,62.0,116.0,116.0,885.0,885.0,8.0,8.0,134.5,134.5,196.5,196.5,0.0,0.0,0.0,0.0,0.0,0.0,0.0,0.0,1
00-0039851,Drake Maye,QB,NE,2024,13,225,338,2276,15,10,54,421,2,2,0,0,0,0,0,0,0,0,0,0,0,177.14,177.14,,17.0,,0.0,,0.0,,0.0,,0.0,,0.0,,62.0,,116.0,,885.0,,8.0,,134.5,,196.5,,0.0,,0.0,,0.0,,0.0,0
00-0039851,Drake Maye,QB,NE,2025,17,354,492,4394,31,8,103,450,4,0,1,1,2,0,0,0,0,0,0,0,0,350.96,351.96,13.0,13.0,2276.0,2276.0,15.0,15.0,10.0,10.0,421.0,421.0,2.0,2.0,0.0,0.0,0.0,0.0,0.0,0.0,0.0,0.0,177.14,177.14,177.14,177.14,0.0,0.0,0.0,0.0,0.0,0.0,0.0,0.0,1
00-0039853,Javon Baker,WR,NE,2024,6,0,0,0,0,0,0,0,0,0,1,4,12,0,0,0,0,0,0,0,0,1.2,2.2,,13.0,,2276.0,,15.0,,10.0,,421.0,,2.0,,0.0,,0.0,,0.0,,0.0,,177.14,,177.14,,0.0,,0.0,,0.0,,0.0,0
00-0039855,Jalen McMillan,WR,TB,2024,13,0,0,0,0,0,4,43,0,0,37,58,461,8,0,0,0,0,0,0,0,98.4,135.4,,,,,,,,,,,,,,,,,,,,,,,,,,,,,,,,,0
00-0039855,Jalen McMillan,WR,TB,2025,4,0,0,0,0,0,1,1,0,0,12,15,178,0,0,0,0,0,0,0,0,17.9,29.9,13.0,13.0,0.0,0.0,0.0,0.0,0.0,0.0,43.0,43.0,0.0,0.0,37.0,37.0,58.0,58.0,461.0,461.0,8.0,8.0,98.4,98.4,135.4,135.4,0.0,0.0,0.0,0.0,0.0,0.0,0.0,0.0,1
00-0039868,Troy Franklin,WR,DEN,2024,16,0,0,0,0,0,2,8,0,0,28,53,263,2,0,0,0,0,0,0,0,39.1,67.1,,13.0,,0.0,,0.0,,0.0,,43.0,,0.0,,37.0,,58.0,,461.0,,8.0,,98.4,,135.4,,0.0,,0.0,,0.0,,0.0,0
00-0039868,Troy Franklin,WR,DEN,2025,17,0,0,0,0,0,5,12,0,0,65,104,709,6,1,0,0,0,0,0,0,112.1,177.1,16.0,16.0,0.0,0.0,0.0,0.0,0.0,0.0,8.0,8.0,0.0,0.0,28.0,28.0,53.0,53.0,263.0,263.0,2.0,2.0,39.1,39.1,67.1,67.1,0.0,0.0,0.0,0.0,0.0,0.0,0.0,0.0,1
00-0039874,Jaylen Wright,RB,MIA,2024,13,0,0,0,0,0,68,249,0,1,3,6,8,0,0,0,0,0,0,0,0,23.7,26.7,,16.0,,0.0,,0.0,,0.0,,8.0,,0.0,,28.0,,53.0,,263.0,,2.0,,39.1,,67.1,,0.0,,0.0,,0.0,,0.0,0
00-0039874,Jaylen Wright,RB,MIA,2025,9,0,0,0,0,0,70,288,2,1,5,9,44,0,0,0,0,0,0,0,0,43.2,48.2,13.0,13.0,0.0,0.0,0.0,0.0,0.0,0.0,249.0,249.0,0.0,0.0,3.0,3.0,6.0,6.0,8.0,8.0,0.0,0.0,23.7,23.7,26.7,26.7,0.0,0.0,0.0,0.0,0.0,0.0,0.0,0.0,1
00-0039875,Ray Davis,RB,BUF,2024,17,0,0,0,0,0,113,442,3,0,17,19,189,3,0,0,0,0,0,0,0,99.1,116.1,,13.0,,0.0,,0.0,,0.0,,249.0,,0.0,,3.0,,6.0,,8.0,,0.0,,23.7,,26.7,,0.0,,0.0,,0.0,,0.0,0
00-0039875,Ray Davis,RB,BUF,2025,17,0,0,0,0,0,58,275,0,0,10,13,86,2,0,0,0,0,0,0,0,54.1,64.1,17.0,17.0,0.0,0.0,0.0,0.0,0.0,0.0,442.0,442.0,3.0,3.0,17.0,17.0,19.0,19.0,189.0,189.0,3.0,3.0,99.1,99.1,116.1,116.1,0.0,0.0,0.0,0.0,0.0,0.0,0.0,0.0,1
00-0039880,Malik Washington,WR,MIA,2024,14,0,0,0,0,0,5,25,1,0,26,36,223,0,0,0,0,0,0,0,0,30.8,56.8,,17.0,,0.0,,0.0,,0.0,,442.0,,3.0,,17.0,,19.0,,189.0,,3.0,,99.1,,116.1,,0.0,,0.0,,0.0,,0.0,0
00-0039880,Malik Washington,WR,MIA,2025,17,0,0,0,0,0,17,110,1,1,46,65,317,3,0,0,0,0,0,0,0,70.7,116.7,14.0,14.0,0.0,0.0,0.0,0.0,0.0,0.0,25.0,25.0,1.0,1.0,26.0,26.0,36.0,36.0,223.0,223.0,0.0,0.0,30.8,30.8,56.8,56.8,0.0,0.0,0.0,0.0,0.0,0.0,0.0,0.0,1
00-0039884,Tahj Washington,WR,MIA,2025,2,0,0,0,0,0,0,0,0,0,3,5,37,0,1,0,0,0,0,0,0,1.7,4.7,,14.0,,0.0,,0.0,,0.0,,25.0,,1.0,,26.0,,36.0,,223.0,,0.0,,30.8,,56.8,,0.0,,0.0,,0.0,,0.0,0
00-0039890,Adonai Mitchell,WR,IND,2024,17,1,1,24,0,0,4,6,0,1,23,55,312,0,0,0,0,0,0,0,0,30.76,53.76,,,,,,,,,,,,,,,,,,,,,,,,,,,,,,,,,0
00-0039890,Adonai Mitchell,WR,NYJ,2025,16,0,0,0,0,0,1,-4,0,0,33,74,453,2,1,0,0,0,0,0,0,54.9,87.9,17.0,17.0,24.0,24.0,0.0,0.0,0.0,0.0,6.0,6.0,0.0,0.0,23.0,23.0,55.0,55.0,312.0,312.0,0.0,0.0,30.76,30.76,53.76,53.76,0.0,0.0,0.0,0.0,0.0,0.0,0.0,0.0,1
00-0039893,Brian Thomas Jr.,WR,JAX,2024,17,0,0,0,0,0,6,48,0,0,87,133,1282,10,0,0,0,0,0,0,0,197.0,284.0,,17.0,,24.0,,0.0,,0.0,,6.0,,0.0,,23.0,,55.0,,312.0,,0.0,,30.76,,53.76,,0.0,,0.0,,0.0,,0.0,0
00-0039893,Brian Thomas Jr.,WR,JAX,2025,14,0,0,0,0,0,3,21,1,0,48,91,707,2,0,0,0,0,0,0,0,90.8,138.8,17.0,17.0,0.0,0.0,0.0,0.0,0.0,0.0,48.0,48.0,0.0,0.0,87.0,87.0,133.0,133.0,1282.0,1282.0,10.0,10.0,197.0,197.0,284.0,284.0,0.0,0.0,0.0,0.0,0.0,0.0,0.0,0.0,1
00-0039894,Xavier Worthy,WR,KC,2024,16,0,0,0,0,0,20,104,3,0,59,98,638,6,0,0,0,0,0,0,0,128.2,187.2,,17.0,,0.0,,0.0,,0.0,,48.0,,0.0,,87.0,,133.0,,1282.0,,10.0,,197.0,,284.0,,0.0,,0.0,,0.0,,0.0,0
00-0039894,Xavier Worthy,WR,KC,2025,14,0,0,0,0,0,11,87,0,0,42,73,532,1,0,0,0,0,0,0,0,67.9,109.9,16.0,16.0,0.0,0.0,0.0,0.0,0.0,0.0,104.0,104.0,3.0,3.0,59.0,59.0,98.0,98.0,638.0,638.0,6.0,6.0,128.2,128.2,187.2,187.2,0.0,0.0,0.0,0.0,0.0,0.0,0.0,0.0,1
00-0039901,Keon Coleman,WR,BUF,2024,13,0,0,0,0,0,1,9,0,0,29,57,556,4,0,0,0,0,0,0,0,82.5,111.5,,16.0,,0.0,,0.0,,0.0,,104.0,,3.0,,59.0,,98.0,,638.0,,6.0,,128.2,,187.2,,0.0,,0.0,,0.0,,0.0,0
00-0039901,Keon Coleman,WR,BUF,2025,12,0,0,0,0,0,0,0,0,0,38,59,404,4,1,0,0,0,0,0,0,64.4,102.4,13.0,13.0,0.0,0.0,0.0,0.0,0.0,0.0,9.0,9.0,0.0,0.0,29.0,29.0,57.0,57.0,556.0,556.0,4.0,4.0,82.5,82.5,111.5,111.5,0.0,0.0,0.0,0.0,0.0,0.0,0.0,0.0,1
00-0039907,Ja'Lynn Polk,WR,NE,2024,14,0,0,0,0,0,1,0,0,0,12,33,87,2,0,0,0,0,0,0,0,20.7,32.7,,13.0,,0.0,,0.0,,0.0,,9.0,,0.0,,29.0,,57.0,,556.0,,4.0,,82.5,,111.5,,0.0,,0.0,,0.0,,0.0,0
00-0039910,Jayden Daniels,QB,WAS,2024,17,331,480,3568,25,9,148,891,6,0,0,0,0,0,0,0,0,0,0,0,0,355.82,355.82,,,,,,,,,,,,,,,,,,,,,,,,,,,,,,,,,0
00-0039910,Jayden Daniels,QB,WAS,2025,7,114,188,1262,8,3,58,278,2,1,0,0,0,0,0,0,0,0,0,0,0,114.28,114.28,17.0,17.0,3568.0,3568.0,25.0,25.0,9.0,9.0,891.0,891.0,6.0,6.0,0.0,0.0,0.0,0.0,0.0,0.0,0.0,0.0,355.82,355.82,355.82,355.82,0.0,0.0,0.0,0.0,0.0,0.0,0.0,0.0,1
00-0039912,Ben Sinnott,TE,WAS,2024,7,0,0,0,0,0,0,0,0,0,5,5,28,1,0,0,0,0,0,0,0,8.8,13.8,,17.0,,3568.0,,25.0,,9.0,,891.0,,6.0,,0.0,,0.0,,0.0,,0.0,,355.82,,355.82,,0.0,,0.0,,0.0,,0.0,0
00-0039912,Ben Sinnott,TE,WAS,2025,9,0,0,0,0,0,0,0,0,0,11,13,114,1,0,0,0,0,0,0,0,17.4,28.4,7.0,7.0,0.0,0.0,0.0,0.0,0.0,0.0,0.0,0.0,0.0,0.0,5.0,5.0,5.0,5.0,28.0,28.0,1.0,1.0,8.8,8.8,13.8,13.8,0.0,0.0,0.0,0.0,0.0,0.0,0.0,0.0,1
00-0039915,Ladd McConkey,WR,LAC,2024,16,0,0,0,0,0,0,0,0,0,82,112,1149,7,0,0,0,0,0,0,0,158.9,240.9,,7.0,,0.0,,0.0,,0.0,,0.0,,0.0,,5.0,,5.0,,28.0,,1.0,,8.8,,13.8,,0.0,,0.0,,0.0,,0.0,0
00-0039915,Ladd McConkey,WR,LAC,2025,16,0,0,0,0,0,0,0,0,0,66,106,789,6,0,0,0,0,0,0,0,114.9,180.9,16.0,16.0,0.0,0.0,0.0,0.0,0.0,0.0,0.0,0.0,0.0,0.0,82.0,82.0,112.0,112.0,1149.0,1149.0,7.0,7.0,158.9,158.9,240.9,240.9,0.0,0.0,0.0,0.0,0.0,0.0,0.0,0.0,1
00-0039916,Ricky Pearsall,WR,SF,2024,11,0,1,0,0,0,3,45,0,0,31,46,400,3,0,0,0,0,0,0,0,62.5,93.5,,16.0,,0.0,,0.0,,0.0,,0.0,,0.0,,82.0,,112.0,,1149.0,,7.0,,158.9,,240.9,,0.0,,0.0,,0.0,,0.0,0
00-0039916,Ricky Pearsall,WR,SF,2025,9,0,0,0,0,0,2,-2,0,0,36,53,528,0,0,0,0,0,0,0,0,52.6,88.6,11.0,11.0,0.0,0.0,0.0,0.0,0.0,0.0,45.0,45.0,0.0,0.0,31.0,31.0,46.0,46.0,400.0,400.0,3.0,3.0,62.5,62.5,93.5,93.5,0.0,0.0,0.0,0.0,0.0,0.0,0.0,0.0,1
00-0039917,Michael Penix Jr.,QB,ATL,2024,5,61,105,775,3,3,7,11,1,0,0,0,0,0,0,0,0,0,0,0,0,44.1,44.1,,11.0,,0.0,,0.0,,0.0,,45.0,,0.0,,31.0,,46.0,,400.0,,3.0,,62.5,,93.5,,0.0,,0.0,,0.0,,0.0,0
00-0039917,Michael Penix Jr.,QB,ATL,2025,9,166,276,1982,9,3,21,70,1,0,0,0,0,0,0,0,0,0,0,0,0,120.28,120.28,5.0,5.0,775.0,775.0,3.0,3.0,3.0,3.0,11.0,11.0,1.0,1.0,0.0,0.0,0.0,0.0,0.0,0.0,0.0,0.0,44.1,44.1,44.1,44.1,0.0,0.0,0.0,0.0,0.0,0.0,0.0,0.0,1
00-0039918,Caleb Williams,QB,CHI,2024,17,351,562,3541,20,6,81,489,0,2,0,0,0,0,0,0,0,0,0,0,0,254.54,254.54,,5.0,,775.0,,3.0,,3.0,,11.0,,1.0,,0.0,,0.0,,0.0,,0.0,,44.1,,44.1,,0.0,,0.0,,0.0,,0.0,0
00-0039918,Caleb Williams,QB,CHI,2025,17,330,568,3942,27,7,77,388,3,0,2,2,22,1,0,0,0,0,0,0,0,316.68,318.68,17.0,17.0,3541.0,3541.0,20.0,20.0,6.0,6.0,489.0,489.0,0.0,0.0,0.0,0.0,0.0,0.0,0.0,0.0,0.0,0.0,254.54,254.54,254.54,254.54,0.0,0.0,0.0,0.0,0.0,0.0,0.0,0.0,1
00-0039919,Rome Odunze,WR,CHI,2024,17,0,0,0,0,0,3,15,0,0,54,101,734,3,1,0,0,0,0,0,0,90.9,144.9,,17.0,,3541.0,,20.0,,6.0,,489.0,,0.0,,0.0,,0.0,,0.0,,0.0,,254.54,,254.54,,0.0,,0.0,,0.0,,0.0,0
00-0039919,Rome Odunze,WR,CHI,2025,12,0,0,0,0,0,0,0,0,0,44,90,661,6,0,0,0,0,0,0,0,102.1,146.1,17.0,17.0,0.0,0.0,0.0,0.0,0.0,0.0,15.0,15.0,0.0,0.0,54.0,54.0,101.0,101.0,734.0,734.0,3.0,3.0,90.9,90.9,144.9,144.9,0.0,0.0,0.0,0.0,0.0,0.0,0.0,0.0,1
00-0039920,Malachi Corley,WR,NYJ,2024,5,0,0,0,0,0,2,26,0,1,3,6,16,0,0,0,0,0,0,0,0,2.2,5.2,,17.0,,0.0,,0.0,,0.0,,15.0,,0.0,,54.0,,101.0,,734.0,,3.0,,90.9,,144.9,,0.0,,0.0,,0.0,,0.0,0
00-0039920,Malachi Corley,WR,CLE,2025,12,0,0,0,0,0,13,127,0,0,11,14,79,0,0,0,0,0,0,0,0,20.6,31.6,5.0,5.0,0.0,0.0,0.0,0.0,0.0,0.0,26.0,26.0,0.0,0.0,3.0,3.0,6.0,6.0,16.0,16.0,0.0,0.0,2.2,2.2,5.2,5.2,0.0,0.0,0.0,0.0,0.0,0.0,0.0,0.0,1
00-0039921,Trey Benson,RB,ARI,2024,12,0,0,0,0,0,63,291,1,0,6,6,59,0,0,0,0,0,0,0,0,41.0,47.0,,5.0,,0.0,,0.0,,0.0,,26.0,,0.0,,3.0,,6.0,,16.0,,0.0,,2.2,,5.2,,0.0,,0.0,,0.0,,0.0,0
00-0039921,Trey Benson,RB,ARI,2025,4,0,0,0,0,0,29,160,0,0,13,16,64,0,0,0,0,0,0,0,0,22.4,35.4,12.0,12.0,0.0,0.0,0.0,0.0,0.0,0.0,291.0,291.0,1.0,1.0,6.0,6.0,6.0,6.0,59.0,59.0,0.0,0.0,41.0,41.0,47.0,47.0,0.0,0.0,0.0,0.0,0.0,0.0,0.0,0.0,1
00-0039923,J.J. McCarthy,QB,MIN,2025,10,140,243,1632,11,12,37,181,4,0,0,0,0,0,0,0,0,0,0,0,0,125.38,125.38,,12.0,,0.0,,0.0,,0.0,,291.0,,1.0,,6.0,,6.0,,59.0,,0.0,,41.0,,47.0,,0.0,,0.0,,0.0,,0.0,0
00-0039934,Jude McAtamney,K,NYG,2024,1,0,0,0,0,0,0,0,0,0,0,0,0,0,0,1,1,0,0,1,1,0.0,0.0,,,,,,,,,,,,,,,,,,,,,,,,,,,,,,,,,0
00-0039934,Jude McAtamney,K,NYG,2025,4,0,0,0,0,0,0,0,0,0,0,0,0,0,0,2,2,0,0,9,12,0.0,0.0,1.0,1.0,0.0,0.0,0.0,0.0,0.0,0.0,0.0,0.0,0.0,0.0,0.0,0.0,0.0,0.0,0.0,0.0,0.0,0.0,0.0,0.0,0.0,0.0,1.0,1.0,1.0,1.0,1.0,1.0,1.0,1.0,1
00-0040009,Savion Williams,WR,GB,2025,12,0,0,0,0,0,11,37,0,1,10,10,78,1,0,0,0,0,0,0,0,15.5,25.5,,1.0,,0.0,,0.0,,0.0,,0.0,,0.0,,0.0,,0.0,,0.0,,0.0,,0.0,,0.0,,1.0,,1.0,,1.0,,1.0,0
00-0040021,Phil Mafah,RB,DAL,2025,1,0,0,0,0,0,5,18,1,0,2,2,11,0,0,0,0,0,0,0,0,8.9,10.9,,,,,,,,,,,,,,,,,,,,,,,,,,,,,,,,,0
00-0040024,Darius Cooper,WR,PHI,2025,6,0,0,0,0,0,0,0,0,0,9,11,92,0,0,0,0,0,0,0,0,9.2,18.2,,,,,,,,,,,,,,,,,,,,,,,,,,,,,,,,,0
00-0040039,Amar Johnson,RB,LAC,2025,1,0,0,0,0,0,2,8,0,0,0,1,0,0,0,0,0,0,0,0,0,0.8,0.8,,,,,,,,,,,,,,,,,,,,,,,,,,,,,,,,,0
00-0040058,Nick Kallerup,TE,SEA,2025,4,0,0,0,0,0,0,0,0,0,0,1,0,0,0,0,0,0,0,0,0,0.0,0.0,,,,,,,,,,,,,,,,,,,,,,,,,,,,,,,,,0
00-0040067,Jacardia Wright,RB,SEA,2025,1,0,0,0,0,0,5,20,0,0,0,0,0,0,0,0,0,0,0,0,0,2.0,2.0,,,,,,,,,,,,,,,,,,,,,,,,,,,,,,,,,0
00-0040074,Tyler Loop,K,BAL,2025,17,0,0,0,0,0,0,0,0,0,0,0,0,0,0,30,34,1,0,44,46,0.0,0.0,,,,,,,,,,,,,,,,,,,,,,,,,,,,,,,,,0
00-0040075,LaJohntay Wester,WR,BAL,2025,14,0,0,0,0,0,0,0,0,0,0,0,0,0,0,0,0,0,0,0,0,0.0,0.0,,,,,,,,,,,,,,,,,,,,,,,,,,,,,,,,,0
00-0040078,Brashard Smith,RB,KC,2025,17,0,0,0,0,0,44,151,0,0,25,35,172,1,0,0,0,0,0,0,0,38.3,63.3,,,,,,,,,,,,,,,,,,,,,,,,,,,,,,,,,0
00-0040122,Ashton Jeanty,RB,LV,2025,17,0,0,0,0,0,266,975,5,1,55,73,346,5,0,0,0,0,0,0,0,190.1,245.1,,,,,,,,,,,,,,,,,,,,,,,,,,,,,,,,,0
00-0040124,Tetairoa McMillan,WR,CAR,2025,17,0,0,0,0,0,0,0,0,0,70,122,1014,7,0,0,0,0,0,0,0,143.4,213.4,,,,,,,,,,,,,,,,,,,,,,,,,,,,,,,,,0
00-0040126,Colston Loveland,TE,CHI,2025,16,0,0,0,0,0,1,-2,0,0,58,82,713,6,0,0,0,0,0,0,0,107.1,165.1,,,,,,,,,,,,,,,,,,,,,,,,,,,,,,,,,0
00-0040128,Tyler Warren,TE,IND,2025,17,0,1,0,0,0,6,8,1,0,76,112,817,4,0,0,0,0,0,0,0,112.5,188.5,,,,,,,,,,,,,,,,,,,,,,,,,,,,,,,,,0
00-0040129,Emeka Egbuka,WR,TB,2025,17,0,0,0,0,0,2,9,0,0,63,127,938,6,0,0,0,0,0,0,0,132.7,195.7,,,,,,,,,,,,,,,,,,,,,,,,,,,,,,,,,0
00-0040130,Jayden Higgins,WR,HOU,2025,17,0,0,0,0,0,0,0,0,0,41,68,525,6,0,0,0,0,0,0,0,88.5,129.5,,,,,,,,,,,,,,,,,,,,,,,,,,,,,,,,,0
00-0040131,Kyle Williams,WR,NE,2025,14,0,0,0,0,0,2,3,0,0,10,21,209,3,0,0,0,0,0,0,0,39.2,49.2,,,,,,,,,,,,,,,,,,,,,,,,,,,,,,,,,0
00-0040134,Pat Bryant,WR,DEN,2025,13,0,0,0,0,0,0,0,0,0,31,49,378,1,0,0,0,0,0,0,0,43.8,74.8,,,,,,,,,,,,,,,,,,,,,,,,,,,,,,,,,0
00-0040138,Jaylin Noel,WR,HOU,2025,17,0,0,0,0,0,6,12,0,0,26,35,292,2,0,0,0,0,0,0,0,42.4,68.4,,,,,,,,,,,,,,,,,,,,,,,,,,,,,,,,,0
00-0040142,Kaleb Johnson,RB,PIT,2025,10,0,0,0,0,0,28,69,0,0,1,2,9,0,0,0,0,0,0,0,0,7.8,8.8,,,,,,,,,,,,,,,,,,,,,,,,,,,,,,,,,0
00-0040154,Tai Felton,WR,MIN,2025,12,0,0,0,0,0,0,0,0,0,3,3,25,0,0,0,0,0,0,0,0,2.5,5.5,,,,,,,,,,,,,,,,,,,,,,,,,,,,,,,,,0
00-0040162,Dylan Sampson,RB,CLE,2025,15,0,0,0,0,0,65,175,0,0,33,40,271,2,1,0,0,0,0,0,0,54.6,87.6,,,,,,,,,,,,,,,,,,,,,,,,,,,,,,,,,0
00-0040164,Jaylin Lane,WR,WAS,2025,15,0,0,0,0,0,1,7,0,0,16,32,225,0,0,0,0,0,0,0,0,35.2,51.2,,,,,,,,,,,,,,,,,,,,,,,,,,,,,,,,,0
00-0040170,Elic Ayomanor,WR,TEN,2025,16,0,0,0,0,0,0,0,0,0,41,89,515,4,0,0,0,0,0,0,0,75.5,116.5,,,,,,,,,,,,,,,,,,,,,,,,,,,,,,,,,0
00-0040172,Jordan Watkins,WR,SF,2025,2,0,0,0,0,0,0,0,0,0,2,3,26,0,0,0,0,0,0,0,0,2.6,4.6,,,,,,,,,,,,,,,,,,,,,,,,,,,,,,,,,0
00-0040179,DJ Giddens,RB,IND,2025,5,0,0,0,0,0,26,96,0,0,0,2,0,0,0,0,0,0,0,0,0,9.6,9.6,,,,,,,,,,,,,,,,,,,,,,,,,,,,,,,,,0
00-0040184,KeAndre Lambert-Smith,WR,LAC,2025,10,0,0,0,0,0,0,0,0,0,5,12,51,1,0,0,0,0,0,0,0,11.1,16.1,,,,,,,,,,,,,,,,,,,,,,,,,,,,,,,,,0
00-0040187,Mitchell Evans,TE,CAR,2025,14,0,0,0,0,0,1,1,0,0,19,25,171,2,0,0,0,0,0,0,0,29.2,48.2,,,,,,,,,,,,,,,,,,,,,,,,,,,,,,,,,0
00-0040189,Oronde Gadsden II,TE,LAC,2025,15,0,0,0,0,0,0,0,0,0,49,69,664,3,1,0,0,0,0,0,0,82.4,131.4,,,,,,,,,,,,,,,,,,,,,,,,,,,,,,,,,0
00-0040194,Jackson Hawes,TE,BUF,2025,13,0,0,0,0,0,0,0,0,0,16,19,187,3,0,0,0,0,0,0,0,36.7,52.7,,,,,,,,,,,,,,,,,,,,,,,,,,,,,,,,,0
00-0040198,Ollie Gordon II,RB,MIA,2025,17,0,0,0,0,0,70,199,3,0,7,9,32,1,0,0,0,0,0,0,0,47.1,54.1,,,,,,,,,,,,,,,,,,,,,,,,,,,,,,,,,0
00-0040200,Andy Borregales,K,NE,2025,17,0,0,0,0,0,0,0,0,0,0,0,0,0,0,27,32,4,0,53,55,0.0,0.0,,,,,,,,,,,,,,,,,,,,,,,,,,,,,,,,,0
00-0040202,Devin Neal,RB,NO,2025,9,0,0,0,0,0,57,206,2,0,17,19,104,0,0,0,0,0,0,0,0,43.0,60.0,,,,,,,,,,,,,,,,,,,,,,,,,,,,,,,,,0
00-0040205,Kalel Mullings,RB,TEN,2025,4,0,0,0,0,0,3,7,0,0,0,0,0,0,0,0,0,0,0,0,0,0.7,0.7,,,,,,,,,,,,,,,,,,,,,,,,,,,,,,,,,0
00-0040206,Riley Leonard,QB,IND,2025,5,39,67,415,2,3,6,27,2,0,0,0,-3,0,0,0,0,0,0,0,0,31.0,31.0,,,,,,,,,,,,,,,,,,,,,,,,,,,,,,,,,0
00-0040208,Tahj Brooks,RB,CIN,2025,12,0,0,0,0,0,16,45,0,0,1,2,9,0,0,0,0,0,0,0,0,5.4,6.4,,,,,,,,,,,,,,,,,,,,,,,,,,,,,,,,,0
00-0040218,Jimmy Horn Jr.,WR,CAR,2025,10,0,0,0,0,0,8,69,0,0,11,15,108,0,0,0,0,0,0,0,0,17.7,28.7,,,,,,,,,,,,,,,,,,,,,,,,,,,,,,,,,0
00-0040225,Thomas Fidone II,TE,NYG,2025,1,0,0,0,0,0,0,0,0,0,0,0,0,0,0,0,0,0,0,0,0,0.0,0.0,,,,,,,,,,,,,,,,,,,,,,,,,,,,,,,,,0
00-0040234,Quinn Ewers,QB,MIA,2025,4,55,83,622,3,3,8,19,0,0,1,1,-6,0,0,0,0,0,0,0,0,32.18,33.18,,,,,,,,,,,,,,,,,,,,,,,,,,,,,,,,,0
00-0040236,Kyle Monangai,RB,CHI,2025,17,0,0,0,0,0,169,783,5,0,18,30,164,0,0,0,0,0,0,0,0,128.7,146.7,,,,,,,,,,,,,,,,,,,,,,,,,,,,,,,,,0
00-0040237,Tez Johnson,WR,TB,2025,15,0,0,0,0,0,7,22,0,0,28,44,322,5,0,0,0,0,0,0,0,64.4,92.4,,,,,,,,,,,,,,,,,,,,,,,,,,,,,,,,,0
00-0040238,LeQuint Allen Jr.,RB,JAX,2025,16,0,0,0,0,0,23,94,0,0,10,11,54,0,0,0,0,0,0,0,0,14.8,24.8,,,,,,,,,,,,,,,,,,,,,,,,,,,,,,,,,0
00-0040241,Dominic Lovett,WR,DET,2025,2,0,0,0,0,0,0,0,0,0,0,0,0,0,0,0,0,0,0,0,0,0.0,0.0,,,,,,,,,,,,,,,,,,,,,,,,,,,,,,,,,0
00-0040242,Jacory Croskey-Merritt,RB,WAS,2025,17,0,0,0,0,0,175,805,8,2,9,13,68,0,0,0,0,0,0,0,0,131.3,140.3,,,,,,,,,,,,,,,,,,,,,,,,,,,,,,,,,0
00-0040244,Moliki Matavao,TE,NO,2025,1,0,0,0,0,0,0,0,0,0,2,2,10,0,0,0,0,0,0,0,0,1.0,3.0,,,,,,,,,,,,,,,,,,,,,,,,,,,,,,,,,0
00-0040259,Gage Larvadain,WR,CLE,2025,13,0,0,0,0,0,1,3,0,0,7,14,71,0,0,0,0,0,0,0,0,7.4,14.4,,,,,,,,,,,,,,,,,,,,,,,,,,,,,,,,,0
00-0040277,Jahdae Walker,WR,CHI,2025,6,0,0,0,0,0,0,0,0,0,6,10,87,2,0,0,0,0,0,0,0,20.7,26.7,,,,,,,,,,,,,,,,,,,,,,,,,,,,,,,,,0
00-0040279,Ryan Fitzgerald,K,CAR,2025,17,0,0,0,0,0,0,0,0,0,0,0,0,0,0,24,29,2,0,27,30,0.0,0.0,,,,,,,,,,,,,,,,,,,,,,,,,,,,,,,,,0
00-0040311,Theo Wease Jr.,WR,MIA,2025,3,0,0,0,0,0,0,0,0,0,6,10,139,1,0,0,0,0,0,0,0,19.9,25.9,,,,,,,,,,,,,,,,,,,,,,,,,,,,,,,,,0
00-0040317,Jacoby Jones,WR,WAS,2025,1,0,0,0,0,0,0,0,0,0,1,1,25,0,0,0,0,0,0,0,0,2.5,3.5,,,,,,,,,,,,,,,,,,,,,,,,,,,,,,,,,0
00-0040352,Coleman Owen,WR,IND,2025,2,0,0,0,0,0,0,0,0,0,0,1,0,0,0,0,0,0,0,0,0,0.0,0.0,,,,,,,,,,,,,,,,,,,,,,,,,,,,,,,,,0
00-0040363,Keleki Latu,TE,BUF,2025,3,0,0,0,0,0,0,0,0,0,4,4,35,0,0,0,0,0,0,0,0,3.5,7.5,,,,,,,,,,,,,,,,,,,,,,,,,,,,,,,,,0
00-0040388,Jakobie Keeney-James,WR,GB,2025,1,0,0,0,0,0,0,0,0,0,2,2,15,0,0,0,0,0,0,0,0,1.5,3.5,,,,,,,,,,,,,,,,,,,,,,,,,,,,,,,,,0
00-0040398,Brady Cook,QB,NYJ,2025,5,88,153,739,2,7,13,49,0,0,0,0,0,0,0,0,0,0,0,0,0,28.46,28.46,,,,,,,,,,,,,,,,,,,,,,,,,,,,,,,,,0
00-0040406,Quentin Skinner,WR,NYJ,2025,1,0,0,0,0,0,0,0,0,0,1,1,10,0,0,0,0,0,0,0,0,3.0,4.0,,,,,,,,,,,,,,,,,,,,,,,,,,,,,,,,,0
00-0040429,Josh Williams,RB,TB,2025,2,0,0,0,0,0,4,11,0,0,0,0,0,0,0,0,0,0,0,0,0,1.1,1.1,,,,,,,,,,,,,,,,,,,,,,,,,,,,,,,,,0
00-0040431,Dalen Cambre,WR,NYG,2025,3,0,0,0,0,0,0,0,0,0,0,0,0,0,0,0,0,0,0,0,0,0.0,0.0,,,,,,,,,,,,,,,,,,,,,,,,,,,,,,,,,0
00-0040432,Beaux Collins,WR,NYG,2025,4,0,0,0,0,0,0,0,0,0,2,6,25,0,0,0,0,0,0,0,0,2.5,4.5,,,,,,,,,,,,,,,,,,,,,,,,,,,,,,,,,0
00-0040466,Raheim Sanders,RB,CLE,2025,4,0,0,0,0,0,27,92,1,0,3,4,21,0,0,0,0,0,0,0,0,17.3,20.3,,,,,,,,,,,,,,,,,,,,,,,,,,,,,,,,,0
00-0040476,Ulysses Bentley IV,RB,IND,2025,1,0,0,0,0,0,1,0,0,0,0,0,0,0,0,0,0,0,0,0,0,0.0,0.0,,,,,,,,,,,,,,,,,,,,,,,,,,,,,,,,,0
00-0040488,Carter Runyon,TE,LV,2025,3,0,0,0,0,0,0,0,0,0,1,1,3,0,0,0,0,0,0,0,0,0.3,1.3,,,,,,,,,,,,,,,,,,,,,,,,,,,,,,,,,0
00-0040494,Max Brosmer,QB,MIN,2025,7,47,71,328,0,4,7,11,0,0,0,0,0,0,0,0,0,0,0,0,0,4.22,4.22,,,,,,,,,,,,,,,,,,,,,,,,,,,,,,,,,0
00-0040506,Myles Price,WR,MIN,2025,16,0,0,0,0,0,0,0,0,0,0,0,0,0,0,0,0,0,0,0,0,0.0,0.0,,,,,,,,,,,,,,,,,,,,,,,,,,,,,,,,,0
00-0040509,Ben Yurosek,TE,MIN,2025,6,0,0,0,0,0,0,0,0,0,2,3,14,0,0,0,0,0,0,0,0,1.4,3.4,,,,,,,,,,,,,,,,,,,,,,,,,,,,,,,,,0
00-0040522,Xavier Restrepo,WR,TEN,2025,2,0,0,0,0,0,0,0,0,0,3,7,41,0,0,0,0,0,0,0,0,4.1,7.1,,,,,,,,,,,,,,,,,,,,,,,,,,,,,,,,,0
00-0040530,Ben Sauls,K,NYG,2025,3,0,0,0,0,0,0,0,0,0,0,0,0,0,0,8,8,0,0,7,7,0.0,0.0,,,,,,,,,,,,,,,,,,,,,,,,,,,,,,,,,0
00-0040534,Ke'Shawn Williams,WR,CIN,2025,11,0,0,0,0,0,2,10,0,0,1,1,5,0,0,0,0,0,0,0,0,1.5,2.5,,,,,,,,,,,,,,,,,,,,,,,,,,,,,,,,,0
00-0040547,Nate Carter,RB,ATL,2025,2,0,0,0,0,0,9,60,0,1,0,0,0,0,0,0,0,0,0,0,0,4.0,4.0,,,,,,,,,,,,,,,,,,,,,,,,,,,,,,,,,0
00-0040556,Corey Kiner,RB,ARI,2025,4,0,0,0,0,0,12,58,0,0,2,3,15,0,0,0,0,0,0,0,0,7.3,9.3,,,,,,,,,,,,,,,,,,,,,,,,,,,,,,,,,0
00-0040563,Efton Chism III,WR,NE,2025,8,0,0,0,0,0,0,0,0,0,3,3,75,1,0,0,0,0,0,0,0,13.5,16.5,,,,,,,,,,,,,,,,,,,,,,,,,,,,,,,,,0
00-0040581,Dont'e Thornton Jr.,WR,LV,2025,11,0,0,0,0,0,0,0,0,0,10,30,135,0,0,0,0,0,0,0,0,13.5,23.5,,,,,,,,,,,,,,,,,,,,,,,,,,,,,,,,,0
00-0040582,Arian Smith,WR,NYJ,2025,13,0,0,0,0,0,4,13,0,0,7,16,52,0,0,0,0,0,0,0,0,6.5,13.5,,,,,,,,,,,,,,,,,,,,,,,,,,,,,,,,,0
00-0040583,Woody Marks,RB,HOU,2025,16,0,0,0,0,0,196,703,2,0,24,36,208,3,0,0,0,0,0,0,0,121.1,145.1,,,,,,,,,,,,,,,,,,,,,,,,,,,,,,,,,0
00-0040584,Gunnar Helm,TE,TEN,2025,16,0,0,0,0,0,0,0,0,0,44,55,357,2,0,0,0,0,0,0,0,47.7,91.7,,,,,,,,,,,,,,,,,,,,,,,,,,,,,,,,,0
00-0040586,Jaydon Blue,RB,DAL,2025,5,0,0,0,0,0,38,129,1,0,1,1,5,0,0,0,0,0,0,0,0,19.4,20.4,,,,,,,,,,,,,,,,,,,,,,,,,,,,,,,,,0
00-0040590,Konata Mumpfield,WR,LA,2025,10,0,0,0,0,0,0,0,0,0,10,23,92,1,0,0,0,0,0,0,0,15.2,25.2,,,,,,,,,,,,,,,,,,,,,,,,,,,,,,,,,0
00-0040628,Drake Dabney,TE,GB,2025,1,0,0,0,0,0,0,0,0,0,1,2,3,0,0,0,0,0,0,0,0,0.3,1.3,,,,,,,,,,,,,,,,,,,,,,,,,,,,,,,,,0
00-0040629,Dalevon Campbell,WR,CAR,2025,1,0,0,0,0,0,0,0,0,0,0,0,0,0,0,0,0,0,0,0,0,0.0,0.0,,,,,,,,,,,,,,,,,,,,,,,,,,,,,,,,,0
00-0040644,Trevor Etienne,RB,CAR,2025,17,0,0,0,0,0,20,94,0,0,3,3,13,0,0,0,0,0,0,0,0,10.7,13.7,,,,,,,,,,,,,,,,,,,,,,,,,,,,,,,,,0
00-0040646,Jalen Royals,WR,KC,2025,2,0,0,0,0,0,0,0,0,0,2,3,4,0,0,0,0,0,0,0,0,0.4,2.4,,,,,,,,,,,,,,,,,,,,,,,,,,,,,,,,,0
00-0040648,Tory Horton,WR,SEA,2025,8,0,0,0,0,0,0,0,0,0,13,22,161,5,0,0,0,0,0,0,0,52.1,65.1,,,,,,,,,,,,,,,,,,,,,,,,,,,,,,,,,0
00-0040649,Robbie Ouzts,RB,SEA,2025,4,0,0,0,0,0,0,0,0,0,0,0,0,0,0,0,0,0,0,0,0,0.0,0.0,,,,,,,,,,,,,,,,,,,,,,,,,,,,,,,,,0
00-0040663,Harold Fannin Jr.,TE,CLE,2025,16,0,0,0,0,0,7,13,1,1,72,107,731,6,0,0,0,0,0,0,0,114.4,186.4,,,,,,,,,,,,,,,,,,,,,,,,,,,,,,,,,0
00-0040666,Omarion Hampton,RB,LAC,2025,9,0,0,0,0,0,124,545,4,0,32,35,192,1,0,0,0,0,0,0,0,103.7,135.7,,,,,,,,,,,,,,,,,,,,,,,,,,,,,,,,,0
00-0040667,Matthew Golden,WR,GB,2025,14,0,0,0,0,0,10,49,0,0,29,44,361,0,0,0,0,0,0,0,0,41.0,70.0,,,,,,,,,,,,,,,,,,,,,,,,,,,,,,,,,0
00-0040668,Shedeur Sanders,QB,CLE,2025,8,120,212,1400,7,10,21,169,1,0,0,0,0,0,0,0,0,0,0,0,0,84.9,84.9,,,,,,,,,,,,,,,,,,,,,,,,,,,,,,,,,0
00-0040669,Isaac TeSlaa,WR,DET,2025,14,0,0,0,0,0,0,0,0,0,16,27,239,6,0,0,0,0,0,0,0,59.9,75.9,,,,,,,,,,,,,,,,,,,,,,,,,,,,,,,,,0
00-0040673,Jalen Milroe,QB,SEA,2025,3,0,0,0,0,0,3,4,0,1,0,0,0,0,0,0,0,0,0,0,0,-1.6,-1.6,,,,,,,,,,,,,,,,,,,,,,,,,,,,,,,,,0
00-0040676,Cam Ward,QB,TEN,2025,17,323,540,3169,15,7,39,159,2,0,0,0,0,0,0,0,0,0,0,0,0,186.66,186.66,,,,,,,,,,,,,,,,,,,,,,,,,,,,,,,,,0
00-0040691,Jaxson Dart,QB,NYG,2025,14,216,339,2272,15,5,86,487,9,1,0,0,0,0,0,0,0,0,0,0,0,241.58,241.58,,,,,,,,,,,,,,,,,,,,,,,,,,,,,,,,,0
00-0040704,Dillon Gabriel,QB,CLE,2025,10,110,185,937,7,2,14,86,0,0,0,0,0,0,0,0,0,0,0,0,0,70.08,70.08,,,,,,,,,,,,,,,,,,,,,,,,,,,,,,,,,0
00-0040705,Chimere Dike,WR,TEN,2025,17,0,0,0,0,0,11,18,0,0,48,74,423,4,0,0,0,0,0,0,0,80.1,128.1,,,,,,,,,,,,,,,,,,,,,,,,,,,,,,,,,0
00-0040715,Cam Skattebo,RB,NYG,2025,8,0,0,0,0,0,101,410,5,1,24,32,207,2,0,0,0,0,0,0,0,103.7,127.7,,,,,,,,,,,,,,,,,,,,,,,,,,,,,,,,,0
00-0040719,Bhayshul Tuten,RB,JAX,2025,15,0,0,0,0,0,83,307,5,1,10,14,79,2,0,0,0,0,0,0,0,78.6,88.6,,,,,,,,,,,,,,,,,,,,,,,,,,,,,,,,,0
00-0040727,Tre Harris,WR,LAC,2025,16,0,0,0,0,0,2,10,0,0,30,43,324,1,0,0,0,0,0,0,0,39.4,69.4,,,,,,,,,,,,,,,,,,,,,,,,,,,,,,,,,0
00-0040729,Jack Bech,WR,LV,2025,14,0,0,0,0,0,0,0,0,0,20,29,224,0,0,0,0,0,0,0,0,22.4,42.4,,,,,,,,,,,,,,,,,,,,,,,,,,,,,,,,,0
00-0040730,RJ Harvey,RB,DEN,2025,17,0,1,0,0,0,146,540,7,1,47,58,356,5,0,0,0,0,0,0,0,159.6,206.6,,,,,,,,,,,,,,,,,,,,,,,,,,,,,,,,,0
00-0040734,TreVeyon Henderson,RB,NE,2025,17,0,0,0,0,0,180,911,9,1,35,42,221,1,0,0,0,0,0,0,0,171.2,206.2,,,,,,,,,,,,,,,,,,,,,,,,,,,,,,,,,0
00-0040735,Luther Burden III,WR,CHI,2025,15,0,0,0,0,0,6,37,0,0,47,60,652,2,0,0,0,0,0,0,0,80.9,127.9,,,,,,,,,,,,,,,,,,,,,,,,,,,,,,,,,0
00-0040736,Mason Taylor,TE,NYJ,2025,13,0,0,0,0,0,0,0,0,0,44,65,369,1,0,0,0,0,0,0,0,44.9,88.9,,,,,,,,,,,,,,,,,,,,,,,,,,,,,,,,,0
00-0040737,Terrance Ferguson,TE,LA,2025,11,0,0,0,0,0,1,0,0,0,11,25,231,3,0,0,0,0,0,0,0,41.1,52.1,,,,,,,,,,,,,,,,,,,,,,,,,,,,,,,,,0
00-0040739,Elijah Arroyo,TE,SEA,2025,13,0,0,0,0,0,0,0,0,0,15,26,179,1,1,0,0,0,0,0,0,21.9,36.9,,,,,,,,,,,,,,,,,,,,,,,,,,,,,,,,,0
00-0040743,Tyler Shough,QB,NO,2025,11,221,327,2384,10,6,45,186,3,1,0,0,0,0,0,0,0,0,0,0,0,157.96,157.96,,,,,,,,,,,,,,,,,,,,,,,,,,,,,,,,,0
00-0040782,Isaiah Bond,WR,CLE,2025,15,0,0,0,0,0,5,29,0,0,18,44,338,0,0,0,0,0,0,0,0,36.7,54.7,,,,,,,,,,,,,,,,,,,,,,,,,,,,,,,,,0
00-0040784,Quinshon Judkins,RB,CLE,2025,14,0,0,0,0,0,230,827,7,0,26,36,171,0,0,0,0,0,0,0,0,143.8,169.8,,,,,,,,,,,,,,,,,,,,,,,,,,,,,,,,,0
